COUNTY_FIPS,STATE,REQUIRED_SPECIALTY,DISEASE,PROVIDER_COUNT,TOTAL_BENEFICIARIES,TOTAL_SERVICES,AREA_PROVIDER_COUNT,AREA_TOTAL_BENEFICIARIES,DEMAND_PROXY,AREA_TOTAL_SERVICES,BENEFICIARIES_PER_PROVIDER,DEMAND_PER_PROVIDER,REQUIRED_PROVIDERS,PROVIDER_SHORTAGE,ADEQUACY_SCORE,DEMAND_PRESSURE_SCORE,SERVICES_PER_BENEFICIARY,UTILIZATION_PRESSURE_SCORE,AREA_RISK_SCORE,RISK_SCORE,ACCESS_LEVEL,RECOMMENDED_ADDITIONAL_PROVIDERS,SUPPLY_SHARE_OF_AREA,SERVICE_CAPACITY_PER_PROVIDER,BENEFICIARIES_PER_SUPPLIED_PROVIDER,SERVICE_INTENSITY,SUPPLY_CAPACITY_RATIO,SUPPLY_PRESSURE_SCORE
26049,MI,Cardiology,Heart Disease,1,4823,16288.1,7,40243,40243.0,142202.1,5749.0,5749.0,7,0,100.0,34.67,3.5336,78.67,55.63,28.81,ADEQUATE,0,0.119847,16288.1,4823.0,3.3772,0.114542,25.05
26049,MI,Cardiology,Heart Disease,1,3743,14578.9,7,40243,40243.0,142202.1,5749.0,5749.0,7,0,100.0,34.67,3.5336,78.67,55.63,28.81,ADEQUATE,0,0.09301,14578.9,3743.0,3.895,0.102522,6.65
26049,MI,Cardiology,Heart Disease,1,5562,21722.9,7,40243,40243.0,142202.1,5749.0,5749.0,7,0,100.0,34.67,3.5336,78.67,55.63,28.81,ADEQUATE,0,0.13821,21722.9,5562.0,3.9056,0.152761,40.83
26049,MI,Cardiology,Heart Disease,1,7361,24079.2,7,40243,40243.0,142202.1,5749.0,5749.0,7,0,100.0,34.67,3.5336,78.67,55.63,28.81,ADEQUATE,0,0.182914,24079.2,7361.0,3.2712,0.169331,75.1
26049,MI,Cardiology,Heart Disease,1,6388,17135.1,7,40243,40243.0,142202.1,5749.0,5749.0,7,0,100.0,34.67,3.5336,78.67,55.63,28.81,ADEQUATE,0,0.158736,17135.1,6388.0,2.6824,0.120498,58.63
26049,MI,Cardiology,Heart Disease,1,6621,22808.7,7,40243,40243.0,142202.1,5749.0,5749.0,7,0,100.0,34.67,3.5336,78.67,55.63,28.81,ADEQUATE,0,0.164526,22808.7,6621.0,3.4449,0.160396,62.68
26049,MI,Cardiology,Heart Disease,1,5745,25589.2,7,40243,40243.0,142202.1,5749.0,5749.0,7,0,100.0,34.67,3.5336,78.67,55.63,28.81,ADEQUATE,0,0.142758,25589.2,5745.0,4.4542,0.17995,45.25
26049,MI,Endocrinology,Diabetes,1,8378,37768.4,7,48919,48919.0,176639.5,6988.428571428572,6988.428571428572,8,1,87.5,64.0,3.6109,80.0,15.41,35.94,ADEQUATE,1,0.171263,37768.4,8378.0,4.508,0.213816,85.38
26049,MI,Endocrinology,Diabetes,1,6941,19476.5,7,48919,48919.0,176639.5,6988.428571428572,6988.428571428572,8,1,87.5,64.0,3.6109,80.0,15.41,35.94,ADEQUATE,1,0.141888,19476.5,6941.0,2.806,0.110261,68.47
26049,MI,Endocrinology,Diabetes,1,8663,21722.6,7,48919,48919.0,176639.5,6988.428571428572,6988.428571428572,8,1,87.5,64.0,3.6109,80.0,15.41,35.94,ADEQUATE,1,0.177089,21722.6,8663.0,2.5075,0.122977,87.85
26049,MI,Endocrinology,Diabetes,1,6834,30445.8,7,48919,48919.0,176639.5,6988.428571428572,6988.428571428572,8,1,87.5,64.0,3.6109,80.0,15.41,35.94,ADEQUATE,1,0.1397,30445.8,6834.0,4.455,0.172361,66.6
26049,MI,Endocrinology,Diabetes,1,4663,19555.6,7,48919,48919.0,176639.5,6988.428571428572,6988.428571428572,8,1,87.5,64.0,3.6109,80.0,15.41,35.94,ADEQUATE,1,0.095321,19555.6,4663.0,4.1938,0.110709,21.6
26049,MI,Endocrinology,Diabetes,1,7547,27649.8,7,48919,48919.0,176639.5,6988.428571428572,6988.428571428572,8,1,87.5,64.0,3.6109,80.0,15.41,35.94,ADEQUATE,1,0.154275,27649.8,7547.0,3.6637,0.156532,77.95
26049,MI,Endocrinology,Diabetes,1,5893,20020.8,7,48919,48919.0,176639.5,6988.428571428572,6988.428571428572,8,1,87.5,64.0,3.6109,80.0,15.41,35.94,ADEQUATE,1,0.120464,20020.8,5893.0,3.3974,0.113343,48.4
26049,MI,Psychiatry,Mental Health Disorders,1,11719,53253.3,6,57727,57727.0,204147.1,9621.166666666666,9621.166666666666,9,3,66.67,93.33,3.5364,100.0,31.05,57.99,LOW GAP,3,0.203007,53253.3,11719.0,4.5442,0.260857,99.1
26049,MI,Psychiatry,Mental Health Disorders,1,9399,33628.9,6,57727,57727.0,204147.1,9621.166666666666,9621.166666666666,9,3,66.67,93.33,3.5364,100.0,31.05,57.99,LOW GAP,3,0.162818,33628.9,9399.0,3.5779,0.164729,92.1
26049,MI,Psychiatry,Mental Health Disorders,1,9649,25500.7,6,57727,57727.0,204147.1,9621.166666666666,9621.166666666666,9,3,66.67,93.33,3.5364,100.0,31.05,57.99,LOW GAP,3,0.167149,25500.7,9649.0,2.6428,0.124913,92.95
26049,MI,Psychiatry,Mental Health Disorders,1,6515,17079.9,6,57727,57727.0,204147.1,9621.166666666666,9621.166666666666,9,3,66.67,93.33,3.5364,100.0,31.05,57.99,LOW GAP,3,0.112859,17079.9,6515.0,2.6216,0.083665,61.2
26049,MI,Psychiatry,Mental Health Disorders,1,12239,37908.9,6,57727,57727.0,204147.1,9621.166666666666,9621.166666666666,9,3,66.67,93.33,3.5364,100.0,31.05,57.99,LOW GAP,3,0.212015,37908.9,12239.0,3.0974,0.185694,99.4
26049,MI,Psychiatry,Mental Health Disorders,1,8206,36775.4,6,57727,57727.0,204147.1,9621.166666666666,9621.166666666666,9,3,66.67,93.33,3.5364,100.0,31.05,57.99,LOW GAP,3,0.142152,36775.4,8206.0,4.4815,0.180142,83.85
26049,MI,Pulmonary,Respiratory Disease,1,4064,18529.5,7,39925,39925.0,159944.2,5703.571428571428,5703.571428571428,7,0,100.0,32.0,4.0061,96.0,66.75,32.41,ADEQUATE,0,0.101791,18529.5,4064.0,4.5594,0.11585,10.7
26049,MI,Pulmonary,Respiratory Disease,1,8061,33143.6,7,39925,39925.0,159944.2,5703.571428571428,5703.571428571428,7,0,100.0,32.0,4.0061,96.0,66.75,32.41,ADEQUATE,0,0.201904,33143.6,8061.0,4.1116,0.20722,82.18
26049,MI,Pulmonary,Respiratory Disease,1,4727,19922.3,7,39925,39925.0,159944.2,5703.571428571428,5703.571428571428,7,0,100.0,32.0,4.0061,96.0,66.75,32.41,ADEQUATE,0,0.118397,19922.3,4727.0,4.2146,0.124558,22.68
26049,MI,Pulmonary,Respiratory Disease,1,6986,31737.3,7,39925,39925.0,159944.2,5703.571428571428,5703.571428571428,7,0,100.0,32.0,4.0061,96.0,66.75,32.41,ADEQUATE,0,0.174978,31737.3,6986.0,4.543,0.198427,69.27
26049,MI,Pulmonary,Respiratory Disease,1,5238,25003.8,7,39925,39925.0,159944.2,5703.571428571428,5703.571428571428,7,0,100.0,32.0,4.0061,96.0,66.75,32.41,ADEQUATE,0,0.131196,25003.8,5238.0,4.7735,0.156328,33.05
26049,MI,Pulmonary,Respiratory Disease,1,6242,19221.9,7,39925,39925.0,159944.2,5703.571428571428,5703.571428571428,7,0,100.0,32.0,4.0061,96.0,66.75,32.41,ADEQUATE,0,0.156343,19221.9,6242.0,3.0794,0.120179,55.82
26049,MI,Pulmonary,Respiratory Disease,1,4607,12385.8,7,39925,39925.0,159944.2,5703.571428571428,5703.571428571428,7,0,100.0,32.0,4.0061,96.0,66.75,32.41,ADEQUATE,0,0.115391,12385.8,4607.0,2.6885,0.077438,20.75
26049,MI,Rheumatology,Arthritis,1,9345,35978.3,6,57149,57149.0,196412.2,9524.833333333334,9524.833333333334,9,3,66.67,92.0,3.4368,2.67,28.99,42.75,LOW GAP,3,0.16352,35978.3,9345.0,3.85,0.183178,92.0
26049,MI,Rheumatology,Arthritis,1,10803,45141.4,6,57149,57149.0,196412.2,9524.833333333334,9524.833333333334,9,3,66.67,92.0,3.4368,2.67,28.99,42.75,LOW GAP,3,0.189032,45141.4,10803.0,4.1786,0.22983,97.1
26049,MI,Rheumatology,Arthritis,1,9771,26826.1,6,57149,57149.0,196412.2,9524.833333333334,9524.833333333334,9,3,66.67,92.0,3.4368,2.67,28.99,42.75,LOW GAP,3,0.170974,26826.1,9771.0,2.7455,0.136581,93.45
26049,MI,Rheumatology,Arthritis,1,11093,35891.7,6,57149,57149.0,196412.2,9524.833333333334,9524.833333333334,9,3,66.67,92.0,3.4368,2.67,28.99,42.75,LOW GAP,3,0.194107,35891.7,11093.0,3.2355,0.182737,98.0
26049,MI,Rheumatology,Arthritis,1,10125,32297.4,6,57149,57149.0,196412.2,9524.833333333334,9524.833333333334,9,3,66.67,92.0,3.4368,2.67,28.99,42.75,LOW GAP,3,0.177168,32297.4,10125.0,3.1899,0.164437,94.55
26049,MI,Rheumatology,Arthritis,1,6012,20277.3,6,57149,57149.0,196412.2,9524.833333333334,9524.833333333334,9,3,66.67,92.0,3.4368,2.67,28.99,42.75,LOW GAP,3,0.105199,20277.3,6012.0,3.3728,0.103238,51.2
26077,MI,Cardiology,Heart Disease,1,4376,12903.4,5,25171,25171.0,88569.90000000001,5034.2,5034.2,4,0,100.0,13.33,3.5187,45.33,100.0,25.13,ADEQUATE,0,0.173851,12903.4,4376.0,2.9487,0.145686,16.08
26077,MI,Cardiology,Heart Disease,1,5810,20122.2,5,25171,25171.0,88569.90000000001,5034.2,5034.2,4,0,100.0,13.33,3.5187,45.33,100.0,25.13,ADEQUATE,0,0.230821,20122.2,5810.0,3.4634,0.22719,46.85
26077,MI,Cardiology,Heart Disease,1,4803,17766.9,5,25171,25171.0,88569.90000000001,5034.2,5034.2,4,0,100.0,13.33,3.5187,45.33,100.0,25.13,ADEQUATE,0,0.190815,17766.9,4803.0,3.6991,0.200597,24.5
26077,MI,Cardiology,Heart Disease,1,5600,25859.8,5,25171,25171.0,88569.90000000001,5034.2,5034.2,4,0,100.0,13.33,3.5187,45.33,100.0,25.13,ADEQUATE,0,0.222478,25859.8,5600.0,4.6178,0.291971,41.8
26077,MI,Cardiology,Heart Disease,1,4582,11917.6,5,25171,25171.0,88569.90000000001,5034.2,5034.2,4,0,100.0,13.33,3.5187,45.33,100.0,25.13,ADEQUATE,0,0.182035,11917.6,4582.0,2.601,0.134556,20.1
26077,MI,Endocrinology,Diabetes,1,7063,30027.6,5,31412,31412.0,121947.3,6282.4,6282.4,5,0,100.0,49.33,3.8822,6.67,78.11,25.05,ADEQUATE,0,0.22485,30027.6,7063.0,4.2514,0.246234,70.6
26077,MI,Endocrinology,Diabetes,1,7454,31625.7,5,31412,31412.0,121947.3,6282.4,6282.4,5,0,100.0,49.33,3.8822,6.67,78.11,25.05,ADEQUATE,0,0.237298,31625.7,7454.0,4.2428,0.259339,76.75
26077,MI,Endocrinology,Diabetes,1,7953,26597.1,5,31412,31412.0,121947.3,6282.4,6282.4,5,0,100.0,49.33,3.8822,6.67,78.11,25.05,ADEQUATE,0,0.253183,26597.1,7953.0,3.3443,0.218103,81.2
26077,MI,Endocrinology,Diabetes,1,4752,14414.3,5,31412,31412.0,121947.3,6282.4,6282.4,5,0,100.0,49.33,3.8822,6.67,78.11,25.05,ADEQUATE,0,0.15128,14414.3,4752.0,3.0333,0.118201,23.3
26077,MI,Endocrinology,Diabetes,1,4190,19282.6,5,31412,31412.0,121947.3,6282.4,6282.4,5,0,100.0,49.33,3.8822,6.67,78.11,25.05,ADEQUATE,0,0.133389,19282.6,4190.0,4.6021,0.158122,13.3
26077,MI,Psychiatry,Mental Health Disorders,1,7359,18229.1,4,35035,35035.0,125289.2,8758.75,8758.75,6,2,66.67,88.0,3.5761,97.33,0.0,51.6,LOW GAP,2,0.210047,18229.1,7359.0,2.4771,0.145496,75.0
26077,MI,Psychiatry,Mental Health Disorders,1,9332,36944.4,4,35035,35035.0,125289.2,8758.75,8758.75,6,2,66.67,88.0,3.5761,97.33,0.0,51.6,LOW GAP,2,0.266362,36944.4,9332.0,3.9589,0.294873,91.85
26077,MI,Psychiatry,Mental Health Disorders,1,8874,28795.5,4,35035,35035.0,125289.2,8758.75,8758.75,6,2,66.67,88.0,3.5761,97.33,0.0,51.6,LOW GAP,2,0.25329,28795.5,8874.0,3.2449,0.229832,89.75
26077,MI,Psychiatry,Mental Health Disorders,1,9470,41320.2,4,35035,35035.0,125289.2,8758.75,8758.75,6,2,66.67,88.0,3.5761,97.33,0.0,51.6,LOW GAP,2,0.270301,41320.2,9470.0,4.3633,0.329799,92.55
26077,MI,Pulmonary,Respiratory Disease,1,4669,11367.7,4,28262,28262.0,92252.2,7065.5,7065.5,5,1,80.0,66.67,3.2642,5.33,23.72,30.02,ADEQUATE,1,0.165204,11367.7,4669.0,2.4347,0.123224,21.65
26077,MI,Pulmonary,Respiratory Disease,1,7541,19622.3,4,28262,28262.0,92252.2,7065.5,7065.5,5,1,80.0,66.67,3.2642,5.33,23.72,30.02,ADEQUATE,1,0.266825,19622.3,7541.0,2.6021,0.212703,77.85
26077,MI,Pulmonary,Respiratory Disease,1,7607,29506.4,4,28262,28262.0,92252.2,7065.5,7065.5,5,1,80.0,66.67,3.2642,5.33,23.72,30.02,ADEQUATE,1,0.26916,29506.4,7607.0,3.8788,0.319845,78.55
26077,MI,Pulmonary,Respiratory Disease,1,8445,31755.8,4,28262,28262.0,92252.2,7065.5,7065.5,5,1,80.0,66.67,3.2642,5.33,23.72,30.02,ADEQUATE,1,0.298811,31755.8,8445.0,3.7603,0.344228,86.1
26077,MI,Rheumatology,Arthritis,1,7621,26935.0,4,32314,32314.0,103095.3,8078.5,8078.5,6,2,66.67,77.33,3.1904,61.33,41.29,49.72,LOW GAP,2,0.235842,26935.0,7621.0,3.5343,0.261263,78.65
26077,MI,Rheumatology,Arthritis,1,6424,25560.3,4,32314,32314.0,103095.3,8078.5,8078.5,6,2,66.67,77.33,3.1904,61.33,41.29,49.72,LOW GAP,2,0.198799,25560.3,6424.0,3.9789,0.247929,59.32
26077,MI,Rheumatology,Arthritis,1,10496,28932.0,4,32314,32314.0,103095.3,8078.5,8078.5,6,2,66.67,77.33,3.1904,61.33,41.29,49.72,LOW GAP,2,0.324813,28932.0,10496.0,2.7565,0.280634,96.3
26077,MI,Rheumatology,Arthritis,1,7773,21668.0,4,32314,32314.0,103095.3,8078.5,8078.5,6,2,66.67,77.33,3.1904,61.33,41.29,49.72,LOW GAP,2,0.240546,21668.0,7773.0,2.7876,0.210174,79.8
26099,MI,Cardiology,Heart Disease,1,6563,25887.3,16,83666,83666.0,313702.4,5229.125,5229.125,14,0,100.0,20.0,3.7495,49.33,58.06,21.11,ADEQUATE,0,0.078443,25887.3,6563.0,3.9444,0.082522,61.75
26099,MI,Cardiology,Heart Disease,1,3737,17305.9,16,83666,83666.0,313702.4,5229.125,5229.125,14,0,100.0,20.0,3.7495,49.33,58.06,21.11,ADEQUATE,0,0.044666,17305.9,3737.0,4.631,0.055167,6.55
26099,MI,Cardiology,Heart Disease,1,5101,20474.5,16,83666,83666.0,313702.4,5229.125,5229.125,14,0,100.0,20.0,3.7495,49.33,58.06,21.11,ADEQUATE,0,0.060969,20474.5,5101.0,4.0138,0.065267,29.7
26099,MI,Cardiology,Heart Disease,1,4047,11444.6,16,83666,83666.0,313702.4,5229.125,5229.125,14,0,100.0,20.0,3.7495,49.33,58.06,21.11,ADEQUATE,0,0.048371,11444.6,4047.0,2.8279,0.036482,10.48
26099,MI,Cardiology,Heart Disease,1,4343,12441.1,16,83666,83666.0,313702.4,5229.125,5229.125,14,0,100.0,20.0,3.7495,49.33,58.06,21.11,ADEQUATE,0,0.051909,12441.1,4343.0,2.8646,0.039659,15.6
26099,MI,Cardiology,Heart Disease,1,5872,24727.6,16,83666,83666.0,313702.4,5229.125,5229.125,14,0,100.0,20.0,3.7495,49.33,58.06,21.11,ADEQUATE,0,0.070184,24727.6,5872.0,4.2111,0.078825,47.85
26099,MI,Cardiology,Heart Disease,1,5690,26608.6,16,83666,83666.0,313702.4,5229.125,5229.125,14,0,100.0,20.0,3.7495,49.33,58.06,21.11,ADEQUATE,0,0.068009,26608.6,5690.0,4.6764,0.084821,43.82
26099,MI,Cardiology,Heart Disease,1,3981,9630.1,16,83666,83666.0,313702.4,5229.125,5229.125,14,0,100.0,20.0,3.7495,49.33,58.06,21.11,ADEQUATE,0,0.047582,9630.1,3981.0,2.419,0.030698,9.32
26099,MI,Cardiology,Heart Disease,1,6940,26926.2,16,83666,83666.0,313702.4,5229.125,5229.125,14,0,100.0,20.0,3.7495,49.33,58.06,21.11,ADEQUATE,0,0.082949,26926.2,6940.0,3.8799,0.085834,68.4
26099,MI,Cardiology,Heart Disease,1,4637,18412.6,16,83666,83666.0,313702.4,5229.125,5229.125,14,0,100.0,20.0,3.7495,49.33,58.06,21.11,ADEQUATE,0,0.055423,18412.6,4637.0,3.9708,0.058694,21.1
26099,MI,Cardiology,Heart Disease,1,4473,15542.9,16,83666,83666.0,313702.4,5229.125,5229.125,14,0,100.0,20.0,3.7495,49.33,58.06,21.11,ADEQUATE,0,0.053463,15542.9,4473.0,3.4748,0.049547,18.12
26099,MI,Cardiology,Heart Disease,1,5490,21944.6,16,83666,83666.0,313702.4,5229.125,5229.125,14,0,100.0,20.0,3.7495,49.33,58.06,21.11,ADEQUATE,0,0.065618,21944.6,5490.0,3.9972,0.069954,39.35
26099,MI,Cardiology,Heart Disease,1,6871,22446.3,16,83666,83666.0,313702.4,5229.125,5229.125,14,0,100.0,20.0,3.7495,49.33,58.06,21.11,ADEQUATE,0,0.082124,22446.3,6871.0,3.2668,0.071553,67.4
26099,MI,Cardiology,Heart Disease,1,6193,23967.5,16,83666,83666.0,313702.4,5229.125,5229.125,14,0,100.0,20.0,3.7495,49.33,58.06,21.11,ADEQUATE,0,0.074021,23967.5,6193.0,3.8701,0.076402,54.82
26099,MI,Cardiology,Heart Disease,1,6164,24650.7,16,83666,83666.0,313702.4,5229.125,5229.125,14,0,100.0,20.0,3.7495,49.33,58.06,21.11,ADEQUATE,0,0.073674,24650.7,6164.0,3.9991,0.07858,54.3
26099,MI,Cardiology,Heart Disease,1,3564,11291.9,16,83666,83666.0,313702.4,5229.125,5229.125,14,0,100.0,20.0,3.7495,49.33,58.06,21.11,ADEQUATE,0,0.042598,11291.9,3564.0,3.1683,0.035996,4.18
26099,MI,Endocrinology,Diabetes,1,7825,32737.8,16,103590,103590.0,372655.4,6474.375,6474.375,17,1,94.12,52.0,3.5974,90.67,54.98,37.49,ADEQUATE,1,0.075538,32737.8,7825.0,4.1837,0.08785,80.15
26099,MI,Endocrinology,Diabetes,1,8404,24204.8,16,103590,103590.0,372655.4,6474.375,6474.375,17,1,94.12,52.0,3.5974,90.67,54.98,37.49,ADEQUATE,1,0.081128,24204.8,8404.0,2.8802,0.064952,85.6
26099,MI,Endocrinology,Diabetes,1,8150,27566.4,16,103590,103590.0,372655.4,6474.375,6474.375,17,1,94.12,52.0,3.5974,90.67,54.98,37.49,ADEQUATE,1,0.078676,27566.4,8150.0,3.3824,0.073973,83.22
26099,MI,Endocrinology,Diabetes,1,6773,19996.7,16,103590,103590.0,372655.4,6474.375,6474.375,17,1,94.12,52.0,3.5974,90.67,54.98,37.49,ADEQUATE,1,0.065383,19996.7,6773.0,2.9524,0.05366,65.7
26099,MI,Endocrinology,Diabetes,1,4532,15375.9,16,103590,103590.0,372655.4,6474.375,6474.375,17,1,94.12,52.0,3.5974,90.67,54.98,37.49,ADEQUATE,1,0.043749,15375.9,4532.0,3.3927,0.04126,19.05
26099,MI,Endocrinology,Diabetes,1,5353,20892.6,16,103590,103590.0,372655.4,6474.375,6474.375,17,1,94.12,52.0,3.5974,90.67,54.98,37.49,ADEQUATE,1,0.051675,20892.6,5353.0,3.903,0.056064,35.6
26099,MI,Endocrinology,Diabetes,1,5273,20097.1,16,103590,103590.0,372655.4,6474.375,6474.375,17,1,94.12,52.0,3.5974,90.67,54.98,37.49,ADEQUATE,1,0.050903,20097.1,5273.0,3.8113,0.053929,33.58
26099,MI,Endocrinology,Diabetes,1,5350,20822.5,16,103590,103590.0,372655.4,6474.375,6474.375,17,1,94.12,52.0,3.5974,90.67,54.98,37.49,ADEQUATE,1,0.051646,20822.5,5350.0,3.8921,0.055876,35.5
26099,MI,Endocrinology,Diabetes,1,5668,24898.6,16,103590,103590.0,372655.4,6474.375,6474.375,17,1,94.12,52.0,3.5974,90.67,54.98,37.49,ADEQUATE,1,0.054716,24898.6,5668.0,4.3928,0.066814,43.2
26099,MI,Endocrinology,Diabetes,1,6081,24030.1,16,103590,103590.0,372655.4,6474.375,6474.375,17,1,94.12,52.0,3.5974,90.67,54.98,37.49,ADEQUATE,1,0.058703,24030.1,6081.0,3.9517,0.064483,52.42
26099,MI,Endocrinology,Diabetes,1,4917,20961.1,16,103590,103590.0,372655.4,6474.375,6474.375,17,1,94.12,52.0,3.5974,90.67,54.98,37.49,ADEQUATE,1,0.047466,20961.1,4917.0,4.263,0.056248,26.35
26099,MI,Endocrinology,Diabetes,1,7498,22812.2,16,103590,103590.0,372655.4,6474.375,6474.375,17,1,94.12,52.0,3.5974,90.67,54.98,37.49,ADEQUATE,1,0.072382,22812.2,7498.0,3.0424,0.061215,77.48
26099,MI,Endocrinology,Diabetes,1,5594,15601.8,16,103590,103590.0,372655.4,6474.375,6474.375,17,1,94.12,52.0,3.5974,90.67,54.98,37.49,ADEQUATE,1,0.054001,15601.8,5594.0,2.789,0.041867,41.72
26099,MI,Endocrinology,Diabetes,1,7214,22813.5,16,103590,103590.0,372655.4,6474.375,6474.375,17,1,94.12,52.0,3.5974,90.67,54.98,37.49,ADEQUATE,1,0.06964,22813.5,7214.0,3.1624,0.061219,72.75
26099,MI,Endocrinology,Diabetes,1,6878,21574.6,16,103590,103590.0,372655.4,6474.375,6474.375,17,1,94.12,52.0,3.5974,90.67,54.98,37.49,ADEQUATE,1,0.066396,21574.6,6878.0,3.1368,0.057894,67.55
26099,MI,Endocrinology,Diabetes,1,8080,38269.7,16,103590,103590.0,372655.4,6474.375,6474.375,17,1,94.12,52.0,3.5974,90.67,54.98,37.49,ADEQUATE,1,0.078,38269.7,8080.0,4.7363,0.102695,82.48
26099,MI,Psychiatry,Mental Health Disorders,1,7009,27340.4,13,130869,130869.0,489033.7,10066.846153846154,10066.846153846154,21,8,61.9,97.33,3.7368,37.33,39.45,52.99,LOW GAP,8,0.053557,27340.4,7009.0,3.9008,0.055907,69.62
26099,MI,Psychiatry,Mental Health Disorders,1,8437,29397.4,13,130869,130869.0,489033.7,10066.846153846154,10066.846153846154,21,8,61.9,97.33,3.7368,37.33,39.45,52.99,LOW GAP,8,0.064469,29397.4,8437.0,3.4843,0.060113,85.98
26099,MI,Psychiatry,Mental Health Disorders,1,13011,39842.5,13,130869,130869.0,489033.7,10066.846153846154,10066.846153846154,21,8,61.9,97.33,3.7368,37.33,39.45,52.99,LOW GAP,8,0.09942,39842.5,13011.0,3.0622,0.081472,99.9
26099,MI,Psychiatry,Mental Health Disorders,1,12826,49649.5,13,130869,130869.0,489033.7,10066.846153846154,10066.846153846154,21,8,61.9,97.33,3.7368,37.33,39.45,52.99,LOW GAP,8,0.098006,49649.5,12826.0,3.871,0.101526,99.85
26099,MI,Psychiatry,Mental Health Disorders,1,8549,34899.8,13,130869,130869.0,489033.7,10066.846153846154,10066.846153846154,21,8,61.9,97.33,3.7368,37.33,39.45,52.99,LOW GAP,8,0.065325,34899.8,8549.0,4.0823,0.071365,87.38
26099,MI,Psychiatry,Mental Health Disorders,1,12663,41263.1,13,130869,130869.0,489033.7,10066.846153846154,10066.846153846154,21,8,61.9,97.33,3.7368,37.33,39.45,52.99,LOW GAP,8,0.096761,41263.1,12663.0,3.2586,0.084377,99.7
26099,MI,Psychiatry,Mental Health Disorders,1,8960,40330.6,13,130869,130869.0,489033.7,10066.846153846154,10066.846153846154,21,8,61.9,97.33,3.7368,37.33,39.45,52.99,LOW GAP,8,0.068465,40330.6,8960.0,4.5012,0.08247,90.15
26099,MI,Psychiatry,Mental Health Disorders,1,9170,34440.5,13,130869,130869.0,489033.7,10066.846153846154,10066.846153846154,21,8,61.9,97.33,3.7368,37.33,39.45,52.99,LOW GAP,8,0.07007,34440.5,9170.0,3.7558,0.070426,91.3
26099,MI,Psychiatry,Mental Health Disorders,1,11797,36920.5,13,130869,130869.0,489033.7,10066.846153846154,10066.846153846154,21,8,61.9,97.33,3.7368,37.33,39.45,52.99,LOW GAP,8,0.090144,36920.5,11797.0,3.1297,0.075497,99.2
26099,MI,Psychiatry,Mental Health Disorders,1,8775,40206.7,13,130869,130869.0,489033.7,10066.846153846154,10066.846153846154,21,8,61.9,97.33,3.7368,37.33,39.45,52.99,LOW GAP,8,0.067052,40206.7,8775.0,4.582,0.082217,88.7
26099,MI,Psychiatry,Mental Health Disorders,1,8825,32440.4,13,130869,130869.0,489033.7,10066.846153846154,10066.846153846154,21,8,61.9,97.33,3.7368,37.33,39.45,52.99,LOW GAP,8,0.067434,32440.4,8825.0,3.676,0.066336,89.25
26099,MI,Psychiatry,Mental Health Disorders,1,9303,40774.5,13,130869,130869.0,489033.7,10066.846153846154,10066.846153846154,21,8,61.9,97.33,3.7368,37.33,39.45,52.99,LOW GAP,8,0.071086,40774.5,9303.0,4.3829,0.083378,91.7
26099,MI,Psychiatry,Mental Health Disorders,1,11544,41527.8,13,130869,130869.0,489033.7,10066.846153846154,10066.846153846154,21,8,61.9,97.33,3.7368,37.33,39.45,52.99,LOW GAP,8,0.08821,41527.8,11544.0,3.5973,0.084918,98.9
26099,MI,Pulmonary,Respiratory Disease,1,7117,32794.2,15,94200,94200.0,336379.1,6280.0,6280.0,15,0,100.0,48.0,3.5709,85.33,34.42,29.96,ADEQUATE,0,0.075552,32794.2,7117.0,4.6079,0.097492,71.5
26099,MI,Pulmonary,Respiratory Disease,1,6171,15999.5,15,94200,94200.0,336379.1,6280.0,6280.0,15,0,100.0,48.0,3.5709,85.33,34.42,29.96,ADEQUATE,0,0.06551,15999.5,6171.0,2.5927,0.047564,54.35
26099,MI,Pulmonary,Respiratory Disease,1,6146,21818.0,15,94200,94200.0,336379.1,6280.0,6280.0,15,0,100.0,48.0,3.5709,85.33,34.42,29.96,ADEQUATE,0,0.065244,21818.0,6146.0,3.55,0.064861,53.85
26099,MI,Pulmonary,Respiratory Disease,1,4890,20061.1,15,94200,94200.0,336379.1,6280.0,6280.0,15,0,100.0,48.0,3.5709,85.33,34.42,29.96,ADEQUATE,0,0.051911,20061.1,4890.0,4.1025,0.059638,26.05
26099,MI,Pulmonary,Respiratory Disease,1,5412,19818.1,15,94200,94200.0,336379.1,6280.0,6280.0,15,0,100.0,48.0,3.5709,85.33,34.42,29.96,ADEQUATE,0,0.057452,19818.1,5412.0,3.6619,0.058916,37.12
26099,MI,Pulmonary,Respiratory Disease,1,7258,18143.4,15,94200,94200.0,336379.1,6280.0,6280.0,15,0,100.0,48.0,3.5709,85.33,34.42,29.96,ADEQUATE,0,0.077049,18143.4,7258.0,2.4998,0.053937,73.65
26099,MI,Pulmonary,Respiratory Disease,1,6462,20570.5,15,94200,94200.0,336379.1,6280.0,6280.0,15,0,100.0,48.0,3.5709,85.33,34.42,29.96,ADEQUATE,0,0.068599,20570.5,6462.0,3.1833,0.061153,60.3
26099,MI,Pulmonary,Respiratory Disease,1,7466,24022.6,15,94200,94200.0,336379.1,6280.0,6280.0,15,0,100.0,48.0,3.5709,85.33,34.42,29.96,ADEQUATE,0,0.079257,24022.6,7466.0,3.2176,0.071415,77.03
26099,MI,Pulmonary,Respiratory Disease,1,6860,28609.7,15,94200,94200.0,336379.1,6280.0,6280.0,15,0,100.0,48.0,3.5709,85.33,34.42,29.96,ADEQUATE,0,0.072824,28609.7,6860.0,4.1705,0.085052,67.03
26099,MI,Pulmonary,Respiratory Disease,1,7446,31782.3,15,94200,94200.0,336379.1,6280.0,6280.0,15,0,100.0,48.0,3.5709,85.33,34.42,29.96,ADEQUATE,0,0.079045,31782.3,7446.0,4.2684,0.094484,76.6
26099,MI,Pulmonary,Respiratory Disease,1,4363,18004.0,15,94200,94200.0,336379.1,6280.0,6280.0,15,0,100.0,48.0,3.5709,85.33,34.42,29.96,ADEQUATE,0,0.046316,18004.0,4363.0,4.1265,0.053523,15.85
26099,MI,Pulmonary,Respiratory Disease,1,6795,25474.0,15,94200,94200.0,336379.1,6280.0,6280.0,15,0,100.0,48.0,3.5709,85.33,34.42,29.96,ADEQUATE,0,0.072134,25474.0,6795.0,3.7489,0.07573,66.07
26099,MI,Pulmonary,Respiratory Disease,1,6513,16572.0,15,94200,94200.0,336379.1,6280.0,6280.0,15,0,100.0,48.0,3.5709,85.33,34.42,29.96,ADEQUATE,0,0.06914,16572.0,6513.0,2.5444,0.049266,61.15
26099,MI,Pulmonary,Respiratory Disease,1,6117,21340.9,15,94200,94200.0,336379.1,6280.0,6280.0,15,0,100.0,48.0,3.5709,85.33,34.42,29.96,ADEQUATE,0,0.064936,21340.9,6117.0,3.4888,0.063443,53.3
26099,MI,Pulmonary,Respiratory Disease,1,5184,21368.8,15,94200,94200.0,336379.1,6280.0,6280.0,15,0,100.0,48.0,3.5709,85.33,34.42,29.96,ADEQUATE,0,0.055032,21368.8,5184.0,4.1221,0.063526,31.52
26099,MI,Rheumatology,Arthritis,1,11009,44198.6,14,119757,119757.0,412115.3,8554.07142857143,8554.07142857143,19,5,73.68,85.33,3.4413,52.0,32.83,45.9,LOW GAP,5,0.091928,44198.6,11009.0,4.0148,0.107248,97.8
26099,MI,Rheumatology,Arthritis,1,6278,17749.0,14,119757,119757.0,412115.3,8554.07142857143,8554.07142857143,19,5,73.68,85.33,3.4413,52.0,32.83,45.9,LOW GAP,5,0.052423,17749.0,6278.0,2.8272,0.043068,56.7
26099,MI,Rheumatology,Arthritis,1,8890,39485.1,14,119757,119757.0,412115.3,8554.07142857143,8554.07142857143,19,5,73.68,85.33,3.4413,52.0,32.83,45.9,LOW GAP,5,0.074234,39485.1,8890.0,4.4415,0.095811,89.9
26099,MI,Rheumatology,Arthritis,1,7489,26293.5,14,119757,119757.0,412115.3,8554.07142857143,8554.07142857143,19,5,73.68,85.33,3.4413,52.0,32.83,45.9,LOW GAP,5,0.062535,26293.5,7489.0,3.5109,0.063801,77.2
26099,MI,Rheumatology,Arthritis,1,8821,24313.6,14,119757,119757.0,412115.3,8554.07142857143,8554.07142857143,19,5,73.68,85.33,3.4413,52.0,32.83,45.9,LOW GAP,5,0.073657,24313.6,8821.0,2.7563,0.058997,89.15
26099,MI,Rheumatology,Arthritis,1,7273,18167.0,14,119757,119757.0,412115.3,8554.07142857143,8554.07142857143,19,5,73.68,85.33,3.4413,52.0,32.83,45.9,LOW GAP,5,0.060731,18167.0,7273.0,2.4979,0.044082,73.8
26099,MI,Rheumatology,Arthritis,1,8463,26463.4,14,119757,119757.0,412115.3,8554.07142857143,8554.07142857143,19,5,73.68,85.33,3.4413,52.0,32.83,45.9,LOW GAP,5,0.070668,26463.4,8463.0,3.127,0.064214,86.3
26099,MI,Rheumatology,Arthritis,1,5882,27410.5,14,119757,119757.0,412115.3,8554.07142857143,8554.07142857143,19,5,73.68,85.33,3.4413,52.0,32.83,45.9,LOW GAP,5,0.049116,27410.5,5882.0,4.6601,0.066512,48.05
26099,MI,Rheumatology,Arthritis,1,10554,45714.5,14,119757,119757.0,412115.3,8554.07142857143,8554.07142857143,19,5,73.68,85.33,3.4413,52.0,32.83,45.9,LOW GAP,5,0.088128,45714.5,10554.0,4.3315,0.110926,96.7
26099,MI,Rheumatology,Arthritis,1,9810,32537.5,14,119757,119757.0,412115.3,8554.07142857143,8554.07142857143,19,5,73.68,85.33,3.4413,52.0,32.83,45.9,LOW GAP,5,0.081916,32537.5,9810.0,3.3168,0.078952,93.7
26099,MI,Rheumatology,Arthritis,1,8520,22344.3,14,119757,119757.0,412115.3,8554.07142857143,8554.07142857143,19,5,73.68,85.33,3.4413,52.0,32.83,45.9,LOW GAP,5,0.071144,22344.3,8520.0,2.6226,0.054219,86.85
26099,MI,Rheumatology,Arthritis,1,10182,32641.0,14,119757,119757.0,412115.3,8554.07142857143,8554.07142857143,19,5,73.68,85.33,3.4413,52.0,32.83,45.9,LOW GAP,5,0.085022,32641.0,10182.0,3.2058,0.079204,94.85
26099,MI,Rheumatology,Arthritis,1,10750,34718.0,14,119757,119757.0,412115.3,8554.07142857143,8554.07142857143,19,5,73.68,85.33,3.4413,52.0,32.83,45.9,LOW GAP,5,0.089765,34718.0,10750.0,3.2296,0.084243,97.0
26099,MI,Rheumatology,Arthritis,1,5836,20079.3,14,119757,119757.0,412115.3,8554.07142857143,8554.07142857143,19,5,73.68,85.33,3.4413,52.0,32.83,45.9,LOW GAP,5,0.048732,20079.3,5836.0,3.4406,0.048723,47.2
26125,MI,Cardiology,Heart Disease,1,6007,18158.9,24,125904,125904.0,452768.5,5246.0,5246.0,20,0,100.0,21.33,3.5961,17.33,45.45,14.75,ADEQUATE,0,0.047711,18158.9,6007.0,3.023,0.040106,51.05
26125,MI,Cardiology,Heart Disease,1,5340,24801.5,24,125904,125904.0,452768.5,5246.0,5246.0,20,0,100.0,21.33,3.5961,17.33,45.45,14.75,ADEQUATE,0,0.042413,24801.5,5340.0,4.6445,0.054777,35.17
26125,MI,Cardiology,Heart Disease,1,6424,15703.7,24,125904,125904.0,452768.5,5246.0,5246.0,20,0,100.0,21.33,3.5961,17.33,45.45,14.75,ADEQUATE,0,0.051023,15703.7,6424.0,2.4445,0.034684,59.32
26125,MI,Cardiology,Heart Disease,1,3881,10345.5,24,125904,125904.0,452768.5,5246.0,5246.0,20,0,100.0,21.33,3.5961,17.33,45.45,14.75,ADEQUATE,0,0.030825,10345.5,3881.0,2.6657,0.022849,8.15
26125,MI,Cardiology,Heart Disease,1,4679,19934.5,24,125904,125904.0,452768.5,5246.0,5246.0,20,0,100.0,21.33,3.5961,17.33,45.45,14.75,ADEQUATE,0,0.037163,19934.5,4679.0,4.2604,0.044028,21.75
26125,MI,Cardiology,Heart Disease,1,5084,14522.0,24,125904,125904.0,452768.5,5246.0,5246.0,20,0,100.0,21.33,3.5961,17.33,45.45,14.75,ADEQUATE,0,0.04038,14522.0,5084.0,2.8564,0.032074,29.5
26125,MI,Cardiology,Heart Disease,1,6450,30147.3,24,125904,125904.0,452768.5,5246.0,5246.0,20,0,100.0,21.33,3.5961,17.33,45.45,14.75,ADEQUATE,0,0.05123,30147.3,6450.0,4.674,0.066584,59.9
26125,MI,Cardiology,Heart Disease,1,6734,30000.0,24,125904,125904.0,452768.5,5246.0,5246.0,20,0,100.0,21.33,3.5961,17.33,45.45,14.75,ADEQUATE,0,0.053485,30000.0,6734.0,4.455,0.066259,65.1
26125,MI,Cardiology,Heart Disease,1,5371,14638.3,24,125904,125904.0,452768.5,5246.0,5246.0,20,0,100.0,21.33,3.5961,17.33,45.45,14.75,ADEQUATE,0,0.042659,14638.3,5371.0,2.7254,0.032331,36.18
26125,MI,Cardiology,Heart Disease,1,6274,24751.5,24,125904,125904.0,452768.5,5246.0,5246.0,20,0,100.0,21.33,3.5961,17.33,45.45,14.75,ADEQUATE,0,0.049832,24751.5,6274.0,3.9451,0.054667,56.6
26125,MI,Cardiology,Heart Disease,1,5572,14407.6,24,125904,125904.0,452768.5,5246.0,5246.0,20,0,100.0,21.33,3.5961,17.33,45.45,14.75,ADEQUATE,0,0.044256,14407.6,5572.0,2.5857,0.031821,41.1
26125,MI,Cardiology,Heart Disease,1,4108,16664.9,24,125904,125904.0,452768.5,5246.0,5246.0,20,0,100.0,21.33,3.5961,17.33,45.45,14.75,ADEQUATE,0,0.032628,16664.9,4108.0,4.0567,0.036807,11.75
26125,MI,Cardiology,Heart Disease,1,6758,26020.5,24,125904,125904.0,452768.5,5246.0,5246.0,20,0,100.0,21.33,3.5961,17.33,45.45,14.75,ADEQUATE,0,0.053676,26020.5,6758.0,3.8503,0.05747,65.38
26125,MI,Cardiology,Heart Disease,1,3636,16402.9,24,125904,125904.0,452768.5,5246.0,5246.0,20,0,100.0,21.33,3.5961,17.33,45.45,14.75,ADEQUATE,0,0.028879,16402.9,3636.0,4.5112,0.036228,5.45
26125,MI,Cardiology,Heart Disease,1,6693,22704.7,24,125904,125904.0,452768.5,5246.0,5246.0,20,0,100.0,21.33,3.5961,17.33,45.45,14.75,ADEQUATE,0,0.05316,22704.7,6693.0,3.3923,0.050146,64.4
26125,MI,Cardiology,Heart Disease,1,6273,22446.5,24,125904,125904.0,452768.5,5246.0,5246.0,20,0,100.0,21.33,3.5961,17.33,45.45,14.75,ADEQUATE,0,0.049824,22446.5,6273.0,3.5783,0.049576,56.55
26125,MI,Cardiology,Heart Disease,1,6036,26862.7,24,125904,125904.0,452768.5,5246.0,5246.0,20,0,100.0,21.33,3.5961,17.33,45.45,14.75,ADEQUATE,0,0.047941,26862.7,6036.0,4.4504,0.05933,51.55
26125,MI,Cardiology,Heart Disease,1,4781,21259.4,24,125904,125904.0,452768.5,5246.0,5246.0,20,0,100.0,21.33,3.5961,17.33,45.45,14.75,ADEQUATE,0,0.037973,21259.4,4781.0,4.4466,0.046954,24.08
26125,MI,Cardiology,Heart Disease,1,3755,16368.1,24,125904,125904.0,452768.5,5246.0,5246.0,20,0,100.0,21.33,3.5961,17.33,45.45,14.75,ADEQUATE,0,0.029824,16368.1,3755.0,4.359,0.036151,6.98
26125,MI,Cardiology,Heart Disease,1,3587,8683.9,24,125904,125904.0,452768.5,5246.0,5246.0,20,0,100.0,21.33,3.5961,17.33,45.45,14.75,ADEQUATE,0,0.02849,8683.9,3587.0,2.4209,0.01918,4.45
26125,MI,Cardiology,Heart Disease,1,3683,15008.9,24,125904,125904.0,452768.5,5246.0,5246.0,20,0,100.0,21.33,3.5961,17.33,45.45,14.75,ADEQUATE,0,0.029252,15008.9,3683.0,4.0752,0.033149,6.1
26125,MI,Cardiology,Heart Disease,1,3343,9556.8,24,125904,125904.0,452768.5,5246.0,5246.0,20,0,100.0,21.33,3.5961,17.33,45.45,14.75,ADEQUATE,0,0.026552,9556.8,3343.0,2.8587,0.021107,2.4
26125,MI,Cardiology,Heart Disease,1,5660,14283.3,24,125904,125904.0,452768.5,5246.0,5246.0,20,0,100.0,21.33,3.5961,17.33,45.45,14.75,ADEQUATE,0,0.044955,14283.3,5660.0,2.5236,0.031547,42.95
26125,MI,Cardiology,Heart Disease,1,5775,19095.1,24,125904,125904.0,452768.5,5246.0,5246.0,20,0,100.0,21.33,3.5961,17.33,45.45,14.75,ADEQUATE,0,0.045868,19095.1,5775.0,3.3065,0.042174,46.0
26125,MI,Endocrinology,Diabetes,1,6502,16363.9,23,147554,147554.0,514999.4,6415.391304347826,6415.391304347826,23,0,100.0,50.67,3.4902,82.67,48.59,32.36,ADEQUATE,0,0.044065,16363.9,6502.0,2.5167,0.031775,61.0
26125,MI,Endocrinology,Diabetes,1,7209,33357.6,23,147554,147554.0,514999.4,6415.391304347826,6415.391304347826,23,0,100.0,50.67,3.4902,82.67,48.59,32.36,ADEQUATE,0,0.048857,33357.6,7209.0,4.6272,0.064772,72.7
26125,MI,Endocrinology,Diabetes,1,7215,22131.3,23,147554,147554.0,514999.4,6415.391304347826,6415.391304347826,23,0,100.0,50.67,3.4902,82.67,48.59,32.36,ADEQUATE,0,0.048897,22131.3,7215.0,3.0674,0.042973,72.8
26125,MI,Endocrinology,Diabetes,1,5958,19119.0,23,147554,147554.0,514999.4,6415.391304347826,6415.391304347826,23,0,100.0,50.67,3.4902,82.67,48.59,32.36,ADEQUATE,0,0.040378,19119.0,5958.0,3.209,0.037124,49.95
26125,MI,Endocrinology,Diabetes,1,5287,15230.5,23,147554,147554.0,514999.4,6415.391304347826,6415.391304347826,23,0,100.0,50.67,3.4902,82.67,48.59,32.36,ADEQUATE,0,0.035831,15230.5,5287.0,2.8807,0.029574,33.85
26125,MI,Endocrinology,Diabetes,1,7737,29650.6,23,147554,147554.0,514999.4,6415.391304347826,6415.391304347826,23,0,100.0,50.67,3.4902,82.67,48.59,32.36,ADEQUATE,0,0.052435,29650.6,7737.0,3.8323,0.057574,79.42
26125,MI,Endocrinology,Diabetes,1,8496,31049.7,23,147554,147554.0,514999.4,6415.391304347826,6415.391304347826,23,0,100.0,50.67,3.4902,82.67,48.59,32.36,ADEQUATE,0,0.057579,31049.7,8496.0,3.6546,0.060291,86.62
26125,MI,Endocrinology,Diabetes,1,5380,22351.8,23,147554,147554.0,514999.4,6415.391304347826,6415.391304347826,23,0,100.0,50.67,3.4902,82.67,48.59,32.36,ADEQUATE,0,0.036461,22351.8,5380.0,4.1546,0.043402,36.45
26125,MI,Endocrinology,Diabetes,1,6010,18781.5,23,147554,147554.0,514999.4,6415.391304347826,6415.391304347826,23,0,100.0,50.67,3.4902,82.67,48.59,32.36,ADEQUATE,0,0.040731,18781.5,6010.0,3.125,0.036469,51.12
26125,MI,Endocrinology,Diabetes,1,4850,17681.0,23,147554,147554.0,514999.4,6415.391304347826,6415.391304347826,23,0,100.0,50.67,3.4902,82.67,48.59,32.36,ADEQUATE,0,0.032869,17681.0,4850.0,3.6456,0.034332,25.37
26125,MI,Endocrinology,Diabetes,1,7662,19844.8,23,147554,147554.0,514999.4,6415.391304347826,6415.391304347826,23,0,100.0,50.67,3.4902,82.67,48.59,32.36,ADEQUATE,0,0.051927,19844.8,7662.0,2.59,0.038534,78.85
26125,MI,Endocrinology,Diabetes,1,6401,28292.2,23,147554,147554.0,514999.4,6415.391304347826,6415.391304347826,23,0,100.0,50.67,3.4902,82.67,48.59,32.36,ADEQUATE,0,0.043381,28292.2,6401.0,4.42,0.054936,58.75
26125,MI,Endocrinology,Diabetes,1,4264,17143.2,23,147554,147554.0,514999.4,6415.391304347826,6415.391304347826,23,0,100.0,50.67,3.4902,82.67,48.59,32.36,ADEQUATE,0,0.028898,17143.2,4264.0,4.0205,0.033288,14.5
26125,MI,Endocrinology,Diabetes,1,7410,22716.6,23,147554,147554.0,514999.4,6415.391304347826,6415.391304347826,23,0,100.0,50.67,3.4902,82.67,48.59,32.36,ADEQUATE,0,0.050219,22716.6,7410.0,3.0657,0.04411,75.88
26125,MI,Endocrinology,Diabetes,1,6295,18198.9,23,147554,147554.0,514999.4,6415.391304347826,6415.391304347826,23,0,100.0,50.67,3.4902,82.67,48.59,32.36,ADEQUATE,0,0.042662,18198.9,6295.0,2.891,0.035338,57.05
26125,MI,Endocrinology,Diabetes,1,6203,20735.5,23,147554,147554.0,514999.4,6415.391304347826,6415.391304347826,23,0,100.0,50.67,3.4902,82.67,48.59,32.36,ADEQUATE,0,0.042039,20735.5,6203.0,3.3428,0.040263,55.0
26125,MI,Endocrinology,Diabetes,1,8070,25883.8,23,147554,147554.0,514999.4,6415.391304347826,6415.391304347826,23,0,100.0,50.67,3.4902,82.67,48.59,32.36,ADEQUATE,0,0.054692,25883.8,8070.0,3.2074,0.05026,82.4
26125,MI,Endocrinology,Diabetes,1,4537,21278.1,23,147554,147554.0,514999.4,6415.391304347826,6415.391304347826,23,0,100.0,50.67,3.4902,82.67,48.59,32.36,ADEQUATE,0,0.030748,21278.1,4537.0,4.6899,0.041317,19.25
26125,MI,Endocrinology,Diabetes,1,4773,18826.8,23,147554,147554.0,514999.4,6415.391304347826,6415.391304347826,23,0,100.0,50.67,3.4902,82.67,48.59,32.36,ADEQUATE,0,0.032347,18826.8,4773.0,3.9444,0.036557,23.88
26125,MI,Endocrinology,Diabetes,1,7568,22782.8,23,147554,147554.0,514999.4,6415.391304347826,6415.391304347826,23,0,100.0,50.67,3.4902,82.67,48.59,32.36,ADEQUATE,0,0.05129,22782.8,7568.0,3.0104,0.044238,78.18
26125,MI,Endocrinology,Diabetes,1,6129,28936.5,23,147554,147554.0,514999.4,6415.391304347826,6415.391304347826,23,0,100.0,50.67,3.4902,82.67,48.59,32.36,ADEQUATE,0,0.041537,28936.5,6129.0,4.7212,0.056187,53.6
26125,MI,Endocrinology,Diabetes,1,7286,19996.9,23,147554,147554.0,514999.4,6415.391304347826,6415.391304347826,23,0,100.0,50.67,3.4902,82.67,48.59,32.36,ADEQUATE,0,0.049379,19996.9,7286.0,2.7446,0.038829,73.95
26125,MI,Endocrinology,Diabetes,1,6312,24646.4,23,147554,147554.0,514999.4,6415.391304347826,6415.391304347826,23,0,100.0,50.67,3.4902,82.67,48.59,32.36,ADEQUATE,0,0.042778,24646.4,6312.0,3.9047,0.047857,57.45
26125,MI,Psychiatry,Mental Health Disorders,1,8459,34868.4,19,191026,191026.0,715191.8,10054.0,10054.0,30,11,63.33,96.0,3.744,68.0,53.05,58.66,LOW GAP,11,0.044282,34868.4,8459.0,4.122,0.048754,86.15
26125,MI,Psychiatry,Mental Health Disorders,1,7710,26973.9,19,191026,191026.0,715191.8,10054.0,10054.0,30,11,63.33,96.0,3.744,68.0,53.05,58.66,LOW GAP,11,0.040361,26973.9,7710.0,3.4986,0.037716,79.18
26125,MI,Psychiatry,Mental Health Disorders,1,10841,44664.7,19,191026,191026.0,715191.8,10054.0,10054.0,30,11,63.33,96.0,3.744,68.0,53.05,58.66,LOW GAP,11,0.056751,44664.7,10841.0,4.12,0.062451,97.25
26125,MI,Psychiatry,Mental Health Disorders,1,8498,39998.7,19,191026,191026.0,715191.8,10054.0,10054.0,30,11,63.33,96.0,3.744,68.0,53.05,58.66,LOW GAP,11,0.044486,39998.7,8498.0,4.7068,0.055927,86.7
26125,MI,Psychiatry,Mental Health Disorders,1,9894,24860.9,19,191026,191026.0,715191.8,10054.0,10054.0,30,11,63.33,96.0,3.744,68.0,53.05,58.66,LOW GAP,11,0.051794,24860.9,9894.0,2.5127,0.034761,93.95
26125,MI,Psychiatry,Mental Health Disorders,1,12292,41528.3,19,191026,191026.0,715191.8,10054.0,10054.0,30,11,63.33,96.0,3.744,68.0,53.05,58.66,LOW GAP,11,0.064347,41528.3,12292.0,3.3785,0.058066,99.45
26125,MI,Psychiatry,Mental Health Disorders,1,12004,45315.0,19,191026,191026.0,715191.8,10054.0,10054.0,30,11,63.33,96.0,3.744,68.0,53.05,58.66,LOW GAP,11,0.06284,45315.0,12004.0,3.775,0.063361,99.25
26125,MI,Psychiatry,Mental Health Disorders,1,11496,34320.9,19,191026,191026.0,715191.8,10054.0,10054.0,30,11,63.33,96.0,3.744,68.0,53.05,58.66,LOW GAP,11,0.06018,34320.9,11496.0,2.9855,0.047988,98.7
26125,MI,Psychiatry,Mental Health Disorders,1,13055,55524.9,19,191026,191026.0,715191.8,10054.0,10054.0,30,11,63.33,96.0,3.744,68.0,53.05,58.66,LOW GAP,11,0.068341,55524.9,13055.0,4.2532,0.077636,99.95
26125,MI,Psychiatry,Mental Health Disorders,1,13058,59118.0,19,191026,191026.0,715191.8,10054.0,10054.0,30,11,63.33,96.0,3.744,68.0,53.05,58.66,LOW GAP,11,0.068357,59118.0,13058.0,4.5273,0.08266,100.0
26125,MI,Psychiatry,Mental Health Disorders,1,11677,52552.7,19,191026,191026.0,715191.8,10054.0,10054.0,30,11,63.33,96.0,3.744,68.0,53.05,58.66,LOW GAP,11,0.061128,52552.7,11677.0,4.5005,0.073481,99.0
26125,MI,Psychiatry,Mental Health Disorders,1,10034,33019.3,19,191026,191026.0,715191.8,10054.0,10054.0,30,11,63.33,96.0,3.744,68.0,53.05,58.66,LOW GAP,11,0.052527,33019.3,10034.0,3.2907,0.046168,94.35
26125,MI,Psychiatry,Mental Health Disorders,1,6973,17442.5,19,191026,191026.0,715191.8,10054.0,10054.0,30,11,63.33,96.0,3.744,68.0,53.05,58.66,LOW GAP,11,0.036503,17442.5,6973.0,2.5014,0.024389,68.8
26125,MI,Psychiatry,Mental Health Disorders,1,10439,29993.3,19,191026,191026.0,715191.8,10054.0,10054.0,30,11,63.33,96.0,3.744,68.0,53.05,58.66,LOW GAP,11,0.054647,29993.3,10439.0,2.8732,0.041937,96.0
26125,MI,Psychiatry,Mental Health Disorders,1,10209,43046.2,19,191026,191026.0,715191.8,10054.0,10054.0,30,11,63.33,96.0,3.744,68.0,53.05,58.66,LOW GAP,11,0.053443,43046.2,10209.0,4.2165,0.060188,95.0
26125,MI,Psychiatry,Mental Health Disorders,1,6521,29762.9,19,191026,191026.0,715191.8,10054.0,10054.0,30,11,63.33,96.0,3.744,68.0,53.05,58.66,LOW GAP,11,0.034137,29762.9,6521.0,4.5642,0.041615,61.3
26125,MI,Psychiatry,Mental Health Disorders,1,7360,28956.9,19,191026,191026.0,715191.8,10054.0,10054.0,30,11,63.33,96.0,3.744,68.0,53.05,58.66,LOW GAP,11,0.038529,28956.9,7360.0,3.9344,0.040488,75.05
26125,MI,Psychiatry,Mental Health Disorders,1,9033,23453.8,19,191026,191026.0,715191.8,10054.0,10054.0,30,11,63.33,96.0,3.744,68.0,53.05,58.66,LOW GAP,11,0.047287,23453.8,9033.0,2.5965,0.032794,90.7
26125,MI,Psychiatry,Mental Health Disorders,1,11473,49790.5,19,191026,191026.0,715191.8,10054.0,10054.0,30,11,63.33,96.0,3.744,68.0,53.05,58.66,LOW GAP,11,0.06006,49790.5,11473.0,4.3398,0.069618,98.65
26125,MI,Pulmonary,Respiratory Disease,1,7050,32690.2,22,131405,131405.0,476383.2,5972.954545454545,5972.954545454545,21,0,100.0,42.67,3.6253,54.67,52.93,26.81,ADEQUATE,0,0.053651,32690.2,7050.0,4.6369,0.068622,70.3
26125,MI,Pulmonary,Respiratory Disease,1,5761,19359.1,22,131405,131405.0,476383.2,5972.954545454545,5972.954545454545,21,0,100.0,42.67,3.6253,54.67,52.93,26.81,ADEQUATE,0,0.043842,19359.1,5761.0,3.3604,0.040638,45.7
26125,MI,Pulmonary,Respiratory Disease,1,4562,20893.2,22,131405,131405.0,476383.2,5972.954545454545,5972.954545454545,21,0,100.0,42.67,3.6253,54.67,52.93,26.81,ADEQUATE,0,0.034717,20893.2,4562.0,4.5798,0.043858,19.65
26125,MI,Pulmonary,Respiratory Disease,1,4771,21112.8,22,131405,131405.0,476383.2,5972.954545454545,5972.954545454545,21,0,100.0,42.67,3.6253,54.67,52.93,26.81,ADEQUATE,0,0.036308,21112.8,4771.0,4.4252,0.044319,23.7
26125,MI,Pulmonary,Respiratory Disease,1,7288,27612.5,22,131405,131405.0,476383.2,5972.954545454545,5972.954545454545,21,0,100.0,42.67,3.6253,54.67,52.93,26.81,ADEQUATE,0,0.055462,27612.5,7288.0,3.7888,0.057963,74.02
26125,MI,Pulmonary,Respiratory Disease,1,6941,30392.0,22,131405,131405.0,476383.2,5972.954545454545,5972.954545454545,21,0,100.0,42.67,3.6253,54.67,52.93,26.81,ADEQUATE,0,0.052821,30392.0,6941.0,4.3786,0.063797,68.47
26125,MI,Pulmonary,Respiratory Disease,1,5283,13519.9,22,131405,131405.0,476383.2,5972.954545454545,5972.954545454545,21,0,100.0,42.67,3.6253,54.67,52.93,26.81,ADEQUATE,0,0.040204,13519.9,5283.0,2.5591,0.02838,33.75
26125,MI,Pulmonary,Respiratory Disease,1,8095,30040.1,22,131405,131405.0,476383.2,5972.954545454545,5972.954545454545,21,0,100.0,42.67,3.6253,54.67,52.93,26.81,ADEQUATE,0,0.061603,30040.1,8095.0,3.7109,0.063059,82.65
26125,MI,Pulmonary,Respiratory Disease,1,4639,18432.8,22,131405,131405.0,476383.2,5972.954545454545,5972.954545454545,21,0,100.0,42.67,3.6253,54.67,52.93,26.81,ADEQUATE,0,0.035303,18432.8,4639.0,3.9734,0.038693,21.15
26125,MI,Pulmonary,Respiratory Disease,1,7365,18010.6,22,131405,131405.0,476383.2,5972.954545454545,5972.954545454545,21,0,100.0,42.67,3.6253,54.67,52.93,26.81,ADEQUATE,0,0.056048,18010.6,7365.0,2.4454,0.037807,75.2
26125,MI,Pulmonary,Respiratory Disease,1,5446,14066.9,22,131405,131405.0,476383.2,5972.954545454545,5972.954545454545,21,0,100.0,42.67,3.6253,54.67,52.93,26.81,ADEQUATE,0,0.041444,14066.9,5446.0,2.583,0.029529,38.22
26125,MI,Pulmonary,Respiratory Disease,1,5699,20739.1,22,131405,131405.0,476383.2,5972.954545454545,5972.954545454545,21,0,100.0,42.67,3.6253,54.67,52.93,26.81,ADEQUATE,0,0.04337,20739.1,5699.0,3.6391,0.043534,44.05
26125,MI,Pulmonary,Respiratory Disease,1,5402,13677.1,22,131405,131405.0,476383.2,5972.954545454545,5972.954545454545,21,0,100.0,42.67,3.6253,54.67,52.93,26.81,ADEQUATE,0,0.04111,13677.1,5402.0,2.5319,0.02871,36.8
26125,MI,Pulmonary,Respiratory Disease,1,6537,28567.4,22,131405,131405.0,476383.2,5972.954545454545,5972.954545454545,21,0,100.0,42.67,3.6253,54.67,52.93,26.81,ADEQUATE,0,0.049747,28567.4,6537.0,4.3701,0.059967,61.45
26125,MI,Pulmonary,Respiratory Disease,1,4075,15904.8,22,131405,131405.0,476383.2,5972.954545454545,5972.954545454545,21,0,100.0,42.67,3.6253,54.67,52.93,26.81,ADEQUATE,0,0.031011,15904.8,4075.0,3.903,0.033387,11.3
26125,MI,Pulmonary,Respiratory Disease,1,4213,13215.7,22,131405,131405.0,476383.2,5972.954545454545,5972.954545454545,21,0,100.0,42.67,3.6253,54.67,52.93,26.81,ADEQUATE,0,0.032061,13215.7,4213.0,3.1369,0.027742,13.55
26125,MI,Pulmonary,Respiratory Disease,1,6134,24293.4,22,131405,131405.0,476383.2,5972.954545454545,5972.954545454545,21,0,100.0,42.67,3.6253,54.67,52.93,26.81,ADEQUATE,0,0.04668,24293.4,6134.0,3.9604,0.050996,53.75
26125,MI,Pulmonary,Respiratory Disease,1,6015,21815.5,22,131405,131405.0,476383.2,5972.954545454545,5972.954545454545,21,0,100.0,42.67,3.6253,54.67,52.93,26.81,ADEQUATE,0,0.045775,21815.5,6015.0,3.6268,0.045794,51.32
26125,MI,Pulmonary,Respiratory Disease,1,6812,21526.6,22,131405,131405.0,476383.2,5972.954545454545,5972.954545454545,21,0,100.0,42.67,3.6253,54.67,52.93,26.81,ADEQUATE,0,0.05184,21526.6,6812.0,3.1601,0.045188,66.4
26125,MI,Pulmonary,Respiratory Disease,1,6667,17668.0,22,131405,131405.0,476383.2,5972.954545454545,5972.954545454545,21,0,100.0,42.67,3.6253,54.67,52.93,26.81,ADEQUATE,0,0.050736,17668.0,6667.0,2.6501,0.037088,63.65
26125,MI,Pulmonary,Respiratory Disease,1,6439,27870.7,22,131405,131405.0,476383.2,5972.954545454545,5972.954545454545,21,0,100.0,42.67,3.6253,54.67,52.93,26.81,ADEQUATE,0,0.049001,27870.7,6439.0,4.3284,0.058505,59.65
26125,MI,Pulmonary,Respiratory Disease,1,6211,24974.8,22,131405,131405.0,476383.2,5972.954545454545,5972.954545454545,21,0,100.0,42.67,3.6253,54.67,52.93,26.81,ADEQUATE,0,0.047266,24974.8,6211.0,4.0211,0.052426,55.2
26125,MI,Rheumatology,Arthritis,1,8368,30927.0,21,162401,162401.0,606841.0,7733.380952380952,7733.380952380952,26,5,80.77,73.33,3.7367,24.0,43.24,37.07,ADEQUATE,5,0.051527,30927.0,8368.0,3.6959,0.050964,85.25
26125,MI,Rheumatology,Arthritis,1,8644,27326.8,21,162401,162401.0,606841.0,7733.380952380952,7733.380952380952,26,5,80.77,73.33,3.7367,24.0,43.24,37.07,ADEQUATE,5,0.053226,27326.8,8644.0,3.1614,0.045031,87.55
26125,MI,Rheumatology,Arthritis,1,6644,22420.3,21,162401,162401.0,606841.0,7733.380952380952,7733.380952380952,26,5,80.77,73.33,3.7367,24.0,43.24,37.07,ADEQUATE,5,0.040911,22420.3,6644.0,3.3745,0.036946,63.18
26125,MI,Rheumatology,Arthritis,1,10345,49310.9,21,162401,162401.0,606841.0,7733.380952380952,7733.380952380952,26,5,80.77,73.33,3.7367,24.0,43.24,37.07,ADEQUATE,5,0.0637,49310.9,10345.0,4.7666,0.081258,95.6
26125,MI,Rheumatology,Arthritis,1,7092,27054.6,21,162401,162401.0,606841.0,7733.380952380952,7733.380952380952,26,5,80.77,73.33,3.7367,24.0,43.24,37.07,ADEQUATE,5,0.04367,27054.6,7092.0,3.8148,0.044583,71.1
26125,MI,Rheumatology,Arthritis,1,6310,29301.9,21,162401,162401.0,606841.0,7733.380952380952,7733.380952380952,26,5,80.77,73.33,3.7367,24.0,43.24,37.07,ADEQUATE,5,0.038854,29301.9,6310.0,4.6437,0.048286,57.38
26125,MI,Rheumatology,Arthritis,1,10476,37535.6,21,162401,162401.0,606841.0,7733.380952380952,7733.380952380952,26,5,80.77,73.33,3.7367,24.0,43.24,37.07,ADEQUATE,5,0.064507,37535.6,10476.0,3.583,0.061854,96.15
26125,MI,Rheumatology,Arthritis,1,5969,18591.8,21,162401,162401.0,606841.0,7733.380952380952,7733.380952380952,26,5,80.77,73.33,3.7367,24.0,43.24,37.07,ADEQUATE,5,0.036755,18591.8,5969.0,3.1147,0.030637,50.32
26125,MI,Rheumatology,Arthritis,1,9323,25007.4,21,162401,162401.0,606841.0,7733.380952380952,7733.380952380952,26,5,80.77,73.33,3.7367,24.0,43.24,37.07,ADEQUATE,5,0.057407,25007.4,9323.0,2.6823,0.041209,91.8
26125,MI,Rheumatology,Arthritis,1,8544,37099.2,21,162401,162401.0,606841.0,7733.380952380952,7733.380952380952,26,5,80.77,73.33,3.7367,24.0,43.24,37.07,ADEQUATE,5,0.052611,37099.2,8544.0,4.3421,0.061135,87.18
26125,MI,Rheumatology,Arthritis,1,5541,18414.0,21,162401,162401.0,606841.0,7733.380952380952,7733.380952380952,26,5,80.77,73.33,3.7367,24.0,43.24,37.07,ADEQUATE,5,0.034119,18414.0,5541.0,3.3232,0.030344,40.55
26125,MI,Rheumatology,Arthritis,1,9795,37756.1,21,162401,162401.0,606841.0,7733.380952380952,7733.380952380952,26,5,80.77,73.33,3.7367,24.0,43.24,37.07,ADEQUATE,5,0.060314,37756.1,9795.0,3.8546,0.062217,93.65
26125,MI,Rheumatology,Arthritis,1,6768,19545.9,21,162401,162401.0,606841.0,7733.380952380952,7733.380952380952,26,5,80.77,73.33,3.7367,24.0,43.24,37.07,ADEQUATE,5,0.041675,19545.9,6768.0,2.888,0.032209,65.5
26125,MI,Rheumatology,Arthritis,1,5295,25356.6,21,162401,162401.0,606841.0,7733.380952380952,7733.380952380952,26,5,80.77,73.33,3.7367,24.0,43.24,37.07,ADEQUATE,5,0.032604,25356.6,5295.0,4.7888,0.041785,34.05
26125,MI,Rheumatology,Arthritis,1,7229,23349.4,21,162401,162401.0,606841.0,7733.380952380952,7733.380952380952,26,5,80.77,73.33,3.7367,24.0,43.24,37.07,ADEQUATE,5,0.044513,23349.4,7229.0,3.23,0.038477,73.18
26125,MI,Rheumatology,Arthritis,1,7244,31303.9,21,162401,162401.0,606841.0,7733.380952380952,7733.380952380952,26,5,80.77,73.33,3.7367,24.0,43.24,37.07,ADEQUATE,5,0.044606,31303.9,7244.0,4.3214,0.051585,73.38
26125,MI,Rheumatology,Arthritis,1,7988,37646.5,21,162401,162401.0,606841.0,7733.380952380952,7733.380952380952,26,5,80.77,73.33,3.7367,24.0,43.24,37.07,ADEQUATE,5,0.049187,37646.5,7988.0,4.7129,0.062037,81.45
26125,MI,Rheumatology,Arthritis,1,6867,30085.6,21,162401,162401.0,606841.0,7733.380952380952,7733.380952380952,26,5,80.77,73.33,3.7367,24.0,43.24,37.07,ADEQUATE,5,0.042284,30085.6,6867.0,4.3812,0.049577,67.32
26125,MI,Rheumatology,Arthritis,1,10506,26200.1,21,162401,162401.0,606841.0,7733.380952380952,7733.380952380952,26,5,80.77,73.33,3.7367,24.0,43.24,37.07,ADEQUATE,5,0.064692,26200.1,10506.0,2.4938,0.043175,96.4
26125,MI,Rheumatology,Arthritis,1,8010,38385.2,21,162401,162401.0,606841.0,7733.380952380952,7733.380952380952,26,5,80.77,73.33,3.7367,24.0,43.24,37.07,ADEQUATE,5,0.049322,38385.2,8010.0,4.7922,0.063254,81.53
26125,MI,Rheumatology,Arthritis,1,5443,14222.2,21,162401,162401.0,606841.0,7733.380952380952,7733.380952380952,26,5,80.77,73.33,3.7367,24.0,43.24,37.07,ADEQUATE,5,0.033516,14222.2,5443.0,2.6129,0.023436,38.02
26163,MI,Cardiology,Heart Disease,1,3886,16797.4,33,167378,167378.0,590938.1,5072.060606060606,5072.060606060606,27,0,100.0,16.0,3.5306,65.33,33.71,18.86,ADEQUATE,0,0.023217,16797.4,3886.0,4.3225,0.028425,8.2
26163,MI,Cardiology,Heart Disease,1,5723,14946.8,33,167378,167378.0,590938.1,5072.060606060606,5072.060606060606,27,0,100.0,16.0,3.5306,65.33,33.71,18.86,ADEQUATE,0,0.034192,14946.8,5723.0,2.6117,0.025293,44.65
26163,MI,Cardiology,Heart Disease,1,6671,25594.7,33,167378,167378.0,590938.1,5072.060606060606,5072.060606060606,27,0,100.0,16.0,3.5306,65.33,33.71,18.86,ADEQUATE,0,0.039856,25594.7,6671.0,3.8367,0.043312,63.8
26163,MI,Cardiology,Heart Disease,1,6317,21255.9,33,167378,167378.0,590938.1,5072.060606060606,5072.060606060606,27,0,100.0,16.0,3.5306,65.33,33.71,18.86,ADEQUATE,0,0.037741,21255.9,6317.0,3.3649,0.03597,57.6
26163,MI,Cardiology,Heart Disease,1,3605,9773.3,33,167378,167378.0,590938.1,5072.060606060606,5072.060606060606,27,0,100.0,16.0,3.5306,65.33,33.71,18.86,ADEQUATE,0,0.021538,9773.3,3605.0,2.711,0.016539,4.75
26163,MI,Cardiology,Heart Disease,1,5841,19655.6,33,167378,167378.0,590938.1,5072.060606060606,5072.060606060606,27,0,100.0,16.0,3.5306,65.33,33.71,18.86,ADEQUATE,0,0.034897,19655.6,5841.0,3.3651,0.033262,47.4
26163,MI,Cardiology,Heart Disease,1,5927,16588.9,33,167378,167378.0,590938.1,5072.060606060606,5072.060606060606,27,0,100.0,16.0,3.5306,65.33,33.71,18.86,ADEQUATE,0,0.035411,16588.9,5927.0,2.7989,0.028072,49.55
26163,MI,Cardiology,Heart Disease,1,6795,26390.6,33,167378,167378.0,590938.1,5072.060606060606,5072.060606060606,27,0,100.0,16.0,3.5306,65.33,33.71,18.86,ADEQUATE,0,0.040597,26390.6,6795.0,3.8838,0.044659,66.07
26163,MI,Cardiology,Heart Disease,1,5675,27220.0,33,167378,167378.0,590938.1,5072.060606060606,5072.060606060606,27,0,100.0,16.0,3.5306,65.33,33.71,18.86,ADEQUATE,0,0.033905,27220.0,5675.0,4.7965,0.046062,43.32
26163,MI,Cardiology,Heart Disease,1,4137,19857.2,33,167378,167378.0,590938.1,5072.060606060606,5072.060606060606,27,0,100.0,16.0,3.5306,65.33,33.71,18.86,ADEQUATE,0,0.024717,19857.2,4137.0,4.7999,0.033603,12.12
26163,MI,Cardiology,Heart Disease,1,4133,10853.5,33,167378,167378.0,590938.1,5072.060606060606,5072.060606060606,27,0,100.0,16.0,3.5306,65.33,33.71,18.86,ADEQUATE,0,0.024693,10853.5,4133.0,2.6261,0.018367,12.0
26163,MI,Cardiology,Heart Disease,1,6758,18084.4,33,167378,167378.0,590938.1,5072.060606060606,5072.060606060606,27,0,100.0,16.0,3.5306,65.33,33.71,18.86,ADEQUATE,0,0.040376,18084.4,6758.0,2.676,0.030603,65.38
26163,MI,Cardiology,Heart Disease,1,5648,22042.9,33,167378,167378.0,590938.1,5072.060606060606,5072.060606060606,27,0,100.0,16.0,3.5306,65.33,33.71,18.86,ADEQUATE,0,0.033744,22042.9,5648.0,3.9028,0.037302,42.7
26163,MI,Cardiology,Heart Disease,1,3377,9175.1,33,167378,167378.0,590938.1,5072.060606060606,5072.060606060606,27,0,100.0,16.0,3.5306,65.33,33.71,18.86,ADEQUATE,0,0.020176,9175.1,3377.0,2.7169,0.015526,2.58
26163,MI,Cardiology,Heart Disease,1,5682,18769.1,33,167378,167378.0,590938.1,5072.060606060606,5072.060606060606,27,0,100.0,16.0,3.5306,65.33,33.71,18.86,ADEQUATE,0,0.033947,18769.1,5682.0,3.3033,0.031762,43.58
26163,MI,Cardiology,Heart Disease,1,5334,23639.8,33,167378,167378.0,590938.1,5072.060606060606,5072.060606060606,27,0,100.0,16.0,3.5306,65.33,33.71,18.86,ADEQUATE,0,0.031868,23639.8,5334.0,4.4319,0.040004,34.9
26163,MI,Cardiology,Heart Disease,1,5125,19163.4,33,167378,167378.0,590938.1,5072.060606060606,5072.060606060606,27,0,100.0,16.0,3.5306,65.33,33.71,18.86,ADEQUATE,0,0.030619,19163.4,5125.0,3.7392,0.032429,30.42
26163,MI,Cardiology,Heart Disease,1,4752,13251.7,33,167378,167378.0,590938.1,5072.060606060606,5072.060606060606,27,0,100.0,16.0,3.5306,65.33,33.71,18.86,ADEQUATE,0,0.028391,13251.7,4752.0,2.7887,0.022425,23.3
26163,MI,Cardiology,Heart Disease,1,5402,18691.7,33,167378,167378.0,590938.1,5072.060606060606,5072.060606060606,27,0,100.0,16.0,3.5306,65.33,33.71,18.86,ADEQUATE,0,0.032274,18691.7,5402.0,3.4601,0.031631,36.8
26163,MI,Cardiology,Heart Disease,1,5519,18351.5,33,167378,167378.0,590938.1,5072.060606060606,5072.060606060606,27,0,100.0,16.0,3.5306,65.33,33.71,18.86,ADEQUATE,0,0.032973,18351.5,5519.0,3.3251,0.031055,40.02
26163,MI,Cardiology,Heart Disease,1,3306,14644.6,33,167378,167378.0,590938.1,5072.060606060606,5072.060606060606,27,0,100.0,16.0,3.5306,65.33,33.71,18.86,ADEQUATE,0,0.019752,14644.6,3306.0,4.4297,0.024782,2.1
26163,MI,Cardiology,Heart Disease,1,6644,27045.1,33,167378,167378.0,590938.1,5072.060606060606,5072.060606060606,27,0,100.0,16.0,3.5306,65.33,33.71,18.86,ADEQUATE,0,0.039695,27045.1,6644.0,4.0706,0.045766,63.18
26163,MI,Cardiology,Heart Disease,1,6781,24125.8,33,167378,167378.0,590938.1,5072.060606060606,5072.060606060606,27,0,100.0,16.0,3.5306,65.33,33.71,18.86,ADEQUATE,0,0.040513,24125.8,6781.0,3.5579,0.040826,65.85
26163,MI,Cardiology,Heart Disease,1,3315,13881.5,33,167378,167378.0,590938.1,5072.060606060606,5072.060606060606,27,0,100.0,16.0,3.5306,65.33,33.71,18.86,ADEQUATE,0,0.019805,13881.5,3315.0,4.1875,0.023491,2.2
26163,MI,Cardiology,Heart Disease,1,4984,14861.0,33,167378,167378.0,590938.1,5072.060606060606,5072.060606060606,27,0,100.0,16.0,3.5306,65.33,33.71,18.86,ADEQUATE,0,0.029777,14861.0,4984.0,2.9817,0.025148,27.95
26163,MI,Cardiology,Heart Disease,1,4651,20274.5,33,167378,167378.0,590938.1,5072.060606060606,5072.060606060606,27,0,100.0,16.0,3.5306,65.33,33.71,18.86,ADEQUATE,0,0.027787,20274.5,4651.0,4.3592,0.034309,21.3
26163,MI,Cardiology,Heart Disease,1,5001,14188.9,33,167378,167378.0,590938.1,5072.060606060606,5072.060606060606,27,0,100.0,16.0,3.5306,65.33,33.71,18.86,ADEQUATE,0,0.029878,14188.9,5001.0,2.8372,0.024011,28.15
26163,MI,Cardiology,Heart Disease,1,4929,19700.8,33,167378,167378.0,590938.1,5072.060606060606,5072.060606060606,27,0,100.0,16.0,3.5306,65.33,33.71,18.86,ADEQUATE,0,0.029448,19700.8,4929.0,3.9969,0.033338,26.65
26163,MI,Cardiology,Heart Disease,1,5186,20871.9,33,167378,167378.0,590938.1,5072.060606060606,5072.060606060606,27,0,100.0,16.0,3.5306,65.33,33.71,18.86,ADEQUATE,0,0.030984,20871.9,5186.0,4.0247,0.03532,31.67
26163,MI,Cardiology,Heart Disease,1,4420,14662.7,33,167378,167378.0,590938.1,5072.060606060606,5072.060606060606,27,0,100.0,16.0,3.5306,65.33,33.71,18.86,ADEQUATE,0,0.026407,14662.7,4420.0,3.3174,0.024813,16.85
26163,MI,Cardiology,Heart Disease,1,3825,13415.9,33,167378,167378.0,590938.1,5072.060606060606,5072.060606060606,27,0,100.0,16.0,3.5306,65.33,33.71,18.86,ADEQUATE,0,0.022852,13415.9,3825.0,3.5074,0.022703,7.6
26163,MI,Cardiology,Heart Disease,1,3563,10143.0,33,167378,167378.0,590938.1,5072.060606060606,5072.060606060606,27,0,100.0,16.0,3.5306,65.33,33.71,18.86,ADEQUATE,0,0.021287,10143.0,3563.0,2.8468,0.017164,4.1
26163,MI,Cardiology,Heart Disease,1,4466,13018.9,33,167378,167378.0,590938.1,5072.060606060606,5072.060606060606,27,0,100.0,16.0,3.5306,65.33,33.71,18.86,ADEQUATE,0,0.026682,13018.9,4466.0,2.9151,0.022031,17.95
26163,MI,Endocrinology,Diabetes,1,8168,27377.7,32,209393,209393.0,762490.7,6543.53125,6543.53125,33,1,96.97,54.67,3.6414,56.0,34.69,28.63,ADEQUATE,1,0.039008,27377.7,8168.0,3.3518,0.035906,83.5
26163,MI,Endocrinology,Diabetes,1,6314,25998.5,32,209393,209393.0,762490.7,6543.53125,6543.53125,33,1,96.97,54.67,3.6414,56.0,34.69,28.63,ADEQUATE,1,0.030154,25998.5,6314.0,4.1176,0.034097,57.55
26163,MI,Endocrinology,Diabetes,1,5371,15744.5,32,209393,209393.0,762490.7,6543.53125,6543.53125,33,1,96.97,54.67,3.6414,56.0,34.69,28.63,ADEQUATE,1,0.02565,15744.5,5371.0,2.9314,0.020649,36.18
26163,MI,Endocrinology,Diabetes,1,7659,23652.8,32,209393,209393.0,762490.7,6543.53125,6543.53125,33,1,96.97,54.67,3.6414,56.0,34.69,28.63,ADEQUATE,1,0.036577,23652.8,7659.0,3.0882,0.03102,78.8
26163,MI,Endocrinology,Diabetes,1,8209,31917.5,32,209393,209393.0,762490.7,6543.53125,6543.53125,33,1,96.97,54.67,3.6414,56.0,34.69,28.63,ADEQUATE,1,0.039204,31917.5,8209.0,3.8881,0.04186,83.9
26163,MI,Endocrinology,Diabetes,1,7970,23473.6,32,209393,209393.0,762490.7,6543.53125,6543.53125,33,1,96.97,54.67,3.6414,56.0,34.69,28.63,ADEQUATE,1,0.038062,23473.6,7970.0,2.9452,0.030785,81.35
26163,MI,Endocrinology,Diabetes,1,8214,34809.3,32,209393,209393.0,762490.7,6543.53125,6543.53125,33,1,96.97,54.67,3.6414,56.0,34.69,28.63,ADEQUATE,1,0.039228,34809.3,8214.0,4.2378,0.045652,84.0
26163,MI,Endocrinology,Diabetes,1,6421,18139.2,32,209393,209393.0,762490.7,6543.53125,6543.53125,33,1,96.97,54.67,3.6414,56.0,34.69,28.63,ADEQUATE,1,0.030665,18139.2,6421.0,2.825,0.023789,59.1
26163,MI,Endocrinology,Diabetes,1,4333,13643.4,32,209393,209393.0,762490.7,6543.53125,6543.53125,33,1,96.97,54.67,3.6414,56.0,34.69,28.63,ADEQUATE,1,0.020693,13643.4,4333.0,3.1487,0.017893,15.4
26163,MI,Endocrinology,Diabetes,1,5630,21852.9,32,209393,209393.0,762490.7,6543.53125,6543.53125,33,1,96.97,54.67,3.6414,56.0,34.69,28.63,ADEQUATE,1,0.026887,21852.9,5630.0,3.8815,0.02866,42.35
26163,MI,Endocrinology,Diabetes,1,7932,24902.7,32,209393,209393.0,762490.7,6543.53125,6543.53125,33,1,96.97,54.67,3.6414,56.0,34.69,28.63,ADEQUATE,1,0.037881,24902.7,7932.0,3.1395,0.03266,81.15
26163,MI,Endocrinology,Diabetes,1,6074,22118.8,32,209393,209393.0,762490.7,6543.53125,6543.53125,33,1,96.97,54.67,3.6414,56.0,34.69,28.63,ADEQUATE,1,0.029008,22118.8,6074.0,3.6416,0.029009,52.2
26163,MI,Endocrinology,Diabetes,1,6101,14748.1,32,209393,209393.0,762490.7,6543.53125,6543.53125,33,1,96.97,54.67,3.6414,56.0,34.69,28.63,ADEQUATE,1,0.029137,14748.1,6101.0,2.4173,0.019342,52.92
26163,MI,Endocrinology,Diabetes,1,6177,28606.8,32,209393,209393.0,762490.7,6543.53125,6543.53125,33,1,96.97,54.67,3.6414,56.0,34.69,28.63,ADEQUATE,1,0.0295,28606.8,6177.0,4.6312,0.037518,54.47
26163,MI,Endocrinology,Diabetes,1,5141,13542.0,32,209393,209393.0,762490.7,6543.53125,6543.53125,33,1,96.97,54.67,3.6414,56.0,34.69,28.63,ADEQUATE,1,0.024552,13542.0,5141.0,2.6341,0.01776,30.75
26163,MI,Endocrinology,Diabetes,1,6984,32286.2,32,209393,209393.0,762490.7,6543.53125,6543.53125,33,1,96.97,54.67,3.6414,56.0,34.69,28.63,ADEQUATE,1,0.033354,32286.2,6984.0,4.6229,0.042343,69.2
26163,MI,Endocrinology,Diabetes,1,8474,30478.8,32,209393,209393.0,762490.7,6543.53125,6543.53125,33,1,96.97,54.67,3.6414,56.0,34.69,28.63,ADEQUATE,1,0.040469,30478.8,8474.0,3.5967,0.039973,86.4
26163,MI,Endocrinology,Diabetes,1,7094,33735.0,32,209393,209393.0,762490.7,6543.53125,6543.53125,33,1,96.97,54.67,3.6414,56.0,34.69,28.63,ADEQUATE,1,0.033879,33735.0,7094.0,4.7554,0.044243,71.15
26163,MI,Endocrinology,Diabetes,1,5710,21281.7,32,209393,209393.0,762490.7,6543.53125,6543.53125,33,1,96.97,54.67,3.6414,56.0,34.69,28.63,ADEQUATE,1,0.027269,21281.7,5710.0,3.7271,0.027911,44.38
26163,MI,Endocrinology,Diabetes,1,6360,19837.1,32,209393,209393.0,762490.7,6543.53125,6543.53125,33,1,96.97,54.67,3.6414,56.0,34.69,28.63,ADEQUATE,1,0.030374,19837.1,6360.0,3.119,0.026016,58.28
26163,MI,Endocrinology,Diabetes,1,8085,28704.2,32,209393,209393.0,762490.7,6543.53125,6543.53125,33,1,96.97,54.67,3.6414,56.0,34.69,28.63,ADEQUATE,1,0.038612,28704.2,8085.0,3.5503,0.037645,82.6
26163,MI,Endocrinology,Diabetes,1,4865,15611.8,32,209393,209393.0,762490.7,6543.53125,6543.53125,33,1,96.97,54.67,3.6414,56.0,34.69,28.63,ADEQUATE,1,0.023234,15611.8,4865.0,3.209,0.020475,25.72
26163,MI,Endocrinology,Diabetes,1,7591,34791.7,32,209393,209393.0,762490.7,6543.53125,6543.53125,33,1,96.97,54.67,3.6414,56.0,34.69,28.63,ADEQUATE,1,0.036252,34791.7,7591.0,4.5833,0.045629,78.45
26163,MI,Endocrinology,Diabetes,1,4806,17026.3,32,209393,209393.0,762490.7,6543.53125,6543.53125,33,1,96.97,54.67,3.6414,56.0,34.69,28.63,ADEQUATE,1,0.022952,17026.3,4806.0,3.5427,0.02233,24.6
26163,MI,Endocrinology,Diabetes,1,4143,19527.0,32,209393,209393.0,762490.7,6543.53125,6543.53125,33,1,96.97,54.67,3.6414,56.0,34.69,28.63,ADEQUATE,1,0.019786,19527.0,4143.0,4.7133,0.025609,12.38
26163,MI,Endocrinology,Diabetes,1,4766,21455.2,32,209393,209393.0,762490.7,6543.53125,6543.53125,33,1,96.97,54.67,3.6414,56.0,34.69,28.63,ADEQUATE,1,0.022761,21455.2,4766.0,4.5017,0.028138,23.55
26163,MI,Endocrinology,Diabetes,1,6491,23558.1,32,209393,209393.0,762490.7,6543.53125,6543.53125,33,1,96.97,54.67,3.6414,56.0,34.69,28.63,ADEQUATE,1,0.030999,23558.1,6491.0,3.6293,0.030896,60.75
26163,MI,Endocrinology,Diabetes,1,5202,15559.7,32,209393,209393.0,762490.7,6543.53125,6543.53125,33,1,96.97,54.67,3.6414,56.0,34.69,28.63,ADEQUATE,1,0.024843,15559.7,5202.0,2.9911,0.020406,32.28
26163,MI,Endocrinology,Diabetes,1,8384,37041.8,32,209393,209393.0,762490.7,6543.53125,6543.53125,33,1,96.97,54.67,3.6414,56.0,34.69,28.63,ADEQUATE,1,0.04004,37041.8,8384.0,4.4182,0.04858,85.45
26163,MI,Endocrinology,Diabetes,1,7327,30391.3,32,209393,209393.0,762490.7,6543.53125,6543.53125,33,1,96.97,54.67,3.6414,56.0,34.69,28.63,ADEQUATE,1,0.034992,30391.3,7327.0,4.1479,0.039858,74.52
26163,MI,Endocrinology,Diabetes,1,8286,21662.6,32,209393,209393.0,762490.7,6543.53125,6543.53125,33,1,96.97,54.67,3.6414,56.0,34.69,28.63,ADEQUATE,1,0.039572,21662.6,8286.0,2.6144,0.02841,84.58
26163,MI,Endocrinology,Diabetes,1,5111,19014.4,32,209393,209393.0,762490.7,6543.53125,6543.53125,33,1,96.97,54.67,3.6414,56.0,34.69,28.63,ADEQUATE,1,0.024409,19014.4,5111.0,3.7203,0.024937,29.9
26163,MI,Psychiatry,Mental Health Disorders,1,7388,24512.3,27,263321,263321.0,1016332.6,9752.62962962963,9752.62962962963,42,15,64.29,94.67,3.8597,21.33,32.81,47.86,LOW GAP,15,0.028057,24512.3,7388.0,3.3179,0.024118,75.6
26163,MI,Psychiatry,Mental Health Disorders,1,7281,26396.8,27,263321,263321.0,1016332.6,9752.62962962963,9752.62962962963,42,15,64.29,94.67,3.8597,21.33,32.81,47.86,LOW GAP,15,0.027651,26396.8,7281.0,3.6254,0.025973,73.9
26163,MI,Psychiatry,Mental Health Disorders,1,9072,38925.5,27,263321,263321.0,1016332.6,9752.62962962963,9752.62962962963,42,15,64.29,94.67,3.8597,21.33,32.81,47.86,LOW GAP,15,0.034452,38925.5,9072.0,4.2907,0.0383,91.0
26163,MI,Psychiatry,Mental Health Disorders,1,8727,39159.0,27,263321,263321.0,1016332.6,9752.62962962963,9752.62962962963,42,15,64.29,94.67,3.8597,21.33,32.81,47.86,LOW GAP,15,0.033142,39159.0,8727.0,4.4871,0.03853,88.35
26163,MI,Psychiatry,Mental Health Disorders,1,12353,53336.2,27,263321,263321.0,1016332.6,9752.62962962963,9752.62962962963,42,15,64.29,94.67,3.8597,21.33,32.81,47.86,LOW GAP,15,0.046912,53336.2,12353.0,4.3177,0.052479,99.5
26163,MI,Psychiatry,Mental Health Disorders,1,7965,27149.7,27,263321,263321.0,1016332.6,9752.62962962963,9752.62962962963,42,15,64.29,94.67,3.8597,21.33,32.81,47.86,LOW GAP,15,0.030248,27149.7,7965.0,3.4086,0.026713,81.25
26163,MI,Psychiatry,Mental Health Disorders,1,11392,30682.0,27,263321,263321.0,1016332.6,9752.62962962963,9752.62962962963,42,15,64.29,94.67,3.8597,21.33,32.81,47.86,LOW GAP,15,0.043263,30682.0,11392.0,2.6933,0.030189,98.4
26163,MI,Psychiatry,Mental Health Disorders,1,6888,27449.7,27,263321,263321.0,1016332.6,9752.62962962963,9752.62962962963,42,15,64.29,94.67,3.8597,21.33,32.81,47.86,LOW GAP,15,0.026158,27449.7,6888.0,3.9851,0.027009,67.65
26163,MI,Psychiatry,Mental Health Disorders,1,8304,34334.2,27,263321,263321.0,1016332.6,9752.62962962963,9752.62962962963,42,15,64.29,94.67,3.8597,21.33,32.81,47.86,LOW GAP,15,0.031536,34334.2,8304.0,4.1347,0.033782,84.85
26163,MI,Psychiatry,Mental Health Disorders,1,8834,35419.9,27,263321,263321.0,1016332.6,9752.62962962963,9752.62962962963,42,15,64.29,94.67,3.8597,21.33,32.81,47.86,LOW GAP,15,0.033548,35419.9,8834.0,4.0095,0.034851,89.3
26163,MI,Psychiatry,Mental Health Disorders,1,10985,52597.0,27,263321,263321.0,1016332.6,9752.62962962963,9752.62962962963,42,15,64.29,94.67,3.8597,21.33,32.81,47.86,LOW GAP,15,0.041717,52597.0,10985.0,4.7881,0.051752,97.7
26163,MI,Psychiatry,Mental Health Disorders,1,12469,50692.9,27,263321,263321.0,1016332.6,9752.62962962963,9752.62962962963,42,15,64.29,94.67,3.8597,21.33,32.81,47.86,LOW GAP,15,0.047353,50692.9,12469.0,4.0655,0.049878,99.55
26163,MI,Psychiatry,Mental Health Disorders,1,8113,23910.6,27,263321,263321.0,1016332.6,9752.62962962963,9752.62962962963,42,15,64.29,94.67,3.8597,21.33,32.81,47.86,LOW GAP,15,0.03081,23910.6,8113.0,2.9472,0.023526,82.9
26163,MI,Psychiatry,Mental Health Disorders,1,10233,47834.3,27,263321,263321.0,1016332.6,9752.62962962963,9752.62962962963,42,15,64.29,94.67,3.8597,21.33,32.81,47.86,LOW GAP,15,0.038861,47834.3,10233.0,4.6745,0.047066,95.15
26163,MI,Psychiatry,Mental Health Disorders,1,11086,50566.8,27,263321,263321.0,1016332.6,9752.62962962963,9752.62962962963,42,15,64.29,94.67,3.8597,21.33,32.81,47.86,LOW GAP,15,0.042101,50566.8,11086.0,4.5613,0.049754,97.95
26163,MI,Psychiatry,Mental Health Disorders,1,8418,32056.9,27,263321,263321.0,1016332.6,9752.62962962963,9752.62962962963,42,15,64.29,94.67,3.8597,21.33,32.81,47.86,LOW GAP,15,0.031969,32056.9,8418.0,3.8081,0.031542,85.78
26163,MI,Psychiatry,Mental Health Disorders,1,10250,43685.9,27,263321,263321.0,1016332.6,9752.62962962963,9752.62962962963,42,15,64.29,94.67,3.8597,21.33,32.81,47.86,LOW GAP,15,0.038926,43685.9,10250.0,4.262,0.042984,95.2
26163,MI,Psychiatry,Mental Health Disorders,1,8977,42378.8,27,263321,263321.0,1016332.6,9752.62962962963,9752.62962962963,42,15,64.29,94.67,3.8597,21.33,32.81,47.86,LOW GAP,15,0.034091,42378.8,8977.0,4.7208,0.041698,90.3
26163,MI,Psychiatry,Mental Health Disorders,1,10256,40342.9,27,263321,263321.0,1016332.6,9752.62962962963,9752.62962962963,42,15,64.29,94.67,3.8597,21.33,32.81,47.86,LOW GAP,15,0.038949,40342.9,10256.0,3.9336,0.039695,95.25
26163,MI,Psychiatry,Mental Health Disorders,1,9035,35560.1,27,263321,263321.0,1016332.6,9752.62962962963,9752.62962962963,42,15,64.29,94.67,3.8597,21.33,32.81,47.86,LOW GAP,15,0.034312,35560.1,9035.0,3.9358,0.034989,90.75
26163,MI,Psychiatry,Mental Health Disorders,1,7170,25665.2,27,263321,263321.0,1016332.6,9752.62962962963,9752.62962962963,42,15,64.29,94.67,3.8597,21.33,32.81,47.86,LOW GAP,15,0.027229,25665.2,7170.0,3.5795,0.025253,72.2
26163,MI,Psychiatry,Mental Health Disorders,1,12014,39585.6,27,263321,263321.0,1016332.6,9752.62962962963,9752.62962962963,42,15,64.29,94.67,3.8597,21.33,32.81,47.86,LOW GAP,15,0.045625,39585.6,12014.0,3.295,0.038949,99.3
26163,MI,Psychiatry,Mental Health Disorders,1,10437,40363.3,27,263321,263321.0,1016332.6,9752.62962962963,9752.62962962963,42,15,64.29,94.67,3.8597,21.33,32.81,47.86,LOW GAP,15,0.039636,40363.3,10437.0,3.8673,0.039715,95.95
26163,MI,Psychiatry,Mental Health Disorders,1,11535,37697.3,27,263321,263321.0,1016332.6,9752.62962962963,9752.62962962963,42,15,64.29,94.67,3.8597,21.33,32.81,47.86,LOW GAP,15,0.043806,37697.3,11535.0,3.2681,0.037091,98.85
26163,MI,Psychiatry,Mental Health Disorders,1,11408,53861.8,27,263321,263321.0,1016332.6,9752.62962962963,9752.62962962963,42,15,64.29,94.67,3.8597,21.33,32.81,47.86,LOW GAP,15,0.043324,53861.8,11408.0,4.7214,0.052996,98.5
26163,MI,Psychiatry,Mental Health Disorders,1,11281,29270.4,27,263321,263321.0,1016332.6,9752.62962962963,9752.62962962963,42,15,64.29,94.67,3.8597,21.33,32.81,47.86,LOW GAP,15,0.042841,29270.4,11281.0,2.5947,0.0288,98.15
26163,MI,Psychiatry,Mental Health Disorders,1,11450,32897.5,27,263321,263321.0,1016332.6,9752.62962962963,9752.62962962963,42,15,64.29,94.67,3.8597,21.33,32.81,47.86,LOW GAP,15,0.043483,32897.5,11450.0,2.8731,0.032369,98.55
26163,MI,Pulmonary,Respiratory Disease,1,7985,30117.7,31,190938,190938.0,684411.1,6159.290322580645,6159.290322580645,30,0,100.0,46.67,3.5845,36.0,50.49,24.64,ADEQUATE,0,0.04182,30117.7,7985.0,3.7718,0.044005,81.4
26163,MI,Pulmonary,Respiratory Disease,1,4066,15436.2,31,190938,190938.0,684411.1,6159.290322580645,6159.290322580645,30,0,100.0,46.67,3.5845,36.0,50.49,24.64,ADEQUATE,0,0.021295,15436.2,4066.0,3.7964,0.022554,10.85
26163,MI,Pulmonary,Respiratory Disease,1,7887,24122.3,31,190938,190938.0,684411.1,6159.290322580645,6159.290322580645,30,0,100.0,46.67,3.5845,36.0,50.49,24.64,ADEQUATE,0,0.041307,24122.3,7887.0,3.0585,0.035245,80.6
26163,MI,Pulmonary,Respiratory Disease,1,4019,18503.7,31,190938,190938.0,684411.1,6159.290322580645,6159.290322580645,30,0,100.0,46.67,3.5845,36.0,50.49,24.64,ADEQUATE,0,0.021049,18503.7,4019.0,4.6041,0.027036,10.05
26163,MI,Pulmonary,Respiratory Disease,1,6731,31267.0,31,190938,190938.0,684411.1,6159.290322580645,6159.290322580645,30,0,100.0,46.67,3.5845,36.0,50.49,24.64,ADEQUATE,0,0.035252,31267.0,6731.0,4.6452,0.045685,65.05
26163,MI,Pulmonary,Respiratory Disease,1,6771,27431.3,31,190938,190938.0,684411.1,6159.290322580645,6159.290322580645,30,0,100.0,46.67,3.5845,36.0,50.49,24.64,ADEQUATE,0,0.035462,27431.3,6771.0,4.0513,0.04008,65.62
26163,MI,Pulmonary,Respiratory Disease,1,4980,22589.7,31,190938,190938.0,684411.1,6159.290322580645,6159.290322580645,30,0,100.0,46.67,3.5845,36.0,50.49,24.64,ADEQUATE,0,0.026082,22589.7,4980.0,4.5361,0.033006,27.75
26163,MI,Pulmonary,Respiratory Disease,1,4994,23238.9,31,190938,190938.0,684411.1,6159.290322580645,6159.290322580645,30,0,100.0,46.67,3.5845,36.0,50.49,24.64,ADEQUATE,0,0.026155,23238.9,4994.0,4.6534,0.033955,28.1
26163,MI,Pulmonary,Respiratory Disease,1,4744,14761.9,31,190938,190938.0,684411.1,6159.290322580645,6159.290322580645,30,0,100.0,46.67,3.5845,36.0,50.49,24.64,ADEQUATE,0,0.024846,14761.9,4744.0,3.1117,0.021569,23.15
26163,MI,Pulmonary,Respiratory Disease,1,6360,20886.5,31,190938,190938.0,684411.1,6159.290322580645,6159.290322580645,30,0,100.0,46.67,3.5845,36.0,50.49,24.64,ADEQUATE,0,0.033309,20886.5,6360.0,3.284,0.030517,58.28
26163,MI,Pulmonary,Respiratory Disease,1,5083,13140.9,31,190938,190938.0,684411.1,6159.290322580645,6159.290322580645,30,0,100.0,46.67,3.5845,36.0,50.49,24.64,ADEQUATE,0,0.026621,13140.9,5083.0,2.5853,0.0192,29.45
26163,MI,Pulmonary,Respiratory Disease,1,4945,16466.4,31,190938,190938.0,684411.1,6159.290322580645,6159.290322580645,30,0,100.0,46.67,3.5845,36.0,50.49,24.64,ADEQUATE,0,0.025898,16466.4,4945.0,3.3299,0.024059,26.88
26163,MI,Pulmonary,Respiratory Disease,1,7452,24543.1,31,190938,190938.0,684411.1,6159.290322580645,6159.290322580645,30,0,100.0,46.67,3.5845,36.0,50.49,24.64,ADEQUATE,0,0.039028,24543.1,7452.0,3.2935,0.03586,76.65
26163,MI,Pulmonary,Respiratory Disease,1,6967,20457.5,31,190938,190938.0,684411.1,6159.290322580645,6159.290322580645,30,0,100.0,46.67,3.5845,36.0,50.49,24.64,ADEQUATE,0,0.036488,20457.5,6967.0,2.9363,0.029891,68.73
26163,MI,Pulmonary,Respiratory Disease,1,5291,13415.0,31,190938,190938.0,684411.1,6159.290322580645,6159.290322580645,30,0,100.0,46.67,3.5845,36.0,50.49,24.64,ADEQUATE,0,0.027711,13415.0,5291.0,2.5354,0.019601,33.9
26163,MI,Pulmonary,Respiratory Disease,1,6696,27550.9,31,190938,190938.0,684411.1,6159.290322580645,6159.290322580645,30,0,100.0,46.67,3.5845,36.0,50.49,24.64,ADEQUATE,0,0.035069,27550.9,6696.0,4.1145,0.040255,64.5
26163,MI,Pulmonary,Respiratory Disease,1,7203,30506.0,31,190938,190938.0,684411.1,6159.290322580645,6159.290322580645,30,0,100.0,46.67,3.5845,36.0,50.49,24.64,ADEQUATE,0,0.037724,30506.0,7203.0,4.2352,0.044573,72.55
26163,MI,Pulmonary,Respiratory Disease,1,6446,16609.0,31,190938,190938.0,684411.1,6159.290322580645,6159.290322580645,30,0,100.0,46.67,3.5845,36.0,50.49,24.64,ADEQUATE,0,0.03376,16609.0,6446.0,2.5766,0.024268,59.8
26163,MI,Pulmonary,Respiratory Disease,1,7135,29668.2,31,190938,190938.0,684411.1,6159.290322580645,6159.290322580645,30,0,100.0,46.67,3.5845,36.0,50.49,24.64,ADEQUATE,0,0.037368,29668.2,7135.0,4.1581,0.043349,71.82
26163,MI,Pulmonary,Respiratory Disease,1,7859,27163.3,31,190938,190938.0,684411.1,6159.290322580645,6159.290322580645,30,0,100.0,46.67,3.5845,36.0,50.49,24.64,ADEQUATE,0,0.04116,27163.3,7859.0,3.4563,0.039689,80.38
26163,MI,Pulmonary,Respiratory Disease,1,7710,23564.4,31,190938,190938.0,684411.1,6159.290322580645,6159.290322580645,30,0,100.0,46.67,3.5845,36.0,50.49,24.64,ADEQUATE,0,0.04038,23564.4,7710.0,3.0563,0.03443,79.18
26163,MI,Pulmonary,Respiratory Disease,1,7440,24141.4,31,190938,190938.0,684411.1,6159.290322580645,6159.290322580645,30,0,100.0,46.67,3.5845,36.0,50.49,24.64,ADEQUATE,0,0.038966,24141.4,7440.0,3.2448,0.035273,76.4
26163,MI,Pulmonary,Respiratory Disease,1,5567,20703.1,31,190938,190938.0,684411.1,6159.290322580645,6159.290322580645,30,0,100.0,46.67,3.5845,36.0,50.49,24.64,ADEQUATE,0,0.029156,20703.1,5567.0,3.7189,0.03025,40.9
26163,MI,Pulmonary,Respiratory Disease,1,6275,27702.7,31,190938,190938.0,684411.1,6159.290322580645,6159.290322580645,30,0,100.0,46.67,3.5845,36.0,50.49,24.64,ADEQUATE,0,0.032864,27702.7,6275.0,4.4148,0.040477,56.65
26163,MI,Pulmonary,Respiratory Disease,1,6873,18303.6,31,190938,190938.0,684411.1,6159.290322580645,6159.290322580645,30,0,100.0,46.67,3.5845,36.0,50.49,24.64,ADEQUATE,0,0.035996,18303.6,6873.0,2.6631,0.026744,67.45
26163,MI,Pulmonary,Respiratory Disease,1,7040,33202.6,31,190938,190938.0,684411.1,6159.290322580645,6159.290322580645,30,0,100.0,46.67,3.5845,36.0,50.49,24.64,ADEQUATE,0,0.036871,33202.6,7040.0,4.7163,0.048513,70.15
26163,MI,Pulmonary,Respiratory Disease,1,4587,12033.0,31,190938,190938.0,684411.1,6159.290322580645,6159.290322580645,30,0,100.0,46.67,3.5845,36.0,50.49,24.64,ADEQUATE,0,0.024024,12033.0,4587.0,2.6233,0.017582,20.25
26163,MI,Pulmonary,Respiratory Disease,1,7221,28261.6,31,190938,190938.0,684411.1,6159.290322580645,6159.290322580645,30,0,100.0,46.67,3.5845,36.0,50.49,24.64,ADEQUATE,0,0.037819,28261.6,7221.0,3.9138,0.041293,73.0
26163,MI,Pulmonary,Respiratory Disease,1,4189,15422.2,31,190938,190938.0,684411.1,6159.290322580645,6159.290322580645,30,0,100.0,46.67,3.5845,36.0,50.49,24.64,ADEQUATE,0,0.021939,15422.2,4189.0,3.6816,0.022534,13.25
26163,MI,Pulmonary,Respiratory Disease,1,6530,17442.3,31,190938,190938.0,684411.1,6159.290322580645,6159.290322580645,30,0,100.0,46.67,3.5845,36.0,50.49,24.64,ADEQUATE,0,0.0342,17442.3,6530.0,2.6711,0.025485,61.4
26163,MI,Pulmonary,Respiratory Disease,1,3892,15758.7,31,190938,190938.0,684411.1,6159.290322580645,6159.290322580645,30,0,100.0,46.67,3.5845,36.0,50.49,24.64,ADEQUATE,0,0.020384,15758.7,3892.0,4.049,0.023025,8.25
26163,MI,Rheumatology,Arthritis,1,7736,23290.7,29,239754,239754.0,806576.0,8267.379310344828,8267.379310344828,38,9,76.32,81.33,3.3642,88.0,43.84,50.76,LOW GAP,9,0.032266,23290.7,7736.0,3.0107,0.028876,79.35
26163,MI,Rheumatology,Arthritis,1,6416,22296.5,29,239754,239754.0,806576.0,8267.379310344828,8267.379310344828,38,9,76.32,81.33,3.3642,88.0,43.84,50.76,LOW GAP,9,0.026761,22296.5,6416.0,3.4751,0.027643,58.95
26163,MI,Rheumatology,Arthritis,1,8658,27567.3,29,239754,239754.0,806576.0,8267.379310344828,8267.379310344828,38,9,76.32,81.33,3.3642,88.0,43.84,50.76,LOW GAP,9,0.036112,27567.3,8658.0,3.184,0.034178,87.7
26163,MI,Rheumatology,Arthritis,1,8409,22738.6,29,239754,239754.0,806576.0,8267.379310344828,8267.379310344828,38,9,76.32,81.33,3.3642,88.0,43.84,50.76,LOW GAP,9,0.035073,22738.6,8409.0,2.7041,0.028192,85.65
26163,MI,Rheumatology,Arthritis,1,9455,35784.2,29,239754,239754.0,806576.0,8267.379310344828,8267.379310344828,38,9,76.32,81.33,3.3642,88.0,43.84,50.76,LOW GAP,9,0.039436,35784.2,9455.0,3.7847,0.044366,92.45
26163,MI,Rheumatology,Arthritis,1,9015,29259.9,29,239754,239754.0,806576.0,8267.379310344828,8267.379310344828,38,9,76.32,81.33,3.3642,88.0,43.84,50.76,LOW GAP,9,0.037601,29259.9,9015.0,3.2457,0.036277,90.45
26163,MI,Rheumatology,Arthritis,1,9792,37710.3,29,239754,239754.0,806576.0,8267.379310344828,8267.379310344828,38,9,76.32,81.33,3.3642,88.0,43.84,50.76,LOW GAP,9,0.040842,37710.3,9792.0,3.8511,0.046754,93.6
26163,MI,Rheumatology,Arthritis,1,6193,28823.4,29,239754,239754.0,806576.0,8267.379310344828,8267.379310344828,38,9,76.32,81.33,3.3642,88.0,43.84,50.76,LOW GAP,9,0.025831,28823.4,6193.0,4.6542,0.035736,54.82
26163,MI,Rheumatology,Arthritis,1,9404,38120.2,29,239754,239754.0,806576.0,8267.379310344828,8267.379310344828,38,9,76.32,81.33,3.3642,88.0,43.84,50.76,LOW GAP,9,0.039224,38120.2,9404.0,4.0536,0.047262,92.15
26163,MI,Rheumatology,Arthritis,1,10194,35149.0,29,239754,239754.0,806576.0,8267.379310344828,8267.379310344828,38,9,76.32,81.33,3.3642,88.0,43.84,50.76,LOW GAP,9,0.042519,35149.0,10194.0,3.448,0.043578,94.95
26163,MI,Rheumatology,Arthritis,1,7509,28400.9,29,239754,239754.0,806576.0,8267.379310344828,8267.379310344828,38,9,76.32,81.33,3.3642,88.0,43.84,50.76,LOW GAP,9,0.03132,28400.9,7509.0,3.7822,0.035212,77.65
26163,MI,Rheumatology,Arthritis,1,8336,30086.2,29,239754,239754.0,806576.0,8267.379310344828,8267.379310344828,38,9,76.32,81.33,3.3642,88.0,43.84,50.76,LOW GAP,9,0.034769,30086.2,8336.0,3.6092,0.037301,85.1
26163,MI,Rheumatology,Arthritis,1,8100,21496.0,29,239754,239754.0,806576.0,8267.379310344828,8267.379310344828,38,9,76.32,81.33,3.3642,88.0,43.84,50.76,LOW GAP,9,0.033785,21496.0,8100.0,2.6538,0.026651,82.8
26163,MI,Rheumatology,Arthritis,1,8972,28250.2,29,239754,239754.0,806576.0,8267.379310344828,8267.379310344828,38,9,76.32,81.33,3.3642,88.0,43.84,50.76,LOW GAP,9,0.037422,28250.2,8972.0,3.1487,0.035025,90.2
26163,MI,Rheumatology,Arthritis,1,6714,28152.1,29,239754,239754.0,806576.0,8267.379310344828,8267.379310344828,38,9,76.32,81.33,3.3642,88.0,43.84,50.76,LOW GAP,9,0.028004,28152.1,6714.0,4.193,0.034903,64.85
26163,MI,Rheumatology,Arthritis,1,9070,27588.7,29,239754,239754.0,806576.0,8267.379310344828,8267.379310344828,38,9,76.32,81.33,3.3642,88.0,43.84,50.76,LOW GAP,9,0.03783,27588.7,9070.0,3.0418,0.034205,90.95
26163,MI,Rheumatology,Arthritis,1,9754,32281.1,29,239754,239754.0,806576.0,8267.379310344828,8267.379310344828,38,9,76.32,81.33,3.3642,88.0,43.84,50.76,LOW GAP,9,0.040683,32281.1,9754.0,3.3095,0.040022,93.3
26163,MI,Rheumatology,Arthritis,1,7229,24183.3,29,239754,239754.0,806576.0,8267.379310344828,8267.379310344828,38,9,76.32,81.33,3.3642,88.0,43.84,50.76,LOW GAP,9,0.030152,24183.3,7229.0,3.3453,0.029983,73.18
26163,MI,Rheumatology,Arthritis,1,8799,38619.8,29,239754,239754.0,806576.0,8267.379310344828,8267.379310344828,38,9,76.32,81.33,3.3642,88.0,43.84,50.76,LOW GAP,9,0.0367,38619.8,8799.0,4.3891,0.047881,88.9
26163,MI,Rheumatology,Arthritis,1,7588,20129.8,29,239754,239754.0,806576.0,8267.379310344828,8267.379310344828,38,9,76.32,81.33,3.3642,88.0,43.84,50.76,LOW GAP,9,0.031649,20129.8,7588.0,2.6528,0.024957,78.4
26163,MI,Rheumatology,Arthritis,1,10287,33155.5,29,239754,239754.0,806576.0,8267.379310344828,8267.379310344828,38,9,76.32,81.33,3.3642,88.0,43.84,50.76,LOW GAP,9,0.042906,33155.5,10287.0,3.223,0.041106,95.3
26163,MI,Rheumatology,Arthritis,1,6526,18856.0,29,239754,239754.0,806576.0,8267.379310344828,8267.379310344828,38,9,76.32,81.33,3.3642,88.0,43.84,50.76,LOW GAP,9,0.02722,18856.0,6526.0,2.8894,0.023378,61.35
26163,MI,Rheumatology,Arthritis,1,8664,28260.2,29,239754,239754.0,806576.0,8267.379310344828,8267.379310344828,38,9,76.32,81.33,3.3642,88.0,43.84,50.76,LOW GAP,9,0.036137,28260.2,8664.0,3.2618,0.035037,87.9
26163,MI,Rheumatology,Arthritis,1,7914,25394.0,29,239754,239754.0,806576.0,8267.379310344828,8267.379310344828,38,9,76.32,81.33,3.3642,88.0,43.84,50.76,LOW GAP,9,0.033009,25394.0,7914.0,3.2087,0.031484,80.95
26163,MI,Rheumatology,Arthritis,1,8300,25959.5,29,239754,239754.0,806576.0,8267.379310344828,8267.379310344828,38,9,76.32,81.33,3.3642,88.0,43.84,50.76,LOW GAP,9,0.034619,25959.5,8300.0,3.1277,0.032185,84.8
26163,MI,Rheumatology,Arthritis,1,8025,23778.2,29,239754,239754.0,806576.0,8267.379310344828,8267.379310344828,38,9,76.32,81.33,3.3642,88.0,43.84,50.76,LOW GAP,9,0.033472,23778.2,8025.0,2.963,0.02948,81.65
26163,MI,Rheumatology,Arthritis,1,6072,22750.0,29,239754,239754.0,806576.0,8267.379310344828,8267.379310344828,38,9,76.32,81.33,3.3642,88.0,43.84,50.76,LOW GAP,9,0.025326,22750.0,6072.0,3.7467,0.028206,52.12
26163,MI,Rheumatology,Arthritis,1,10330,29816.9,29,239754,239754.0,806576.0,8267.379310344828,8267.379310344828,38,9,76.32,81.33,3.3642,88.0,43.84,50.76,LOW GAP,9,0.043086,29816.9,10330.0,2.8864,0.036967,95.55
26163,MI,Rheumatology,Arthritis,1,6293,18677.5,29,239754,239754.0,806576.0,8267.379310344828,8267.379310344828,38,9,76.32,81.33,3.3642,88.0,43.84,50.76,LOW GAP,9,0.026248,18677.5,6293.0,2.968,0.023157,57.0
48029,TX,Cardiology,Heart Disease,1,5202,16196.3,45,207747,207747.0,767202.6,4616.6,4616.6,33,0,100.0,6.67,3.693,53.33,47.7,16.82,ADEQUATE,0,0.02504,16196.3,5202.0,3.1135,0.021111,32.28
48029,TX,Cardiology,Heart Disease,1,5525,13752.6,45,207747,207747.0,767202.6,4616.6,4616.6,33,0,100.0,6.67,3.693,53.33,47.7,16.82,ADEQUATE,0,0.026595,13752.6,5525.0,2.4892,0.017926,40.25
48029,TX,Cardiology,Heart Disease,1,5320,19270.1,45,207747,207747.0,767202.6,4616.6,4616.6,33,0,100.0,6.67,3.693,53.33,47.7,16.82,ADEQUATE,0,0.025608,19270.1,5320.0,3.6222,0.025117,34.5
48029,TX,Cardiology,Heart Disease,1,4105,19594.6,45,207747,207747.0,767202.6,4616.6,4616.6,33,0,100.0,6.67,3.693,53.33,47.7,16.82,ADEQUATE,0,0.01976,19594.6,4105.0,4.7733,0.02554,11.68
48029,TX,Cardiology,Heart Disease,1,3598,11305.3,45,207747,207747.0,767202.6,4616.6,4616.6,33,0,100.0,6.67,3.693,53.33,47.7,16.82,ADEQUATE,0,0.017319,11305.3,3598.0,3.1421,0.014736,4.6
48029,TX,Cardiology,Heart Disease,1,5633,22847.3,45,207747,207747.0,767202.6,4616.6,4616.6,33,0,100.0,6.67,3.693,53.33,47.7,16.82,ADEQUATE,0,0.027115,22847.3,5633.0,4.056,0.02978,42.4
48029,TX,Cardiology,Heart Disease,1,4457,13254.5,45,207747,207747.0,767202.6,4616.6,4616.6,33,0,100.0,6.67,3.693,53.33,47.7,16.82,ADEQUATE,0,0.021454,13254.5,4457.0,2.9739,0.017276,17.7
48029,TX,Cardiology,Heart Disease,1,5968,25835.5,45,207747,207747.0,767202.6,4616.6,4616.6,33,0,100.0,6.67,3.693,53.33,47.7,16.82,ADEQUATE,0,0.028727,25835.5,5968.0,4.329,0.033675,50.22
48029,TX,Cardiology,Heart Disease,1,3669,14247.3,45,207747,207747.0,767202.6,4616.6,4616.6,33,0,100.0,6.67,3.693,53.33,47.7,16.82,ADEQUATE,0,0.017661,14247.3,3669.0,3.8832,0.01857,5.9
48029,TX,Cardiology,Heart Disease,1,4967,16746.6,45,207747,207747.0,767202.6,4616.6,4616.6,33,0,100.0,6.67,3.693,53.33,47.7,16.82,ADEQUATE,0,0.023909,16746.6,4967.0,3.3716,0.021828,27.45
48029,TX,Cardiology,Heart Disease,1,4606,15513.7,45,207747,207747.0,767202.6,4616.6,4616.6,33,0,100.0,6.67,3.693,53.33,47.7,16.82,ADEQUATE,0,0.022171,15513.7,4606.0,3.3682,0.020221,20.7
48029,TX,Cardiology,Heart Disease,1,2904,12662.7,45,207747,207747.0,767202.6,4616.6,4616.6,33,0,100.0,6.67,3.693,53.33,47.7,16.82,ADEQUATE,0,0.013979,12662.7,2904.0,4.3604,0.016505,0.35
48029,TX,Cardiology,Heart Disease,1,5677,20898.6,45,207747,207747.0,767202.6,4616.6,4616.6,33,0,100.0,6.67,3.693,53.33,47.7,16.82,ADEQUATE,0,0.027327,20898.6,5677.0,3.6813,0.02724,43.42
48029,TX,Cardiology,Heart Disease,1,5115,23320.6,45,207747,207747.0,767202.6,4616.6,4616.6,33,0,100.0,6.67,3.693,53.33,47.7,16.82,ADEQUATE,0,0.024621,23320.6,5115.0,4.5593,0.030397,30.0
48029,TX,Cardiology,Heart Disease,1,5966,16814.7,45,207747,207747.0,767202.6,4616.6,4616.6,33,0,100.0,6.67,3.693,53.33,47.7,16.82,ADEQUATE,0,0.028718,16814.7,5966.0,2.8184,0.021917,50.1
48029,TX,Cardiology,Heart Disease,1,5423,21122.4,45,207747,207747.0,767202.6,4616.6,4616.6,33,0,100.0,6.67,3.693,53.33,47.7,16.82,ADEQUATE,0,0.026104,21122.4,5423.0,3.895,0.027532,37.35
48029,TX,Cardiology,Heart Disease,1,5461,19286.2,45,207747,207747.0,767202.6,4616.6,4616.6,33,0,100.0,6.67,3.693,53.33,47.7,16.82,ADEQUATE,0,0.026287,19286.2,5461.0,3.5316,0.025138,38.8
48029,TX,Cardiology,Heart Disease,1,3916,11895.6,45,207747,207747.0,767202.6,4616.6,4616.6,33,0,100.0,6.67,3.693,53.33,47.7,16.82,ADEQUATE,0,0.01885,11895.6,3916.0,3.0377,0.015505,8.35
48029,TX,Cardiology,Heart Disease,1,5715,19787.2,45,207747,207747.0,767202.6,4616.6,4616.6,33,0,100.0,6.67,3.693,53.33,47.7,16.82,ADEQUATE,0,0.027509,19787.2,5715.0,3.4623,0.025791,44.5
48029,TX,Cardiology,Heart Disease,1,4561,20934.4,45,207747,207747.0,767202.6,4616.6,4616.6,33,0,100.0,6.67,3.693,53.33,47.7,16.82,ADEQUATE,0,0.021955,20934.4,4561.0,4.5899,0.027287,19.6
48029,TX,Cardiology,Heart Disease,1,5707,16442.6,45,207747,207747.0,767202.6,4616.6,4616.6,33,0,100.0,6.67,3.693,53.33,47.7,16.82,ADEQUATE,0,0.027471,16442.6,5707.0,2.8811,0.021432,44.2
48029,TX,Cardiology,Heart Disease,1,3929,12811.1,45,207747,207747.0,767202.6,4616.6,4616.6,33,0,100.0,6.67,3.693,53.33,47.7,16.82,ADEQUATE,0,0.018912,12811.1,3929.0,3.2607,0.016698,8.45
48029,TX,Cardiology,Heart Disease,1,3849,15136.3,45,207747,207747.0,767202.6,4616.6,4616.6,33,0,100.0,6.67,3.693,53.33,47.7,16.82,ADEQUATE,0,0.018527,15136.3,3849.0,3.9325,0.019729,7.85
48029,TX,Cardiology,Heart Disease,1,4261,15211.1,45,207747,207747.0,767202.6,4616.6,4616.6,33,0,100.0,6.67,3.693,53.33,47.7,16.82,ADEQUATE,0,0.020511,15211.1,4261.0,3.5698,0.019827,14.4
48029,TX,Cardiology,Heart Disease,1,3618,15208.1,45,207747,207747.0,767202.6,4616.6,4616.6,33,0,100.0,6.67,3.693,53.33,47.7,16.82,ADEQUATE,0,0.017415,15208.1,3618.0,4.2035,0.019823,4.95
48029,TX,Cardiology,Heart Disease,1,3959,16340.2,45,207747,207747.0,767202.6,4616.6,4616.6,33,0,100.0,6.67,3.693,53.33,47.7,16.82,ADEQUATE,0,0.019057,16340.2,3959.0,4.1274,0.021298,9.1
48029,TX,Cardiology,Heart Disease,1,3043,10541.2,45,207747,207747.0,767202.6,4616.6,4616.6,33,0,100.0,6.67,3.693,53.33,47.7,16.82,ADEQUATE,0,0.014648,10541.2,3043.0,3.4641,0.01374,0.92
48029,TX,Cardiology,Heart Disease,1,4432,10771.7,45,207747,207747.0,767202.6,4616.6,4616.6,33,0,100.0,6.67,3.693,53.33,47.7,16.82,ADEQUATE,0,0.021334,10771.7,4432.0,2.4304,0.01404,17.18
48029,TX,Cardiology,Heart Disease,1,4352,18809.6,45,207747,207747.0,767202.6,4616.6,4616.6,33,0,100.0,6.67,3.693,53.33,47.7,16.82,ADEQUATE,0,0.020949,18809.6,4352.0,4.3221,0.024517,15.75
48029,TX,Cardiology,Heart Disease,1,5763,19851.1,45,207747,207747.0,767202.6,4616.6,4616.6,33,0,100.0,6.67,3.693,53.33,47.7,16.82,ADEQUATE,0,0.02774,19851.1,5763.0,3.4446,0.025875,45.75
48029,TX,Cardiology,Heart Disease,1,4377,15477.3,45,207747,207747.0,767202.6,4616.6,4616.6,33,0,100.0,6.67,3.693,53.33,47.7,16.82,ADEQUATE,0,0.021069,15477.3,4377.0,3.5361,0.020174,16.18
48029,TX,Cardiology,Heart Disease,1,5354,21903.4,45,207747,207747.0,767202.6,4616.6,4616.6,33,0,100.0,6.67,3.693,53.33,47.7,16.82,ADEQUATE,0,0.025772,21903.4,5354.0,4.091,0.02855,35.68
48029,TX,Cardiology,Heart Disease,1,4881,22789.2,45,207747,207747.0,767202.6,4616.6,4616.6,33,0,100.0,6.67,3.693,53.33,47.7,16.82,ADEQUATE,0,0.023495,22789.2,4881.0,4.669,0.029704,25.95
48029,TX,Cardiology,Heart Disease,1,3604,15297.1,45,207747,207747.0,767202.6,4616.6,4616.6,33,0,100.0,6.67,3.693,53.33,47.7,16.82,ADEQUATE,0,0.017348,15297.1,3604.0,4.2445,0.019939,4.7
48029,TX,Cardiology,Heart Disease,1,5247,23072.3,45,207747,207747.0,767202.6,4616.6,4616.6,33,0,100.0,6.67,3.693,53.33,47.7,16.82,ADEQUATE,0,0.025257,23072.3,5247.0,4.3972,0.030073,33.17
48029,TX,Cardiology,Heart Disease,1,4226,13577.1,45,207747,207747.0,767202.6,4616.6,4616.6,33,0,100.0,6.67,3.693,53.33,47.7,16.82,ADEQUATE,0,0.020342,13577.1,4226.0,3.2128,0.017697,13.98
48029,TX,Cardiology,Heart Disease,1,5738,25241.0,45,207747,207747.0,767202.6,4616.6,4616.6,33,0,100.0,6.67,3.693,53.33,47.7,16.82,ADEQUATE,0,0.02762,25241.0,5738.0,4.3989,0.0329,44.98
48029,TX,Cardiology,Heart Disease,1,5246,19757.9,45,207747,207747.0,767202.6,4616.6,4616.6,33,0,100.0,6.67,3.693,53.33,47.7,16.82,ADEQUATE,0,0.025252,19757.9,5246.0,3.7663,0.025753,33.1
48029,TX,Cardiology,Heart Disease,1,4513,12415.3,45,207747,207747.0,767202.6,4616.6,4616.6,33,0,100.0,6.67,3.693,53.33,47.7,16.82,ADEQUATE,0,0.021724,12415.3,4513.0,2.751,0.016183,18.8
48029,TX,Cardiology,Heart Disease,1,5608,24308.4,45,207747,207747.0,767202.6,4616.6,4616.6,33,0,100.0,6.67,3.693,53.33,47.7,16.82,ADEQUATE,0,0.026994,24308.4,5608.0,4.3346,0.031684,42.0
48029,TX,Cardiology,Heart Disease,1,3248,11665.5,45,207747,207747.0,767202.6,4616.6,4616.6,33,0,100.0,6.67,3.693,53.33,47.7,16.82,ADEQUATE,0,0.015634,11665.5,3248.0,3.5916,0.015205,1.85
48029,TX,Cardiology,Heart Disease,1,2998,10357.2,45,207747,207747.0,767202.6,4616.6,4616.6,33,0,100.0,6.67,3.693,53.33,47.7,16.82,ADEQUATE,0,0.014431,10357.2,2998.0,3.4547,0.0135,0.8
48029,TX,Cardiology,Heart Disease,1,4449,13761.3,45,207747,207747.0,767202.6,4616.6,4616.6,33,0,100.0,6.67,3.693,53.33,47.7,16.82,ADEQUATE,0,0.021415,13761.3,4449.0,3.0931,0.017937,17.4
48029,TX,Cardiology,Heart Disease,1,4351,20743.3,45,207747,207747.0,767202.6,4616.6,4616.6,33,0,100.0,6.67,3.693,53.33,47.7,16.82,ADEQUATE,0,0.020944,20743.3,4351.0,4.7675,0.027038,15.7
48029,TX,Cardiology,Heart Disease,1,3206,10427.1,45,207747,207747.0,767202.6,4616.6,4616.6,33,0,100.0,6.67,3.693,53.33,47.7,16.82,ADEQUATE,0,0.015432,10427.1,3206.0,3.2524,0.013591,1.65
48029,TX,Endocrinology,Diabetes,1,7075,28860.4,43,237445,237445.0,856822.8,5521.976744186047,5521.976744186047,38,0,100.0,26.67,3.6085,12.0,31.22,13.15,ADEQUATE,0,0.029796,28860.4,7075.0,4.0792,0.033683,70.8
48029,TX,Endocrinology,Diabetes,1,7135,27571.1,43,237445,237445.0,856822.8,5521.976744186047,5521.976744186047,38,0,100.0,26.67,3.6085,12.0,31.22,13.15,ADEQUATE,0,0.030049,27571.1,7135.0,3.8642,0.032178,71.82
48029,TX,Endocrinology,Diabetes,1,7054,19136.2,43,237445,237445.0,856822.8,5521.976744186047,5521.976744186047,38,0,100.0,26.67,3.6085,12.0,31.22,13.15,ADEQUATE,0,0.029708,19136.2,7054.0,2.7128,0.022334,70.45
48029,TX,Endocrinology,Diabetes,1,5412,23228.3,43,237445,237445.0,856822.8,5521.976744186047,5521.976744186047,38,0,100.0,26.67,3.6085,12.0,31.22,13.15,ADEQUATE,0,0.022793,23228.3,5412.0,4.292,0.02711,37.12
48029,TX,Endocrinology,Diabetes,1,4067,12700.6,43,237445,237445.0,856822.8,5521.976744186047,5521.976744186047,38,0,100.0,26.67,3.6085,12.0,31.22,13.15,ADEQUATE,0,0.017128,12700.6,4067.0,3.1228,0.014823,10.92
48029,TX,Endocrinology,Diabetes,1,5273,19932.1,43,237445,237445.0,856822.8,5521.976744186047,5521.976744186047,38,0,100.0,26.67,3.6085,12.0,31.22,13.15,ADEQUATE,0,0.022207,19932.1,5273.0,3.78,0.023263,33.58
48029,TX,Endocrinology,Diabetes,1,7516,30621.8,43,237445,237445.0,856822.8,5521.976744186047,5521.976744186047,38,0,100.0,26.67,3.6085,12.0,31.22,13.15,ADEQUATE,0,0.031654,30621.8,7516.0,4.0742,0.035739,77.75
48029,TX,Endocrinology,Diabetes,1,5019,14389.4,43,237445,237445.0,856822.8,5521.976744186047,5521.976744186047,38,0,100.0,26.67,3.6085,12.0,31.22,13.15,ADEQUATE,0,0.021138,14389.4,5019.0,2.867,0.016794,28.55
48029,TX,Endocrinology,Diabetes,1,4718,21696.9,43,237445,237445.0,856822.8,5521.976744186047,5521.976744186047,38,0,100.0,26.67,3.6085,12.0,31.22,13.15,ADEQUATE,0,0.01987,21696.9,4718.0,4.5987,0.025323,22.42
48029,TX,Endocrinology,Diabetes,1,4306,13682.6,43,237445,237445.0,856822.8,5521.976744186047,5521.976744186047,38,0,100.0,26.67,3.6085,12.0,31.22,13.15,ADEQUATE,0,0.018135,13682.6,4306.0,3.1776,0.015969,14.92
48029,TX,Endocrinology,Diabetes,1,7224,23693.1,43,237445,237445.0,856822.8,5521.976744186047,5521.976744186047,38,0,100.0,26.67,3.6085,12.0,31.22,13.15,ADEQUATE,0,0.030424,23693.1,7224.0,3.2798,0.027652,73.1
48029,TX,Endocrinology,Diabetes,1,3744,13379.4,43,237445,237445.0,856822.8,5521.976744186047,5521.976744186047,38,0,100.0,26.67,3.6085,12.0,31.22,13.15,ADEQUATE,0,0.015768,13379.4,3744.0,3.5736,0.015615,6.7
48029,TX,Endocrinology,Diabetes,1,5018,18506.2,43,237445,237445.0,856822.8,5521.976744186047,5521.976744186047,38,0,100.0,26.67,3.6085,12.0,31.22,13.15,ADEQUATE,0,0.021133,18506.2,5018.0,3.688,0.021599,28.48
48029,TX,Endocrinology,Diabetes,1,4341,11851.8,43,237445,237445.0,856822.8,5521.976744186047,5521.976744186047,38,0,100.0,26.67,3.6085,12.0,31.22,13.15,ADEQUATE,0,0.018282,11851.8,4341.0,2.7302,0.013832,15.55
48029,TX,Endocrinology,Diabetes,1,7157,31625.2,43,237445,237445.0,856822.8,5521.976744186047,5521.976744186047,38,0,100.0,26.67,3.6085,12.0,31.22,13.15,ADEQUATE,0,0.030142,31625.2,7157.0,4.4188,0.03691,72.0
48029,TX,Endocrinology,Diabetes,1,4534,11934.3,43,237445,237445.0,856822.8,5521.976744186047,5521.976744186047,38,0,100.0,26.67,3.6085,12.0,31.22,13.15,ADEQUATE,0,0.019095,11934.3,4534.0,2.6322,0.013929,19.1
48029,TX,Endocrinology,Diabetes,1,6668,23315.5,43,237445,237445.0,856822.8,5521.976744186047,5521.976744186047,38,0,100.0,26.67,3.6085,12.0,31.22,13.15,ADEQUATE,0,0.028082,23315.5,6668.0,3.4966,0.027212,63.7
48029,TX,Endocrinology,Diabetes,1,4870,22210.2,43,237445,237445.0,856822.8,5521.976744186047,5521.976744186047,38,0,100.0,26.67,3.6085,12.0,31.22,13.15,ADEQUATE,0,0.02051,22210.2,4870.0,4.5606,0.025922,25.8
48029,TX,Endocrinology,Diabetes,1,3796,16683.9,43,237445,237445.0,856822.8,5521.976744186047,5521.976744186047,38,0,100.0,26.67,3.6085,12.0,31.22,13.15,ADEQUATE,0,0.015987,16683.9,3796.0,4.3951,0.019472,7.4
48029,TX,Endocrinology,Diabetes,1,6736,32051.4,43,237445,237445.0,856822.8,5521.976744186047,5521.976744186047,38,0,100.0,26.67,3.6085,12.0,31.22,13.15,ADEQUATE,0,0.028369,32051.4,6736.0,4.7582,0.037407,65.15
48029,TX,Endocrinology,Diabetes,1,6030,19803.1,43,237445,237445.0,856822.8,5521.976744186047,5521.976744186047,38,0,100.0,26.67,3.6085,12.0,31.22,13.15,ADEQUATE,0,0.025395,19803.1,6030.0,3.2841,0.023112,51.45
48029,TX,Endocrinology,Diabetes,1,3835,13018.9,43,237445,237445.0,856822.8,5521.976744186047,5521.976744186047,38,0,100.0,26.67,3.6085,12.0,31.22,13.15,ADEQUATE,0,0.016151,13018.9,3835.0,3.3948,0.015194,7.65
48029,TX,Endocrinology,Diabetes,1,5905,16851.4,43,237445,237445.0,856822.8,5521.976744186047,5521.976744186047,38,0,100.0,26.67,3.6085,12.0,31.22,13.15,ADEQUATE,0,0.024869,16851.4,5905.0,2.8538,0.019667,48.98
48029,TX,Endocrinology,Diabetes,1,7466,34670.6,43,237445,237445.0,856822.8,5521.976744186047,5521.976744186047,38,0,100.0,26.67,3.6085,12.0,31.22,13.15,ADEQUATE,0,0.031443,34670.6,7466.0,4.6438,0.040464,77.03
48029,TX,Endocrinology,Diabetes,1,4103,15679.7,43,237445,237445.0,856822.8,5521.976744186047,5521.976744186047,38,0,100.0,26.67,3.6085,12.0,31.22,13.15,ADEQUATE,0,0.01728,15679.7,4103.0,3.8215,0.0183,11.58
48029,TX,Endocrinology,Diabetes,1,7402,27520.2,43,237445,237445.0,856822.8,5521.976744186047,5521.976744186047,38,0,100.0,26.67,3.6085,12.0,31.22,13.15,ADEQUATE,0,0.031174,27520.2,7402.0,3.7179,0.032119,75.75
48029,TX,Endocrinology,Diabetes,1,5982,18147.5,43,237445,237445.0,856822.8,5521.976744186047,5521.976744186047,38,0,100.0,26.67,3.6085,12.0,31.22,13.15,ADEQUATE,0,0.025193,18147.5,5982.0,3.0337,0.02118,50.52
48029,TX,Endocrinology,Diabetes,1,4239,17922.5,43,237445,237445.0,856822.8,5521.976744186047,5521.976744186047,38,0,100.0,26.67,3.6085,12.0,31.22,13.15,ADEQUATE,0,0.017853,17922.5,4239.0,4.228,0.020917,14.2
48029,TX,Endocrinology,Diabetes,1,7244,18228.9,43,237445,237445.0,856822.8,5521.976744186047,5521.976744186047,38,0,100.0,26.67,3.6085,12.0,31.22,13.15,ADEQUATE,0,0.030508,18228.9,7244.0,2.5164,0.021275,73.38
48029,TX,Endocrinology,Diabetes,1,5994,16857.8,43,237445,237445.0,856822.8,5521.976744186047,5521.976744186047,38,0,100.0,26.67,3.6085,12.0,31.22,13.15,ADEQUATE,0,0.025244,16857.8,5994.0,2.8124,0.019675,50.9
48029,TX,Endocrinology,Diabetes,1,5709,16032.2,43,237445,237445.0,856822.8,5521.976744186047,5521.976744186047,38,0,100.0,26.67,3.6085,12.0,31.22,13.15,ADEQUATE,0,0.024043,16032.2,5709.0,2.8082,0.018711,44.28
48029,TX,Endocrinology,Diabetes,1,6980,19263.3,43,237445,237445.0,856822.8,5521.976744186047,5521.976744186047,38,0,100.0,26.67,3.6085,12.0,31.22,13.15,ADEQUATE,0,0.029396,19263.3,6980.0,2.7598,0.022482,69.08
48029,TX,Endocrinology,Diabetes,1,4414,20868.4,43,237445,237445.0,856822.8,5521.976744186047,5521.976744186047,38,0,100.0,26.67,3.6085,12.0,31.22,13.15,ADEQUATE,0,0.01859,20868.4,4414.0,4.7278,0.024356,16.8
48029,TX,Endocrinology,Diabetes,1,5048,18025.8,43,237445,237445.0,856822.8,5521.976744186047,5521.976744186047,38,0,100.0,26.67,3.6085,12.0,31.22,13.15,ADEQUATE,0,0.02126,18025.8,5048.0,3.5709,0.021038,28.9
48029,TX,Endocrinology,Diabetes,1,3912,16660.1,43,237445,237445.0,856822.8,5521.976744186047,5521.976744186047,38,0,100.0,26.67,3.6085,12.0,31.22,13.15,ADEQUATE,0,0.016475,16660.1,3912.0,4.2587,0.019444,8.3
48029,TX,Endocrinology,Diabetes,1,4951,17726.3,43,237445,237445.0,856822.8,5521.976744186047,5521.976744186047,38,0,100.0,26.67,3.6085,12.0,31.22,13.15,ADEQUATE,0,0.020851,17726.3,4951.0,3.5803,0.020688,27.15
48029,TX,Endocrinology,Diabetes,1,4071,12970.2,43,237445,237445.0,856822.8,5521.976744186047,5521.976744186047,38,0,100.0,26.67,3.6085,12.0,31.22,13.15,ADEQUATE,0,0.017145,12970.2,4071.0,3.186,0.015138,11.08
48029,TX,Endocrinology,Diabetes,1,5592,23970.2,43,237445,237445.0,856822.8,5521.976744186047,5521.976744186047,38,0,100.0,26.67,3.6085,12.0,31.22,13.15,ADEQUATE,0,0.023551,23970.2,5592.0,4.2865,0.027976,41.55
48029,TX,Endocrinology,Diabetes,1,4136,13222.5,43,237445,237445.0,856822.8,5521.976744186047,5521.976744186047,38,0,100.0,26.67,3.6085,12.0,31.22,13.15,ADEQUATE,0,0.017419,13222.5,4136.0,3.1969,0.015432,12.05
48029,TX,Endocrinology,Diabetes,1,7374,29074.1,43,237445,237445.0,856822.8,5521.976744186047,5521.976744186047,38,0,100.0,26.67,3.6085,12.0,31.22,13.15,ADEQUATE,0,0.031056,29074.1,7374.0,3.9428,0.033932,75.3
48029,TX,Endocrinology,Diabetes,1,5577,18028.0,43,237445,237445.0,856822.8,5521.976744186047,5521.976744186047,38,0,100.0,26.67,3.6085,12.0,31.22,13.15,ADEQUATE,0,0.023488,18028.0,5577.0,3.2326,0.021041,41.22
48029,TX,Endocrinology,Diabetes,1,4992,12992.5,43,237445,237445.0,856822.8,5521.976744186047,5521.976744186047,38,0,100.0,26.67,3.6085,12.0,31.22,13.15,ADEQUATE,0,0.021024,12992.5,4992.0,2.6027,0.015164,28.02
48029,TX,Endocrinology,Diabetes,1,4826,22218.2,43,237445,237445.0,856822.8,5521.976744186047,5521.976744186047,38,0,100.0,26.67,3.6085,12.0,31.22,13.15,ADEQUATE,0,0.020325,22218.2,4826.0,4.6039,0.025931,25.1
48029,TX,Psychiatry,Mental Health Disorders,1,6248,28149.7,36,301749,301749.0,1111990.9,8381.916666666666,8381.916666666666,48,12,75.0,82.67,3.6852,48.0,47.62,46.26,LOW GAP,12,0.020706,28149.7,6248.0,4.5054,0.025315,55.9
48029,TX,Psychiatry,Mental Health Disorders,1,6565,15998.3,36,301749,301749.0,1111990.9,8381.916666666666,8381.916666666666,48,12,75.0,82.67,3.6852,48.0,47.62,46.26,LOW GAP,12,0.021756,15998.3,6565.0,2.4369,0.014387,61.8
48029,TX,Psychiatry,Mental Health Disorders,1,6479,15614.0,36,301749,301749.0,1111990.9,8381.916666666666,8381.916666666666,48,12,75.0,82.67,3.6852,48.0,47.62,46.26,LOW GAP,12,0.021471,15614.0,6479.0,2.4099,0.014041,60.65
48029,TX,Psychiatry,Mental Health Disorders,1,6933,28748.6,36,301749,301749.0,1111990.9,8381.916666666666,8381.916666666666,48,12,75.0,82.67,3.6852,48.0,47.62,46.26,LOW GAP,12,0.022976,28748.6,6933.0,4.1466,0.025853,68.15
48029,TX,Psychiatry,Mental Health Disorders,1,8386,34685.9,36,301749,301749.0,1111990.9,8381.916666666666,8381.916666666666,48,12,75.0,82.67,3.6852,48.0,47.62,46.26,LOW GAP,12,0.027791,34685.9,8386.0,4.1362,0.031193,85.5
48029,TX,Psychiatry,Mental Health Disorders,1,7915,30166.7,36,301749,301749.0,1111990.9,8381.916666666666,8381.916666666666,48,12,75.0,82.67,3.6852,48.0,47.62,46.26,LOW GAP,12,0.02623,30166.7,7915.0,3.8113,0.027129,81.03
48029,TX,Psychiatry,Mental Health Disorders,1,5982,26587.8,36,301749,301749.0,1111990.9,8381.916666666666,8381.916666666666,48,12,75.0,82.67,3.6852,48.0,47.62,46.26,LOW GAP,12,0.019824,26587.8,5982.0,4.4446,0.02391,50.52
48029,TX,Psychiatry,Mental Health Disorders,1,7908,32425.6,36,301749,301749.0,1111990.9,8381.916666666666,8381.916666666666,48,12,75.0,82.67,3.6852,48.0,47.62,46.26,LOW GAP,12,0.026207,32425.6,7908.0,4.1004,0.02916,80.85
48029,TX,Psychiatry,Mental Health Disorders,1,10805,51097.9,36,301749,301749.0,1111990.9,8381.916666666666,8381.916666666666,48,12,75.0,82.67,3.6852,48.0,47.62,46.26,LOW GAP,12,0.035808,51097.9,10805.0,4.7291,0.045952,97.15
48029,TX,Psychiatry,Mental Health Disorders,1,8061,31020.1,36,301749,301749.0,1111990.9,8381.916666666666,8381.916666666666,48,12,75.0,82.67,3.6852,48.0,47.62,46.26,LOW GAP,12,0.026714,31020.1,8061.0,3.8482,0.027896,82.18
48029,TX,Psychiatry,Mental Health Disorders,1,6042,24616.9,36,301749,301749.0,1111990.9,8381.916666666666,8381.916666666666,48,12,75.0,82.67,3.6852,48.0,47.62,46.26,LOW GAP,12,0.020023,24616.9,6042.0,4.0743,0.022138,51.75
48029,TX,Psychiatry,Mental Health Disorders,1,10690,43068.8,36,301749,301749.0,1111990.9,8381.916666666666,8381.916666666666,48,12,75.0,82.67,3.6852,48.0,47.62,46.26,LOW GAP,12,0.035427,43068.8,10690.0,4.0289,0.038731,96.95
48029,TX,Psychiatry,Mental Health Disorders,1,10227,46896.9,36,301749,301749.0,1111990.9,8381.916666666666,8381.916666666666,48,12,75.0,82.67,3.6852,48.0,47.62,46.26,LOW GAP,12,0.033892,46896.9,10227.0,4.5856,0.042174,95.1
48029,TX,Psychiatry,Mental Health Disorders,1,9782,36204.4,36,301749,301749.0,1111990.9,8381.916666666666,8381.916666666666,48,12,75.0,82.67,3.6852,48.0,47.62,46.26,LOW GAP,12,0.032418,36204.4,9782.0,3.7011,0.032558,93.5
48029,TX,Psychiatry,Mental Health Disorders,1,9914,29928.2,36,301749,301749.0,1111990.9,8381.916666666666,8381.916666666666,48,12,75.0,82.67,3.6852,48.0,47.62,46.26,LOW GAP,12,0.032855,29928.2,9914.0,3.0188,0.026914,94.05
48029,TX,Psychiatry,Mental Health Disorders,1,9284,38080.7,36,301749,301749.0,1111990.9,8381.916666666666,8381.916666666666,48,12,75.0,82.67,3.6852,48.0,47.62,46.26,LOW GAP,12,0.030767,38080.7,9284.0,4.1018,0.034246,91.65
48029,TX,Psychiatry,Mental Health Disorders,1,9560,39068.8,36,301749,301749.0,1111990.9,8381.916666666666,8381.916666666666,48,12,75.0,82.67,3.6852,48.0,47.62,46.26,LOW GAP,12,0.031682,39068.8,9560.0,4.0867,0.035134,92.75
48029,TX,Psychiatry,Mental Health Disorders,1,11037,42766.1,36,301749,301749.0,1111990.9,8381.916666666666,8381.916666666666,48,12,75.0,82.67,3.6852,48.0,47.62,46.26,LOW GAP,12,0.036577,42766.1,11037.0,3.8748,0.038459,97.9
48029,TX,Psychiatry,Mental Health Disorders,1,7400,24837.1,36,301749,301749.0,1111990.9,8381.916666666666,8381.916666666666,48,12,75.0,82.67,3.6852,48.0,47.62,46.26,LOW GAP,12,0.024524,24837.1,7400.0,3.3564,0.022336,75.7
48029,TX,Psychiatry,Mental Health Disorders,1,10632,44941.8,36,301749,301749.0,1111990.9,8381.916666666666,8381.916666666666,48,12,75.0,82.67,3.6852,48.0,47.62,46.26,LOW GAP,12,0.035235,44941.8,10632.0,4.227,0.040416,96.8
48029,TX,Psychiatry,Mental Health Disorders,1,6680,19295.7,36,301749,301749.0,1111990.9,8381.916666666666,8381.916666666666,48,12,75.0,82.67,3.6852,48.0,47.62,46.26,LOW GAP,12,0.022138,19295.7,6680.0,2.8886,0.017352,64.03
48029,TX,Psychiatry,Mental Health Disorders,1,5840,19321.6,36,301749,301749.0,1111990.9,8381.916666666666,8381.916666666666,48,12,75.0,82.67,3.6852,48.0,47.62,46.26,LOW GAP,12,0.019354,19321.6,5840.0,3.3085,0.017376,47.35
48029,TX,Psychiatry,Mental Health Disorders,1,7561,24479.5,36,301749,301749.0,1111990.9,8381.916666666666,8381.916666666666,48,12,75.0,82.67,3.6852,48.0,47.62,46.26,LOW GAP,12,0.025057,24479.5,7561.0,3.2376,0.022014,78.05
48029,TX,Psychiatry,Mental Health Disorders,1,10080,39257.0,36,301749,301749.0,1111990.9,8381.916666666666,8381.916666666666,48,12,75.0,82.67,3.6852,48.0,47.62,46.26,LOW GAP,12,0.033405,39257.0,10080.0,3.8945,0.035303,94.4
48029,TX,Psychiatry,Mental Health Disorders,1,7095,17739.7,36,301749,301749.0,1111990.9,8381.916666666666,8381.916666666666,48,12,75.0,82.67,3.6852,48.0,47.62,46.26,LOW GAP,12,0.023513,17739.7,7095.0,2.5003,0.015953,71.23
48029,TX,Psychiatry,Mental Health Disorders,1,10006,25280.2,36,301749,301749.0,1111990.9,8381.916666666666,8381.916666666666,48,12,75.0,82.67,3.6852,48.0,47.62,46.26,LOW GAP,12,0.03316,25280.2,10006.0,2.5265,0.022734,94.3
48029,TX,Psychiatry,Mental Health Disorders,1,9978,40089.0,36,301749,301749.0,1111990.9,8381.916666666666,8381.916666666666,48,12,75.0,82.67,3.6852,48.0,47.62,46.26,LOW GAP,12,0.033067,40089.0,9978.0,4.0177,0.036052,94.25
48029,TX,Psychiatry,Mental Health Disorders,1,8726,23930.2,36,301749,301749.0,1111990.9,8381.916666666666,8381.916666666666,48,12,75.0,82.67,3.6852,48.0,47.62,46.26,LOW GAP,12,0.028918,23930.2,8726.0,2.7424,0.02152,88.3
48029,TX,Psychiatry,Mental Health Disorders,1,5578,16889.7,36,301749,301749.0,1111990.9,8381.916666666666,8381.916666666666,48,12,75.0,82.67,3.6852,48.0,47.62,46.26,LOW GAP,12,0.018486,16889.7,5578.0,3.0279,0.015189,41.3
48029,TX,Psychiatry,Mental Health Disorders,1,8041,31339.8,36,301749,301749.0,1111990.9,8381.916666666666,8381.916666666666,48,12,75.0,82.67,3.6852,48.0,47.62,46.26,LOW GAP,12,0.026648,31339.8,8041.0,3.8975,0.028184,82.0
48029,TX,Psychiatry,Mental Health Disorders,1,10192,47234.4,36,301749,301749.0,1111990.9,8381.916666666666,8381.916666666666,48,12,75.0,82.67,3.6852,48.0,47.62,46.26,LOW GAP,12,0.033776,47234.4,10192.0,4.6345,0.042477,94.9
48029,TX,Psychiatry,Mental Health Disorders,1,10825,42995.2,36,301749,301749.0,1111990.9,8381.916666666666,8381.916666666666,48,12,75.0,82.67,3.6852,48.0,47.62,46.26,LOW GAP,12,0.035874,42995.2,10825.0,3.9718,0.038665,97.2
48029,TX,Psychiatry,Mental Health Disorders,1,6688,22413.5,36,301749,301749.0,1111990.9,8381.916666666666,8381.916666666666,48,12,75.0,82.67,3.6852,48.0,47.62,46.26,LOW GAP,12,0.022164,22413.5,6688.0,3.3513,0.020156,64.25
48029,TX,Psychiatry,Mental Health Disorders,1,11359,32972.7,36,301749,301749.0,1111990.9,8381.916666666666,8381.916666666666,48,12,75.0,82.67,3.6852,48.0,47.62,46.26,LOW GAP,12,0.037644,32972.7,11359.0,2.9028,0.029652,98.3
48029,TX,Psychiatry,Mental Health Disorders,1,6015,24779.8,36,301749,301749.0,1111990.9,8381.916666666666,8381.916666666666,48,12,75.0,82.67,3.6852,48.0,47.62,46.26,LOW GAP,12,0.019934,24779.8,6015.0,4.1197,0.022284,51.32
48029,TX,Psychiatry,Mental Health Disorders,1,7235,19068.6,36,301749,301749.0,1111990.9,8381.916666666666,8381.916666666666,48,12,75.0,82.67,3.6852,48.0,47.62,46.26,LOW GAP,12,0.023977,19068.6,7235.0,2.6356,0.017148,73.25
48029,TX,Pulmonary,Respiratory Disease,1,4301,16085.8,41,221943,221943.0,781116.3,5413.243902439024,5413.243902439024,35,0,100.0,24.0,3.5194,62.67,48.71,22.71,ADEQUATE,0,0.019379,16085.8,4301.0,3.74,0.020593,14.8
48029,TX,Pulmonary,Respiratory Disease,1,6290,19373.9,41,221943,221943.0,781116.3,5413.243902439024,5413.243902439024,35,0,100.0,24.0,3.5194,62.67,48.71,22.71,ADEQUATE,0,0.028341,19373.9,6290.0,3.0801,0.024803,56.95
48029,TX,Pulmonary,Respiratory Disease,1,5256,13230.3,41,221943,221943.0,781116.3,5413.243902439024,5413.243902439024,35,0,100.0,24.0,3.5194,62.67,48.71,22.71,ADEQUATE,0,0.023682,13230.3,5256.0,2.5172,0.016938,33.38
48029,TX,Pulmonary,Respiratory Disease,1,5227,15238.9,41,221943,221943.0,781116.3,5413.243902439024,5413.243902439024,35,0,100.0,24.0,3.5194,62.67,48.71,22.71,ADEQUATE,0,0.023551,15238.9,5227.0,2.9154,0.019509,32.82
48029,TX,Pulmonary,Respiratory Disease,1,4305,16409.0,41,221943,221943.0,781116.3,5413.243902439024,5413.243902439024,35,0,100.0,24.0,3.5194,62.67,48.71,22.71,ADEQUATE,0,0.019397,16409.0,4305.0,3.8116,0.021007,14.85
48029,TX,Pulmonary,Respiratory Disease,1,5746,16557.6,41,221943,221943.0,781116.3,5413.243902439024,5413.243902439024,35,0,100.0,24.0,3.5194,62.67,48.71,22.71,ADEQUATE,0,0.02589,16557.6,5746.0,2.8816,0.021197,45.32
48029,TX,Pulmonary,Respiratory Disease,1,6187,18346.4,41,221943,221943.0,781116.3,5413.243902439024,5413.243902439024,35,0,100.0,24.0,3.5194,62.67,48.71,22.71,ADEQUATE,0,0.027877,18346.4,6187.0,2.9653,0.023487,54.65
48029,TX,Pulmonary,Respiratory Disease,1,4235,14390.1,41,221943,221943.0,781116.3,5413.243902439024,5413.243902439024,35,0,100.0,24.0,3.5194,62.67,48.71,22.71,ADEQUATE,0,0.019081,14390.1,4235.0,3.3979,0.018422,14.15
48029,TX,Pulmonary,Respiratory Disease,1,5194,17958.1,41,221943,221943.0,781116.3,5413.243902439024,5413.243902439024,35,0,100.0,24.0,3.5194,62.67,48.71,22.71,ADEQUATE,0,0.023402,17958.1,5194.0,3.4575,0.02299,31.95
48029,TX,Pulmonary,Respiratory Disease,1,4337,20737.6,41,221943,221943.0,781116.3,5413.243902439024,5413.243902439024,35,0,100.0,24.0,3.5194,62.67,48.71,22.71,ADEQUATE,0,0.019541,20737.6,4337.0,4.7816,0.026549,15.45
48029,TX,Pulmonary,Respiratory Disease,1,6032,26242.1,41,221943,221943.0,781116.3,5413.243902439024,5413.243902439024,35,0,100.0,24.0,3.5194,62.67,48.71,22.71,ADEQUATE,0,0.027178,26242.1,6032.0,4.3505,0.033596,51.5
48029,TX,Pulmonary,Respiratory Disease,1,3629,13595.4,41,221943,221943.0,781116.3,5413.243902439024,5413.243902439024,35,0,100.0,24.0,3.5194,62.67,48.71,22.71,ADEQUATE,0,0.016351,13595.4,3629.0,3.7463,0.017405,5.32
48029,TX,Pulmonary,Respiratory Disease,1,5901,18218.3,41,221943,221943.0,781116.3,5413.243902439024,5413.243902439024,35,0,100.0,24.0,3.5194,62.67,48.71,22.71,ADEQUATE,0,0.026588,18218.3,5901.0,3.0873,0.023323,48.68
48029,TX,Pulmonary,Respiratory Disease,1,5978,27292.2,41,221943,221943.0,781116.3,5413.243902439024,5413.243902439024,35,0,100.0,24.0,3.5194,62.67,48.71,22.71,ADEQUATE,0,0.026935,27292.2,5978.0,4.5654,0.03494,50.45
48029,TX,Pulmonary,Respiratory Disease,1,4778,13365.3,41,221943,221943.0,781116.3,5413.243902439024,5413.243902439024,35,0,100.0,24.0,3.5194,62.67,48.71,22.71,ADEQUATE,0,0.021528,13365.3,4778.0,2.7973,0.017111,23.95
48029,TX,Pulmonary,Respiratory Disease,1,6619,28198.0,41,221943,221943.0,781116.3,5413.243902439024,5413.243902439024,35,0,100.0,24.0,3.5194,62.67,48.71,22.71,ADEQUATE,0,0.029823,28198.0,6619.0,4.2602,0.0361,62.6
48029,TX,Pulmonary,Respiratory Disease,1,5895,23663.3,41,221943,221943.0,781116.3,5413.243902439024,5413.243902439024,35,0,100.0,24.0,3.5194,62.67,48.71,22.71,ADEQUATE,0,0.026561,23663.3,5895.0,4.0141,0.030294,48.5
48029,TX,Pulmonary,Respiratory Disease,1,7028,29146.2,41,221943,221943.0,781116.3,5413.243902439024,5413.243902439024,35,0,100.0,24.0,3.5194,62.67,48.71,22.71,ADEQUATE,0,0.031666,29146.2,7028.0,4.1472,0.037314,69.92
48029,TX,Pulmonary,Respiratory Disease,1,5920,21073.7,41,221943,221943.0,781116.3,5413.243902439024,5413.243902439024,35,0,100.0,24.0,3.5194,62.67,48.71,22.71,ADEQUATE,0,0.026674,21073.7,5920.0,3.5597,0.026979,49.3
48029,TX,Pulmonary,Respiratory Disease,1,7013,17073.2,41,221943,221943.0,781116.3,5413.243902439024,5413.243902439024,35,0,100.0,24.0,3.5194,62.67,48.71,22.71,ADEQUATE,0,0.031598,17073.2,7013.0,2.4345,0.021857,69.7
48029,TX,Pulmonary,Respiratory Disease,1,4319,19196.0,41,221943,221943.0,781116.3,5413.243902439024,5413.243902439024,35,0,100.0,24.0,3.5194,62.67,48.71,22.71,ADEQUATE,0,0.01946,19196.0,4319.0,4.4445,0.024575,15.15
48029,TX,Pulmonary,Respiratory Disease,1,5329,15211.2,41,221943,221943.0,781116.3,5413.243902439024,5413.243902439024,35,0,100.0,24.0,3.5194,62.67,48.71,22.71,ADEQUATE,0,0.024011,15211.2,5329.0,2.8544,0.019474,34.75
48029,TX,Pulmonary,Respiratory Disease,1,6121,17269.8,41,221943,221943.0,781116.3,5413.243902439024,5413.243902439024,35,0,100.0,24.0,3.5194,62.67,48.71,22.71,ADEQUATE,0,0.027579,17269.8,6121.0,2.8214,0.022109,53.35
48029,TX,Pulmonary,Respiratory Disease,1,5456,23599.7,41,221943,221943.0,781116.3,5413.243902439024,5413.243902439024,35,0,100.0,24.0,3.5194,62.67,48.71,22.71,ADEQUATE,0,0.024583,23599.7,5456.0,4.3255,0.030213,38.6
48029,TX,Pulmonary,Respiratory Disease,1,6131,16085.1,41,221943,221943.0,781116.3,5413.243902439024,5413.243902439024,35,0,100.0,24.0,3.5194,62.67,48.71,22.71,ADEQUATE,0,0.027624,16085.1,6131.0,2.6236,0.020592,53.65
48029,TX,Pulmonary,Respiratory Disease,1,5085,20813.5,41,221943,221943.0,781116.3,5413.243902439024,5413.243902439024,35,0,100.0,24.0,3.5194,62.67,48.71,22.71,ADEQUATE,0,0.022911,20813.5,5085.0,4.0931,0.026646,29.55
48029,TX,Pulmonary,Respiratory Disease,1,5921,18743.4,41,221943,221943.0,781116.3,5413.243902439024,5413.243902439024,35,0,100.0,24.0,3.5194,62.67,48.71,22.71,ADEQUATE,0,0.026678,18743.4,5921.0,3.1656,0.023996,49.35
48029,TX,Pulmonary,Respiratory Disease,1,6782,29098.5,41,221943,221943.0,781116.3,5413.243902439024,5413.243902439024,35,0,100.0,24.0,3.5194,62.67,48.71,22.71,ADEQUATE,0,0.030557,29098.5,6782.0,4.2905,0.037252,65.9
48029,TX,Pulmonary,Respiratory Disease,1,6326,20330.3,41,221943,221943.0,781116.3,5413.243902439024,5413.243902439024,35,0,100.0,24.0,3.5194,62.67,48.71,22.71,ADEQUATE,0,0.028503,20330.3,6326.0,3.2138,0.026027,57.7
48029,TX,Pulmonary,Respiratory Disease,1,4554,14232.6,41,221943,221943.0,781116.3,5413.243902439024,5413.243902439024,35,0,100.0,24.0,3.5194,62.67,48.71,22.71,ADEQUATE,0,0.020519,14232.6,4554.0,3.1253,0.018221,19.55
48029,TX,Pulmonary,Respiratory Disease,1,5212,18009.3,41,221943,221943.0,781116.3,5413.243902439024,5413.243902439024,35,0,100.0,24.0,3.5194,62.67,48.71,22.71,ADEQUATE,0,0.023484,18009.3,5212.0,3.4554,0.023056,32.55
48029,TX,Pulmonary,Respiratory Disease,1,3503,16372.6,41,221943,221943.0,781116.3,5413.243902439024,5413.243902439024,35,0,100.0,24.0,3.5194,62.67,48.71,22.71,ADEQUATE,0,0.015783,16372.6,3503.0,4.6739,0.020961,3.5
48029,TX,Pulmonary,Respiratory Disease,1,4772,14737.2,41,221943,221943.0,781116.3,5413.243902439024,5413.243902439024,35,0,100.0,24.0,3.5194,62.67,48.71,22.71,ADEQUATE,0,0.021501,14737.2,4772.0,3.0883,0.018867,23.78
48029,TX,Pulmonary,Respiratory Disease,1,3668,8894.7,41,221943,221943.0,781116.3,5413.243902439024,5413.243902439024,35,0,100.0,24.0,3.5194,62.67,48.71,22.71,ADEQUATE,0,0.016527,8894.7,3668.0,2.4249,0.011387,5.85
48029,TX,Pulmonary,Respiratory Disease,1,6421,16632.8,41,221943,221943.0,781116.3,5413.243902439024,5413.243902439024,35,0,100.0,24.0,3.5194,62.67,48.71,22.71,ADEQUATE,0,0.028931,16632.8,6421.0,2.5904,0.021294,59.1
48029,TX,Pulmonary,Respiratory Disease,1,4158,17806.8,41,221943,221943.0,781116.3,5413.243902439024,5413.243902439024,35,0,100.0,24.0,3.5194,62.67,48.71,22.71,ADEQUATE,0,0.018735,17806.8,4158.0,4.2825,0.022797,12.62
48029,TX,Pulmonary,Respiratory Disease,1,7181,21533.2,41,221943,221943.0,781116.3,5413.243902439024,5413.243902439024,35,0,100.0,24.0,3.5194,62.67,48.71,22.71,ADEQUATE,0,0.032355,21533.2,7181.0,2.9986,0.027567,72.25
48029,TX,Pulmonary,Respiratory Disease,1,5605,23258.1,41,221943,221943.0,781116.3,5413.243902439024,5413.243902439024,35,0,100.0,24.0,3.5194,62.67,48.71,22.71,ADEQUATE,0,0.025254,23258.1,5605.0,4.1495,0.029775,41.95
48029,TX,Pulmonary,Respiratory Disease,1,5548,26495.6,41,221943,221943.0,781116.3,5413.243902439024,5413.243902439024,35,0,100.0,24.0,3.5194,62.67,48.71,22.71,ADEQUATE,0,0.024997,26495.6,5548.0,4.7757,0.03392,40.6
48029,TX,Pulmonary,Respiratory Disease,1,5933,21894.9,41,221943,221943.0,781116.3,5413.243902439024,5413.243902439024,35,0,100.0,24.0,3.5194,62.67,48.71,22.71,ADEQUATE,0,0.026732,21894.9,5933.0,3.6904,0.02803,49.7
48029,TX,Pulmonary,Respiratory Disease,1,4047,14705.6,41,221943,221943.0,781116.3,5413.243902439024,5413.243902439024,35,0,100.0,24.0,3.5194,62.67,48.71,22.71,ADEQUATE,0,0.018234,14705.6,4047.0,3.6337,0.018826,10.48
48029,TX,Rheumatology,Arthritis,1,6685,26698.6,40,282826,282826.0,1073679.5,7070.65,7070.65,45,5,88.89,68.0,3.7963,18.67,40.64,30.9,ADEQUATE,5,0.023636,26698.6,6685.0,3.9938,0.024866,64.15
48029,TX,Rheumatology,Arthritis,1,6624,17091.8,40,282826,282826.0,1073679.5,7070.65,7070.65,45,5,88.89,68.0,3.7963,18.67,40.64,30.9,ADEQUATE,5,0.023421,17091.8,6624.0,2.5803,0.015919,62.82
48029,TX,Rheumatology,Arthritis,1,8897,37270.9,40,282826,282826.0,1073679.5,7070.65,7070.65,45,5,88.89,68.0,3.7963,18.67,40.64,30.9,ADEQUATE,5,0.031458,37270.9,8897.0,4.1892,0.034713,89.95
48029,TX,Rheumatology,Arthritis,1,6305,26148.8,40,282826,282826.0,1073679.5,7070.65,7070.65,45,5,88.89,68.0,3.7963,18.67,40.64,30.9,ADEQUATE,5,0.022293,26148.8,6305.0,4.1473,0.024354,57.25
48029,TX,Rheumatology,Arthritis,1,5661,22334.9,40,282826,282826.0,1073679.5,7070.65,7070.65,45,5,88.89,68.0,3.7963,18.67,40.64,30.9,ADEQUATE,5,0.020016,22334.9,5661.0,3.9454,0.020802,43.0
48029,TX,Rheumatology,Arthritis,1,7430,33378.7,40,282826,282826.0,1073679.5,7070.65,7070.65,45,5,88.89,68.0,3.7963,18.67,40.64,30.9,ADEQUATE,5,0.026271,33378.7,7430.0,4.4924,0.031088,76.3
48029,TX,Rheumatology,Arthritis,1,8873,30597.1,40,282826,282826.0,1073679.5,7070.65,7070.65,45,5,88.89,68.0,3.7963,18.67,40.64,30.9,ADEQUATE,5,0.031373,30597.1,8873.0,3.4483,0.028497,89.7
48029,TX,Rheumatology,Arthritis,1,5078,22025.2,40,282826,282826.0,1073679.5,7070.65,7070.65,45,5,88.89,68.0,3.7963,18.67,40.64,30.9,ADEQUATE,5,0.017955,22025.2,5078.0,4.3374,0.020514,29.4
48029,TX,Rheumatology,Arthritis,1,8840,31208.5,40,282826,282826.0,1073679.5,7070.65,7070.65,45,5,88.89,68.0,3.7963,18.67,40.64,30.9,ADEQUATE,5,0.031256,31208.5,8840.0,3.5304,0.029067,89.35
48029,TX,Rheumatology,Arthritis,1,4738,17246.3,40,282826,282826.0,1073679.5,7070.65,7070.65,45,5,88.89,68.0,3.7963,18.67,40.64,30.9,ADEQUATE,5,0.016752,17246.3,4738.0,3.64,0.016063,22.8
48029,TX,Rheumatology,Arthritis,1,8096,32476.8,40,282826,282826.0,1073679.5,7070.65,7070.65,45,5,88.89,68.0,3.7963,18.67,40.64,30.9,ADEQUATE,5,0.028625,32476.8,8096.0,4.0115,0.030248,82.72
48029,TX,Rheumatology,Arthritis,1,4600,17185.2,40,282826,282826.0,1073679.5,7070.65,7070.65,45,5,88.89,68.0,3.7963,18.67,40.64,30.9,ADEQUATE,5,0.016264,17185.2,4600.0,3.7359,0.016006,20.45
48029,TX,Rheumatology,Arthritis,1,8145,28007.7,40,282826,282826.0,1073679.5,7070.65,7070.65,45,5,88.89,68.0,3.7963,18.67,40.64,30.9,ADEQUATE,5,0.028799,28007.7,8145.0,3.4386,0.026086,83.15
48029,TX,Rheumatology,Arthritis,1,7906,36752.0,40,282826,282826.0,1073679.5,7070.65,7070.65,45,5,88.89,68.0,3.7963,18.67,40.64,30.9,ADEQUATE,5,0.027954,36752.0,7906.0,4.6486,0.03423,80.75
48029,TX,Rheumatology,Arthritis,1,6404,25789.2,40,282826,282826.0,1073679.5,7070.65,7070.65,45,5,88.89,68.0,3.7963,18.67,40.64,30.9,ADEQUATE,5,0.022643,25789.2,6404.0,4.027,0.024019,58.8
48029,TX,Rheumatology,Arthritis,1,9049,31079.4,40,282826,282826.0,1073679.5,7070.65,7070.65,45,5,88.89,68.0,3.7963,18.67,40.64,30.9,ADEQUATE,5,0.031995,31079.4,9049.0,3.4346,0.028947,90.85
48029,TX,Rheumatology,Arthritis,1,6228,28160.9,40,282826,282826.0,1073679.5,7070.65,7070.65,45,5,88.89,68.0,3.7963,18.67,40.64,30.9,ADEQUATE,5,0.022021,28160.9,6228.0,4.5217,0.026228,55.5
48029,TX,Rheumatology,Arthritis,1,7081,17104.2,40,282826,282826.0,1073679.5,7070.65,7070.65,45,5,88.89,68.0,3.7963,18.67,40.64,30.9,ADEQUATE,5,0.025037,17104.2,7081.0,2.4155,0.01593,70.85
48029,TX,Rheumatology,Arthritis,1,9042,36676.0,40,282826,282826.0,1073679.5,7070.65,7070.65,45,5,88.89,68.0,3.7963,18.67,40.64,30.9,ADEQUATE,5,0.03197,36676.0,9042.0,4.0562,0.034159,90.8
48029,TX,Rheumatology,Arthritis,1,8188,22938.6,40,282826,282826.0,1073679.5,7070.65,7070.65,45,5,88.89,68.0,3.7963,18.67,40.64,30.9,ADEQUATE,5,0.028951,22938.6,8188.0,2.8015,0.021364,83.65
48029,TX,Rheumatology,Arthritis,1,6279,25264.3,40,282826,282826.0,1073679.5,7070.65,7070.65,45,5,88.89,68.0,3.7963,18.67,40.64,30.9,ADEQUATE,5,0.022201,25264.3,6279.0,4.0236,0.023531,56.75
48029,TX,Rheumatology,Arthritis,1,6585,27295.5,40,282826,282826.0,1073679.5,7070.65,7070.65,45,5,88.89,68.0,3.7963,18.67,40.64,30.9,ADEQUATE,5,0.023283,27295.5,6585.0,4.1451,0.025422,62.3
48029,TX,Rheumatology,Arthritis,1,6980,33068.8,40,282826,282826.0,1073679.5,7070.65,7070.65,45,5,88.89,68.0,3.7963,18.67,40.64,30.9,ADEQUATE,5,0.024679,33068.8,6980.0,4.7377,0.0308,69.08
48029,TX,Rheumatology,Arthritis,1,4681,14012.0,40,282826,282826.0,1073679.5,7070.65,7070.65,45,5,88.89,68.0,3.7963,18.67,40.64,30.9,ADEQUATE,5,0.016551,14012.0,4681.0,2.9934,0.01305,21.8
48029,TX,Rheumatology,Arthritis,1,9103,35666.5,40,282826,282826.0,1073679.5,7070.65,7070.65,45,5,88.89,68.0,3.7963,18.67,40.64,30.9,ADEQUATE,5,0.032186,35666.5,9103.0,3.9181,0.033219,91.1
48029,TX,Rheumatology,Arthritis,1,6010,26898.0,40,282826,282826.0,1073679.5,7070.65,7070.65,45,5,88.89,68.0,3.7963,18.67,40.64,30.9,ADEQUATE,5,0.02125,26898.0,6010.0,4.4755,0.025052,51.12
48029,TX,Rheumatology,Arthritis,1,9020,42126.1,40,282826,282826.0,1073679.5,7070.65,7070.65,45,5,88.89,68.0,3.7963,18.67,40.64,30.9,ADEQUATE,5,0.031892,42126.1,9020.0,4.6703,0.039235,90.55
48029,TX,Rheumatology,Arthritis,1,8062,30961.3,40,282826,282826.0,1073679.5,7070.65,7070.65,45,5,88.89,68.0,3.7963,18.67,40.64,30.9,ADEQUATE,5,0.028505,30961.3,8062.0,3.8404,0.028837,82.28
48029,TX,Rheumatology,Arthritis,1,7738,24140.8,40,282826,282826.0,1073679.5,7070.65,7070.65,45,5,88.89,68.0,3.7963,18.67,40.64,30.9,ADEQUATE,5,0.02736,24140.8,7738.0,3.1198,0.022484,79.5
48029,TX,Rheumatology,Arthritis,1,6787,29562.0,40,282826,282826.0,1073679.5,7070.65,7070.65,45,5,88.89,68.0,3.7963,18.67,40.64,30.9,ADEQUATE,5,0.023997,29562.0,6787.0,4.3557,0.027533,65.97
48029,TX,Rheumatology,Arthritis,1,5437,24505.6,40,282826,282826.0,1073679.5,7070.65,7070.65,45,5,88.89,68.0,3.7963,18.67,40.64,30.9,ADEQUATE,5,0.019224,24505.6,5437.0,4.5072,0.022824,37.88
48029,TX,Rheumatology,Arthritis,1,9169,25260.1,40,282826,282826.0,1073679.5,7070.65,7070.65,45,5,88.89,68.0,3.7963,18.67,40.64,30.9,ADEQUATE,5,0.032419,25260.1,9169.0,2.7549,0.023527,91.25
48029,TX,Rheumatology,Arthritis,1,7109,31647.4,40,282826,282826.0,1073679.5,7070.65,7070.65,45,5,88.89,68.0,3.7963,18.67,40.64,30.9,ADEQUATE,5,0.025136,31647.4,7109.0,4.4517,0.029476,71.45
48029,TX,Rheumatology,Arthritis,1,8544,28817.6,40,282826,282826.0,1073679.5,7070.65,7070.65,45,5,88.89,68.0,3.7963,18.67,40.64,30.9,ADEQUATE,5,0.030209,28817.6,8544.0,3.3728,0.02684,87.18
48029,TX,Rheumatology,Arthritis,1,6098,18973.5,40,282826,282826.0,1073679.5,7070.65,7070.65,45,5,88.89,68.0,3.7963,18.67,40.64,30.9,ADEQUATE,5,0.021561,18973.5,6098.0,3.1114,0.017671,52.78
48029,TX,Rheumatology,Arthritis,1,8460,22713.8,40,282826,282826.0,1073679.5,7070.65,7070.65,45,5,88.89,68.0,3.7963,18.67,40.64,30.9,ADEQUATE,5,0.029912,22713.8,8460.0,2.6848,0.021155,86.2
48029,TX,Rheumatology,Arthritis,1,4829,20117.0,40,282826,282826.0,1073679.5,7070.65,7070.65,45,5,88.89,68.0,3.7963,18.67,40.64,30.9,ADEQUATE,5,0.017074,20117.0,4829.0,4.1659,0.018737,25.15
48029,TX,Rheumatology,Arthritis,1,4806,18939.6,40,282826,282826.0,1073679.5,7070.65,7070.65,45,5,88.89,68.0,3.7963,18.67,40.64,30.9,ADEQUATE,5,0.016993,18939.6,4806.0,3.9408,0.01764,24.6
48029,TX,Rheumatology,Arthritis,1,5780,27167.0,40,282826,282826.0,1073679.5,7070.65,7070.65,45,5,88.89,68.0,3.7963,18.67,40.64,30.9,ADEQUATE,5,0.020437,27167.0,5780.0,4.7002,0.025303,46.15
48029,TX,Rheumatology,Arthritis,1,7479,26371.8,40,282826,282826.0,1073679.5,7070.65,7070.65,45,5,88.89,68.0,3.7963,18.67,40.64,30.9,ADEQUATE,5,0.026444,26371.8,7479.0,3.5261,0.024562,77.15
48085,TX,Cardiology,Heart Disease,1,3278,11798.6,25,113724,113724.0,401452.9,4548.96,4548.96,18,0,100.0,5.33,3.5301,46.67,31.21,13.01,ADEQUATE,0,0.028824,11798.6,3278.0,3.5993,0.02939,2.0
48085,TX,Cardiology,Heart Disease,1,4362,18310.1,25,113724,113724.0,401452.9,4548.96,4548.96,18,0,100.0,5.33,3.5301,46.67,31.21,13.01,ADEQUATE,0,0.038356,18310.1,4362.0,4.1976,0.04561,15.8
48085,TX,Cardiology,Heart Disease,1,5588,18305.4,25,113724,113724.0,401452.9,4548.96,4548.96,18,0,100.0,5.33,3.5301,46.67,31.21,13.01,ADEQUATE,0,0.049137,18305.4,5588.0,3.2758,0.045598,41.42
48085,TX,Cardiology,Heart Disease,1,3934,13656.7,25,113724,113724.0,401452.9,4548.96,4548.96,18,0,100.0,5.33,3.5301,46.67,31.21,13.01,ADEQUATE,0,0.034593,13656.7,3934.0,3.4715,0.034018,8.55
48085,TX,Cardiology,Heart Disease,1,4706,22180.5,25,113724,113724.0,401452.9,4548.96,4548.96,18,0,100.0,5.33,3.5301,46.67,31.21,13.01,ADEQUATE,0,0.041381,22180.5,4706.0,4.7132,0.055251,22.2
48085,TX,Cardiology,Heart Disease,1,5480,22847.0,25,113724,113724.0,401452.9,4548.96,4548.96,18,0,100.0,5.33,3.5301,46.67,31.21,13.01,ADEQUATE,0,0.048187,22847.0,5480.0,4.1692,0.056911,39.15
48085,TX,Cardiology,Heart Disease,1,4948,17757.4,25,113724,113724.0,401452.9,4548.96,4548.96,18,0,100.0,5.33,3.5301,46.67,31.21,13.01,ADEQUATE,0,0.043509,17757.4,4948.0,3.5888,0.044233,27.08
48085,TX,Cardiology,Heart Disease,1,3211,15349.6,25,113724,113724.0,401452.9,4548.96,4548.96,18,0,100.0,5.33,3.5301,46.67,31.21,13.01,ADEQUATE,0,0.028235,15349.6,3211.0,4.7803,0.038235,1.7
48085,TX,Cardiology,Heart Disease,1,4185,10855.9,25,113724,113724.0,401452.9,4548.96,4548.96,18,0,100.0,5.33,3.5301,46.67,31.21,13.01,ADEQUATE,0,0.0368,10855.9,4185.0,2.594,0.027042,13.05
48085,TX,Cardiology,Heart Disease,1,4464,19872.2,25,113724,113724.0,401452.9,4548.96,4548.96,18,0,100.0,5.33,3.5301,46.67,31.21,13.01,ADEQUATE,0,0.039253,19872.2,4464.0,4.4517,0.049501,17.88
48085,TX,Cardiology,Heart Disease,1,5130,17367.4,25,113724,113724.0,401452.9,4548.96,4548.96,18,0,100.0,5.33,3.5301,46.67,31.21,13.01,ADEQUATE,0,0.045109,17367.4,5130.0,3.3855,0.043261,30.6
48085,TX,Cardiology,Heart Disease,1,6080,21848.7,25,113724,113724.0,401452.9,4548.96,4548.96,18,0,100.0,5.33,3.5301,46.67,31.21,13.01,ADEQUATE,0,0.053463,21848.7,6080.0,3.5935,0.054424,52.35
48085,TX,Cardiology,Heart Disease,1,5187,15373.4,25,113724,113724.0,401452.9,4548.96,4548.96,18,0,100.0,5.33,3.5301,46.67,31.21,13.01,ADEQUATE,0,0.04561,15373.4,5187.0,2.9638,0.038294,31.75
48085,TX,Cardiology,Heart Disease,1,5963,20212.7,25,113724,113724.0,401452.9,4548.96,4548.96,18,0,100.0,5.33,3.5301,46.67,31.21,13.01,ADEQUATE,0,0.052434,20212.7,5963.0,3.3897,0.050349,50.05
48085,TX,Cardiology,Heart Disease,1,5721,14145.3,25,113724,113724.0,401452.9,4548.96,4548.96,18,0,100.0,5.33,3.5301,46.67,31.21,13.01,ADEQUATE,0,0.050306,14145.3,5721.0,2.4725,0.035235,44.58
48085,TX,Cardiology,Heart Disease,1,2982,13037.8,25,113724,113724.0,401452.9,4548.96,4548.96,18,0,100.0,5.33,3.5301,46.67,31.21,13.01,ADEQUATE,0,0.026221,13037.8,2982.0,4.3722,0.032477,0.7
48085,TX,Cardiology,Heart Disease,1,3462,10297.6,25,113724,113724.0,401452.9,4548.96,4548.96,18,0,100.0,5.33,3.5301,46.67,31.21,13.01,ADEQUATE,0,0.030442,10297.6,3462.0,2.9745,0.025651,3.35
48085,TX,Cardiology,Heart Disease,1,3389,13034.8,25,113724,113724.0,401452.9,4548.96,4548.96,18,0,100.0,5.33,3.5301,46.67,31.21,13.01,ADEQUATE,0,0.0298,13034.8,3389.0,3.8462,0.032469,2.8
48085,TX,Cardiology,Heart Disease,1,5125,20705.3,25,113724,113724.0,401452.9,4548.96,4548.96,18,0,100.0,5.33,3.5301,46.67,31.21,13.01,ADEQUATE,0,0.045065,20705.3,5125.0,4.0401,0.051576,30.42
48085,TX,Cardiology,Heart Disease,1,4655,13871.4,25,113724,113724.0,401452.9,4548.96,4548.96,18,0,100.0,5.33,3.5301,46.67,31.21,13.01,ADEQUATE,0,0.040932,13871.4,4655.0,2.9799,0.034553,21.48
48085,TX,Cardiology,Heart Disease,1,3307,8169.0,25,113724,113724.0,401452.9,4548.96,4548.96,18,0,100.0,5.33,3.5301,46.67,31.21,13.01,ADEQUATE,0,0.029079,8169.0,3307.0,2.4702,0.020349,2.15
48085,TX,Cardiology,Heart Disease,1,4021,13332.7,25,113724,113724.0,401452.9,4548.96,4548.96,18,0,100.0,5.33,3.5301,46.67,31.21,13.01,ADEQUATE,0,0.035358,13332.7,4021.0,3.3158,0.033211,10.1
48085,TX,Cardiology,Heart Disease,1,5178,16445.7,25,113724,113724.0,401452.9,4548.96,4548.96,18,0,100.0,5.33,3.5301,46.67,31.21,13.01,ADEQUATE,0,0.045531,16445.7,5178.0,3.1761,0.040965,31.4
48085,TX,Cardiology,Heart Disease,1,3863,17084.1,25,113724,113724.0,401452.9,4548.96,4548.96,18,0,100.0,5.33,3.5301,46.67,31.21,13.01,ADEQUATE,0,0.033968,17084.1,3863.0,4.4225,0.042556,7.95
48085,TX,Cardiology,Heart Disease,1,5505,15593.6,25,113724,113724.0,401452.9,4548.96,4548.96,18,0,100.0,5.33,3.5301,46.67,31.21,13.01,ADEQUATE,0,0.048407,15593.6,5505.0,2.8326,0.038843,39.65
48085,TX,Endocrinology,Diabetes,1,3997,10317.9,24,136614,136614.0,473248.1,5692.25,5692.25,22,0,100.0,30.67,3.4641,30.67,35.86,17.65,ADEQUATE,0,0.029258,10317.9,3997.0,2.5814,0.021802,9.7
48085,TX,Endocrinology,Diabetes,1,7207,31200.3,24,136614,136614.0,473248.1,5692.25,5692.25,22,0,100.0,30.67,3.4641,30.67,35.86,17.65,ADEQUATE,0,0.052754,31200.3,7207.0,4.3292,0.065928,72.65
48085,TX,Endocrinology,Diabetes,1,4175,11836.1,24,136614,136614.0,473248.1,5692.25,5692.25,22,0,100.0,30.67,3.4641,30.67,35.86,17.65,ADEQUATE,0,0.030561,11836.1,4175.0,2.835,0.02501,12.95
48085,TX,Endocrinology,Diabetes,1,6417,21235.8,24,136614,136614.0,473248.1,5692.25,5692.25,22,0,100.0,30.67,3.4641,30.67,35.86,17.65,ADEQUATE,0,0.046972,21235.8,6417.0,3.3093,0.044872,59.0
48085,TX,Endocrinology,Diabetes,1,5666,14533.4,24,136614,136614.0,473248.1,5692.25,5692.25,22,0,100.0,30.67,3.4641,30.67,35.86,17.65,ADEQUATE,0,0.041475,14533.4,5666.0,2.565,0.03071,43.15
48085,TX,Endocrinology,Diabetes,1,6658,18389.0,24,136614,136614.0,473248.1,5692.25,5692.25,22,0,100.0,30.67,3.4641,30.67,35.86,17.65,ADEQUATE,0,0.048736,18389.0,6658.0,2.7619,0.038857,63.52
48085,TX,Endocrinology,Diabetes,1,5948,25827.9,24,136614,136614.0,473248.1,5692.25,5692.25,22,0,100.0,30.67,3.4641,30.67,35.86,17.65,ADEQUATE,0,0.043539,25827.9,5948.0,4.3423,0.054576,49.85
48085,TX,Endocrinology,Diabetes,1,5200,24860.2,24,136614,136614.0,473248.1,5692.25,5692.25,22,0,100.0,30.67,3.4641,30.67,35.86,17.65,ADEQUATE,0,0.038063,24860.2,5200.0,4.7808,0.052531,32.15
48085,TX,Endocrinology,Diabetes,1,7576,18808.0,24,136614,136614.0,473248.1,5692.25,5692.25,22,0,100.0,30.67,3.4641,30.67,35.86,17.65,ADEQUATE,0,0.055456,18808.0,7576.0,2.4826,0.039742,78.3
48085,TX,Endocrinology,Diabetes,1,4875,21900.3,24,136614,136614.0,473248.1,5692.25,5692.25,22,0,100.0,30.67,3.4641,30.67,35.86,17.65,ADEQUATE,0,0.035684,21900.3,4875.0,4.4924,0.046277,25.85
48085,TX,Endocrinology,Diabetes,1,3984,11093.4,24,136614,136614.0,473248.1,5692.25,5692.25,22,0,100.0,30.67,3.4641,30.67,35.86,17.65,ADEQUATE,0,0.029162,11093.4,3984.0,2.7845,0.023441,9.43
48085,TX,Endocrinology,Diabetes,1,6692,18032.5,24,136614,136614.0,473248.1,5692.25,5692.25,22,0,100.0,30.67,3.4641,30.67,35.86,17.65,ADEQUATE,0,0.048985,18032.5,6692.0,2.6946,0.038104,64.32
48085,TX,Endocrinology,Diabetes,1,5010,18401.2,24,136614,136614.0,473248.1,5692.25,5692.25,22,0,100.0,30.67,3.4641,30.67,35.86,17.65,ADEQUATE,0,0.036673,18401.2,5010.0,3.6729,0.038883,28.3
48085,TX,Endocrinology,Diabetes,1,6730,17585.7,24,136614,136614.0,473248.1,5692.25,5692.25,22,0,100.0,30.67,3.4641,30.67,35.86,17.65,ADEQUATE,0,0.049263,17585.7,6730.0,2.613,0.03716,65.0
48085,TX,Endocrinology,Diabetes,1,4718,12829.8,24,136614,136614.0,473248.1,5692.25,5692.25,22,0,100.0,30.67,3.4641,30.67,35.86,17.65,ADEQUATE,0,0.034535,12829.8,4718.0,2.7193,0.02711,22.42
48085,TX,Endocrinology,Diabetes,1,4071,17359.0,24,136614,136614.0,473248.1,5692.25,5692.25,22,0,100.0,30.67,3.4641,30.67,35.86,17.65,ADEQUATE,0,0.029799,17359.0,4071.0,4.2641,0.036681,11.08
48085,TX,Endocrinology,Diabetes,1,5721,18946.7,24,136614,136614.0,473248.1,5692.25,5692.25,22,0,100.0,30.67,3.4641,30.67,35.86,17.65,ADEQUATE,0,0.041877,18946.7,5721.0,3.3118,0.040035,44.58
48085,TX,Endocrinology,Diabetes,1,6150,25164.3,24,136614,136614.0,473248.1,5692.25,5692.25,22,0,100.0,30.67,3.4641,30.67,35.86,17.65,ADEQUATE,0,0.045017,25164.3,6150.0,4.0918,0.053174,54.0
48085,TX,Endocrinology,Diabetes,1,6544,22352.5,24,136614,136614.0,473248.1,5692.25,5692.25,22,0,100.0,30.67,3.4641,30.67,35.86,17.65,ADEQUATE,0,0.047901,22352.5,6544.0,3.4157,0.047232,61.65
48085,TX,Endocrinology,Diabetes,1,5877,22834.0,24,136614,136614.0,473248.1,5692.25,5692.25,22,0,100.0,30.67,3.4641,30.67,35.86,17.65,ADEQUATE,0,0.043019,22834.0,5877.0,3.8853,0.04825,48.0
48085,TX,Endocrinology,Diabetes,1,4697,16858.7,24,136614,136614.0,473248.1,5692.25,5692.25,22,0,100.0,30.67,3.4641,30.67,35.86,17.65,ADEQUATE,0,0.034382,16858.7,4697.0,3.5892,0.035623,22.15
48085,TX,Endocrinology,Diabetes,1,4191,10482.5,24,136614,136614.0,473248.1,5692.25,5692.25,22,0,100.0,30.67,3.4641,30.67,35.86,17.65,ADEQUATE,0,0.030678,10482.5,4191.0,2.5012,0.02215,13.35
48085,TX,Endocrinology,Diabetes,1,7089,29840.3,24,136614,136614.0,473248.1,5692.25,5692.25,22,0,100.0,30.67,3.4641,30.67,35.86,17.65,ADEQUATE,0,0.051891,29840.3,7089.0,4.2094,0.063054,71.0
48085,TX,Endocrinology,Diabetes,1,7421,32558.6,24,136614,136614.0,473248.1,5692.25,5692.25,22,0,100.0,30.67,3.4641,30.67,35.86,17.65,ADEQUATE,0,0.054321,32558.6,7421.0,4.3874,0.068798,76.0
48085,TX,Psychiatry,Mental Health Disorders,1,5885,23291.2,20,162730,162730.0,553457.1,8136.5,8136.5,26,6,76.92,78.67,3.4011,77.33,43.81,48.22,LOW GAP,6,0.036164,23291.2,5885.0,3.9577,0.042083,48.18
48085,TX,Psychiatry,Mental Health Disorders,1,7810,30890.6,20,162730,162730.0,553457.1,8136.5,8136.5,26,6,76.92,78.67,3.4011,77.33,43.81,48.22,LOW GAP,6,0.047994,30890.6,7810.0,3.9553,0.055814,80.05
48085,TX,Psychiatry,Mental Health Disorders,1,11180,40188.7,20,162730,162730.0,553457.1,8136.5,8136.5,26,6,76.92,78.67,3.4011,77.33,43.81,48.22,LOW GAP,6,0.068703,40188.7,11180.0,3.5947,0.072614,98.05
48085,TX,Psychiatry,Mental Health Disorders,1,8365,36193.3,20,162730,162730.0,553457.1,8136.5,8136.5,26,6,76.92,78.67,3.4011,77.33,43.81,48.22,LOW GAP,6,0.051404,36193.3,8365.0,4.3268,0.065395,85.2
48085,TX,Psychiatry,Mental Health Disorders,1,6091,27515.7,20,162730,162730.0,553457.1,8136.5,8136.5,26,6,76.92,78.67,3.4011,77.33,43.81,48.22,LOW GAP,6,0.03743,27515.7,6091.0,4.5174,0.049716,52.55
48085,TX,Psychiatry,Mental Health Disorders,1,7465,31171.3,20,162730,162730.0,553457.1,8136.5,8136.5,26,6,76.92,78.67,3.4011,77.33,43.81,48.22,LOW GAP,6,0.045874,31171.3,7465.0,4.1757,0.056321,76.9
48085,TX,Psychiatry,Mental Health Disorders,1,6640,16626.7,20,162730,162730.0,553457.1,8136.5,8136.5,26,6,76.92,78.67,3.4011,77.33,43.81,48.22,LOW GAP,6,0.040804,16626.7,6640.0,2.504,0.030042,63.05
48085,TX,Psychiatry,Mental Health Disorders,1,9830,36104.3,20,162730,162730.0,553457.1,8136.5,8136.5,26,6,76.92,78.67,3.4011,77.33,43.81,48.22,LOW GAP,6,0.060407,36104.3,9830.0,3.6729,0.065234,93.75
48085,TX,Psychiatry,Mental Health Disorders,1,9743,23543.7,20,162730,162730.0,553457.1,8136.5,8136.5,26,6,76.92,78.67,3.4011,77.33,43.81,48.22,LOW GAP,6,0.059872,23543.7,9743.0,2.4165,0.042539,93.25
48085,TX,Psychiatry,Mental Health Disorders,1,7758,24380.5,20,162730,162730.0,553457.1,8136.5,8136.5,26,6,76.92,78.67,3.4011,77.33,43.81,48.22,LOW GAP,6,0.047674,24380.5,7758.0,3.1426,0.044051,79.65
48085,TX,Psychiatry,Mental Health Disorders,1,7737,28003.8,20,162730,162730.0,553457.1,8136.5,8136.5,26,6,76.92,78.67,3.4011,77.33,43.81,48.22,LOW GAP,6,0.047545,28003.8,7737.0,3.6195,0.050598,79.42
48085,TX,Psychiatry,Mental Health Disorders,1,6421,17322.1,20,162730,162730.0,553457.1,8136.5,8136.5,26,6,76.92,78.67,3.4011,77.33,43.81,48.22,LOW GAP,6,0.039458,17322.1,6421.0,2.6977,0.031298,59.1
48085,TX,Psychiatry,Mental Health Disorders,1,7425,19228.2,20,162730,162730.0,553457.1,8136.5,8136.5,26,6,76.92,78.67,3.4011,77.33,43.81,48.22,LOW GAP,6,0.045628,19228.2,7425.0,2.5897,0.034742,76.12
48085,TX,Psychiatry,Mental Health Disorders,1,11361,31909.5,20,162730,162730.0,553457.1,8136.5,8136.5,26,6,76.92,78.67,3.4011,77.33,43.81,48.22,LOW GAP,6,0.069815,31909.5,11361.0,2.8087,0.057655,98.35
48085,TX,Psychiatry,Mental Health Disorders,1,8496,34553.1,20,162730,162730.0,553457.1,8136.5,8136.5,26,6,76.92,78.67,3.4011,77.33,43.81,48.22,LOW GAP,6,0.052209,34553.1,8496.0,4.067,0.062431,86.62
48085,TX,Psychiatry,Mental Health Disorders,1,10915,26687.9,20,162730,162730.0,553457.1,8136.5,8136.5,26,6,76.92,78.67,3.4011,77.33,43.81,48.22,LOW GAP,6,0.067074,26687.9,10915.0,2.4451,0.04822,97.5
48085,TX,Psychiatry,Mental Health Disorders,1,5675,24492.5,20,162730,162730.0,553457.1,8136.5,8136.5,26,6,76.92,78.67,3.4011,77.33,43.81,48.22,LOW GAP,6,0.034874,24492.5,5675.0,4.3159,0.044254,43.32
48085,TX,Psychiatry,Mental Health Disorders,1,6093,18661.9,20,162730,162730.0,553457.1,8136.5,8136.5,26,6,76.92,78.67,3.4011,77.33,43.81,48.22,LOW GAP,6,0.037442,18661.9,6093.0,3.0628,0.033719,52.62
48085,TX,Psychiatry,Mental Health Disorders,1,8906,31184.4,20,162730,162730.0,553457.1,8136.5,8136.5,26,6,76.92,78.67,3.4011,77.33,43.81,48.22,LOW GAP,6,0.054729,31184.4,8906.0,3.5015,0.056345,90.0
48085,TX,Psychiatry,Mental Health Disorders,1,8934,31507.7,20,162730,162730.0,553457.1,8136.5,8136.5,26,6,76.92,78.67,3.4011,77.33,43.81,48.22,LOW GAP,6,0.054901,31507.7,8934.0,3.5267,0.056929,90.1
48085,TX,Pulmonary,Respiratory Disease,1,7137,31545.5,23,131461,131461.0,494168.8,5715.695652173913,5715.695652173913,21,0,100.0,33.33,3.7591,76.0,47.98,26.93,ADEQUATE,0,0.05429,31545.5,7137.0,4.42,0.063835,71.9
48085,TX,Pulmonary,Respiratory Disease,1,6914,23685.6,23,131461,131461.0,494168.8,5715.695652173913,5715.695652173913,21,0,100.0,33.33,3.7591,76.0,47.98,26.93,ADEQUATE,0,0.052594,23685.6,6914.0,3.4257,0.04793,67.85
48085,TX,Pulmonary,Respiratory Disease,1,6723,26635.3,23,131461,131461.0,494168.8,5715.695652173913,5715.695652173913,21,0,100.0,33.33,3.7591,76.0,47.98,26.93,ADEQUATE,0,0.051141,26635.3,6723.0,3.9618,0.053899,64.9
48085,TX,Pulmonary,Respiratory Disease,1,4053,17397.2,23,131461,131461.0,494168.8,5715.695652173913,5715.695652173913,21,0,100.0,33.33,3.7591,76.0,47.98,26.93,ADEQUATE,0,0.03083,17397.2,4053.0,4.2924,0.035205,10.55
48085,TX,Pulmonary,Respiratory Disease,1,5175,17076.6,23,131461,131461.0,494168.8,5715.695652173913,5715.695652173913,21,0,100.0,33.33,3.7591,76.0,47.98,26.93,ADEQUATE,0,0.039365,17076.6,5175.0,3.2998,0.034556,31.3
48085,TX,Pulmonary,Respiratory Disease,1,6335,15867.0,23,131461,131461.0,494168.8,5715.695652173913,5715.695652173913,21,0,100.0,33.33,3.7591,76.0,47.98,26.93,ADEQUATE,0,0.048189,15867.0,6335.0,2.5047,0.032108,57.88
48085,TX,Pulmonary,Respiratory Disease,1,4220,19965.3,23,131461,131461.0,494168.8,5715.695652173913,5715.695652173913,21,0,100.0,33.33,3.7591,76.0,47.98,26.93,ADEQUATE,0,0.032101,19965.3,4220.0,4.7311,0.040402,13.82
48085,TX,Pulmonary,Respiratory Disease,1,7370,34427.8,23,131461,131461.0,494168.8,5715.695652173913,5715.695652173913,21,0,100.0,33.33,3.7591,76.0,47.98,26.93,ADEQUATE,0,0.056062,34427.8,7370.0,4.6713,0.069668,75.25
48085,TX,Pulmonary,Respiratory Disease,1,7033,28018.8,23,131461,131461.0,494168.8,5715.695652173913,5715.695652173913,21,0,100.0,33.33,3.7591,76.0,47.98,26.93,ADEQUATE,0,0.053499,28018.8,7033.0,3.9839,0.056699,70.05
48085,TX,Pulmonary,Respiratory Disease,1,4616,18878.7,23,131461,131461.0,494168.8,5715.695652173913,5715.695652173913,21,0,100.0,33.33,3.7591,76.0,47.98,26.93,ADEQUATE,0,0.035113,18878.7,4616.0,4.0898,0.038203,20.9
48085,TX,Pulmonary,Respiratory Disease,1,3623,12671.8,23,131461,131461.0,494168.8,5715.695652173913,5715.695652173913,21,0,100.0,33.33,3.7591,76.0,47.98,26.93,ADEQUATE,0,0.02756,12671.8,3623.0,3.4976,0.025643,5.15
48085,TX,Pulmonary,Respiratory Disease,1,5988,26479.6,23,131461,131461.0,494168.8,5715.695652173913,5715.695652173913,21,0,100.0,33.33,3.7591,76.0,47.98,26.93,ADEQUATE,0,0.04555,26479.6,5988.0,4.4221,0.053584,50.68
48085,TX,Pulmonary,Respiratory Disease,1,6862,30254.5,23,131461,131461.0,494168.8,5715.695652173913,5715.695652173913,21,0,100.0,33.33,3.7591,76.0,47.98,26.93,ADEQUATE,0,0.052198,30254.5,6862.0,4.409,0.061223,67.12
48085,TX,Pulmonary,Respiratory Disease,1,6127,25164.4,23,131461,131461.0,494168.8,5715.695652173913,5715.695652173913,21,0,100.0,33.33,3.7591,76.0,47.98,26.93,ADEQUATE,0,0.046607,25164.4,6127.0,4.1071,0.050923,53.5
48085,TX,Pulmonary,Respiratory Disease,1,6469,27997.0,23,131461,131461.0,494168.8,5715.695652173913,5715.695652173913,21,0,100.0,33.33,3.7591,76.0,47.98,26.93,ADEQUATE,0,0.049209,27997.0,6469.0,4.3279,0.056655,60.48
48085,TX,Pulmonary,Respiratory Disease,1,4821,15105.2,23,131461,131461.0,494168.8,5715.695652173913,5715.695652173913,21,0,100.0,33.33,3.7591,76.0,47.98,26.93,ADEQUATE,0,0.036672,15105.2,4821.0,3.1332,0.030567,24.95
48085,TX,Pulmonary,Respiratory Disease,1,6680,19885.9,23,131461,131461.0,494168.8,5715.695652173913,5715.695652173913,21,0,100.0,33.33,3.7591,76.0,47.98,26.93,ADEQUATE,0,0.050814,19885.9,6680.0,2.9769,0.040241,64.03
48085,TX,Pulmonary,Respiratory Disease,1,5281,19142.1,23,131461,131461.0,494168.8,5715.695652173913,5715.695652173913,21,0,100.0,33.33,3.7591,76.0,47.98,26.93,ADEQUATE,0,0.040172,19142.1,5281.0,3.6247,0.038736,33.7
48085,TX,Pulmonary,Respiratory Disease,1,4786,12339.3,23,131461,131461.0,494168.8,5715.695652173913,5715.695652173913,21,0,100.0,33.33,3.7591,76.0,47.98,26.93,ADEQUATE,0,0.036406,12339.3,4786.0,2.5782,0.02497,24.25
48085,TX,Pulmonary,Respiratory Disease,1,5345,17530.2,23,131461,131461.0,494168.8,5715.695652173913,5715.695652173913,21,0,100.0,33.33,3.7591,76.0,47.98,26.93,ADEQUATE,0,0.040658,17530.2,5345.0,3.2797,0.035474,35.38
48085,TX,Pulmonary,Respiratory Disease,1,4580,13532.9,23,131461,131461.0,494168.8,5715.695652173913,5715.695652173913,21,0,100.0,33.33,3.7591,76.0,47.98,26.93,ADEQUATE,0,0.034839,13532.9,4580.0,2.9548,0.027385,19.95
48085,TX,Pulmonary,Respiratory Disease,1,6787,27373.5,23,131461,131461.0,494168.8,5715.695652173913,5715.695652173913,21,0,100.0,33.33,3.7591,76.0,47.98,26.93,ADEQUATE,0,0.051627,27373.5,6787.0,4.0332,0.055393,65.97
48085,TX,Pulmonary,Respiratory Disease,1,4536,13194.6,23,131461,131461.0,494168.8,5715.695652173913,5715.695652173913,21,0,100.0,33.33,3.7591,76.0,47.98,26.93,ADEQUATE,0,0.034505,13194.6,4536.0,2.9089,0.026701,19.2
48085,TX,Rheumatology,Arthritis,1,4748,18679.7,22,153892,153892.0,548681.2,6995.090909090909,6995.090909090909,24,2,91.67,65.33,3.5654,58.67,49.42,36.29,ADEQUATE,2,0.030853,18679.7,4748.0,3.9342,0.034045,23.2
48085,TX,Rheumatology,Arthritis,1,6256,27250.5,22,153892,153892.0,548681.2,6995.090909090909,6995.090909090909,24,2,91.67,65.33,3.5654,58.67,49.42,36.29,ADEQUATE,2,0.040652,27250.5,6256.0,4.3559,0.049665,56.08
48085,TX,Rheumatology,Arthritis,1,8716,28484.8,22,153892,153892.0,548681.2,6995.090909090909,6995.090909090909,24,2,91.67,65.33,3.5654,58.67,49.42,36.29,ADEQUATE,2,0.056637,28484.8,8716.0,3.2681,0.051915,88.25
48085,TX,Rheumatology,Arthritis,1,5032,14283.1,22,153892,153892.0,548681.2,6995.090909090909,6995.090909090909,24,2,91.67,65.33,3.5654,58.67,49.42,36.29,ADEQUATE,2,0.032698,14283.1,5032.0,2.8385,0.026032,28.6
48085,TX,Rheumatology,Arthritis,1,6810,31672.0,22,153892,153892.0,548681.2,6995.090909090909,6995.090909090909,24,2,91.67,65.33,3.5654,58.67,49.42,36.29,ADEQUATE,2,0.044252,31672.0,6810.0,4.6508,0.057724,66.32
48085,TX,Rheumatology,Arthritis,1,5747,19582.4,22,153892,153892.0,548681.2,6995.090909090909,6995.090909090909,24,2,91.67,65.33,3.5654,58.67,49.42,36.29,ADEQUATE,2,0.037344,19582.4,5747.0,3.4074,0.03569,45.4
48085,TX,Rheumatology,Arthritis,1,6151,16708.3,22,153892,153892.0,548681.2,6995.090909090909,6995.090909090909,24,2,91.67,65.33,3.5654,58.67,49.42,36.29,ADEQUATE,2,0.03997,16708.3,6151.0,2.7164,0.030452,54.05
48085,TX,Rheumatology,Arthritis,1,8461,26831.3,22,153892,153892.0,548681.2,6995.090909090909,6995.090909090909,24,2,91.67,65.33,3.5654,58.67,49.42,36.29,ADEQUATE,2,0.05498,26831.3,8461.0,3.1712,0.048901,86.25
48085,TX,Rheumatology,Arthritis,1,8540,27440.9,22,153892,153892.0,548681.2,6995.090909090909,6995.090909090909,24,2,91.67,65.33,3.5654,58.67,49.42,36.29,ADEQUATE,2,0.055493,27440.9,8540.0,3.2132,0.050012,87.05
48085,TX,Rheumatology,Arthritis,1,8680,36609.3,22,153892,153892.0,548681.2,6995.090909090909,6995.090909090909,24,2,91.67,65.33,3.5654,58.67,49.42,36.29,ADEQUATE,2,0.056403,36609.3,8680.0,4.2177,0.066722,88.05
48085,TX,Rheumatology,Arthritis,1,5250,20964.8,22,153892,153892.0,548681.2,6995.090909090909,6995.090909090909,24,2,91.67,65.33,3.5654,58.67,49.42,36.29,ADEQUATE,2,0.034115,20964.8,5250.0,3.9933,0.038209,33.25
48085,TX,Rheumatology,Arthritis,1,7424,30285.5,22,153892,153892.0,548681.2,6995.090909090909,6995.090909090909,24,2,91.67,65.33,3.5654,58.67,49.42,36.29,ADEQUATE,2,0.048242,30285.5,7424.0,4.0794,0.055197,76.05
48085,TX,Rheumatology,Arthritis,1,9253,28120.1,22,153892,153892.0,548681.2,6995.090909090909,6995.090909090909,24,2,91.67,65.33,3.5654,58.67,49.42,36.29,ADEQUATE,2,0.060127,28120.1,9253.0,3.039,0.05125,91.6
48085,TX,Rheumatology,Arthritis,1,5923,23631.7,22,153892,153892.0,548681.2,6995.090909090909,6995.090909090909,24,2,91.67,65.33,3.5654,58.67,49.42,36.29,ADEQUATE,2,0.038488,23631.7,5923.0,3.9898,0.04307,49.45
48085,TX,Rheumatology,Arthritis,1,7667,28275.5,22,153892,153892.0,548681.2,6995.090909090909,6995.090909090909,24,2,91.67,65.33,3.5654,58.67,49.42,36.29,ADEQUATE,2,0.049821,28275.5,7667.0,3.6879,0.051534,78.9
48085,TX,Rheumatology,Arthritis,1,6447,27323.2,22,153892,153892.0,548681.2,6995.090909090909,6995.090909090909,24,2,91.67,65.33,3.5654,58.67,49.42,36.29,ADEQUATE,2,0.041893,27323.2,6447.0,4.2381,0.049798,59.85
48085,TX,Rheumatology,Arthritis,1,5902,15445.9,22,153892,153892.0,548681.2,6995.090909090909,6995.090909090909,24,2,91.67,65.33,3.5654,58.67,49.42,36.29,ADEQUATE,2,0.038352,15445.9,5902.0,2.6171,0.028151,48.8
48085,TX,Rheumatology,Arthritis,1,8378,31394.4,22,153892,153892.0,548681.2,6995.090909090909,6995.090909090909,24,2,91.67,65.33,3.5654,58.67,49.42,36.29,ADEQUATE,2,0.054441,31394.4,8378.0,3.7472,0.057218,85.38
48085,TX,Rheumatology,Arthritis,1,4926,13574.6,22,153892,153892.0,548681.2,6995.090909090909,6995.090909090909,24,2,91.67,65.33,3.5654,58.67,49.42,36.29,ADEQUATE,2,0.032009,13574.6,4926.0,2.7557,0.02474,26.55
48085,TX,Rheumatology,Arthritis,1,8806,28198.7,22,153892,153892.0,548681.2,6995.090909090909,6995.090909090909,24,2,91.67,65.33,3.5654,58.67,49.42,36.29,ADEQUATE,2,0.057222,28198.7,8806.0,3.2022,0.051394,89.05
48085,TX,Rheumatology,Arthritis,1,7465,29944.0,22,153892,153892.0,548681.2,6995.090909090909,6995.090909090909,24,2,91.67,65.33,3.5654,58.67,49.42,36.29,ADEQUATE,2,0.048508,29944.0,7465.0,4.0113,0.054574,76.9
48085,TX,Rheumatology,Arthritis,1,7310,23980.5,22,153892,153892.0,548681.2,6995.090909090909,6995.090909090909,24,2,91.67,65.33,3.5654,58.67,49.42,36.29,ADEQUATE,2,0.047501,23980.5,7310.0,3.2805,0.043706,74.35
48113,TX,Cardiology,Heart Disease,1,4605,20059.6,60,256713,256713.0,931314.9,4278.55,4278.55,41,0,100.0,1.33,3.6278,34.67,45.07,12.29,ADEQUATE,0,0.017938,20059.6,4605.0,4.356,0.021539,20.65
48113,TX,Cardiology,Heart Disease,1,5488,24171.1,60,256713,256713.0,931314.9,4278.55,4278.55,41,0,100.0,1.33,3.6278,34.67,45.07,12.29,ADEQUATE,0,0.021378,24171.1,5488.0,4.4044,0.025954,39.3
48113,TX,Cardiology,Heart Disease,1,3180,13628.2,60,256713,256713.0,931314.9,4278.55,4278.55,41,0,100.0,1.33,3.6278,34.67,45.07,12.29,ADEQUATE,0,0.012387,13628.2,3180.0,4.2856,0.014633,1.6
48113,TX,Cardiology,Heart Disease,1,3078,14167.0,60,256713,256713.0,931314.9,4278.55,4278.55,41,0,100.0,1.33,3.6278,34.67,45.07,12.29,ADEQUATE,0,0.01199,14167.0,3078.0,4.6027,0.015212,1.2
48113,TX,Cardiology,Heart Disease,1,3322,12860.7,60,256713,256713.0,931314.9,4278.55,4278.55,41,0,100.0,1.33,3.6278,34.67,45.07,12.29,ADEQUATE,0,0.012941,12860.7,3322.0,3.8714,0.013809,2.3
48113,TX,Cardiology,Heart Disease,1,5206,14753.6,60,256713,256713.0,931314.9,4278.55,4278.55,41,0,100.0,1.33,3.6278,34.67,45.07,12.29,ADEQUATE,0,0.020279,14753.6,5206.0,2.834,0.015842,32.38
48113,TX,Cardiology,Heart Disease,1,4486,21150.7,60,256713,256713.0,931314.9,4278.55,4278.55,41,0,100.0,1.33,3.6278,34.67,45.07,12.29,ADEQUATE,0,0.017475,21150.7,4486.0,4.7148,0.022711,18.45
48113,TX,Cardiology,Heart Disease,1,4821,17642.6,60,256713,256713.0,931314.9,4278.55,4278.55,41,0,100.0,1.33,3.6278,34.67,45.07,12.29,ADEQUATE,0,0.01878,17642.6,4821.0,3.6595,0.018944,24.95
48113,TX,Cardiology,Heart Disease,1,2826,12847.7,60,256713,256713.0,931314.9,4278.55,4278.55,41,0,100.0,1.33,3.6278,34.67,45.07,12.29,ADEQUATE,0,0.011008,12847.7,2826.0,4.5462,0.013795,0.1
48113,TX,Cardiology,Heart Disease,1,5682,13902.2,60,256713,256713.0,931314.9,4278.55,4278.55,41,0,100.0,1.33,3.6278,34.67,45.07,12.29,ADEQUATE,0,0.022134,13902.2,5682.0,2.4467,0.014927,43.58
48113,TX,Cardiology,Heart Disease,1,4752,12228.4,60,256713,256713.0,931314.9,4278.55,4278.55,41,0,100.0,1.33,3.6278,34.67,45.07,12.29,ADEQUATE,0,0.018511,12228.4,4752.0,2.5733,0.01313,23.3
48113,TX,Cardiology,Heart Disease,1,2957,9800.4,60,256713,256713.0,931314.9,4278.55,4278.55,41,0,100.0,1.33,3.6278,34.67,45.07,12.29,ADEQUATE,0,0.011519,9800.4,2957.0,3.3143,0.010523,0.65
48113,TX,Cardiology,Heart Disease,1,5163,20476.9,60,256713,256713.0,931314.9,4278.55,4278.55,41,0,100.0,1.33,3.6278,34.67,45.07,12.29,ADEQUATE,0,0.020112,20476.9,5163.0,3.9661,0.021987,31.15
48113,TX,Cardiology,Heart Disease,1,5191,23959.6,60,256713,256713.0,931314.9,4278.55,4278.55,41,0,100.0,1.33,3.6278,34.67,45.07,12.29,ADEQUATE,0,0.020221,23959.6,5191.0,4.6156,0.025727,31.9
48113,TX,Cardiology,Heart Disease,1,4109,12290.5,60,256713,256713.0,931314.9,4278.55,4278.55,41,0,100.0,1.33,3.6278,34.67,45.07,12.29,ADEQUATE,0,0.016006,12290.5,4109.0,2.9911,0.013197,11.8
48113,TX,Cardiology,Heart Disease,1,4982,18509.7,60,256713,256713.0,931314.9,4278.55,4278.55,41,0,100.0,1.33,3.6278,34.67,45.07,12.29,ADEQUATE,0,0.019407,18509.7,4982.0,3.7153,0.019875,27.88
48113,TX,Cardiology,Heart Disease,1,4622,16078.1,60,256713,256713.0,931314.9,4278.55,4278.55,41,0,100.0,1.33,3.6278,34.67,45.07,12.29,ADEQUATE,0,0.018005,16078.1,4622.0,3.4786,0.017264,21.05
48113,TX,Cardiology,Heart Disease,1,4837,13019.9,60,256713,256713.0,931314.9,4278.55,4278.55,41,0,100.0,1.33,3.6278,34.67,45.07,12.29,ADEQUATE,0,0.018842,13019.9,4837.0,2.6917,0.01398,25.3
48113,TX,Cardiology,Heart Disease,1,3711,13645.2,60,256713,256713.0,931314.9,4278.55,4278.55,41,0,100.0,1.33,3.6278,34.67,45.07,12.29,ADEQUATE,0,0.014456,13645.2,3711.0,3.677,0.014652,6.3
48113,TX,Cardiology,Heart Disease,1,3821,17766.8,60,256713,256713.0,931314.9,4278.55,4278.55,41,0,100.0,1.33,3.6278,34.67,45.07,12.29,ADEQUATE,0,0.014884,17766.8,3821.0,4.6498,0.019077,7.55
48113,TX,Cardiology,Heart Disease,1,3629,15150.9,60,256713,256713.0,931314.9,4278.55,4278.55,41,0,100.0,1.33,3.6278,34.67,45.07,12.29,ADEQUATE,0,0.014136,15150.9,3629.0,4.175,0.016268,5.32
48113,TX,Cardiology,Heart Disease,1,3851,14310.8,60,256713,256713.0,931314.9,4278.55,4278.55,41,0,100.0,1.33,3.6278,34.67,45.07,12.29,ADEQUATE,0,0.015001,14310.8,3851.0,3.7161,0.015366,7.9
48113,TX,Cardiology,Heart Disease,1,4220,15144.1,60,256713,256713.0,931314.9,4278.55,4278.55,41,0,100.0,1.33,3.6278,34.67,45.07,12.29,ADEQUATE,0,0.016439,15144.1,4220.0,3.5886,0.016261,13.82
48113,TX,Cardiology,Heart Disease,1,4232,13788.4,60,256713,256713.0,931314.9,4278.55,4278.55,41,0,100.0,1.33,3.6278,34.67,45.07,12.29,ADEQUATE,0,0.016485,13788.4,4232.0,3.2581,0.014805,14.05
48113,TX,Cardiology,Heart Disease,1,4809,21475.5,60,256713,256713.0,931314.9,4278.55,4278.55,41,0,100.0,1.33,3.6278,34.67,45.07,12.29,ADEQUATE,0,0.018733,21475.5,4809.0,4.4657,0.023059,24.7
48113,TX,Cardiology,Heart Disease,1,2787,7791.7,60,256713,256713.0,931314.9,4278.55,4278.55,41,0,100.0,1.33,3.6278,34.67,45.07,12.29,ADEQUATE,0,0.010856,7791.7,2787.0,2.7957,0.008366,0.05
48113,TX,Cardiology,Heart Disease,1,3128,14970.7,60,256713,256713.0,931314.9,4278.55,4278.55,41,0,100.0,1.33,3.6278,34.67,45.07,12.29,ADEQUATE,0,0.012185,14970.7,3128.0,4.786,0.016075,1.3
48113,TX,Cardiology,Heart Disease,1,4979,15698.6,60,256713,256713.0,931314.9,4278.55,4278.55,41,0,100.0,1.33,3.6278,34.67,45.07,12.29,ADEQUATE,0,0.019395,15698.6,4979.0,3.153,0.016856,27.7
48113,TX,Cardiology,Heart Disease,1,2833,7791.4,60,256713,256713.0,931314.9,4278.55,4278.55,41,0,100.0,1.33,3.6278,34.67,45.07,12.29,ADEQUATE,0,0.011036,7791.4,2833.0,2.7502,0.008366,0.15
48113,TX,Cardiology,Heart Disease,1,3351,13236.1,60,256713,256713.0,931314.9,4278.55,4278.55,41,0,100.0,1.33,3.6278,34.67,45.07,12.29,ADEQUATE,0,0.013053,13236.1,3351.0,3.9499,0.014212,2.45
48113,TX,Cardiology,Heart Disease,1,4182,13366.8,60,256713,256713.0,931314.9,4278.55,4278.55,41,0,100.0,1.33,3.6278,34.67,45.07,12.29,ADEQUATE,0,0.016291,13366.8,4182.0,3.1963,0.014353,13.0
48113,TX,Cardiology,Heart Disease,1,2983,13802.4,60,256713,256713.0,931314.9,4278.55,4278.55,41,0,100.0,1.33,3.6278,34.67,45.07,12.29,ADEQUATE,0,0.01162,13802.4,2983.0,4.627,0.01482,0.75
48113,TX,Cardiology,Heart Disease,1,4684,17408.5,60,256713,256713.0,931314.9,4278.55,4278.55,41,0,100.0,1.33,3.6278,34.67,45.07,12.29,ADEQUATE,0,0.018246,17408.5,4684.0,3.7166,0.018692,21.85
48113,TX,Cardiology,Heart Disease,1,4044,17247.0,60,256713,256713.0,931314.9,4278.55,4278.55,41,0,100.0,1.33,3.6278,34.67,45.07,12.29,ADEQUATE,0,0.015753,17247.0,4044.0,4.2648,0.018519,10.4
48113,TX,Cardiology,Heart Disease,1,5409,15693.2,60,256713,256713.0,931314.9,4278.55,4278.55,41,0,100.0,1.33,3.6278,34.67,45.07,12.29,ADEQUATE,0,0.02107,15693.2,5409.0,2.9013,0.016851,37.05
48113,TX,Cardiology,Heart Disease,1,3657,11001.3,60,256713,256713.0,931314.9,4278.55,4278.55,41,0,100.0,1.33,3.6278,34.67,45.07,12.29,ADEQUATE,0,0.014245,11001.3,3657.0,3.0083,0.011813,5.7
48113,TX,Cardiology,Heart Disease,1,4434,18865.0,60,256713,256713.0,931314.9,4278.55,4278.55,41,0,100.0,1.33,3.6278,34.67,45.07,12.29,ADEQUATE,0,0.017272,18865.0,4434.0,4.2546,0.020256,17.25
48113,TX,Cardiology,Heart Disease,1,3992,13373.1,60,256713,256713.0,931314.9,4278.55,4278.55,41,0,100.0,1.33,3.6278,34.67,45.07,12.29,ADEQUATE,0,0.01555,13373.1,3992.0,3.35,0.014359,9.6
48113,TX,Cardiology,Heart Disease,1,5759,22956.9,60,256713,256713.0,931314.9,4278.55,4278.55,41,0,100.0,1.33,3.6278,34.67,45.07,12.29,ADEQUATE,0,0.022434,22956.9,5759.0,3.9863,0.02465,45.6
48113,TX,Cardiology,Heart Disease,1,4187,11876.4,60,256713,256713.0,931314.9,4278.55,4278.55,41,0,100.0,1.33,3.6278,34.67,45.07,12.29,ADEQUATE,0,0.01631,11876.4,4187.0,2.8365,0.012752,13.15
48113,TX,Cardiology,Heart Disease,1,4114,12751.3,60,256713,256713.0,931314.9,4278.55,4278.55,41,0,100.0,1.33,3.6278,34.67,45.07,12.29,ADEQUATE,0,0.016026,12751.3,4114.0,3.0995,0.013692,11.88
48113,TX,Cardiology,Heart Disease,1,4477,17206.1,60,256713,256713.0,931314.9,4278.55,4278.55,41,0,100.0,1.33,3.6278,34.67,45.07,12.29,ADEQUATE,0,0.01744,17206.1,4477.0,3.8432,0.018475,18.25
48113,TX,Cardiology,Heart Disease,1,3533,16703.4,60,256713,256713.0,931314.9,4278.55,4278.55,41,0,100.0,1.33,3.6278,34.67,45.07,12.29,ADEQUATE,0,0.013762,16703.4,3533.0,4.7278,0.017935,3.8
48113,TX,Cardiology,Heart Disease,1,4772,15863.7,60,256713,256713.0,931314.9,4278.55,4278.55,41,0,100.0,1.33,3.6278,34.67,45.07,12.29,ADEQUATE,0,0.018589,15863.7,4772.0,3.3243,0.017034,23.78
48113,TX,Cardiology,Heart Disease,1,4598,16739.4,60,256713,256713.0,931314.9,4278.55,4278.55,41,0,100.0,1.33,3.6278,34.67,45.07,12.29,ADEQUATE,0,0.017911,16739.4,4598.0,3.6406,0.017974,20.35
48113,TX,Cardiology,Heart Disease,1,4221,12946.8,60,256713,256713.0,931314.9,4278.55,4278.55,41,0,100.0,1.33,3.6278,34.67,45.07,12.29,ADEQUATE,0,0.016442,12946.8,4221.0,3.0672,0.013902,13.9
48113,TX,Cardiology,Heart Disease,1,3105,7681.9,60,256713,256713.0,931314.9,4278.55,4278.55,41,0,100.0,1.33,3.6278,34.67,45.07,12.29,ADEQUATE,0,0.012095,7681.9,3105.0,2.474,0.008248,1.25
48113,TX,Cardiology,Heart Disease,1,3466,16052.2,60,256713,256713.0,931314.9,4278.55,4278.55,41,0,100.0,1.33,3.6278,34.67,45.07,12.29,ADEQUATE,0,0.013501,16052.2,3466.0,4.6313,0.017236,3.4
48113,TX,Cardiology,Heart Disease,1,5335,18680.9,60,256713,256713.0,931314.9,4278.55,4278.55,41,0,100.0,1.33,3.6278,34.67,45.07,12.29,ADEQUATE,0,0.020782,18680.9,5335.0,3.5016,0.020059,34.95
48113,TX,Cardiology,Heart Disease,1,4586,11665.8,60,256713,256713.0,931314.9,4278.55,4278.55,41,0,100.0,1.33,3.6278,34.67,45.07,12.29,ADEQUATE,0,0.017864,11665.8,4586.0,2.5438,0.012526,20.2
48113,TX,Cardiology,Heart Disease,1,4072,18244.7,60,256713,256713.0,931314.9,4278.55,4278.55,41,0,100.0,1.33,3.6278,34.67,45.07,12.29,ADEQUATE,0,0.015862,18244.7,4072.0,4.4805,0.01959,11.15
48113,TX,Cardiology,Heart Disease,1,5053,22840.5,60,256713,256713.0,931314.9,4278.55,4278.55,41,0,100.0,1.33,3.6278,34.67,45.07,12.29,ADEQUATE,0,0.019683,22840.5,5053.0,4.5202,0.024525,29.0
48113,TX,Cardiology,Heart Disease,1,5188,12806.2,60,256713,256713.0,931314.9,4278.55,4278.55,41,0,100.0,1.33,3.6278,34.67,45.07,12.29,ADEQUATE,0,0.020209,12806.2,5188.0,2.4684,0.013751,31.8
48113,TX,Cardiology,Heart Disease,1,5513,15617.8,60,256713,256713.0,931314.9,4278.55,4278.55,41,0,100.0,1.33,3.6278,34.67,45.07,12.29,ADEQUATE,0,0.021475,15617.8,5513.0,2.8329,0.01677,39.85
48113,TX,Cardiology,Heart Disease,1,3869,12793.9,60,256713,256713.0,931314.9,4278.55,4278.55,41,0,100.0,1.33,3.6278,34.67,45.07,12.29,ADEQUATE,0,0.015071,12793.9,3869.0,3.3068,0.013737,8.0
48113,TX,Cardiology,Heart Disease,1,5449,25996.9,60,256713,256713.0,931314.9,4278.55,4278.55,41,0,100.0,1.33,3.6278,34.67,45.07,12.29,ADEQUATE,0,0.021226,25996.9,5449.0,4.7709,0.027914,38.4
48113,TX,Cardiology,Heart Disease,1,3819,17384.1,60,256713,256713.0,931314.9,4278.55,4278.55,41,0,100.0,1.33,3.6278,34.67,45.07,12.29,ADEQUATE,0,0.014877,17384.1,3819.0,4.552,0.018666,7.5
48113,TX,Cardiology,Heart Disease,1,5429,13867.2,60,256713,256713.0,931314.9,4278.55,4278.55,41,0,100.0,1.33,3.6278,34.67,45.07,12.29,ADEQUATE,0,0.021148,13867.2,5429.0,2.5543,0.01489,37.6
48113,TX,Cardiology,Heart Disease,1,3974,12767.2,60,256713,256713.0,931314.9,4278.55,4278.55,41,0,100.0,1.33,3.6278,34.67,45.07,12.29,ADEQUATE,0,0.01548,12767.2,3974.0,3.2127,0.013709,9.2
48113,TX,Cardiology,Heart Disease,1,4151,14797.2,60,256713,256713.0,931314.9,4278.55,4278.55,41,0,100.0,1.33,3.6278,34.67,45.07,12.29,ADEQUATE,0,0.01617,14797.2,4151.0,3.5647,0.015889,12.5
48113,TX,Endocrinology,Diabetes,1,4142,17095.9,57,315204,315204.0,1148742.8,5529.894736842105,5529.894736842105,50,0,100.0,28.0,3.6444,26.67,45.62,17.84,ADEQUATE,0,0.013141,17095.9,4142.0,4.1275,0.014882,12.3
48113,TX,Endocrinology,Diabetes,1,6155,27807.5,57,315204,315204.0,1148742.8,5529.894736842105,5529.894736842105,50,0,100.0,28.0,3.6444,26.67,45.62,17.84,ADEQUATE,0,0.019527,27807.5,6155.0,4.5179,0.024207,54.12
48113,TX,Endocrinology,Diabetes,1,5560,21962.3,57,315204,315204.0,1148742.8,5529.894736842105,5529.894736842105,50,0,100.0,28.0,3.6444,26.67,45.62,17.84,ADEQUATE,0,0.017639,21962.3,5560.0,3.9501,0.019119,40.7
48113,TX,Endocrinology,Diabetes,1,6602,29765.9,57,315204,315204.0,1148742.8,5529.894736842105,5529.894736842105,50,0,100.0,28.0,3.6444,26.67,45.62,17.84,ADEQUATE,0,0.020945,29765.9,6602.0,4.5086,0.025912,62.45
48113,TX,Endocrinology,Diabetes,1,7053,22706.0,57,315204,315204.0,1148742.8,5529.894736842105,5529.894736842105,50,0,100.0,28.0,3.6444,26.67,45.62,17.84,ADEQUATE,0,0.022376,22706.0,7053.0,3.2193,0.019766,70.4
48113,TX,Endocrinology,Diabetes,1,6771,20087.9,57,315204,315204.0,1148742.8,5529.894736842105,5529.894736842105,50,0,100.0,28.0,3.6444,26.67,45.62,17.84,ADEQUATE,0,0.021481,20087.9,6771.0,2.9668,0.017487,65.62
48113,TX,Endocrinology,Diabetes,1,5805,27418.8,57,315204,315204.0,1148742.8,5529.894736842105,5529.894736842105,50,0,100.0,28.0,3.6444,26.67,45.62,17.84,ADEQUATE,0,0.018417,27418.8,5805.0,4.7233,0.023869,46.7
48113,TX,Endocrinology,Diabetes,1,4716,15825.7,57,315204,315204.0,1148742.8,5529.894736842105,5529.894736842105,50,0,100.0,28.0,3.6444,26.67,45.62,17.84,ADEQUATE,0,0.014962,15825.7,4716.0,3.3557,0.013777,22.35
48113,TX,Endocrinology,Diabetes,1,3608,11934.1,57,315204,315204.0,1148742.8,5529.894736842105,5529.894736842105,50,0,100.0,28.0,3.6444,26.67,45.62,17.84,ADEQUATE,0,0.011447,11934.1,3608.0,3.3077,0.010389,4.8
48113,TX,Endocrinology,Diabetes,1,5743,19405.3,57,315204,315204.0,1148742.8,5529.894736842105,5529.894736842105,50,0,100.0,28.0,3.6444,26.67,45.62,17.84,ADEQUATE,0,0.01822,19405.3,5743.0,3.3789,0.016893,45.2
48113,TX,Endocrinology,Diabetes,1,6451,23191.2,57,315204,315204.0,1148742.8,5529.894736842105,5529.894736842105,50,0,100.0,28.0,3.6444,26.67,45.62,17.84,ADEQUATE,0,0.020466,23191.2,6451.0,3.595,0.020188,59.95
48113,TX,Endocrinology,Diabetes,1,6236,21230.2,57,315204,315204.0,1148742.8,5529.894736842105,5529.894736842105,50,0,100.0,28.0,3.6444,26.67,45.62,17.84,ADEQUATE,0,0.019784,21230.2,6236.0,3.4045,0.018481,55.68
48113,TX,Endocrinology,Diabetes,1,7327,27336.7,57,315204,315204.0,1148742.8,5529.894736842105,5529.894736842105,50,0,100.0,28.0,3.6444,26.67,45.62,17.84,ADEQUATE,0,0.023245,27336.7,7327.0,3.731,0.023797,74.52
48113,TX,Endocrinology,Diabetes,1,4158,17179.3,57,315204,315204.0,1148742.8,5529.894736842105,5529.894736842105,50,0,100.0,28.0,3.6444,26.67,45.62,17.84,ADEQUATE,0,0.013191,17179.3,4158.0,4.1316,0.014955,12.62
48113,TX,Endocrinology,Diabetes,1,5426,16615.1,57,315204,315204.0,1148742.8,5529.894736842105,5529.894736842105,50,0,100.0,28.0,3.6444,26.67,45.62,17.84,ADEQUATE,0,0.017214,16615.1,5426.0,3.0621,0.014464,37.45
48113,TX,Endocrinology,Diabetes,1,5398,19631.4,57,315204,315204.0,1148742.8,5529.894736842105,5529.894736842105,50,0,100.0,28.0,3.6444,26.67,45.62,17.84,ADEQUATE,0,0.017125,19631.4,5398.0,3.6368,0.017089,36.68
48113,TX,Endocrinology,Diabetes,1,5813,26526.5,57,315204,315204.0,1148742.8,5529.894736842105,5529.894736842105,50,0,100.0,28.0,3.6444,26.67,45.62,17.84,ADEQUATE,0,0.018442,26526.5,5813.0,4.5633,0.023092,46.9
48113,TX,Endocrinology,Diabetes,1,3564,16514.1,57,315204,315204.0,1148742.8,5529.894736842105,5529.894736842105,50,0,100.0,28.0,3.6444,26.67,45.62,17.84,ADEQUATE,0,0.011307,16514.1,3564.0,4.6336,0.014376,4.18
48113,TX,Endocrinology,Diabetes,1,4759,11607.7,57,315204,315204.0,1148742.8,5529.894736842105,5529.894736842105,50,0,100.0,28.0,3.6444,26.67,45.62,17.84,ADEQUATE,0,0.015098,11607.7,4759.0,2.4391,0.010105,23.4
48113,TX,Endocrinology,Diabetes,1,4137,12891.3,57,315204,315204.0,1148742.8,5529.894736842105,5529.894736842105,50,0,100.0,28.0,3.6444,26.67,45.62,17.84,ADEQUATE,0,0.013125,12891.3,4137.0,3.1161,0.011222,12.12
48113,TX,Endocrinology,Diabetes,1,7088,31714.9,57,315204,315204.0,1148742.8,5529.894736842105,5529.894736842105,50,0,100.0,28.0,3.6444,26.67,45.62,17.84,ADEQUATE,0,0.022487,31714.9,7088.0,4.4744,0.027608,70.95
48113,TX,Endocrinology,Diabetes,1,5918,17187.7,57,315204,315204.0,1148742.8,5529.894736842105,5529.894736842105,50,0,100.0,28.0,3.6444,26.67,45.62,17.84,ADEQUATE,0,0.018775,17187.7,5918.0,2.9043,0.014962,49.22
48113,TX,Endocrinology,Diabetes,1,4373,13230.6,57,315204,315204.0,1148742.8,5529.894736842105,5529.894736842105,50,0,100.0,28.0,3.6444,26.67,45.62,17.84,ADEQUATE,0,0.013874,13230.6,4373.0,3.0255,0.011517,15.95
48113,TX,Endocrinology,Diabetes,1,4401,15618.6,57,315204,315204.0,1148742.8,5529.894736842105,5529.894736842105,50,0,100.0,28.0,3.6444,26.67,45.62,17.84,ADEQUATE,0,0.013962,15618.6,4401.0,3.5489,0.013596,16.65
48113,TX,Endocrinology,Diabetes,1,3929,16302.7,57,315204,315204.0,1148742.8,5529.894736842105,5529.894736842105,50,0,100.0,28.0,3.6444,26.67,45.62,17.84,ADEQUATE,0,0.012465,16302.7,3929.0,4.1493,0.014192,8.45
48113,TX,Endocrinology,Diabetes,1,5225,22467.6,57,315204,315204.0,1148742.8,5529.894736842105,5529.894736842105,50,0,100.0,28.0,3.6444,26.67,45.62,17.84,ADEQUATE,0,0.016577,22467.6,5225.0,4.3,0.019558,32.75
48113,TX,Endocrinology,Diabetes,1,5571,22413.4,57,315204,315204.0,1148742.8,5529.894736842105,5529.894736842105,50,0,100.0,28.0,3.6444,26.67,45.62,17.84,ADEQUATE,0,0.017674,22413.4,5571.0,4.0232,0.019511,41.02
48113,TX,Endocrinology,Diabetes,1,6476,20782.3,57,315204,315204.0,1148742.8,5529.894736842105,5529.894736842105,50,0,100.0,28.0,3.6444,26.67,45.62,17.84,ADEQUATE,0,0.020545,20782.3,6476.0,3.2091,0.018091,60.55
48113,TX,Endocrinology,Diabetes,1,5261,14347.7,57,315204,315204.0,1148742.8,5529.894736842105,5529.894736842105,50,0,100.0,28.0,3.6444,26.67,45.62,17.84,ADEQUATE,0,0.016691,14347.7,5261.0,2.7272,0.01249,33.48
48113,TX,Endocrinology,Diabetes,1,6942,24865.2,57,315204,315204.0,1148742.8,5529.894736842105,5529.894736842105,50,0,100.0,28.0,3.6444,26.67,45.62,17.84,ADEQUATE,0,0.022024,24865.2,6942.0,3.5818,0.021646,68.55
48113,TX,Endocrinology,Diabetes,1,7031,28875.7,57,315204,315204.0,1148742.8,5529.894736842105,5529.894736842105,50,0,100.0,28.0,3.6444,26.67,45.62,17.84,ADEQUATE,0,0.022306,28875.7,7031.0,4.1069,0.025137,70.0
48113,TX,Endocrinology,Diabetes,1,6835,32507.8,57,315204,315204.0,1148742.8,5529.894736842105,5529.894736842105,50,0,100.0,28.0,3.6444,26.67,45.62,17.84,ADEQUATE,0,0.021684,32507.8,6835.0,4.7561,0.028299,66.65
48113,TX,Endocrinology,Diabetes,1,4958,19439.3,57,315204,315204.0,1148742.8,5529.894736842105,5529.894736842105,50,0,100.0,28.0,3.6444,26.67,45.62,17.84,ADEQUATE,0,0.015729,19439.3,4958.0,3.9208,0.016922,27.2
48113,TX,Endocrinology,Diabetes,1,5739,26473.0,57,315204,315204.0,1148742.8,5529.894736842105,5529.894736842105,50,0,100.0,28.0,3.6444,26.67,45.62,17.84,ADEQUATE,0,0.018207,26473.0,5739.0,4.6128,0.023045,45.1
48113,TX,Endocrinology,Diabetes,1,6482,22832.3,57,315204,315204.0,1148742.8,5529.894736842105,5529.894736842105,50,0,100.0,28.0,3.6444,26.67,45.62,17.84,ADEQUATE,0,0.020564,22832.3,6482.0,3.5224,0.019876,60.7
48113,TX,Endocrinology,Diabetes,1,5314,22229.8,57,315204,315204.0,1148742.8,5529.894736842105,5529.894736842105,50,0,100.0,28.0,3.6444,26.67,45.62,17.84,ADEQUATE,0,0.016859,22229.8,5314.0,4.1833,0.019351,34.35
48113,TX,Endocrinology,Diabetes,1,4468,17458.3,57,315204,315204.0,1148742.8,5529.894736842105,5529.894736842105,50,0,100.0,28.0,3.6444,26.67,45.62,17.84,ADEQUATE,0,0.014175,17458.3,4468.0,3.9074,0.015198,18.0
48113,TX,Endocrinology,Diabetes,1,5310,12897.6,57,315204,315204.0,1148742.8,5529.894736842105,5529.894736842105,50,0,100.0,28.0,3.6444,26.67,45.62,17.84,ADEQUATE,0,0.016846,12897.6,5310.0,2.4289,0.011228,34.3
48113,TX,Endocrinology,Diabetes,1,6498,19338.9,57,315204,315204.0,1148742.8,5529.894736842105,5529.894736842105,50,0,100.0,28.0,3.6444,26.67,45.62,17.84,ADEQUATE,0,0.020615,19338.9,6498.0,2.9761,0.016835,60.85
48113,TX,Endocrinology,Diabetes,1,6469,19588.3,57,315204,315204.0,1148742.8,5529.894736842105,5529.894736842105,50,0,100.0,28.0,3.6444,26.67,45.62,17.84,ADEQUATE,0,0.020523,19588.3,6469.0,3.028,0.017052,60.48
48113,TX,Endocrinology,Diabetes,1,6377,15372.1,57,315204,315204.0,1148742.8,5529.894736842105,5529.894736842105,50,0,100.0,28.0,3.6444,26.67,45.62,17.84,ADEQUATE,0,0.020231,15372.1,6377.0,2.4106,0.013382,58.55
48113,TX,Endocrinology,Diabetes,1,7256,25881.7,57,315204,315204.0,1148742.8,5529.894736842105,5529.894736842105,50,0,100.0,28.0,3.6444,26.67,45.62,17.84,ADEQUATE,0,0.02302,25881.7,7256.0,3.5669,0.02253,73.55
48113,TX,Endocrinology,Diabetes,1,3648,14767.6,57,315204,315204.0,1148742.8,5529.894736842105,5529.894736842105,50,0,100.0,28.0,3.6444,26.67,45.62,17.84,ADEQUATE,0,0.011573,14767.6,3648.0,4.0481,0.012855,5.58
48113,TX,Endocrinology,Diabetes,1,4398,17471.3,57,315204,315204.0,1148742.8,5529.894736842105,5529.894736842105,50,0,100.0,28.0,3.6444,26.67,45.62,17.84,ADEQUATE,0,0.013953,17471.3,4398.0,3.9726,0.015209,16.55
48113,TX,Endocrinology,Diabetes,1,7107,20115.3,57,315204,315204.0,1148742.8,5529.894736842105,5529.894736842105,50,0,100.0,28.0,3.6444,26.67,45.62,17.84,ADEQUATE,0,0.022547,20115.3,7107.0,2.8304,0.017511,71.4
48113,TX,Endocrinology,Diabetes,1,7129,25729.5,57,315204,315204.0,1148742.8,5529.894736842105,5529.894736842105,50,0,100.0,28.0,3.6444,26.67,45.62,17.84,ADEQUATE,0,0.022617,25729.5,7129.0,3.6091,0.022398,71.68
48113,TX,Endocrinology,Diabetes,1,7065,31883.1,57,315204,315204.0,1148742.8,5529.894736842105,5529.894736842105,50,0,100.0,28.0,3.6444,26.67,45.62,17.84,ADEQUATE,0,0.022414,31883.1,7065.0,4.5128,0.027755,70.68
48113,TX,Endocrinology,Diabetes,1,3750,16006.6,57,315204,315204.0,1148742.8,5529.894736842105,5529.894736842105,50,0,100.0,28.0,3.6444,26.67,45.62,17.84,ADEQUATE,0,0.011897,16006.6,3750.0,4.2684,0.013934,6.88
48113,TX,Endocrinology,Diabetes,1,4652,19147.3,57,315204,315204.0,1148742.8,5529.894736842105,5529.894736842105,50,0,100.0,28.0,3.6444,26.67,45.62,17.84,ADEQUATE,0,0.014759,19147.3,4652.0,4.1159,0.016668,21.4
48113,TX,Endocrinology,Diabetes,1,4913,12034.6,57,315204,315204.0,1148742.8,5529.894736842105,5529.894736842105,50,0,100.0,28.0,3.6444,26.67,45.62,17.84,ADEQUATE,0,0.015587,12034.6,4913.0,2.4495,0.010476,26.3
48113,TX,Endocrinology,Diabetes,1,5791,14824.4,57,315204,315204.0,1148742.8,5529.894736842105,5529.894736842105,50,0,100.0,28.0,3.6444,26.67,45.62,17.84,ADEQUATE,0,0.018372,14824.4,5791.0,2.5599,0.012905,46.4
48113,TX,Endocrinology,Diabetes,1,7304,20122.3,57,315204,315204.0,1148742.8,5529.894736842105,5529.894736842105,50,0,100.0,28.0,3.6444,26.67,45.62,17.84,ADEQUATE,0,0.023172,20122.3,7304.0,2.755,0.017517,74.3
48113,TX,Endocrinology,Diabetes,1,4079,12967.0,57,315204,315204.0,1148742.8,5529.894736842105,5529.894736842105,50,0,100.0,28.0,3.6444,26.67,45.62,17.84,ADEQUATE,0,0.012941,12967.0,4079.0,3.179,0.011288,11.35
48113,TX,Endocrinology,Diabetes,1,6345,28964.0,57,315204,315204.0,1148742.8,5529.894736842105,5529.894736842105,50,0,100.0,28.0,3.6444,26.67,45.62,17.84,ADEQUATE,0,0.02013,28964.0,6345.0,4.5649,0.025214,58.2
48113,TX,Endocrinology,Diabetes,1,4042,16684.1,57,315204,315204.0,1148742.8,5529.894736842105,5529.894736842105,50,0,100.0,28.0,3.6444,26.67,45.62,17.84,ADEQUATE,0,0.012823,16684.1,4042.0,4.1277,0.014524,10.35
48113,TX,Endocrinology,Diabetes,1,4068,18733.9,57,315204,315204.0,1148742.8,5529.894736842105,5529.894736842105,50,0,100.0,28.0,3.6444,26.67,45.62,17.84,ADEQUATE,0,0.012906,18733.9,4068.0,4.6052,0.016308,11.0
48113,TX,Endocrinology,Diabetes,1,3568,10733.4,57,315204,315204.0,1148742.8,5529.894736842105,5529.894736842105,50,0,100.0,28.0,3.6444,26.67,45.62,17.84,ADEQUATE,0,0.01132,10733.4,3568.0,3.0082,0.009344,4.3
48113,TX,Psychiatry,Mental Health Disorders,1,6456,15808.2,48,383239,383239.0,1320148.1,7984.145833333333,7984.145833333333,60,12,80.0,76.0,3.4447,32.0,32.26,37.64,ADEQUATE,12,0.016846,15808.2,6456.0,2.4486,0.011975,60.1
48113,TX,Psychiatry,Mental Health Disorders,1,10551,42344.8,48,383239,383239.0,1320148.1,7984.145833333333,7984.145833333333,60,12,80.0,76.0,3.4447,32.0,32.26,37.64,ADEQUATE,12,0.027531,42344.8,10551.0,4.0133,0.032076,96.65
48113,TX,Psychiatry,Mental Health Disorders,1,5974,26689.5,48,383239,383239.0,1320148.1,7984.145833333333,7984.145833333333,60,12,80.0,76.0,3.4447,32.0,32.26,37.64,ADEQUATE,12,0.015588,26689.5,5974.0,4.4676,0.020217,50.4
48113,TX,Psychiatry,Mental Health Disorders,1,9574,44945.8,48,383239,383239.0,1320148.1,7984.145833333333,7984.145833333333,60,12,80.0,76.0,3.4447,32.0,32.26,37.64,ADEQUATE,12,0.024982,44945.8,9574.0,4.6946,0.034046,92.85
48113,TX,Psychiatry,Mental Health Disorders,1,6428,20103.6,48,383239,383239.0,1320148.1,7984.145833333333,7984.145833333333,60,12,80.0,76.0,3.4447,32.0,32.26,37.64,ADEQUATE,12,0.016773,20103.6,6428.0,3.1275,0.015228,59.45
48113,TX,Psychiatry,Mental Health Disorders,1,10950,44820.3,48,383239,383239.0,1320148.1,7984.145833333333,7984.145833333333,60,12,80.0,76.0,3.4447,32.0,32.26,37.64,ADEQUATE,12,0.028572,44820.3,10950.0,4.0932,0.033951,97.6
48113,TX,Psychiatry,Mental Health Disorders,1,6445,22282.5,48,383239,383239.0,1320148.1,7984.145833333333,7984.145833333333,60,12,80.0,76.0,3.4447,32.0,32.26,37.64,ADEQUATE,12,0.016817,22282.5,6445.0,3.4573,0.016879,59.75
48113,TX,Psychiatry,Mental Health Disorders,1,6712,17525.1,48,383239,383239.0,1320148.1,7984.145833333333,7984.145833333333,60,12,80.0,76.0,3.4447,32.0,32.26,37.64,ADEQUATE,12,0.017514,17525.1,6712.0,2.611,0.013275,64.8
48113,TX,Psychiatry,Mental Health Disorders,1,10786,30655.0,48,383239,383239.0,1320148.1,7984.145833333333,7984.145833333333,60,12,80.0,76.0,3.4447,32.0,32.26,37.64,ADEQUATE,12,0.028144,30655.0,10786.0,2.8421,0.023221,97.05
48113,TX,Psychiatry,Mental Health Disorders,1,6621,20251.5,48,383239,383239.0,1320148.1,7984.145833333333,7984.145833333333,60,12,80.0,76.0,3.4447,32.0,32.26,37.64,ADEQUATE,12,0.017276,20251.5,6621.0,3.0587,0.01534,62.68
48113,TX,Psychiatry,Mental Health Disorders,1,10488,29480.5,48,383239,383239.0,1320148.1,7984.145833333333,7984.145833333333,60,12,80.0,76.0,3.4447,32.0,32.26,37.64,ADEQUATE,12,0.027367,29480.5,10488.0,2.8109,0.022331,96.25
48113,TX,Psychiatry,Mental Health Disorders,1,5847,20978.8,48,383239,383239.0,1320148.1,7984.145833333333,7984.145833333333,60,12,80.0,76.0,3.4447,32.0,32.26,37.64,ADEQUATE,12,0.015257,20978.8,5847.0,3.588,0.015891,47.45
48113,TX,Psychiatry,Mental Health Disorders,1,5357,13784.2,48,383239,383239.0,1320148.1,7984.145833333333,7984.145833333333,60,12,80.0,76.0,3.4447,32.0,32.26,37.64,ADEQUATE,12,0.013978,13784.2,5357.0,2.5731,0.010441,35.78
48113,TX,Psychiatry,Mental Health Disorders,1,7842,27544.6,48,383239,383239.0,1320148.1,7984.145833333333,7984.145833333333,60,12,80.0,76.0,3.4447,32.0,32.26,37.64,ADEQUATE,12,0.020462,27544.6,7842.0,3.5124,0.020865,80.27
48113,TX,Psychiatry,Mental Health Disorders,1,9658,35441.5,48,383239,383239.0,1320148.1,7984.145833333333,7984.145833333333,60,12,80.0,76.0,3.4447,32.0,32.26,37.64,ADEQUATE,12,0.025201,35441.5,9658.0,3.6697,0.026847,93.0
48113,TX,Psychiatry,Mental Health Disorders,1,8123,27316.1,48,383239,383239.0,1320148.1,7984.145833333333,7984.145833333333,60,12,80.0,76.0,3.4447,32.0,32.26,37.64,ADEQUATE,12,0.021196,27316.1,8123.0,3.3628,0.020692,82.95
48113,TX,Psychiatry,Mental Health Disorders,1,8738,25270.6,48,383239,383239.0,1320148.1,7984.145833333333,7984.145833333333,60,12,80.0,76.0,3.4447,32.0,32.26,37.64,ADEQUATE,12,0.0228,25270.6,8738.0,2.892,0.019142,88.4
48113,TX,Psychiatry,Mental Health Disorders,1,8521,40431.5,48,383239,383239.0,1320148.1,7984.145833333333,7984.145833333333,60,12,80.0,76.0,3.4447,32.0,32.26,37.64,ADEQUATE,12,0.022234,40431.5,8521.0,4.7449,0.030626,86.9
48113,TX,Psychiatry,Mental Health Disorders,1,7167,33161.5,48,383239,383239.0,1320148.1,7984.145833333333,7984.145833333333,60,12,80.0,76.0,3.4447,32.0,32.26,37.64,ADEQUATE,12,0.018701,33161.5,7167.0,4.627,0.02512,72.1
48113,TX,Psychiatry,Mental Health Disorders,1,7121,21777.7,48,383239,383239.0,1320148.1,7984.145833333333,7984.145833333333,60,12,80.0,76.0,3.4447,32.0,32.26,37.64,ADEQUATE,12,0.018581,21777.7,7121.0,3.0582,0.016496,71.55
48113,TX,Psychiatry,Mental Health Disorders,1,7832,32386.0,48,383239,383239.0,1320148.1,7984.145833333333,7984.145833333333,60,12,80.0,76.0,3.4447,32.0,32.26,37.64,ADEQUATE,12,0.020436,32386.0,7832.0,4.1351,0.024532,80.2
48113,TX,Psychiatry,Mental Health Disorders,1,8846,38853.3,48,383239,383239.0,1320148.1,7984.145833333333,7984.145833333333,60,12,80.0,76.0,3.4447,32.0,32.26,37.64,ADEQUATE,12,0.023082,38853.3,8846.0,4.3922,0.029431,89.4
48113,TX,Psychiatry,Mental Health Disorders,1,10547,34805.7,48,383239,383239.0,1320148.1,7984.145833333333,7984.145833333333,60,12,80.0,76.0,3.4447,32.0,32.26,37.64,ADEQUATE,12,0.027521,34805.7,10547.0,3.3001,0.026365,96.6
48113,TX,Psychiatry,Mental Health Disorders,1,6186,22446.1,48,383239,383239.0,1320148.1,7984.145833333333,7984.145833333333,60,12,80.0,76.0,3.4447,32.0,32.26,37.64,ADEQUATE,12,0.016141,22446.1,6186.0,3.6285,0.017003,54.6
48113,TX,Psychiatry,Mental Health Disorders,1,8418,27789.8,48,383239,383239.0,1320148.1,7984.145833333333,7984.145833333333,60,12,80.0,76.0,3.4447,32.0,32.26,37.64,ADEQUATE,12,0.021965,27789.8,8418.0,3.3012,0.021051,85.78
48113,TX,Psychiatry,Mental Health Disorders,1,10477,25306.9,48,383239,383239.0,1320148.1,7984.145833333333,7984.145833333333,60,12,80.0,76.0,3.4447,32.0,32.26,37.64,ADEQUATE,12,0.027338,25306.9,10477.0,2.4155,0.01917,96.2
48113,TX,Psychiatry,Mental Health Disorders,1,9008,21978.6,48,383239,383239.0,1320148.1,7984.145833333333,7984.145833333333,60,12,80.0,76.0,3.4447,32.0,32.26,37.64,ADEQUATE,12,0.023505,21978.6,9008.0,2.4399,0.016649,90.4
48113,TX,Psychiatry,Mental Health Disorders,1,8863,26583.4,48,383239,383239.0,1320148.1,7984.145833333333,7984.145833333333,60,12,80.0,76.0,3.4447,32.0,32.26,37.64,ADEQUATE,12,0.023127,26583.4,8863.0,2.9994,0.020137,89.55
48113,TX,Psychiatry,Mental Health Disorders,1,7892,29180.2,48,383239,383239.0,1320148.1,7984.145833333333,7984.145833333333,60,12,80.0,76.0,3.4447,32.0,32.26,37.64,ADEQUATE,12,0.020593,29180.2,7892.0,3.6974,0.022104,80.65
48113,TX,Psychiatry,Mental Health Disorders,1,10538,28269.1,48,383239,383239.0,1320148.1,7984.145833333333,7984.145833333333,60,12,80.0,76.0,3.4447,32.0,32.26,37.64,ADEQUATE,12,0.027497,28269.1,10538.0,2.6826,0.021414,96.55
48113,TX,Psychiatry,Mental Health Disorders,1,7028,21470.7,48,383239,383239.0,1320148.1,7984.145833333333,7984.145833333333,60,12,80.0,76.0,3.4447,32.0,32.26,37.64,ADEQUATE,12,0.018338,21470.7,7028.0,3.055,0.016264,69.92
48113,TX,Psychiatry,Mental Health Disorders,1,6854,29270.2,48,383239,383239.0,1320148.1,7984.145833333333,7984.145833333333,60,12,80.0,76.0,3.4447,32.0,32.26,37.64,ADEQUATE,12,0.017884,29270.2,6854.0,4.2705,0.022172,66.88
48113,TX,Psychiatry,Mental Health Disorders,1,7429,19239.4,48,383239,383239.0,1320148.1,7984.145833333333,7984.145833333333,60,12,80.0,76.0,3.4447,32.0,32.26,37.64,ADEQUATE,12,0.019385,19239.4,7429.0,2.5898,0.014574,76.25
48113,TX,Psychiatry,Mental Health Disorders,1,8388,25874.4,48,383239,383239.0,1320148.1,7984.145833333333,7984.145833333333,60,12,80.0,76.0,3.4447,32.0,32.26,37.64,ADEQUATE,12,0.021887,25874.4,8388.0,3.0847,0.0196,85.55
48113,TX,Psychiatry,Mental Health Disorders,1,7658,32336.8,48,383239,383239.0,1320148.1,7984.145833333333,7984.145833333333,60,12,80.0,76.0,3.4447,32.0,32.26,37.64,ADEQUATE,12,0.019982,32336.8,7658.0,4.2226,0.024495,78.72
48113,TX,Psychiatry,Mental Health Disorders,1,9019,29056.0,48,383239,383239.0,1320148.1,7984.145833333333,7984.145833333333,60,12,80.0,76.0,3.4447,32.0,32.26,37.64,ADEQUATE,12,0.023534,29056.0,9019.0,3.2216,0.02201,90.5
48113,TX,Psychiatry,Mental Health Disorders,1,6501,19545.6,48,383239,383239.0,1320148.1,7984.145833333333,7984.145833333333,60,12,80.0,76.0,3.4447,32.0,32.26,37.64,ADEQUATE,12,0.016963,19545.6,6501.0,3.0066,0.014806,60.92
48113,TX,Psychiatry,Mental Health Disorders,1,5469,23596.0,48,383239,383239.0,1320148.1,7984.145833333333,7984.145833333333,60,12,80.0,76.0,3.4447,32.0,32.26,37.64,ADEQUATE,12,0.01427,23596.0,5469.0,4.3145,0.017874,39.0
48113,TX,Psychiatry,Mental Health Disorders,1,5992,19182.0,48,383239,383239.0,1320148.1,7984.145833333333,7984.145833333333,60,12,80.0,76.0,3.4447,32.0,32.26,37.64,ADEQUATE,12,0.015635,19182.0,5992.0,3.2013,0.01453,50.82
48113,TX,Psychiatry,Mental Health Disorders,1,5999,15726.1,48,383239,383239.0,1320148.1,7984.145833333333,7984.145833333333,60,12,80.0,76.0,3.4447,32.0,32.26,37.64,ADEQUATE,12,0.015653,15726.1,5999.0,2.6215,0.011912,51.0
48113,TX,Psychiatry,Mental Health Disorders,1,5687,23320.3,48,383239,383239.0,1320148.1,7984.145833333333,7984.145833333333,60,12,80.0,76.0,3.4447,32.0,32.26,37.64,ADEQUATE,12,0.014839,23320.3,5687.0,4.1006,0.017665,43.75
48113,TX,Psychiatry,Mental Health Disorders,1,10368,33185.7,48,383239,383239.0,1320148.1,7984.145833333333,7984.145833333333,60,12,80.0,76.0,3.4447,32.0,32.26,37.64,ADEQUATE,12,0.027054,33185.7,10368.0,3.2008,0.025138,95.65
48113,TX,Psychiatry,Mental Health Disorders,1,8284,38856.2,48,383239,383239.0,1320148.1,7984.145833333333,7984.145833333333,60,12,80.0,76.0,3.4447,32.0,32.26,37.64,ADEQUATE,12,0.021616,38856.2,8284.0,4.6905,0.029433,84.5
48113,TX,Psychiatry,Mental Health Disorders,1,9375,32139.6,48,383239,383239.0,1320148.1,7984.145833333333,7984.145833333333,60,12,80.0,76.0,3.4447,32.0,32.26,37.64,ADEQUATE,12,0.024463,32139.6,9375.0,3.4282,0.024345,92.05
48113,TX,Psychiatry,Mental Health Disorders,1,10648,33532.8,48,383239,383239.0,1320148.1,7984.145833333333,7984.145833333333,60,12,80.0,76.0,3.4447,32.0,32.26,37.64,ADEQUATE,12,0.027784,33532.8,10648.0,3.1492,0.025401,96.9
48113,TX,Psychiatry,Mental Health Disorders,1,5627,24887.0,48,383239,383239.0,1320148.1,7984.145833333333,7984.145833333333,60,12,80.0,76.0,3.4447,32.0,32.26,37.64,ADEQUATE,12,0.014683,24887.0,5627.0,4.4228,0.018852,42.3
48113,TX,Psychiatry,Mental Health Disorders,1,9182,25926.9,48,383239,383239.0,1320148.1,7984.145833333333,7984.145833333333,60,12,80.0,76.0,3.4447,32.0,32.26,37.64,ADEQUATE,12,0.023959,25926.9,9182.0,2.8237,0.019639,91.35
48113,TX,Psychiatry,Mental Health Disorders,1,5765,24790.0,48,383239,383239.0,1320148.1,7984.145833333333,7984.145833333333,60,12,80.0,76.0,3.4447,32.0,32.26,37.64,ADEQUATE,12,0.015043,24790.0,5765.0,4.3001,0.018778,45.8
48113,TX,Pulmonary,Respiratory Disease,1,5128,14767.1,55,288852,288852.0,1058132.5,5251.854545454546,5251.854545454546,46,0,100.0,22.67,3.6632,44.0,48.56,19.55,ADEQUATE,0,0.017753,14767.1,5128.0,2.8797,0.013956,30.5
48113,TX,Pulmonary,Respiratory Disease,1,3984,15999.6,55,288852,288852.0,1058132.5,5251.854545454546,5251.854545454546,46,0,100.0,22.67,3.6632,44.0,48.56,19.55,ADEQUATE,0,0.013793,15999.6,3984.0,4.016,0.015121,9.43
48113,TX,Pulmonary,Respiratory Disease,1,5120,18437.5,55,288852,288852.0,1058132.5,5251.854545454546,5251.854545454546,46,0,100.0,22.67,3.6632,44.0,48.56,19.55,ADEQUATE,0,0.017725,18437.5,5120.0,3.6011,0.017425,30.25
48113,TX,Pulmonary,Respiratory Disease,1,6916,16856.5,55,288852,288852.0,1058132.5,5251.854545454546,5251.854545454546,46,0,100.0,22.67,3.6632,44.0,48.56,19.55,ADEQUATE,0,0.023943,16856.5,6916.0,2.4373,0.01593,67.92
48113,TX,Pulmonary,Respiratory Disease,1,5788,23020.0,55,288852,288852.0,1058132.5,5251.854545454546,5251.854545454546,46,0,100.0,22.67,3.6632,44.0,48.56,19.55,ADEQUATE,0,0.020038,23020.0,5788.0,3.9772,0.021755,46.35
48113,TX,Pulmonary,Respiratory Disease,1,5049,24165.1,55,288852,288852.0,1058132.5,5251.854545454546,5251.854545454546,46,0,100.0,22.67,3.6632,44.0,48.56,19.55,ADEQUATE,0,0.01748,24165.1,5049.0,4.7861,0.022837,28.95
48113,TX,Pulmonary,Respiratory Disease,1,4982,21527.9,55,288852,288852.0,1058132.5,5251.854545454546,5251.854545454546,46,0,100.0,22.67,3.6632,44.0,48.56,19.55,ADEQUATE,0,0.017248,21527.9,4982.0,4.3211,0.020345,27.88
48113,TX,Pulmonary,Respiratory Disease,1,6770,21585.1,55,288852,288852.0,1058132.5,5251.854545454546,5251.854545454546,46,0,100.0,22.67,3.6632,44.0,48.56,19.55,ADEQUATE,0,0.023438,21585.1,6770.0,3.1883,0.020399,65.55
48113,TX,Pulmonary,Respiratory Disease,1,5694,26690.8,55,288852,288852.0,1058132.5,5251.854545454546,5251.854545454546,46,0,100.0,22.67,3.6632,44.0,48.56,19.55,ADEQUATE,0,0.019713,26690.8,5694.0,4.6875,0.025224,43.97
48113,TX,Pulmonary,Respiratory Disease,1,3566,10459.8,55,288852,288852.0,1058132.5,5251.854545454546,5251.854545454546,46,0,100.0,22.67,3.6632,44.0,48.56,19.55,ADEQUATE,0,0.012345,10459.8,3566.0,2.9332,0.009885,4.25
48113,TX,Pulmonary,Respiratory Disease,1,3648,14363.0,55,288852,288852.0,1058132.5,5251.854545454546,5251.854545454546,46,0,100.0,22.67,3.6632,44.0,48.56,19.55,ADEQUATE,0,0.012629,14363.0,3648.0,3.9372,0.013574,5.58
48113,TX,Pulmonary,Respiratory Disease,1,5034,17664.7,55,288852,288852.0,1058132.5,5251.854545454546,5251.854545454546,46,0,100.0,22.67,3.6632,44.0,48.56,19.55,ADEQUATE,0,0.017428,17664.7,5034.0,3.5091,0.016694,28.65
48113,TX,Pulmonary,Respiratory Disease,1,3428,10242.6,55,288852,288852.0,1058132.5,5251.854545454546,5251.854545454546,46,0,100.0,22.67,3.6632,44.0,48.56,19.55,ADEQUATE,0,0.011868,10242.6,3428.0,2.9879,0.00968,3.1
48113,TX,Pulmonary,Respiratory Disease,1,3454,16419.8,55,288852,288852.0,1058132.5,5251.854545454546,5251.854545454546,46,0,100.0,22.67,3.6632,44.0,48.56,19.55,ADEQUATE,0,0.011958,16419.8,3454.0,4.7539,0.015518,3.3
48113,TX,Pulmonary,Respiratory Disease,1,4291,15293.2,55,288852,288852.0,1058132.5,5251.854545454546,5251.854545454546,46,0,100.0,22.67,3.6632,44.0,48.56,19.55,ADEQUATE,0,0.014855,15293.2,4291.0,3.564,0.014453,14.65
48113,TX,Pulmonary,Respiratory Disease,1,6162,24024.6,55,288852,288852.0,1058132.5,5251.854545454546,5251.854545454546,46,0,100.0,22.67,3.6632,44.0,48.56,19.55,ADEQUATE,0,0.021333,24024.6,6162.0,3.8988,0.022705,54.25
48113,TX,Pulmonary,Respiratory Disease,1,5768,23070.1,55,288852,288852.0,1058132.5,5251.854545454546,5251.854545454546,46,0,100.0,22.67,3.6632,44.0,48.56,19.55,ADEQUATE,0,0.019969,23070.1,5768.0,3.9997,0.021803,45.85
48113,TX,Pulmonary,Respiratory Disease,1,6075,27265.4,55,288852,288852.0,1058132.5,5251.854545454546,5251.854545454546,46,0,100.0,22.67,3.6632,44.0,48.56,19.55,ADEQUATE,0,0.021032,27265.4,6075.0,4.4881,0.025767,52.25
48113,TX,Pulmonary,Respiratory Disease,1,5683,21557.4,55,288852,288852.0,1058132.5,5251.854545454546,5251.854545454546,46,0,100.0,22.67,3.6632,44.0,48.56,19.55,ADEQUATE,0,0.019674,21557.4,5683.0,3.7933,0.020373,43.68
48113,TX,Pulmonary,Respiratory Disease,1,6410,29267.3,55,288852,288852.0,1058132.5,5251.854545454546,5251.854545454546,46,0,100.0,22.67,3.6632,44.0,48.56,19.55,ADEQUATE,0,0.022191,29267.3,6410.0,4.5659,0.027659,58.9
48113,TX,Pulmonary,Respiratory Disease,1,4880,14347.1,55,288852,288852.0,1058132.5,5251.854545454546,5251.854545454546,46,0,100.0,22.67,3.6632,44.0,48.56,19.55,ADEQUATE,0,0.016894,14347.1,4880.0,2.94,0.013559,25.9
48113,TX,Pulmonary,Respiratory Disease,1,6875,29003.0,55,288852,288852.0,1058132.5,5251.854545454546,5251.854545454546,46,0,100.0,22.67,3.6632,44.0,48.56,19.55,ADEQUATE,0,0.023801,29003.0,6875.0,4.2186,0.02741,67.5
48113,TX,Pulmonary,Respiratory Disease,1,4026,13677.6,55,288852,288852.0,1058132.5,5251.854545454546,5251.854545454546,46,0,100.0,22.67,3.6632,44.0,48.56,19.55,ADEQUATE,0,0.013938,13677.6,4026.0,3.3973,0.012926,10.25
48113,TX,Pulmonary,Respiratory Disease,1,5561,26412.2,55,288852,288852.0,1058132.5,5251.854545454546,5251.854545454546,46,0,100.0,22.67,3.6632,44.0,48.56,19.55,ADEQUATE,0,0.019252,26412.2,5561.0,4.7495,0.024961,40.75
48113,TX,Pulmonary,Respiratory Disease,1,3789,10769.7,55,288852,288852.0,1058132.5,5251.854545454546,5251.854545454546,46,0,100.0,22.67,3.6632,44.0,48.56,19.55,ADEQUATE,0,0.013117,10769.7,3789.0,2.8424,0.010178,7.25
48113,TX,Pulmonary,Respiratory Disease,1,6845,29284.3,55,288852,288852.0,1058132.5,5251.854545454546,5251.854545454546,46,0,100.0,22.67,3.6632,44.0,48.56,19.55,ADEQUATE,0,0.023697,29284.3,6845.0,4.2782,0.027675,66.75
48113,TX,Pulmonary,Respiratory Disease,1,6460,23652.2,55,288852,288852.0,1058132.5,5251.854545454546,5251.854545454546,46,0,100.0,22.67,3.6632,44.0,48.56,19.55,ADEQUATE,0,0.022364,23652.2,6460.0,3.6613,0.022353,60.25
48113,TX,Pulmonary,Respiratory Disease,1,6855,16934.1,55,288852,288852.0,1058132.5,5251.854545454546,5251.854545454546,46,0,100.0,22.67,3.6632,44.0,48.56,19.55,ADEQUATE,0,0.023732,16934.1,6855.0,2.4703,0.016004,66.95
48113,TX,Pulmonary,Respiratory Disease,1,6647,18220.8,55,288852,288852.0,1058132.5,5251.854545454546,5251.854545454546,46,0,100.0,22.67,3.6632,44.0,48.56,19.55,ADEQUATE,0,0.023012,18220.8,6647.0,2.7412,0.01722,63.3
48113,TX,Pulmonary,Respiratory Disease,1,5332,15617.9,55,288852,288852.0,1058132.5,5251.854545454546,5251.854545454546,46,0,100.0,22.67,3.6632,44.0,48.56,19.55,ADEQUATE,0,0.018459,15617.9,5332.0,2.9291,0.01476,34.83
48113,TX,Pulmonary,Respiratory Disease,1,5519,26062.7,55,288852,288852.0,1058132.5,5251.854545454546,5251.854545454546,46,0,100.0,22.67,3.6632,44.0,48.56,19.55,ADEQUATE,0,0.019107,26062.7,5519.0,4.7224,0.024631,40.02
48113,TX,Pulmonary,Respiratory Disease,1,4065,14596.2,55,288852,288852.0,1058132.5,5251.854545454546,5251.854545454546,46,0,100.0,22.67,3.6632,44.0,48.56,19.55,ADEQUATE,0,0.014073,14596.2,4065.0,3.5907,0.013794,10.8
48113,TX,Pulmonary,Respiratory Disease,1,6055,22874.7,55,288852,288852.0,1058132.5,5251.854545454546,5251.854545454546,46,0,100.0,22.67,3.6632,44.0,48.56,19.55,ADEQUATE,0,0.020962,22874.7,6055.0,3.7778,0.021618,51.9
48113,TX,Pulmonary,Respiratory Disease,1,5343,16722.8,55,288852,288852.0,1058132.5,5251.854545454546,5251.854545454546,46,0,100.0,22.67,3.6632,44.0,48.56,19.55,ADEQUATE,0,0.018497,16722.8,5343.0,3.1299,0.015804,35.3
48113,TX,Pulmonary,Respiratory Disease,1,4860,21386.7,55,288852,288852.0,1058132.5,5251.854545454546,5251.854545454546,46,0,100.0,22.67,3.6632,44.0,48.56,19.55,ADEQUATE,0,0.016825,21386.7,4860.0,4.4006,0.020212,25.6
48113,TX,Pulmonary,Respiratory Disease,1,6944,20375.3,55,288852,288852.0,1058132.5,5251.854545454546,5251.854545454546,46,0,100.0,22.67,3.6632,44.0,48.56,19.55,ADEQUATE,0,0.02404,20375.3,6944.0,2.9342,0.019256,68.6
48113,TX,Pulmonary,Respiratory Disease,1,3393,12152.4,55,288852,288852.0,1058132.5,5251.854545454546,5251.854545454546,46,0,100.0,22.67,3.6632,44.0,48.56,19.55,ADEQUATE,0,0.011746,12152.4,3393.0,3.5816,0.011485,2.95
48113,TX,Pulmonary,Respiratory Disease,1,6148,26562.9,55,288852,288852.0,1058132.5,5251.854545454546,5251.854545454546,46,0,100.0,22.67,3.6632,44.0,48.56,19.55,ADEQUATE,0,0.021284,26562.9,6148.0,4.3206,0.025104,53.92
48113,TX,Pulmonary,Respiratory Disease,1,3601,15821.3,55,288852,288852.0,1058132.5,5251.854545454546,5251.854545454546,46,0,100.0,22.67,3.6632,44.0,48.56,19.55,ADEQUATE,0,0.012467,15821.3,3601.0,4.3936,0.014952,4.65
48113,TX,Pulmonary,Respiratory Disease,1,6624,16936.6,55,288852,288852.0,1058132.5,5251.854545454546,5251.854545454546,46,0,100.0,22.67,3.6632,44.0,48.56,19.55,ADEQUATE,0,0.022932,16936.6,6624.0,2.5569,0.016006,62.82
48113,TX,Pulmonary,Respiratory Disease,1,4599,13573.7,55,288852,288852.0,1058132.5,5251.854545454546,5251.854545454546,46,0,100.0,22.67,3.6632,44.0,48.56,19.55,ADEQUATE,0,0.015922,13573.7,4599.0,2.9514,0.012828,20.4
48113,TX,Pulmonary,Respiratory Disease,1,6081,25138.3,55,288852,288852.0,1058132.5,5251.854545454546,5251.854545454546,46,0,100.0,22.67,3.6632,44.0,48.56,19.55,ADEQUATE,0,0.021052,25138.3,6081.0,4.1339,0.023757,52.42
48113,TX,Pulmonary,Respiratory Disease,1,6709,30124.2,55,288852,288852.0,1058132.5,5251.854545454546,5251.854545454546,46,0,100.0,22.67,3.6632,44.0,48.56,19.55,ADEQUATE,0,0.023226,30124.2,6709.0,4.4901,0.028469,64.7
48113,TX,Pulmonary,Respiratory Disease,1,3392,8901.7,55,288852,288852.0,1058132.5,5251.854545454546,5251.854545454546,46,0,100.0,22.67,3.6632,44.0,48.56,19.55,ADEQUATE,0,0.011743,8901.7,3392.0,2.6243,0.008413,2.88
48113,TX,Pulmonary,Respiratory Disease,1,4452,18019.4,55,288852,288852.0,1058132.5,5251.854545454546,5251.854545454546,46,0,100.0,22.67,3.6632,44.0,48.56,19.55,ADEQUATE,0,0.015413,18019.4,4452.0,4.0475,0.017029,17.47
48113,TX,Pulmonary,Respiratory Disease,1,5656,15628.3,55,288852,288852.0,1058132.5,5251.854545454546,5251.854545454546,46,0,100.0,22.67,3.6632,44.0,48.56,19.55,ADEQUATE,0,0.019581,15628.3,5656.0,2.7631,0.01477,42.9
48113,TX,Pulmonary,Respiratory Disease,1,5511,15306.4,55,288852,288852.0,1058132.5,5251.854545454546,5251.854545454546,46,0,100.0,22.67,3.6632,44.0,48.56,19.55,ADEQUATE,0,0.019079,15306.4,5511.0,2.7774,0.014465,39.75
48113,TX,Pulmonary,Respiratory Disease,1,5292,18567.0,55,288852,288852.0,1058132.5,5251.854545454546,5251.854545454546,46,0,100.0,22.67,3.6632,44.0,48.56,19.55,ADEQUATE,0,0.018321,18567.0,5292.0,3.5085,0.017547,33.95
48113,TX,Pulmonary,Respiratory Disease,1,5571,25329.0,55,288852,288852.0,1058132.5,5251.854545454546,5251.854545454546,46,0,100.0,22.67,3.6632,44.0,48.56,19.55,ADEQUATE,0,0.019287,25329.0,5571.0,4.5466,0.023937,41.02
48113,TX,Pulmonary,Respiratory Disease,1,5941,20728.2,55,288852,288852.0,1058132.5,5251.854545454546,5251.854545454546,46,0,100.0,22.67,3.6632,44.0,48.56,19.55,ADEQUATE,0,0.020568,20728.2,5941.0,3.489,0.019589,49.8
48113,TX,Pulmonary,Respiratory Disease,1,6254,28459.8,55,288852,288852.0,1058132.5,5251.854545454546,5251.854545454546,46,0,100.0,22.67,3.6632,44.0,48.56,19.55,ADEQUATE,0,0.021651,28459.8,6254.0,4.5507,0.026896,56.0
48113,TX,Pulmonary,Respiratory Disease,1,4023,12046.1,55,288852,288852.0,1058132.5,5251.854545454546,5251.854545454546,46,0,100.0,22.67,3.6632,44.0,48.56,19.55,ADEQUATE,0,0.013928,12046.1,4023.0,2.9943,0.011384,10.15
48113,TX,Pulmonary,Respiratory Disease,1,3377,11409.9,55,288852,288852.0,1058132.5,5251.854545454546,5251.854545454546,46,0,100.0,22.67,3.6632,44.0,48.56,19.55,ADEQUATE,0,0.011691,11409.9,3377.0,3.3787,0.010783,2.58
48113,TX,Pulmonary,Respiratory Disease,1,3440,12095.7,55,288852,288852.0,1058132.5,5251.854545454546,5251.854545454546,46,0,100.0,22.67,3.6632,44.0,48.56,19.55,ADEQUATE,0,0.011909,12095.7,3440.0,3.5162,0.011431,3.2
48113,TX,Pulmonary,Respiratory Disease,1,5782,18716.8,55,288852,288852.0,1058132.5,5251.854545454546,5251.854545454546,46,0,100.0,22.67,3.6632,44.0,48.56,19.55,ADEQUATE,0,0.020017,18716.8,5782.0,3.2371,0.017689,46.28
48113,TX,Rheumatology,Arthritis,1,7915,24842.5,52,352893,352893.0,1240779.3,6786.403846153846,6786.403846153846,56,4,92.86,61.33,3.516,20.0,44.19,28.17,ADEQUATE,4,0.022429,24842.5,7915.0,3.1387,0.020022,81.03
48113,TX,Rheumatology,Arthritis,1,7709,36419.0,52,352893,352893.0,1240779.3,6786.403846153846,6786.403846153846,56,4,92.86,61.33,3.516,20.0,44.19,28.17,ADEQUATE,4,0.021845,36419.0,7709.0,4.7242,0.029352,79.1
48113,TX,Rheumatology,Arthritis,1,7454,22417.9,52,352893,352893.0,1240779.3,6786.403846153846,6786.403846153846,56,4,92.86,61.33,3.516,20.0,44.19,28.17,ADEQUATE,4,0.021123,22417.9,7454.0,3.0075,0.018068,76.75
48113,TX,Rheumatology,Arthritis,1,5562,15422.1,52,352893,352893.0,1240779.3,6786.403846153846,6786.403846153846,56,4,92.86,61.33,3.516,20.0,44.19,28.17,ADEQUATE,4,0.015761,15422.1,5562.0,2.7728,0.012429,40.83
48113,TX,Rheumatology,Arthritis,1,6126,27657.5,52,352893,352893.0,1240779.3,6786.403846153846,6786.403846153846,56,4,92.86,61.33,3.516,20.0,44.19,28.17,ADEQUATE,4,0.017359,27657.5,6126.0,4.5148,0.02229,53.45
48113,TX,Rheumatology,Arthritis,1,6574,30013.1,52,352893,352893.0,1240779.3,6786.403846153846,6786.403846153846,56,4,92.86,61.33,3.516,20.0,44.19,28.17,ADEQUATE,4,0.018629,30013.1,6574.0,4.5654,0.024189,62.15
48113,TX,Rheumatology,Arthritis,1,4941,16646.8,52,352893,352893.0,1240779.3,6786.403846153846,6786.403846153846,56,4,92.86,61.33,3.516,20.0,44.19,28.17,ADEQUATE,4,0.014001,16646.8,4941.0,3.3691,0.013416,26.8
48113,TX,Rheumatology,Arthritis,1,6058,26835.1,52,352893,352893.0,1240779.3,6786.403846153846,6786.403846153846,56,4,92.86,61.33,3.516,20.0,44.19,28.17,ADEQUATE,4,0.017167,26835.1,6058.0,4.4297,0.021628,51.95
48113,TX,Rheumatology,Arthritis,1,5893,27213.3,52,352893,352893.0,1240779.3,6786.403846153846,6786.403846153846,56,4,92.86,61.33,3.516,20.0,44.19,28.17,ADEQUATE,4,0.016699,27213.3,5893.0,4.6179,0.021932,48.4
48113,TX,Rheumatology,Arthritis,1,6979,18530.9,52,352893,352893.0,1240779.3,6786.403846153846,6786.403846153846,56,4,92.86,61.33,3.516,20.0,44.19,28.17,ADEQUATE,4,0.019777,18530.9,6979.0,2.6552,0.014935,69.0
48113,TX,Rheumatology,Arthritis,1,8181,24933.6,52,352893,352893.0,1240779.3,6786.403846153846,6786.403846153846,56,4,92.86,61.33,3.516,20.0,44.19,28.17,ADEQUATE,4,0.023183,24933.6,8181.0,3.0477,0.020095,83.6
48113,TX,Rheumatology,Arthritis,1,8248,31770.7,52,352893,352893.0,1240779.3,6786.403846153846,6786.403846153846,56,4,92.86,61.33,3.516,20.0,44.19,28.17,ADEQUATE,4,0.023373,31770.7,8248.0,3.8519,0.025605,84.2
48113,TX,Rheumatology,Arthritis,1,8135,29616.8,52,352893,352893.0,1240779.3,6786.403846153846,6786.403846153846,56,4,92.86,61.33,3.516,20.0,44.19,28.17,ADEQUATE,4,0.023052,29616.8,8135.0,3.6407,0.02387,83.05
48113,TX,Rheumatology,Arthritis,1,7019,30511.7,52,352893,352893.0,1240779.3,6786.403846153846,6786.403846153846,56,4,92.86,61.33,3.516,20.0,44.19,28.17,ADEQUATE,4,0.01989,30511.7,7019.0,4.347,0.024591,69.75
48113,TX,Rheumatology,Arthritis,1,6823,31065.6,52,352893,352893.0,1240779.3,6786.403846153846,6786.403846153846,56,4,92.86,61.33,3.516,20.0,44.19,28.17,ADEQUATE,4,0.019334,31065.6,6823.0,4.5531,0.025037,66.45
48113,TX,Rheumatology,Arthritis,1,7727,22309.2,52,352893,352893.0,1240779.3,6786.403846153846,6786.403846153846,56,4,92.86,61.33,3.516,20.0,44.19,28.17,ADEQUATE,4,0.021896,22309.2,7727.0,2.8872,0.01798,79.25
48113,TX,Rheumatology,Arthritis,1,5339,23257.8,52,352893,352893.0,1240779.3,6786.403846153846,6786.403846153846,56,4,92.86,61.33,3.516,20.0,44.19,28.17,ADEQUATE,4,0.015129,23257.8,5339.0,4.3562,0.018745,35.1
48113,TX,Rheumatology,Arthritis,1,5285,24771.7,52,352893,352893.0,1240779.3,6786.403846153846,6786.403846153846,56,4,92.86,61.33,3.516,20.0,44.19,28.17,ADEQUATE,4,0.014976,24771.7,5285.0,4.6872,0.019965,33.8
48113,TX,Rheumatology,Arthritis,1,7095,19519.4,52,352893,352893.0,1240779.3,6786.403846153846,6786.403846153846,56,4,92.86,61.33,3.516,20.0,44.19,28.17,ADEQUATE,4,0.020105,19519.4,7095.0,2.7511,0.015732,71.23
48113,TX,Rheumatology,Arthritis,1,4936,19799.5,52,352893,352893.0,1240779.3,6786.403846153846,6786.403846153846,56,4,92.86,61.33,3.516,20.0,44.19,28.17,ADEQUATE,4,0.013987,19799.5,4936.0,4.0112,0.015957,26.75
48113,TX,Rheumatology,Arthritis,1,7807,28549.3,52,352893,352893.0,1240779.3,6786.403846153846,6786.403846153846,56,4,92.86,61.33,3.516,20.0,44.19,28.17,ADEQUATE,4,0.022123,28549.3,7807.0,3.6569,0.023009,80.0
48113,TX,Rheumatology,Arthritis,1,8156,20125.7,52,352893,352893.0,1240779.3,6786.403846153846,6786.403846153846,56,4,92.86,61.33,3.516,20.0,44.19,28.17,ADEQUATE,4,0.023112,20125.7,8156.0,2.4676,0.01622,83.45
48113,TX,Rheumatology,Arthritis,1,6511,16062.6,52,352893,352893.0,1240779.3,6786.403846153846,6786.403846153846,56,4,92.86,61.33,3.516,20.0,44.19,28.17,ADEQUATE,4,0.01845,16062.6,6511.0,2.467,0.012946,61.1
48113,TX,Rheumatology,Arthritis,1,7700,26422.4,52,352893,352893.0,1240779.3,6786.403846153846,6786.403846153846,56,4,92.86,61.33,3.516,20.0,44.19,28.17,ADEQUATE,4,0.02182,26422.4,7700.0,3.4315,0.021295,79.05
48113,TX,Rheumatology,Arthritis,1,6543,26061.2,52,352893,352893.0,1240779.3,6786.403846153846,6786.403846153846,56,4,92.86,61.33,3.516,20.0,44.19,28.17,ADEQUATE,4,0.018541,26061.2,6543.0,3.9831,0.021004,61.58
48113,TX,Rheumatology,Arthritis,1,8660,22425.2,52,352893,352893.0,1240779.3,6786.403846153846,6786.403846153846,56,4,92.86,61.33,3.516,20.0,44.19,28.17,ADEQUATE,4,0.02454,22425.2,8660.0,2.5895,0.018073,87.78
48113,TX,Rheumatology,Arthritis,1,5462,21748.6,52,352893,352893.0,1240779.3,6786.403846153846,6786.403846153846,56,4,92.86,61.33,3.516,20.0,44.19,28.17,ADEQUATE,4,0.015478,21748.6,5462.0,3.9818,0.017528,38.85
48113,TX,Rheumatology,Arthritis,1,6265,20109.2,52,352893,352893.0,1240779.3,6786.403846153846,6786.403846153846,56,4,92.86,61.33,3.516,20.0,44.19,28.17,ADEQUATE,4,0.017753,20109.2,6265.0,3.2098,0.016207,56.32
48113,TX,Rheumatology,Arthritis,1,6553,18482.3,52,352893,352893.0,1240779.3,6786.403846153846,6786.403846153846,56,4,92.86,61.33,3.516,20.0,44.19,28.17,ADEQUATE,4,0.018569,18482.3,6553.0,2.8204,0.014896,61.7
48113,TX,Rheumatology,Arthritis,1,5466,20648.4,52,352893,352893.0,1240779.3,6786.403846153846,6786.403846153846,56,4,92.86,61.33,3.516,20.0,44.19,28.17,ADEQUATE,4,0.015489,20648.4,5466.0,3.7776,0.016641,38.95
48113,TX,Rheumatology,Arthritis,1,5445,24071.6,52,352893,352893.0,1240779.3,6786.403846153846,6786.403846153846,56,4,92.86,61.33,3.516,20.0,44.19,28.17,ADEQUATE,4,0.01543,24071.6,5445.0,4.4209,0.0194,38.15
48113,TX,Rheumatology,Arthritis,1,4569,17261.1,52,352893,352893.0,1240779.3,6786.403846153846,6786.403846153846,56,4,92.86,61.33,3.516,20.0,44.19,28.17,ADEQUATE,4,0.012947,17261.1,4569.0,3.7779,0.013911,19.7
48113,TX,Rheumatology,Arthritis,1,8153,23287.1,52,352893,352893.0,1240779.3,6786.403846153846,6786.403846153846,56,4,92.86,61.33,3.516,20.0,44.19,28.17,ADEQUATE,4,0.023103,23287.1,8153.0,2.8563,0.018768,83.4
48113,TX,Rheumatology,Arthritis,1,6824,22921.5,52,352893,352893.0,1240779.3,6786.403846153846,6786.403846153846,56,4,92.86,61.33,3.516,20.0,44.19,28.17,ADEQUATE,4,0.019337,22921.5,6824.0,3.359,0.018473,66.5
48113,TX,Rheumatology,Arthritis,1,6309,20673.9,52,352893,352893.0,1240779.3,6786.403846153846,6786.403846153846,56,4,92.86,61.33,3.516,20.0,44.19,28.17,ADEQUATE,4,0.017878,20673.9,6309.0,3.2769,0.016662,57.3
48113,TX,Rheumatology,Arthritis,1,4496,17511.4,52,352893,352893.0,1240779.3,6786.403846153846,6786.403846153846,56,4,92.86,61.33,3.516,20.0,44.19,28.17,ADEQUATE,4,0.01274,17511.4,4496.0,3.8949,0.014113,18.6
48113,TX,Rheumatology,Arthritis,1,7794,29634.9,52,352893,352893.0,1240779.3,6786.403846153846,6786.403846153846,56,4,92.86,61.33,3.516,20.0,44.19,28.17,ADEQUATE,4,0.022086,29634.9,7794.0,3.8023,0.023884,79.95
48113,TX,Rheumatology,Arthritis,1,8286,22054.4,52,352893,352893.0,1240779.3,6786.403846153846,6786.403846153846,56,4,92.86,61.33,3.516,20.0,44.19,28.17,ADEQUATE,4,0.02348,22054.4,8286.0,2.6616,0.017775,84.58
48113,TX,Rheumatology,Arthritis,1,8295,20543.3,52,352893,352893.0,1240779.3,6786.403846153846,6786.403846153846,56,4,92.86,61.33,3.516,20.0,44.19,28.17,ADEQUATE,4,0.023506,20543.3,8295.0,2.4766,0.016557,84.7
48113,TX,Rheumatology,Arthritis,1,8325,27025.7,52,352893,352893.0,1240779.3,6786.403846153846,6786.403846153846,56,4,92.86,61.33,3.516,20.0,44.19,28.17,ADEQUATE,4,0.023591,27025.7,8325.0,3.2463,0.021781,85.05
48113,TX,Rheumatology,Arthritis,1,5304,18914.2,52,352893,352893.0,1240779.3,6786.403846153846,6786.403846153846,56,4,92.86,61.33,3.516,20.0,44.19,28.17,ADEQUATE,4,0.01503,18914.2,5304.0,3.566,0.015244,34.2
48113,TX,Rheumatology,Arthritis,1,7009,32286.3,52,352893,352893.0,1240779.3,6786.403846153846,6786.403846153846,56,4,92.86,61.33,3.516,20.0,44.19,28.17,ADEQUATE,4,0.019862,32286.3,7009.0,4.6064,0.026021,69.62
48113,TX,Rheumatology,Arthritis,1,8029,26837.1,52,352893,352893.0,1240779.3,6786.403846153846,6786.403846153846,56,4,92.86,61.33,3.516,20.0,44.19,28.17,ADEQUATE,4,0.022752,26837.1,8029.0,3.3425,0.021629,81.8
48113,TX,Rheumatology,Arthritis,1,8975,28667.9,52,352893,352893.0,1240779.3,6786.403846153846,6786.403846153846,56,4,92.86,61.33,3.516,20.0,44.19,28.17,ADEQUATE,4,0.025433,28667.9,8975.0,3.1942,0.023105,90.25
48113,TX,Rheumatology,Arthritis,1,5797,14577.2,52,352893,352893.0,1240779.3,6786.403846153846,6786.403846153846,56,4,92.86,61.33,3.516,20.0,44.19,28.17,ADEQUATE,4,0.016427,14577.2,5797.0,2.5146,0.011748,46.5
48113,TX,Rheumatology,Arthritis,1,8547,35002.8,52,352893,352893.0,1240779.3,6786.403846153846,6786.403846153846,56,4,92.86,61.33,3.516,20.0,44.19,28.17,ADEQUATE,4,0.02422,35002.8,8547.0,4.0953,0.02821,87.3
48113,TX,Rheumatology,Arthritis,1,7526,31030.6,52,352893,352893.0,1240779.3,6786.403846153846,6786.403846153846,56,4,92.86,61.33,3.516,20.0,44.19,28.17,ADEQUATE,4,0.021327,31030.6,7526.0,4.1231,0.025009,77.8
48113,TX,Rheumatology,Arthritis,1,4603,15452.2,52,352893,352893.0,1240779.3,6786.403846153846,6786.403846153846,56,4,92.86,61.33,3.516,20.0,44.19,28.17,ADEQUATE,4,0.013044,15452.2,4603.0,3.357,0.012454,20.52
48113,TX,Rheumatology,Arthritis,1,4719,19231.4,52,352893,352893.0,1240779.3,6786.403846153846,6786.403846153846,56,4,92.86,61.33,3.516,20.0,44.19,28.17,ADEQUATE,4,0.013372,19231.4,4719.0,4.0753,0.015499,22.52
48113,TX,Rheumatology,Arthritis,1,6501,20480.1,52,352893,352893.0,1240779.3,6786.403846153846,6786.403846153846,56,4,92.86,61.33,3.516,20.0,44.19,28.17,ADEQUATE,4,0.018422,20480.1,6501.0,3.1503,0.016506,60.92
48113,TX,Rheumatology,Arthritis,1,5397,23963.6,52,352893,352893.0,1240779.3,6786.403846153846,6786.403846153846,56,4,92.86,61.33,3.516,20.0,44.19,28.17,ADEQUATE,4,0.015294,23963.6,5397.0,4.4402,0.019313,36.6
48113,TX,Rheumatology,Arthritis,1,8868,25161.9,52,352893,352893.0,1240779.3,6786.403846153846,6786.403846153846,56,4,92.86,61.33,3.516,20.0,44.19,28.17,ADEQUATE,4,0.025129,25161.9,8868.0,2.8374,0.020279,89.65
48201,TX,Cardiology,Heart Disease,1,5500,17847.6,107,476926,476926.0,1682926.7,4457.252336448598,4457.252336448598,75,0,100.0,2.67,3.5287,22.67,50.72,11.68,ADEQUATE,0,0.011532,17847.6,5500.0,3.245,0.010605,39.48
48201,TX,Cardiology,Heart Disease,1,5326,23033.5,107,476926,476926.0,1682926.7,4457.252336448598,4457.252336448598,75,0,100.0,2.67,3.5287,22.67,50.72,11.68,ADEQUATE,0,0.011167,23033.5,5326.0,4.3247,0.013687,34.62
48201,TX,Cardiology,Heart Disease,1,5220,15383.4,107,476926,476926.0,1682926.7,4457.252336448598,4457.252336448598,75,0,100.0,2.67,3.5287,22.67,50.72,11.68,ADEQUATE,0,0.010945,15383.4,5220.0,2.947,0.009141,32.6
48201,TX,Cardiology,Heart Disease,1,4797,22296.8,107,476926,476926.0,1682926.7,4457.252336448598,4457.252336448598,75,0,100.0,2.67,3.5287,22.67,50.72,11.68,ADEQUATE,0,0.010058,22296.8,4797.0,4.6481,0.013249,24.32
48201,TX,Cardiology,Heart Disease,1,3142,9436.1,107,476926,476926.0,1682926.7,4457.252336448598,4457.252336448598,75,0,100.0,2.67,3.5287,22.67,50.72,11.68,ADEQUATE,0,0.006588,9436.1,3142.0,3.0032,0.005607,1.45
48201,TX,Cardiology,Heart Disease,1,4296,16313.7,107,476926,476926.0,1682926.7,4457.252336448598,4457.252336448598,75,0,100.0,2.67,3.5287,22.67,50.72,11.68,ADEQUATE,0,0.009008,16313.7,4296.0,3.7974,0.009694,14.75
48201,TX,Cardiology,Heart Disease,1,4204,16115.0,107,476926,476926.0,1682926.7,4457.252336448598,4457.252336448598,75,0,100.0,2.67,3.5287,22.67,50.72,11.68,ADEQUATE,0,0.008815,16115.0,4204.0,3.8333,0.009576,13.5
48201,TX,Cardiology,Heart Disease,1,4443,19877.4,107,476926,476926.0,1682926.7,4457.252336448598,4457.252336448598,75,0,100.0,2.67,3.5287,22.67,50.72,11.68,ADEQUATE,0,0.009316,19877.4,4443.0,4.4739,0.011811,17.35
48201,TX,Cardiology,Heart Disease,1,3734,9677.2,107,476926,476926.0,1682926.7,4457.252336448598,4457.252336448598,75,0,100.0,2.67,3.5287,22.67,50.72,11.68,ADEQUATE,0,0.007829,9677.2,3734.0,2.5916,0.00575,6.45
48201,TX,Cardiology,Heart Disease,1,3228,9602.3,107,476926,476926.0,1682926.7,4457.252336448598,4457.252336448598,75,0,100.0,2.67,3.5287,22.67,50.72,11.68,ADEQUATE,0,0.006768,9602.3,3228.0,2.9747,0.005706,1.8
48201,TX,Cardiology,Heart Disease,1,5100,17078.2,107,476926,476926.0,1682926.7,4457.252336448598,4457.252336448598,75,0,100.0,2.67,3.5287,22.67,50.72,11.68,ADEQUATE,0,0.010693,17078.2,5100.0,3.3487,0.010148,29.65
48201,TX,Cardiology,Heart Disease,1,5077,13958.3,107,476926,476926.0,1682926.7,4457.252336448598,4457.252336448598,75,0,100.0,2.67,3.5287,22.67,50.72,11.68,ADEQUATE,0,0.010645,13958.3,5077.0,2.7493,0.008294,29.33
48201,TX,Cardiology,Heart Disease,1,4413,10940.5,107,476926,476926.0,1682926.7,4457.252336448598,4457.252336448598,75,0,100.0,2.67,3.5287,22.67,50.72,11.68,ADEQUATE,0,0.009253,10940.5,4413.0,2.4792,0.006501,16.75
48201,TX,Cardiology,Heart Disease,1,4425,18839.8,107,476926,476926.0,1682926.7,4457.252336448598,4457.252336448598,75,0,100.0,2.67,3.5287,22.67,50.72,11.68,ADEQUATE,0,0.009278,18839.8,4425.0,4.2576,0.011195,16.95
48201,TX,Cardiology,Heart Disease,1,5588,25436.1,107,476926,476926.0,1682926.7,4457.252336448598,4457.252336448598,75,0,100.0,2.67,3.5287,22.67,50.72,11.68,ADEQUATE,0,0.011717,25436.1,5588.0,4.5519,0.015114,41.42
48201,TX,Cardiology,Heart Disease,1,3251,8710.8,107,476926,476926.0,1682926.7,4457.252336448598,4457.252336448598,75,0,100.0,2.67,3.5287,22.67,50.72,11.68,ADEQUATE,0,0.006817,8710.8,3251.0,2.6794,0.005176,1.9
48201,TX,Cardiology,Heart Disease,1,3159,13744.3,107,476926,476926.0,1682926.7,4457.252336448598,4457.252336448598,75,0,100.0,2.67,3.5287,22.67,50.72,11.68,ADEQUATE,0,0.006624,13744.3,3159.0,4.3508,0.008167,1.55
48201,TX,Cardiology,Heart Disease,1,3536,13023.3,107,476926,476926.0,1682926.7,4457.252336448598,4457.252336448598,75,0,100.0,2.67,3.5287,22.67,50.72,11.68,ADEQUATE,0,0.007414,13023.3,3536.0,3.6831,0.007738,3.85
48201,TX,Cardiology,Heart Disease,1,3065,12747.9,107,476926,476926.0,1682926.7,4457.252336448598,4457.252336448598,75,0,100.0,2.67,3.5287,22.67,50.72,11.68,ADEQUATE,0,0.006427,12747.9,3065.0,4.1592,0.007575,1.15
48201,TX,Cardiology,Heart Disease,1,3380,14315.4,107,476926,476926.0,1682926.7,4457.252336448598,4457.252336448598,75,0,100.0,2.67,3.5287,22.67,50.72,11.68,ADEQUATE,0,0.007087,14315.4,3380.0,4.2353,0.008506,2.65
48201,TX,Cardiology,Heart Disease,1,5683,21902.3,107,476926,476926.0,1682926.7,4457.252336448598,4457.252336448598,75,0,100.0,2.67,3.5287,22.67,50.72,11.68,ADEQUATE,0,0.011916,21902.3,5683.0,3.854,0.013014,43.68
48201,TX,Cardiology,Heart Disease,1,5307,18263.0,107,476926,476926.0,1682926.7,4457.252336448598,4457.252336448598,75,0,100.0,2.67,3.5287,22.67,50.72,11.68,ADEQUATE,0,0.011128,18263.0,5307.0,3.4413,0.010852,34.25
48201,TX,Cardiology,Heart Disease,1,5300,20541.7,107,476926,476926.0,1682926.7,4457.252336448598,4457.252336448598,75,0,100.0,2.67,3.5287,22.67,50.72,11.68,ADEQUATE,0,0.011113,20541.7,5300.0,3.8758,0.012206,34.15
48201,TX,Cardiology,Heart Disease,1,3750,16173.0,107,476926,476926.0,1682926.7,4457.252336448598,4457.252336448598,75,0,100.0,2.67,3.5287,22.67,50.72,11.68,ADEQUATE,0,0.007863,16173.0,3750.0,4.3128,0.00961,6.88
48201,TX,Cardiology,Heart Disease,1,3226,10250.4,107,476926,476926.0,1682926.7,4457.252336448598,4457.252336448598,75,0,100.0,2.67,3.5287,22.67,50.72,11.68,ADEQUATE,0,0.006764,10250.4,3226.0,3.1774,0.006091,1.75
48201,TX,Cardiology,Heart Disease,1,5434,25282.1,107,476926,476926.0,1682926.7,4457.252336448598,4457.252336448598,75,0,100.0,2.67,3.5287,22.67,50.72,11.68,ADEQUATE,0,0.011394,25282.1,5434.0,4.6526,0.015023,37.78
48201,TX,Cardiology,Heart Disease,1,3764,11835.9,107,476926,476926.0,1682926.7,4457.252336448598,4457.252336448598,75,0,100.0,2.67,3.5287,22.67,50.72,11.68,ADEQUATE,0,0.007892,11835.9,3764.0,3.1445,0.007033,7.1
48201,TX,Cardiology,Heart Disease,1,3990,14352.7,107,476926,476926.0,1682926.7,4457.252336448598,4457.252336448598,75,0,100.0,2.67,3.5287,22.67,50.72,11.68,ADEQUATE,0,0.008366,14352.7,3990.0,3.5972,0.008528,9.55
48201,TX,Cardiology,Heart Disease,1,5376,15045.9,107,476926,476926.0,1682926.7,4457.252336448598,4457.252336448598,75,0,100.0,2.67,3.5287,22.67,50.72,11.68,ADEQUATE,0,0.011272,15045.9,5376.0,2.7987,0.00894,36.35
48201,TX,Cardiology,Heart Disease,1,5138,12839.0,107,476926,476926.0,1682926.7,4457.252336448598,4457.252336448598,75,0,100.0,2.67,3.5287,22.67,50.72,11.68,ADEQUATE,0,0.010773,12839.0,5138.0,2.4988,0.007629,30.65
48201,TX,Cardiology,Heart Disease,1,5167,16829.3,107,476926,476926.0,1682926.7,4457.252336448598,4457.252336448598,75,0,100.0,2.67,3.5287,22.67,50.72,11.68,ADEQUATE,0,0.010834,16829.3,5167.0,3.2571,0.01,31.25
48201,TX,Cardiology,Heart Disease,1,5662,20265.1,107,476926,476926.0,1682926.7,4457.252336448598,4457.252336448598,75,0,100.0,2.67,3.5287,22.67,50.72,11.68,ADEQUATE,0,0.011872,20265.1,5662.0,3.5791,0.012042,43.05
48201,TX,Cardiology,Heart Disease,1,4768,17009.4,107,476926,476926.0,1682926.7,4457.252336448598,4457.252336448598,75,0,100.0,2.67,3.5287,22.67,50.72,11.68,ADEQUATE,0,0.009997,17009.4,4768.0,3.5674,0.010107,23.62
48201,TX,Cardiology,Heart Disease,1,4311,19546.0,107,476926,476926.0,1682926.7,4457.252336448598,4457.252336448598,75,0,100.0,2.67,3.5287,22.67,50.72,11.68,ADEQUATE,0,0.009039,19546.0,4311.0,4.534,0.011614,15.02
48201,TX,Cardiology,Heart Disease,1,4931,11937.0,107,476926,476926.0,1682926.7,4457.252336448598,4457.252336448598,75,0,100.0,2.67,3.5287,22.67,50.72,11.68,ADEQUATE,0,0.010339,11937.0,4931.0,2.4208,0.007093,26.7
48201,TX,Cardiology,Heart Disease,1,5728,19447.3,107,476926,476926.0,1682926.7,4457.252336448598,4457.252336448598,75,0,100.0,2.67,3.5287,22.67,50.72,11.68,ADEQUATE,0,0.01201,19447.3,5728.0,3.3951,0.011556,44.75
48201,TX,Cardiology,Heart Disease,1,2941,11884.4,107,476926,476926.0,1682926.7,4457.252336448598,4457.252336448598,75,0,100.0,2.67,3.5287,22.67,50.72,11.68,ADEQUATE,0,0.006167,11884.4,2941.0,4.0409,0.007062,0.5
48201,TX,Cardiology,Heart Disease,1,3058,9802.4,107,476926,476926.0,1682926.7,4457.252336448598,4457.252336448598,75,0,100.0,2.67,3.5287,22.67,50.72,11.68,ADEQUATE,0,0.006412,9802.4,3058.0,3.2055,0.005825,1.1
48201,TX,Cardiology,Heart Disease,1,4898,12921.8,107,476926,476926.0,1682926.7,4457.252336448598,4457.252336448598,75,0,100.0,2.67,3.5287,22.67,50.72,11.68,ADEQUATE,0,0.01027,12921.8,4898.0,2.6382,0.007678,26.15
48201,TX,Cardiology,Heart Disease,1,3936,9652.0,107,476926,476926.0,1682926.7,4457.252336448598,4457.252336448598,75,0,100.0,2.67,3.5287,22.67,50.72,11.68,ADEQUATE,0,0.008253,9652.0,3936.0,2.4522,0.005735,8.62
48201,TX,Cardiology,Heart Disease,1,4821,21360.6,107,476926,476926.0,1682926.7,4457.252336448598,4457.252336448598,75,0,100.0,2.67,3.5287,22.67,50.72,11.68,ADEQUATE,0,0.010108,21360.6,4821.0,4.4307,0.012693,24.95
48201,TX,Cardiology,Heart Disease,1,3981,16092.6,107,476926,476926.0,1682926.7,4457.252336448598,4457.252336448598,75,0,100.0,2.67,3.5287,22.67,50.72,11.68,ADEQUATE,0,0.008347,16092.6,3981.0,4.0424,0.009562,9.32
48201,TX,Cardiology,Heart Disease,1,4329,16437.2,107,476926,476926.0,1682926.7,4457.252336448598,4457.252336448598,75,0,100.0,2.67,3.5287,22.67,50.72,11.68,ADEQUATE,0,0.009077,16437.2,4329.0,3.797,0.009767,15.28
48201,TX,Cardiology,Heart Disease,1,4740,14140.4,107,476926,476926.0,1682926.7,4457.252336448598,4457.252336448598,75,0,100.0,2.67,3.5287,22.67,50.72,11.68,ADEQUATE,0,0.009939,14140.4,4740.0,2.9832,0.008402,23.0
48201,TX,Cardiology,Heart Disease,1,3304,12033.0,107,476926,476926.0,1682926.7,4457.252336448598,4457.252336448598,75,0,100.0,2.67,3.5287,22.67,50.72,11.68,ADEQUATE,0,0.006928,12033.0,3304.0,3.6419,0.00715,2.05
48201,TX,Cardiology,Heart Disease,1,5398,19125.2,107,476926,476926.0,1682926.7,4457.252336448598,4457.252336448598,75,0,100.0,2.67,3.5287,22.67,50.72,11.68,ADEQUATE,0,0.011318,19125.2,5398.0,3.543,0.011364,36.68
48201,TX,Cardiology,Heart Disease,1,5449,16995.6,107,476926,476926.0,1682926.7,4457.252336448598,4457.252336448598,75,0,100.0,2.67,3.5287,22.67,50.72,11.68,ADEQUATE,0,0.011425,16995.6,5449.0,3.119,0.010099,38.4
48201,TX,Cardiology,Heart Disease,1,5425,21661.7,107,476926,476926.0,1682926.7,4457.252336448598,4457.252336448598,75,0,100.0,2.67,3.5287,22.67,50.72,11.68,ADEQUATE,0,0.011375,21661.7,5425.0,3.9929,0.012871,37.4
48201,TX,Cardiology,Heart Disease,1,5320,24968.2,107,476926,476926.0,1682926.7,4457.252336448598,4457.252336448598,75,0,100.0,2.67,3.5287,22.67,50.72,11.68,ADEQUATE,0,0.011155,24968.2,5320.0,4.6933,0.014836,34.5
48201,TX,Cardiology,Heart Disease,1,4472,17705.8,107,476926,476926.0,1682926.7,4457.252336448598,4457.252336448598,75,0,100.0,2.67,3.5287,22.67,50.72,11.68,ADEQUATE,0,0.009377,17705.8,4472.0,3.9593,0.010521,18.05
48201,TX,Cardiology,Heart Disease,1,3574,8797.8,107,476926,476926.0,1682926.7,4457.252336448598,4457.252336448598,75,0,100.0,2.67,3.5287,22.67,50.72,11.68,ADEQUATE,0,0.007494,8797.8,3574.0,2.4616,0.005228,4.4
48201,TX,Cardiology,Heart Disease,1,4743,14223.5,107,476926,476926.0,1682926.7,4457.252336448598,4457.252336448598,75,0,100.0,2.67,3.5287,22.67,50.72,11.68,ADEQUATE,0,0.009945,14223.5,4743.0,2.9988,0.008452,23.08
48201,TX,Cardiology,Heart Disease,1,3050,8585.4,107,476926,476926.0,1682926.7,4457.252336448598,4457.252336448598,75,0,100.0,2.67,3.5287,22.67,50.72,11.68,ADEQUATE,0,0.006395,8585.4,3050.0,2.8149,0.005101,1.05
48201,TX,Cardiology,Heart Disease,1,4061,12323.2,107,476926,476926.0,1682926.7,4457.252336448598,4457.252336448598,75,0,100.0,2.67,3.5287,22.67,50.72,11.68,ADEQUATE,0,0.008515,12323.2,4061.0,3.0345,0.007322,10.6
48201,TX,Cardiology,Heart Disease,1,3569,10818.4,107,476926,476926.0,1682926.7,4457.252336448598,4457.252336448598,75,0,100.0,2.67,3.5287,22.67,50.72,11.68,ADEQUATE,0,0.007483,10818.4,3569.0,3.0312,0.006428,4.35
48201,TX,Cardiology,Heart Disease,1,2899,12309.6,107,476926,476926.0,1682926.7,4457.252336448598,4457.252336448598,75,0,100.0,2.67,3.5287,22.67,50.72,11.68,ADEQUATE,0,0.006079,12309.6,2899.0,4.2462,0.007314,0.3
48201,TX,Cardiology,Heart Disease,1,4549,12870.6,107,476926,476926.0,1682926.7,4457.252336448598,4457.252336448598,75,0,100.0,2.67,3.5287,22.67,50.72,11.68,ADEQUATE,0,0.009538,12870.6,4549.0,2.8293,0.007648,19.5
48201,TX,Cardiology,Heart Disease,1,3755,10540.5,107,476926,476926.0,1682926.7,4457.252336448598,4457.252336448598,75,0,100.0,2.67,3.5287,22.67,50.72,11.68,ADEQUATE,0,0.007873,10540.5,3755.0,2.8071,0.006263,6.98
48201,TX,Cardiology,Heart Disease,1,3394,9155.1,107,476926,476926.0,1682926.7,4457.252336448598,4457.252336448598,75,0,100.0,2.67,3.5287,22.67,50.72,11.68,ADEQUATE,0,0.007116,9155.1,3394.0,2.6974,0.00544,3.0
48201,TX,Cardiology,Heart Disease,1,4064,15200.3,107,476926,476926.0,1682926.7,4457.252336448598,4457.252336448598,75,0,100.0,2.67,3.5287,22.67,50.72,11.68,ADEQUATE,0,0.008521,15200.3,4064.0,3.7402,0.009032,10.7
48201,TX,Cardiology,Heart Disease,1,5625,21386.2,107,476926,476926.0,1682926.7,4457.252336448598,4457.252336448598,75,0,100.0,2.67,3.5287,22.67,50.72,11.68,ADEQUATE,0,0.011794,21386.2,5625.0,3.802,0.012708,42.25
48201,TX,Cardiology,Heart Disease,1,4579,12786.9,107,476926,476926.0,1682926.7,4457.252336448598,4457.252336448598,75,0,100.0,2.67,3.5287,22.67,50.72,11.68,ADEQUATE,0,0.009601,12786.9,4579.0,2.7925,0.007598,19.85
48201,TX,Cardiology,Heart Disease,1,5318,20193.8,107,476926,476926.0,1682926.7,4457.252336448598,4457.252336448598,75,0,100.0,2.67,3.5287,22.67,50.72,11.68,ADEQUATE,0,0.011151,20193.8,5318.0,3.7973,0.011999,34.4
48201,TX,Cardiology,Heart Disease,1,3654,15573.6,107,476926,476926.0,1682926.7,4457.252336448598,4457.252336448598,75,0,100.0,2.67,3.5287,22.67,50.72,11.68,ADEQUATE,0,0.007662,15573.6,3654.0,4.2621,0.009254,5.65
48201,TX,Cardiology,Heart Disease,1,5377,17207.0,107,476926,476926.0,1682926.7,4457.252336448598,4457.252336448598,75,0,100.0,2.67,3.5287,22.67,50.72,11.68,ADEQUATE,0,0.011274,17207.0,5377.0,3.2001,0.010224,36.4
48201,TX,Cardiology,Heart Disease,1,5184,15712.4,107,476926,476926.0,1682926.7,4457.252336448598,4457.252336448598,75,0,100.0,2.67,3.5287,22.67,50.72,11.68,ADEQUATE,0,0.01087,15712.4,5184.0,3.0309,0.009336,31.52
48201,TX,Cardiology,Heart Disease,1,2944,8277.1,107,476926,476926.0,1682926.7,4457.252336448598,4457.252336448598,75,0,100.0,2.67,3.5287,22.67,50.72,11.68,ADEQUATE,0,0.006173,8277.1,2944.0,2.8115,0.004918,0.55
48201,TX,Cardiology,Heart Disease,1,4854,18786.5,107,476926,476926.0,1682926.7,4457.252336448598,4457.252336448598,75,0,100.0,2.67,3.5287,22.67,50.72,11.68,ADEQUATE,0,0.010178,18786.5,4854.0,3.8703,0.011163,25.45
48201,TX,Cardiology,Heart Disease,1,5694,16290.3,107,476926,476926.0,1682926.7,4457.252336448598,4457.252336448598,75,0,100.0,2.67,3.5287,22.67,50.72,11.68,ADEQUATE,0,0.011939,16290.3,5694.0,2.861,0.00968,43.97
48201,TX,Cardiology,Heart Disease,1,4152,18699.6,107,476926,476926.0,1682926.7,4457.252336448598,4457.252336448598,75,0,100.0,2.67,3.5287,22.67,50.72,11.68,ADEQUATE,0,0.008706,18699.6,4152.0,4.5038,0.011111,12.55
48201,TX,Cardiology,Heart Disease,1,4579,13074.2,107,476926,476926.0,1682926.7,4457.252336448598,4457.252336448598,75,0,100.0,2.67,3.5287,22.67,50.72,11.68,ADEQUATE,0,0.009601,13074.2,4579.0,2.8553,0.007769,19.85
48201,TX,Cardiology,Heart Disease,1,5384,13955.4,107,476926,476926.0,1682926.7,4457.252336448598,4457.252336448598,75,0,100.0,2.67,3.5287,22.67,50.72,11.68,ADEQUATE,0,0.011289,13955.4,5384.0,2.592,0.008292,36.5
48201,TX,Cardiology,Heart Disease,1,4159,16669.8,107,476926,476926.0,1682926.7,4457.252336448598,4457.252336448598,75,0,100.0,2.67,3.5287,22.67,50.72,11.68,ADEQUATE,0,0.00872,16669.8,4159.0,4.0081,0.009905,12.7
48201,TX,Cardiology,Heart Disease,1,2922,9604.3,107,476926,476926.0,1682926.7,4457.252336448598,4457.252336448598,75,0,100.0,2.67,3.5287,22.67,50.72,11.68,ADEQUATE,0,0.006127,9604.3,2922.0,3.2869,0.005707,0.4
48201,TX,Cardiology,Heart Disease,1,5074,12359.2,107,476926,476926.0,1682926.7,4457.252336448598,4457.252336448598,75,0,100.0,2.67,3.5287,22.67,50.72,11.68,ADEQUATE,0,0.010639,12359.2,5074.0,2.4358,0.007344,29.25
48201,TX,Cardiology,Heart Disease,1,5392,18366.6,107,476926,476926.0,1682926.7,4457.252336448598,4457.252336448598,75,0,100.0,2.67,3.5287,22.67,50.72,11.68,ADEQUATE,0,0.011306,18366.6,5392.0,3.4063,0.010913,36.55
48201,TX,Cardiology,Heart Disease,1,3622,11483.1,107,476926,476926.0,1682926.7,4457.252336448598,4457.252336448598,75,0,100.0,2.67,3.5287,22.67,50.72,11.68,ADEQUATE,0,0.007594,11483.1,3622.0,3.1704,0.006823,5.1
48201,TX,Cardiology,Heart Disease,1,3528,11218.9,107,476926,476926.0,1682926.7,4457.252336448598,4457.252336448598,75,0,100.0,2.67,3.5287,22.67,50.72,11.68,ADEQUATE,0,0.007397,11218.9,3528.0,3.18,0.006666,3.75
48201,TX,Cardiology,Heart Disease,1,5513,13790.5,107,476926,476926.0,1682926.7,4457.252336448598,4457.252336448598,75,0,100.0,2.67,3.5287,22.67,50.72,11.68,ADEQUATE,0,0.011559,13790.5,5513.0,2.5015,0.008194,39.85
48201,TX,Cardiology,Heart Disease,1,3950,13073.5,107,476926,476926.0,1682926.7,4457.252336448598,4457.252336448598,75,0,100.0,2.67,3.5287,22.67,50.72,11.68,ADEQUATE,0,0.008282,13073.5,3950.0,3.3097,0.007768,9.0
48201,TX,Cardiology,Heart Disease,1,5503,20663.0,107,476926,476926.0,1682926.7,4457.252336448598,4457.252336448598,75,0,100.0,2.67,3.5287,22.67,50.72,11.68,ADEQUATE,0,0.011538,20663.0,5503.0,3.7549,0.012278,39.57
48201,TX,Cardiology,Heart Disease,1,3048,13761.2,107,476926,476926.0,1682926.7,4457.252336448598,4457.252336448598,75,0,100.0,2.67,3.5287,22.67,50.72,11.68,ADEQUATE,0,0.006391,13761.2,3048.0,4.5148,0.008177,1.0
48201,TX,Cardiology,Heart Disease,1,4008,16990.6,107,476926,476926.0,1682926.7,4457.252336448598,4457.252336448598,75,0,100.0,2.67,3.5287,22.67,50.72,11.68,ADEQUATE,0,0.008404,16990.6,4008.0,4.2392,0.010096,9.85
48201,TX,Cardiology,Heart Disease,1,2862,10931.1,107,476926,476926.0,1682926.7,4457.252336448598,4457.252336448598,75,0,100.0,2.67,3.5287,22.67,50.72,11.68,ADEQUATE,0,0.006001,10931.1,2862.0,3.8194,0.006495,0.2
48201,TX,Cardiology,Heart Disease,1,4016,16867.7,107,476926,476926.0,1682926.7,4457.252336448598,4457.252336448598,75,0,100.0,2.67,3.5287,22.67,50.72,11.68,ADEQUATE,0,0.008421,16867.7,4016.0,4.2001,0.010023,9.95
48201,TX,Cardiology,Heart Disease,1,3929,12740.3,107,476926,476926.0,1682926.7,4457.252336448598,4457.252336448598,75,0,100.0,2.67,3.5287,22.67,50.72,11.68,ADEQUATE,0,0.008238,12740.3,3929.0,3.2426,0.00757,8.45
48201,TX,Cardiology,Heart Disease,1,4092,15503.4,107,476926,476926.0,1682926.7,4457.252336448598,4457.252336448598,75,0,100.0,2.67,3.5287,22.67,50.72,11.68,ADEQUATE,0,0.00858,15503.4,4092.0,3.7887,0.009212,11.45
48201,TX,Cardiology,Heart Disease,1,5713,16986.6,107,476926,476926.0,1682926.7,4457.252336448598,4457.252336448598,75,0,100.0,2.67,3.5287,22.67,50.72,11.68,ADEQUATE,0,0.011979,16986.6,5713.0,2.9733,0.010093,44.45
48201,TX,Cardiology,Heart Disease,1,5709,26673.1,107,476926,476926.0,1682926.7,4457.252336448598,4457.252336448598,75,0,100.0,2.67,3.5287,22.67,50.72,11.68,ADEQUATE,0,0.01197,26673.1,5709.0,4.6721,0.015849,44.28
48201,TX,Cardiology,Heart Disease,1,3138,14883.8,107,476926,476926.0,1682926.7,4457.252336448598,4457.252336448598,75,0,100.0,2.67,3.5287,22.67,50.72,11.68,ADEQUATE,0,0.00658,14883.8,3138.0,4.7431,0.008844,1.35
48201,TX,Cardiology,Heart Disease,1,4992,21805.0,107,476926,476926.0,1682926.7,4457.252336448598,4457.252336448598,75,0,100.0,2.67,3.5287,22.67,50.72,11.68,ADEQUATE,0,0.010467,21805.0,4992.0,4.368,0.012957,28.02
48201,TX,Cardiology,Heart Disease,1,4512,18191.2,107,476926,476926.0,1682926.7,4457.252336448598,4457.252336448598,75,0,100.0,2.67,3.5287,22.67,50.72,11.68,ADEQUATE,0,0.009461,18191.2,4512.0,4.0317,0.010809,18.73
48201,TX,Cardiology,Heart Disease,1,4945,12283.6,107,476926,476926.0,1682926.7,4457.252336448598,4457.252336448598,75,0,100.0,2.67,3.5287,22.67,50.72,11.68,ADEQUATE,0,0.010368,12283.6,4945.0,2.484,0.007299,26.88
48201,TX,Cardiology,Heart Disease,1,5373,20251.0,107,476926,476926.0,1682926.7,4457.252336448598,4457.252336448598,75,0,100.0,2.67,3.5287,22.67,50.72,11.68,ADEQUATE,0,0.011266,20251.0,5373.0,3.769,0.012033,36.3
48201,TX,Cardiology,Heart Disease,1,4384,13264.3,107,476926,476926.0,1682926.7,4457.252336448598,4457.252336448598,75,0,100.0,2.67,3.5287,22.67,50.72,11.68,ADEQUATE,0,0.009192,13264.3,4384.0,3.0256,0.007882,16.35
48201,TX,Cardiology,Heart Disease,1,3507,15369.8,107,476926,476926.0,1682926.7,4457.252336448598,4457.252336448598,75,0,100.0,2.67,3.5287,22.67,50.72,11.68,ADEQUATE,0,0.007353,15369.8,3507.0,4.3826,0.009133,3.55
48201,TX,Cardiology,Heart Disease,1,5636,14678.3,107,476926,476926.0,1682926.7,4457.252336448598,4457.252336448598,75,0,100.0,2.67,3.5287,22.67,50.72,11.68,ADEQUATE,0,0.011817,14678.3,5636.0,2.6044,0.008722,42.5
48201,TX,Cardiology,Heart Disease,1,4535,17297.0,107,476926,476926.0,1682926.7,4457.252336448598,4457.252336448598,75,0,100.0,2.67,3.5287,22.67,50.72,11.68,ADEQUATE,0,0.009509,17297.0,4535.0,3.8141,0.010278,19.15
48201,TX,Cardiology,Heart Disease,1,5484,16939.2,107,476926,476926.0,1682926.7,4457.252336448598,4457.252336448598,75,0,100.0,2.67,3.5287,22.67,50.72,11.68,ADEQUATE,0,0.011499,16939.2,5484.0,3.0888,0.010065,39.25
48201,TX,Cardiology,Heart Disease,1,3610,12106.8,107,476926,476926.0,1682926.7,4457.252336448598,4457.252336448598,75,0,100.0,2.67,3.5287,22.67,50.72,11.68,ADEQUATE,0,0.007569,12106.8,3610.0,3.3537,0.007194,4.9
48201,TX,Cardiology,Heart Disease,1,5624,26107.8,107,476926,476926.0,1682926.7,4457.252336448598,4457.252336448598,75,0,100.0,2.67,3.5287,22.67,50.72,11.68,ADEQUATE,0,0.011792,26107.8,5624.0,4.6422,0.015513,42.2
48201,TX,Cardiology,Heart Disease,1,5195,24004.7,107,476926,476926.0,1682926.7,4457.252336448598,4457.252336448598,75,0,100.0,2.67,3.5287,22.67,50.72,11.68,ADEQUATE,0,0.010893,24004.7,5195.0,4.6207,0.014264,32.0
48201,TX,Cardiology,Heart Disease,1,5408,22271.6,107,476926,476926.0,1682926.7,4457.252336448598,4457.252336448598,75,0,100.0,2.67,3.5287,22.67,50.72,11.68,ADEQUATE,0,0.011339,22271.6,5408.0,4.1183,0.013234,36.98
48201,TX,Cardiology,Heart Disease,1,3011,14344.0,107,476926,476926.0,1682926.7,4457.252336448598,4457.252336448598,75,0,100.0,2.67,3.5287,22.67,50.72,11.68,ADEQUATE,0,0.006313,14344.0,3011.0,4.7639,0.008523,0.85
48201,TX,Cardiology,Heart Disease,1,4377,16025.8,107,476926,476926.0,1682926.7,4457.252336448598,4457.252336448598,75,0,100.0,2.67,3.5287,22.67,50.72,11.68,ADEQUATE,0,0.009178,16025.8,4377.0,3.6614,0.009523,16.18
48201,TX,Cardiology,Heart Disease,1,5247,19165.7,107,476926,476926.0,1682926.7,4457.252336448598,4457.252336448598,75,0,100.0,2.67,3.5287,22.67,50.72,11.68,ADEQUATE,0,0.011002,19165.7,5247.0,3.6527,0.011388,33.17
48201,TX,Cardiology,Heart Disease,1,5415,14808.2,107,476926,476926.0,1682926.7,4457.252336448598,4457.252336448598,75,0,100.0,2.67,3.5287,22.67,50.72,11.68,ADEQUATE,0,0.011354,14808.2,5415.0,2.7347,0.008799,37.2
48201,TX,Endocrinology,Diabetes,1,5177,18771.9,102,552360,552360.0,1964530.7,5415.294117647059,5415.294117647059,87,0,100.0,25.33,3.5566,64.0,38.14,21.65,ADEQUATE,0,0.009373,18771.9,5177.0,3.626,0.009555,31.35
48201,TX,Endocrinology,Diabetes,1,3763,16495.2,102,552360,552360.0,1964530.7,5415.294117647059,5415.294117647059,87,0,100.0,25.33,3.5566,64.0,38.14,21.65,ADEQUATE,0,0.006813,16495.2,3763.0,4.3835,0.008397,7.05
48201,TX,Endocrinology,Diabetes,1,3684,12635.7,102,552360,552360.0,1964530.7,5415.294117647059,5415.294117647059,87,0,100.0,25.33,3.5566,64.0,38.14,21.65,ADEQUATE,0,0.00667,12635.7,3684.0,3.4299,0.006432,6.15
48201,TX,Endocrinology,Diabetes,1,6365,19934.3,102,552360,552360.0,1964530.7,5415.294117647059,5415.294117647059,87,0,100.0,25.33,3.5566,64.0,38.14,21.65,ADEQUATE,0,0.011523,19934.3,6365.0,3.1319,0.010147,58.45
48201,TX,Endocrinology,Diabetes,1,4948,17679.9,102,552360,552360.0,1964530.7,5415.294117647059,5415.294117647059,87,0,100.0,25.33,3.5566,64.0,38.14,21.65,ADEQUATE,0,0.008958,17679.9,4948.0,3.5731,0.009,27.08
48201,TX,Endocrinology,Diabetes,1,5967,22504.8,102,552360,552360.0,1964530.7,5415.294117647059,5415.294117647059,87,0,100.0,25.33,3.5566,64.0,38.14,21.65,ADEQUATE,0,0.010803,22504.8,5967.0,3.7715,0.011456,50.15
48201,TX,Endocrinology,Diabetes,1,4812,19387.9,102,552360,552360.0,1964530.7,5415.294117647059,5415.294117647059,87,0,100.0,25.33,3.5566,64.0,38.14,21.65,ADEQUATE,0,0.008712,19387.9,4812.0,4.0291,0.009869,24.75
48201,TX,Endocrinology,Diabetes,1,4375,14165.3,102,552360,552360.0,1964530.7,5415.294117647059,5415.294117647059,87,0,100.0,25.33,3.5566,64.0,38.14,21.65,ADEQUATE,0,0.007921,14165.3,4375.0,3.2378,0.007211,16.0
48201,TX,Endocrinology,Diabetes,1,4611,17699.7,102,552360,552360.0,1964530.7,5415.294117647059,5415.294117647059,87,0,100.0,25.33,3.5566,64.0,38.14,21.65,ADEQUATE,0,0.008348,17699.7,4611.0,3.8386,0.00901,20.8
48201,TX,Endocrinology,Diabetes,1,3626,8820.3,102,552360,552360.0,1964530.7,5415.294117647059,5415.294117647059,87,0,100.0,25.33,3.5566,64.0,38.14,21.65,ADEQUATE,0,0.006565,8820.3,3626.0,2.4325,0.00449,5.25
48201,TX,Endocrinology,Diabetes,1,5615,23722.4,102,552360,552360.0,1964530.7,5415.294117647059,5415.294117647059,87,0,100.0,25.33,3.5566,64.0,38.14,21.65,ADEQUATE,0,0.010165,23722.4,5615.0,4.2248,0.012075,42.1
48201,TX,Endocrinology,Diabetes,1,6935,23302.8,102,552360,552360.0,1964530.7,5415.294117647059,5415.294117647059,87,0,100.0,25.33,3.5566,64.0,38.14,21.65,ADEQUATE,0,0.012555,23302.8,6935.0,3.3602,0.011862,68.2
48201,TX,Endocrinology,Diabetes,1,5868,17402.1,102,552360,552360.0,1964530.7,5415.294117647059,5415.294117647059,87,0,100.0,25.33,3.5566,64.0,38.14,21.65,ADEQUATE,0,0.010624,17402.1,5868.0,2.9656,0.008858,47.65
48201,TX,Endocrinology,Diabetes,1,5737,20509.3,102,552360,552360.0,1964530.7,5415.294117647059,5415.294117647059,87,0,100.0,25.33,3.5566,64.0,38.14,21.65,ADEQUATE,0,0.010386,20509.3,5737.0,3.5749,0.01044,44.9
48201,TX,Endocrinology,Diabetes,1,5778,15959.7,102,552360,552360.0,1964530.7,5415.294117647059,5415.294117647059,87,0,100.0,25.33,3.5566,64.0,38.14,21.65,ADEQUATE,0,0.010461,15959.7,5778.0,2.7621,0.008124,46.05
48201,TX,Endocrinology,Diabetes,1,5772,25366.2,102,552360,552360.0,1964530.7,5415.294117647059,5415.294117647059,87,0,100.0,25.33,3.5566,64.0,38.14,21.65,ADEQUATE,0,0.01045,25366.2,5772.0,4.3947,0.012912,45.9
48201,TX,Endocrinology,Diabetes,1,6504,17058.9,102,552360,552360.0,1964530.7,5415.294117647059,5415.294117647059,87,0,100.0,25.33,3.5566,64.0,38.14,21.65,ADEQUATE,0,0.011775,17058.9,6504.0,2.6228,0.008683,61.05
48201,TX,Endocrinology,Diabetes,1,3940,17332.5,102,552360,552360.0,1964530.7,5415.294117647059,5415.294117647059,87,0,100.0,25.33,3.5566,64.0,38.14,21.65,ADEQUATE,0,0.007133,17332.5,3940.0,4.3991,0.008823,8.75
48201,TX,Endocrinology,Diabetes,1,3995,10923.6,102,552360,552360.0,1964530.7,5415.294117647059,5415.294117647059,87,0,100.0,25.33,3.5566,64.0,38.14,21.65,ADEQUATE,0,0.007233,10923.6,3995.0,2.7343,0.00556,9.65
48201,TX,Endocrinology,Diabetes,1,7257,19790.4,102,552360,552360.0,1964530.7,5415.294117647059,5415.294117647059,87,0,100.0,25.33,3.5566,64.0,38.14,21.65,ADEQUATE,0,0.013138,19790.4,7257.0,2.7271,0.010074,73.6
48201,TX,Endocrinology,Diabetes,1,7218,30563.4,102,552360,552360.0,1964530.7,5415.294117647059,5415.294117647059,87,0,100.0,25.33,3.5566,64.0,38.14,21.65,ADEQUATE,0,0.013068,30563.4,7218.0,4.2343,0.015558,72.9
48201,TX,Endocrinology,Diabetes,1,5985,22040.3,102,552360,552360.0,1964530.7,5415.294117647059,5415.294117647059,87,0,100.0,25.33,3.5566,64.0,38.14,21.65,ADEQUATE,0,0.010835,22040.3,5985.0,3.6826,0.011219,50.6
48201,TX,Endocrinology,Diabetes,1,5340,18861.2,102,552360,552360.0,1964530.7,5415.294117647059,5415.294117647059,87,0,100.0,25.33,3.5566,64.0,38.14,21.65,ADEQUATE,0,0.009668,18861.2,5340.0,3.5321,0.009601,35.17
48201,TX,Endocrinology,Diabetes,1,5035,22670.8,102,552360,552360.0,1964530.7,5415.294117647059,5415.294117647059,87,0,100.0,25.33,3.5566,64.0,38.14,21.65,ADEQUATE,0,0.009115,22670.8,5035.0,4.5026,0.01154,28.7
48201,TX,Endocrinology,Diabetes,1,6805,31295.4,102,552360,552360.0,1964530.7,5415.294117647059,5415.294117647059,87,0,100.0,25.33,3.5566,64.0,38.14,21.65,ADEQUATE,0,0.01232,31295.4,6805.0,4.5989,0.01593,66.2
48201,TX,Endocrinology,Diabetes,1,4162,15742.7,102,552360,552360.0,1964530.7,5415.294117647059,5415.294117647059,87,0,100.0,25.33,3.5566,64.0,38.14,21.65,ADEQUATE,0,0.007535,15742.7,4162.0,3.7825,0.008013,12.75
48201,TX,Endocrinology,Diabetes,1,4981,21761.5,102,552360,552360.0,1964530.7,5415.294117647059,5415.294117647059,87,0,100.0,25.33,3.5566,64.0,38.14,21.65,ADEQUATE,0,0.009018,21761.5,4981.0,4.3689,0.011077,27.8
48201,TX,Endocrinology,Diabetes,1,6375,18421.4,102,552360,552360.0,1964530.7,5415.294117647059,5415.294117647059,87,0,100.0,25.33,3.5566,64.0,38.14,21.65,ADEQUATE,0,0.011541,18421.4,6375.0,2.8896,0.009377,58.5
48201,TX,Endocrinology,Diabetes,1,5358,14115.8,102,552360,552360.0,1964530.7,5415.294117647059,5415.294117647059,87,0,100.0,25.33,3.5566,64.0,38.14,21.65,ADEQUATE,0,0.0097,14115.8,5358.0,2.6345,0.007185,35.88
48201,TX,Endocrinology,Diabetes,1,3632,9395.7,102,552360,552360.0,1964530.7,5415.294117647059,5415.294117647059,87,0,100.0,25.33,3.5566,64.0,38.14,21.65,ADEQUATE,0,0.006575,9395.7,3632.0,2.5869,0.004783,5.4
48201,TX,Endocrinology,Diabetes,1,5014,14790.8,102,552360,552360.0,1964530.7,5415.294117647059,5415.294117647059,87,0,100.0,25.33,3.5566,64.0,38.14,21.65,ADEQUATE,0,0.009077,14790.8,5014.0,2.9499,0.007529,28.35
48201,TX,Endocrinology,Diabetes,1,5866,15210.0,102,552360,552360.0,1964530.7,5415.294117647059,5415.294117647059,87,0,100.0,25.33,3.5566,64.0,38.14,21.65,ADEQUATE,0,0.01062,15210.0,5866.0,2.5929,0.007742,47.6
48201,TX,Endocrinology,Diabetes,1,3745,9759.4,102,552360,552360.0,1964530.7,5415.294117647059,5415.294117647059,87,0,100.0,25.33,3.5566,64.0,38.14,21.65,ADEQUATE,0,0.00678,9759.4,3745.0,2.606,0.004968,6.75
48201,TX,Endocrinology,Diabetes,1,6825,26725.7,102,552360,552360.0,1964530.7,5415.294117647059,5415.294117647059,87,0,100.0,25.33,3.5566,64.0,38.14,21.65,ADEQUATE,0,0.012356,26725.7,6825.0,3.9159,0.013604,66.55
48201,TX,Endocrinology,Diabetes,1,6976,18982.2,102,552360,552360.0,1964530.7,5415.294117647059,5415.294117647059,87,0,100.0,25.33,3.5566,64.0,38.14,21.65,ADEQUATE,0,0.012629,18982.2,6976.0,2.7211,0.009662,68.9
48201,TX,Endocrinology,Diabetes,1,6125,23427.4,102,552360,552360.0,1964530.7,5415.294117647059,5415.294117647059,87,0,100.0,25.33,3.5566,64.0,38.14,21.65,ADEQUATE,0,0.011089,23427.4,6125.0,3.8249,0.011925,53.4
48201,TX,Endocrinology,Diabetes,1,4141,19703.9,102,552360,552360.0,1964530.7,5415.294117647059,5415.294117647059,87,0,100.0,25.33,3.5566,64.0,38.14,21.65,ADEQUATE,0,0.007497,19703.9,4141.0,4.7582,0.01003,12.22
48201,TX,Endocrinology,Diabetes,1,6841,28364.1,102,552360,552360.0,1964530.7,5415.294117647059,5415.294117647059,87,0,100.0,25.33,3.5566,64.0,38.14,21.65,ADEQUATE,0,0.012385,28364.1,6841.0,4.1462,0.014438,66.7
48201,TX,Endocrinology,Diabetes,1,3717,11427.0,102,552360,552360.0,1964530.7,5415.294117647059,5415.294117647059,87,0,100.0,25.33,3.5566,64.0,38.14,21.65,ADEQUATE,0,0.006729,11427.0,3717.0,3.0743,0.005817,6.35
48201,TX,Endocrinology,Diabetes,1,5483,13660.7,102,552360,552360.0,1964530.7,5415.294117647059,5415.294117647059,87,0,100.0,25.33,3.5566,64.0,38.14,21.65,ADEQUATE,0,0.009926,13660.7,5483.0,2.4915,0.006954,39.2
48201,TX,Endocrinology,Diabetes,1,5115,12829.4,102,552360,552360.0,1964530.7,5415.294117647059,5415.294117647059,87,0,100.0,25.33,3.5566,64.0,38.14,21.65,ADEQUATE,0,0.00926,12829.4,5115.0,2.5082,0.006531,30.0
48201,TX,Endocrinology,Diabetes,1,7301,24092.3,102,552360,552360.0,1964530.7,5415.294117647059,5415.294117647059,87,0,100.0,25.33,3.5566,64.0,38.14,21.65,ADEQUATE,0,0.013218,24092.3,7301.0,3.2999,0.012264,74.18
48201,TX,Endocrinology,Diabetes,1,5452,16686.9,102,552360,552360.0,1964530.7,5415.294117647059,5415.294117647059,87,0,100.0,25.33,3.5566,64.0,38.14,21.65,ADEQUATE,0,0.00987,16686.9,5452.0,3.0607,0.008494,38.5
48201,TX,Endocrinology,Diabetes,1,5105,22857.9,102,552360,552360.0,1964530.7,5415.294117647059,5415.294117647059,87,0,100.0,25.33,3.5566,64.0,38.14,21.65,ADEQUATE,0,0.009242,22857.9,5105.0,4.4776,0.011635,29.8
48201,TX,Endocrinology,Diabetes,1,6582,18391.2,102,552360,552360.0,1964530.7,5415.294117647059,5415.294117647059,87,0,100.0,25.33,3.5566,64.0,38.14,21.65,ADEQUATE,0,0.011916,18391.2,6582.0,2.7942,0.009362,62.25
48201,TX,Endocrinology,Diabetes,1,4428,20453.4,102,552360,552360.0,1964530.7,5415.294117647059,5415.294117647059,87,0,100.0,25.33,3.5566,64.0,38.14,21.65,ADEQUATE,0,0.008017,20453.4,4428.0,4.6191,0.010411,17.08
48201,TX,Endocrinology,Diabetes,1,5733,22485.5,102,552360,552360.0,1964530.7,5415.294117647059,5415.294117647059,87,0,100.0,25.33,3.5566,64.0,38.14,21.65,ADEQUATE,0,0.010379,22485.5,5733.0,3.9221,0.011446,44.85
48201,TX,Endocrinology,Diabetes,1,4381,13243.9,102,552360,552360.0,1964530.7,5415.294117647059,5415.294117647059,87,0,100.0,25.33,3.5566,64.0,38.14,21.65,ADEQUATE,0,0.007931,13243.9,4381.0,3.023,0.006742,16.3
48201,TX,Endocrinology,Diabetes,1,5731,15338.2,102,552360,552360.0,1964530.7,5415.294117647059,5415.294117647059,87,0,100.0,25.33,3.5566,64.0,38.14,21.65,ADEQUATE,0,0.010375,15338.2,5731.0,2.6764,0.007808,44.8
48201,TX,Endocrinology,Diabetes,1,4260,14815.3,102,552360,552360.0,1964530.7,5415.294117647059,5415.294117647059,87,0,100.0,25.33,3.5566,64.0,38.14,21.65,ADEQUATE,0,0.007712,14815.3,4260.0,3.4778,0.007541,14.35
48201,TX,Endocrinology,Diabetes,1,4003,17901.1,102,552360,552360.0,1964530.7,5415.294117647059,5415.294117647059,87,0,100.0,25.33,3.5566,64.0,38.14,21.65,ADEQUATE,0,0.007247,17901.1,4003.0,4.4719,0.009112,9.75
48201,TX,Endocrinology,Diabetes,1,5869,27587.9,102,552360,552360.0,1964530.7,5415.294117647059,5415.294117647059,87,0,100.0,25.33,3.5566,64.0,38.14,21.65,ADEQUATE,0,0.010625,27587.9,5869.0,4.7006,0.014043,47.7
48201,TX,Endocrinology,Diabetes,1,7247,27962.0,102,552360,552360.0,1964530.7,5415.294117647059,5415.294117647059,87,0,100.0,25.33,3.5566,64.0,38.14,21.65,ADEQUATE,0,0.01312,27962.0,7247.0,3.8584,0.014233,73.45
48201,TX,Endocrinology,Diabetes,1,6937,24638.1,102,552360,552360.0,1964530.7,5415.294117647059,5415.294117647059,87,0,100.0,25.33,3.5566,64.0,38.14,21.65,ADEQUATE,0,0.012559,24638.1,6937.0,3.5517,0.012541,68.27
48201,TX,Endocrinology,Diabetes,1,5208,13841.6,102,552360,552360.0,1964530.7,5415.294117647059,5415.294117647059,87,0,100.0,25.33,3.5566,64.0,38.14,21.65,ADEQUATE,0,0.009429,13841.6,5208.0,2.6578,0.007046,32.45
48201,TX,Endocrinology,Diabetes,1,4485,18416.7,102,552360,552360.0,1964530.7,5415.294117647059,5415.294117647059,87,0,100.0,25.33,3.5566,64.0,38.14,21.65,ADEQUATE,0,0.00812,18416.7,4485.0,4.1063,0.009375,18.4
48201,TX,Endocrinology,Diabetes,1,4783,17213.7,102,552360,552360.0,1964530.7,5415.294117647059,5415.294117647059,87,0,100.0,25.33,3.5566,64.0,38.14,21.65,ADEQUATE,0,0.008659,17213.7,4783.0,3.5989,0.008762,24.15
48201,TX,Endocrinology,Diabetes,1,4018,15787.8,102,552360,552360.0,1964530.7,5415.294117647059,5415.294117647059,87,0,100.0,25.33,3.5566,64.0,38.14,21.65,ADEQUATE,0,0.007274,15787.8,4018.0,3.9293,0.008036,10.0
48201,TX,Endocrinology,Diabetes,1,6197,27313.7,102,552360,552360.0,1964530.7,5415.294117647059,5415.294117647059,87,0,100.0,25.33,3.5566,64.0,38.14,21.65,ADEQUATE,0,0.011219,27313.7,6197.0,4.4076,0.013903,54.9
48201,TX,Endocrinology,Diabetes,1,5927,24986.5,102,552360,552360.0,1964530.7,5415.294117647059,5415.294117647059,87,0,100.0,25.33,3.5566,64.0,38.14,21.65,ADEQUATE,0,0.01073,24986.5,5927.0,4.2157,0.012719,49.55
48201,TX,Endocrinology,Diabetes,1,6588,31330.8,102,552360,552360.0,1964530.7,5415.294117647059,5415.294117647059,87,0,100.0,25.33,3.5566,64.0,38.14,21.65,ADEQUATE,0,0.011927,31330.8,6588.0,4.7557,0.015948,62.35
48201,TX,Endocrinology,Diabetes,1,6251,22429.7,102,552360,552360.0,1964530.7,5415.294117647059,5415.294117647059,87,0,100.0,25.33,3.5566,64.0,38.14,21.65,ADEQUATE,0,0.011317,22429.7,6251.0,3.5882,0.011417,55.95
48201,TX,Endocrinology,Diabetes,1,5500,24527.1,102,552360,552360.0,1964530.7,5415.294117647059,5415.294117647059,87,0,100.0,25.33,3.5566,64.0,38.14,21.65,ADEQUATE,0,0.009957,24527.1,5500.0,4.4595,0.012485,39.48
48201,TX,Endocrinology,Diabetes,1,5275,22030.2,102,552360,552360.0,1964530.7,5415.294117647059,5415.294117647059,87,0,100.0,25.33,3.5566,64.0,38.14,21.65,ADEQUATE,0,0.00955,22030.2,5275.0,4.1763,0.011214,33.65
48201,TX,Endocrinology,Diabetes,1,6728,31951.0,102,552360,552360.0,1964530.7,5415.294117647059,5415.294117647059,87,0,100.0,25.33,3.5566,64.0,38.14,21.65,ADEQUATE,0,0.01218,31951.0,6728.0,4.749,0.016264,64.95
48201,TX,Endocrinology,Diabetes,1,4492,10947.7,102,552360,552360.0,1964530.7,5415.294117647059,5415.294117647059,87,0,100.0,25.33,3.5566,64.0,38.14,21.65,ADEQUATE,0,0.008132,10947.7,4492.0,2.4372,0.005573,18.55
48201,TX,Endocrinology,Diabetes,1,4603,11240.1,102,552360,552360.0,1964530.7,5415.294117647059,5415.294117647059,87,0,100.0,25.33,3.5566,64.0,38.14,21.65,ADEQUATE,0,0.008333,11240.1,4603.0,2.4419,0.005722,20.52
48201,TX,Endocrinology,Diabetes,1,6455,15512.0,102,552360,552360.0,1964530.7,5415.294117647059,5415.294117647059,87,0,100.0,25.33,3.5566,64.0,38.14,21.65,ADEQUATE,0,0.011686,15512.0,6455.0,2.4031,0.007896,60.02
48201,TX,Endocrinology,Diabetes,1,4613,17268.8,102,552360,552360.0,1964530.7,5415.294117647059,5415.294117647059,87,0,100.0,25.33,3.5566,64.0,38.14,21.65,ADEQUATE,0,0.008351,17268.8,4613.0,3.7435,0.00879,20.85
48201,TX,Endocrinology,Diabetes,1,7060,20365.1,102,552360,552360.0,1964530.7,5415.294117647059,5415.294117647059,87,0,100.0,25.33,3.5566,64.0,38.14,21.65,ADEQUATE,0,0.012782,20365.1,7060.0,2.8846,0.010366,70.55
48201,TX,Endocrinology,Diabetes,1,6436,15642.8,102,552360,552360.0,1964530.7,5415.294117647059,5415.294117647059,87,0,100.0,25.33,3.5566,64.0,38.14,21.65,ADEQUATE,0,0.011652,15642.8,6436.0,2.4305,0.007963,59.52
48201,TX,Endocrinology,Diabetes,1,4577,20783.8,102,552360,552360.0,1964530.7,5415.294117647059,5415.294117647059,87,0,100.0,25.33,3.5566,64.0,38.14,21.65,ADEQUATE,0,0.008286,20783.8,4577.0,4.5409,0.01058,19.75
48201,TX,Endocrinology,Diabetes,1,6183,15072.0,102,552360,552360.0,1964530.7,5415.294117647059,5415.294117647059,87,0,100.0,25.33,3.5566,64.0,38.14,21.65,ADEQUATE,0,0.011194,15072.0,6183.0,2.4377,0.007672,54.55
48201,TX,Endocrinology,Diabetes,1,3553,9632.8,102,552360,552360.0,1964530.7,5415.294117647059,5415.294117647059,87,0,100.0,25.33,3.5566,64.0,38.14,21.65,ADEQUATE,0,0.006432,9632.8,3553.0,2.7112,0.004903,3.98
48201,TX,Endocrinology,Diabetes,1,5807,20337.8,102,552360,552360.0,1964530.7,5415.294117647059,5415.294117647059,87,0,100.0,25.33,3.5566,64.0,38.14,21.65,ADEQUATE,0,0.010513,20337.8,5807.0,3.5023,0.010352,46.75
48201,TX,Endocrinology,Diabetes,1,6938,24279.8,102,552360,552360.0,1964530.7,5415.294117647059,5415.294117647059,87,0,100.0,25.33,3.5566,64.0,38.14,21.65,ADEQUATE,0,0.012561,24279.8,6938.0,3.4995,0.012359,68.35
48201,TX,Endocrinology,Diabetes,1,6409,24930.1,102,552360,552360.0,1964530.7,5415.294117647059,5415.294117647059,87,0,100.0,25.33,3.5566,64.0,38.14,21.65,ADEQUATE,0,0.011603,24930.1,6409.0,3.8899,0.01269,58.85
48201,TX,Endocrinology,Diabetes,1,6803,26808.0,102,552360,552360.0,1964530.7,5415.294117647059,5415.294117647059,87,0,100.0,25.33,3.5566,64.0,38.14,21.65,ADEQUATE,0,0.012316,26808.0,6803.0,3.9406,0.013646,66.15
48201,TX,Endocrinology,Diabetes,1,6745,26030.2,102,552360,552360.0,1964530.7,5415.294117647059,5415.294117647059,87,0,100.0,25.33,3.5566,64.0,38.14,21.65,ADEQUATE,0,0.012211,26030.2,6745.0,3.8592,0.01325,65.3
48201,TX,Endocrinology,Diabetes,1,4169,15002.1,102,552360,552360.0,1964530.7,5415.294117647059,5415.294117647059,87,0,100.0,25.33,3.5566,64.0,38.14,21.65,ADEQUATE,0,0.007548,15002.1,4169.0,3.5985,0.007636,12.9
48201,TX,Endocrinology,Diabetes,1,5116,16920.1,102,552360,552360.0,1964530.7,5415.294117647059,5415.294117647059,87,0,100.0,25.33,3.5566,64.0,38.14,21.65,ADEQUATE,0,0.009262,16920.1,5116.0,3.3073,0.008613,30.1
48201,TX,Endocrinology,Diabetes,1,7293,20745.7,102,552360,552360.0,1964530.7,5415.294117647059,5415.294117647059,87,0,100.0,25.33,3.5566,64.0,38.14,21.65,ADEQUATE,0,0.013203,20745.7,7293.0,2.8446,0.01056,74.1
48201,TX,Endocrinology,Diabetes,1,5198,14671.5,102,552360,552360.0,1964530.7,5415.294117647059,5415.294117647059,87,0,100.0,25.33,3.5566,64.0,38.14,21.65,ADEQUATE,0,0.009411,14671.5,5198.0,2.8225,0.007468,32.05
48201,TX,Endocrinology,Diabetes,1,6981,25103.4,102,552360,552360.0,1964530.7,5415.294117647059,5415.294117647059,87,0,100.0,25.33,3.5566,64.0,38.14,21.65,ADEQUATE,0,0.012638,25103.4,6981.0,3.596,0.012778,69.15
48201,TX,Endocrinology,Diabetes,1,6094,19372.7,102,552360,552360.0,1964530.7,5415.294117647059,5415.294117647059,87,0,100.0,25.33,3.5566,64.0,38.14,21.65,ADEQUATE,0,0.011033,19372.7,6094.0,3.179,0.009861,52.7
48201,TX,Endocrinology,Diabetes,1,5152,19155.2,102,552360,552360.0,1964530.7,5415.294117647059,5415.294117647059,87,0,100.0,25.33,3.5566,64.0,38.14,21.65,ADEQUATE,0,0.009327,19155.2,5152.0,3.718,0.009751,31.0
48201,TX,Endocrinology,Diabetes,1,6867,29712.4,102,552360,552360.0,1964530.7,5415.294117647059,5415.294117647059,87,0,100.0,25.33,3.5566,64.0,38.14,21.65,ADEQUATE,0,0.012432,29712.4,6867.0,4.3268,0.015124,67.32
48201,TX,Endocrinology,Diabetes,1,6200,14933.2,102,552360,552360.0,1964530.7,5415.294117647059,5415.294117647059,87,0,100.0,25.33,3.5566,64.0,38.14,21.65,ADEQUATE,0,0.011225,14933.2,6200.0,2.4086,0.007601,54.95
48201,TX,Endocrinology,Diabetes,1,4651,20682.8,102,552360,552360.0,1964530.7,5415.294117647059,5415.294117647059,87,0,100.0,25.33,3.5566,64.0,38.14,21.65,ADEQUATE,0,0.00842,20682.8,4651.0,4.447,0.010528,21.3
48201,TX,Endocrinology,Diabetes,1,6188,19443.6,102,552360,552360.0,1964530.7,5415.294117647059,5415.294117647059,87,0,100.0,25.33,3.5566,64.0,38.14,21.65,ADEQUATE,0,0.011203,19443.6,6188.0,3.1421,0.009897,54.7
48201,TX,Endocrinology,Diabetes,1,3987,17157.1,102,552360,552360.0,1964530.7,5415.294117647059,5415.294117647059,87,0,100.0,25.33,3.5566,64.0,38.14,21.65,ADEQUATE,0,0.007218,17157.1,3987.0,4.3033,0.008733,9.5
48201,TX,Endocrinology,Diabetes,1,3779,9335.1,102,552360,552360.0,1964530.7,5415.294117647059,5415.294117647059,87,0,100.0,25.33,3.5566,64.0,38.14,21.65,ADEQUATE,0,0.006842,9335.1,3779.0,2.4703,0.004752,7.15
48201,TX,Endocrinology,Diabetes,1,3702,16022.9,102,552360,552360.0,1964530.7,5415.294117647059,5415.294117647059,87,0,100.0,25.33,3.5566,64.0,38.14,21.65,ADEQUATE,0,0.006702,16022.9,3702.0,4.3282,0.008156,6.25
48201,TX,Endocrinology,Diabetes,1,4064,15096.5,102,552360,552360.0,1964530.7,5415.294117647059,5415.294117647059,87,0,100.0,25.33,3.5566,64.0,38.14,21.65,ADEQUATE,0,0.007358,15096.5,4064.0,3.7147,0.007685,10.7
48201,TX,Endocrinology,Diabetes,1,4131,19754.9,102,552360,552360.0,1964530.7,5415.294117647059,5415.294117647059,87,0,100.0,25.33,3.5566,64.0,38.14,21.65,ADEQUATE,0,0.007479,19754.9,4131.0,4.7821,0.010056,11.95
48201,TX,Endocrinology,Diabetes,1,5046,23753.0,102,552360,552360.0,1964530.7,5415.294117647059,5415.294117647059,87,0,100.0,25.33,3.5566,64.0,38.14,21.65,ADEQUATE,0,0.009135,23753.0,5046.0,4.7073,0.012091,28.82
48201,TX,Endocrinology,Diabetes,1,4865,15846.3,102,552360,552360.0,1964530.7,5415.294117647059,5415.294117647059,87,0,100.0,25.33,3.5566,64.0,38.14,21.65,ADEQUATE,0,0.008808,15846.3,4865.0,3.2572,0.008066,25.72
48201,TX,Endocrinology,Diabetes,1,6026,25647.2,102,552360,552360.0,1964530.7,5415.294117647059,5415.294117647059,87,0,100.0,25.33,3.5566,64.0,38.14,21.65,ADEQUATE,0,0.01091,25647.2,6026.0,4.2561,0.013055,51.4
48201,TX,Endocrinology,Diabetes,1,6177,25176.6,102,552360,552360.0,1964530.7,5415.294117647059,5415.294117647059,87,0,100.0,25.33,3.5566,64.0,38.14,21.65,ADEQUATE,0,0.011183,25176.6,6177.0,4.0759,0.012816,54.47
48201,TX,Endocrinology,Diabetes,1,3559,16837.5,102,552360,552360.0,1964530.7,5415.294117647059,5415.294117647059,87,0,100.0,25.33,3.5566,64.0,38.14,21.65,ADEQUATE,0,0.006443,16837.5,3559.0,4.731,0.008571,4.05
48201,TX,Endocrinology,Diabetes,1,4187,16844.2,102,552360,552360.0,1964530.7,5415.294117647059,5415.294117647059,87,0,100.0,25.33,3.5566,64.0,38.14,21.65,ADEQUATE,0,0.00758,16844.2,4187.0,4.023,0.008574,13.15
48201,TX,Endocrinology,Diabetes,1,4797,12971.5,102,552360,552360.0,1964530.7,5415.294117647059,5415.294117647059,87,0,100.0,25.33,3.5566,64.0,38.14,21.65,ADEQUATE,0,0.008685,12971.5,4797.0,2.7041,0.006603,24.32
48201,TX,Psychiatry,Mental Health Disorders,1,9621,40449.7,86,671625,671625.0,2331678.3,7809.593023255814,7809.593023255814,105,19,81.9,74.67,3.4717,57.33,45.5,42.24,ADEQUATE,19,0.014325,40449.7,9621.0,4.2043,0.017348,92.9
48201,TX,Psychiatry,Mental Health Disorders,1,9866,36636.9,86,671625,671625.0,2331678.3,7809.593023255814,7809.593023255814,105,19,81.9,74.67,3.4717,57.33,45.5,42.24,ADEQUATE,19,0.01469,36636.9,9866.0,3.7135,0.015713,93.85
48201,TX,Psychiatry,Mental Health Disorders,1,9565,43656.5,86,671625,671625.0,2331678.3,7809.593023255814,7809.593023255814,105,19,81.9,74.67,3.4717,57.33,45.5,42.24,ADEQUATE,19,0.014242,43656.5,9565.0,4.5642,0.018723,92.8
48201,TX,Psychiatry,Mental Health Disorders,1,10137,30338.7,86,671625,671625.0,2331678.3,7809.593023255814,7809.593023255814,105,19,81.9,74.67,3.4717,57.33,45.5,42.24,ADEQUATE,19,0.015093,30338.7,10137.0,2.9929,0.013012,94.65
48201,TX,Psychiatry,Mental Health Disorders,1,5444,15636.3,86,671625,671625.0,2331678.3,7809.593023255814,7809.593023255814,105,19,81.9,74.67,3.4717,57.33,45.5,42.24,ADEQUATE,19,0.008106,15636.3,5444.0,2.8722,0.006706,38.1
48201,TX,Psychiatry,Mental Health Disorders,1,6221,16648.1,86,671625,671625.0,2331678.3,7809.593023255814,7809.593023255814,105,19,81.9,74.67,3.4717,57.33,45.5,42.24,ADEQUATE,19,0.009263,16648.1,6221.0,2.6761,0.00714,55.28
48201,TX,Psychiatry,Mental Health Disorders,1,9340,24380.4,86,671625,671625.0,2331678.3,7809.593023255814,7809.593023255814,105,19,81.9,74.67,3.4717,57.33,45.5,42.24,ADEQUATE,19,0.013907,24380.4,9340.0,2.6103,0.010456,91.95
48201,TX,Psychiatry,Mental Health Disorders,1,6540,23507.7,86,671625,671625.0,2331678.3,7809.593023255814,7809.593023255814,105,19,81.9,74.67,3.4717,57.33,45.5,42.24,ADEQUATE,19,0.009738,23507.7,6540.0,3.5944,0.010082,61.5
48201,TX,Psychiatry,Mental Health Disorders,1,10865,40175.3,86,671625,671625.0,2331678.3,7809.593023255814,7809.593023255814,105,19,81.9,74.67,3.4717,57.33,45.5,42.24,ADEQUATE,19,0.016177,40175.3,10865.0,3.6977,0.01723,97.3
48201,TX,Psychiatry,Mental Health Disorders,1,7465,18102.4,86,671625,671625.0,2331678.3,7809.593023255814,7809.593023255814,105,19,81.9,74.67,3.4717,57.33,45.5,42.24,ADEQUATE,19,0.011115,18102.4,7465.0,2.425,0.007764,76.9
48201,TX,Psychiatry,Mental Health Disorders,1,9903,33041.3,86,671625,671625.0,2331678.3,7809.593023255814,7809.593023255814,105,19,81.9,74.67,3.4717,57.33,45.5,42.24,ADEQUATE,19,0.014745,33041.3,9903.0,3.3365,0.014171,94.0
48201,TX,Psychiatry,Mental Health Disorders,1,6937,27197.1,86,671625,671625.0,2331678.3,7809.593023255814,7809.593023255814,105,19,81.9,74.67,3.4717,57.33,45.5,42.24,ADEQUATE,19,0.010329,27197.1,6937.0,3.9206,0.011664,68.27
48201,TX,Psychiatry,Mental Health Disorders,1,5509,21319.4,86,671625,671625.0,2331678.3,7809.593023255814,7809.593023255814,105,19,81.9,74.67,3.4717,57.33,45.5,42.24,ADEQUATE,19,0.008202,21319.4,5509.0,3.8699,0.009143,39.7
48201,TX,Psychiatry,Mental Health Disorders,1,7040,18406.5,86,671625,671625.0,2331678.3,7809.593023255814,7809.593023255814,105,19,81.9,74.67,3.4717,57.33,45.5,42.24,ADEQUATE,19,0.010482,18406.5,7040.0,2.6146,0.007894,70.15
48201,TX,Psychiatry,Mental Health Disorders,1,10105,47738.5,86,671625,671625.0,2331678.3,7809.593023255814,7809.593023255814,105,19,81.9,74.67,3.4717,57.33,45.5,42.24,ADEQUATE,19,0.015046,47738.5,10105.0,4.7242,0.020474,94.45
48201,TX,Psychiatry,Mental Health Disorders,1,7020,26025.1,86,671625,671625.0,2331678.3,7809.593023255814,7809.593023255814,105,19,81.9,74.67,3.4717,57.33,45.5,42.24,ADEQUATE,19,0.010452,26025.1,7020.0,3.7073,0.011162,69.82
48201,TX,Psychiatry,Mental Health Disorders,1,5447,15155.0,86,671625,671625.0,2331678.3,7809.593023255814,7809.593023255814,105,19,81.9,74.67,3.4717,57.33,45.5,42.24,ADEQUATE,19,0.00811,15155.0,5447.0,2.7823,0.0065,38.3
48201,TX,Psychiatry,Mental Health Disorders,1,5536,20785.7,86,671625,671625.0,2331678.3,7809.593023255814,7809.593023255814,105,19,81.9,74.67,3.4717,57.33,45.5,42.24,ADEQUATE,19,0.008243,20785.7,5536.0,3.7546,0.008914,40.48
48201,TX,Psychiatry,Mental Health Disorders,1,8251,39433.8,86,671625,671625.0,2331678.3,7809.593023255814,7809.593023255814,105,19,81.9,74.67,3.4717,57.33,45.5,42.24,ADEQUATE,19,0.012285,39433.8,8251.0,4.7793,0.016912,84.25
48201,TX,Psychiatry,Mental Health Disorders,1,5888,23839.3,86,671625,671625.0,2331678.3,7809.593023255814,7809.593023255814,105,19,81.9,74.67,3.4717,57.33,45.5,42.24,ADEQUATE,19,0.008767,23839.3,5888.0,4.0488,0.010224,48.25
48201,TX,Psychiatry,Mental Health Disorders,1,10316,37897.2,86,671625,671625.0,2331678.3,7809.593023255814,7809.593023255814,105,19,81.9,74.67,3.4717,57.33,45.5,42.24,ADEQUATE,19,0.01536,37897.2,10316.0,3.6736,0.016253,95.45
48201,TX,Psychiatry,Mental Health Disorders,1,8528,22518.8,86,671625,671625.0,2331678.3,7809.593023255814,7809.593023255814,105,19,81.9,74.67,3.4717,57.33,45.5,42.24,ADEQUATE,19,0.012698,22518.8,8528.0,2.6406,0.009658,86.95
48201,TX,Psychiatry,Mental Health Disorders,1,9506,30226.4,86,671625,671625.0,2331678.3,7809.593023255814,7809.593023255814,105,19,81.9,74.67,3.4717,57.33,45.5,42.24,ADEQUATE,19,0.014154,30226.4,9506.0,3.1797,0.012963,92.65
48201,TX,Psychiatry,Mental Health Disorders,1,5799,20864.8,86,671625,671625.0,2331678.3,7809.593023255814,7809.593023255814,105,19,81.9,74.67,3.4717,57.33,45.5,42.24,ADEQUATE,19,0.008634,20864.8,5799.0,3.598,0.008948,46.6
48201,TX,Psychiatry,Mental Health Disorders,1,6113,19574.6,86,671625,671625.0,2331678.3,7809.593023255814,7809.593023255814,105,19,81.9,74.67,3.4717,57.33,45.5,42.24,ADEQUATE,19,0.009102,19574.6,6113.0,3.2021,0.008395,53.18
48201,TX,Psychiatry,Mental Health Disorders,1,7083,21047.8,86,671625,671625.0,2331678.3,7809.593023255814,7809.593023255814,105,19,81.9,74.67,3.4717,57.33,45.5,42.24,ADEQUATE,19,0.010546,21047.8,7083.0,2.9716,0.009027,70.9
48201,TX,Psychiatry,Mental Health Disorders,1,5320,21803.7,86,671625,671625.0,2331678.3,7809.593023255814,7809.593023255814,105,19,81.9,74.67,3.4717,57.33,45.5,42.24,ADEQUATE,19,0.007921,21803.7,5320.0,4.0984,0.009351,34.5
48201,TX,Psychiatry,Mental Health Disorders,1,10642,26456.7,86,671625,671625.0,2331678.3,7809.593023255814,7809.593023255814,105,19,81.9,74.67,3.4717,57.33,45.5,42.24,ADEQUATE,19,0.015845,26456.7,10642.0,2.4861,0.011347,96.85
48201,TX,Psychiatry,Mental Health Disorders,1,9922,34639.6,86,671625,671625.0,2331678.3,7809.593023255814,7809.593023255814,105,19,81.9,74.67,3.4717,57.33,45.5,42.24,ADEQUATE,19,0.014773,34639.6,9922.0,3.4912,0.014856,94.15
48201,TX,Psychiatry,Mental Health Disorders,1,6692,24348.8,86,671625,671625.0,2331678.3,7809.593023255814,7809.593023255814,105,19,81.9,74.67,3.4717,57.33,45.5,42.24,ADEQUATE,19,0.009964,24348.8,6692.0,3.6385,0.010443,64.32
48201,TX,Psychiatry,Mental Health Disorders,1,10510,28943.0,86,671625,671625.0,2331678.3,7809.593023255814,7809.593023255814,105,19,81.9,74.67,3.4717,57.33,45.5,42.24,ADEQUATE,19,0.015649,28943.0,10510.0,2.7539,0.012413,96.45
48201,TX,Psychiatry,Mental Health Disorders,1,6922,16874.2,86,671625,671625.0,2331678.3,7809.593023255814,7809.593023255814,105,19,81.9,74.67,3.4717,57.33,45.5,42.24,ADEQUATE,19,0.010306,16874.2,6922.0,2.4378,0.007237,68.05
48201,TX,Psychiatry,Mental Health Disorders,1,7259,24197.8,86,671625,671625.0,2331678.3,7809.593023255814,7809.593023255814,105,19,81.9,74.67,3.4717,57.33,45.5,42.24,ADEQUATE,19,0.010808,24197.8,7259.0,3.3335,0.010378,73.7
48201,TX,Psychiatry,Mental Health Disorders,1,9156,24099.6,86,671625,671625.0,2331678.3,7809.593023255814,7809.593023255814,105,19,81.9,74.67,3.4717,57.33,45.5,42.24,ADEQUATE,19,0.013633,24099.6,9156.0,2.6321,0.010336,91.15
48201,TX,Psychiatry,Mental Health Disorders,1,10913,26236.2,86,671625,671625.0,2331678.3,7809.593023255814,7809.593023255814,105,19,81.9,74.67,3.4717,57.33,45.5,42.24,ADEQUATE,19,0.016249,26236.2,10913.0,2.4041,0.011252,97.45
48201,TX,Psychiatry,Mental Health Disorders,1,6862,22289.0,86,671625,671625.0,2331678.3,7809.593023255814,7809.593023255814,105,19,81.9,74.67,3.4717,57.33,45.5,42.24,ADEQUATE,19,0.010217,22289.0,6862.0,3.2482,0.009559,67.12
48201,TX,Psychiatry,Mental Health Disorders,1,5357,13809.5,86,671625,671625.0,2331678.3,7809.593023255814,7809.593023255814,105,19,81.9,74.67,3.4717,57.33,45.5,42.24,ADEQUATE,19,0.007976,13809.5,5357.0,2.5778,0.005923,35.78
48201,TX,Psychiatry,Mental Health Disorders,1,10329,26594.1,86,671625,671625.0,2331678.3,7809.593023255814,7809.593023255814,105,19,81.9,74.67,3.4717,57.33,45.5,42.24,ADEQUATE,19,0.015379,26594.1,10329.0,2.5747,0.011406,95.5
48201,TX,Psychiatry,Mental Health Disorders,1,7924,25964.8,86,671625,671625.0,2331678.3,7809.593023255814,7809.593023255814,105,19,81.9,74.67,3.4717,57.33,45.5,42.24,ADEQUATE,19,0.011798,25964.8,7924.0,3.2767,0.011136,81.1
48201,TX,Psychiatry,Mental Health Disorders,1,5603,18615.7,86,671625,671625.0,2331678.3,7809.593023255814,7809.593023255814,105,19,81.9,74.67,3.4717,57.33,45.5,42.24,ADEQUATE,19,0.008342,18615.7,5603.0,3.3225,0.007984,41.85
48201,TX,Psychiatry,Mental Health Disorders,1,5341,24855.7,86,671625,671625.0,2331678.3,7809.593023255814,7809.593023255814,105,19,81.9,74.67,3.4717,57.33,45.5,42.24,ADEQUATE,19,0.007952,24855.7,5341.0,4.6538,0.01066,35.25
48201,TX,Psychiatry,Mental Health Disorders,1,10505,37310.5,86,671625,671625.0,2331678.3,7809.593023255814,7809.593023255814,105,19,81.9,74.67,3.4717,57.33,45.5,42.24,ADEQUATE,19,0.015641,37310.5,10505.0,3.5517,0.016002,96.35
48201,TX,Psychiatry,Mental Health Disorders,1,7091,28986.8,86,671625,671625.0,2331678.3,7809.593023255814,7809.593023255814,105,19,81.9,74.67,3.4717,57.33,45.5,42.24,ADEQUATE,19,0.010558,28986.8,7091.0,4.0878,0.012432,71.05
48201,TX,Psychiatry,Mental Health Disorders,1,5422,20010.8,86,671625,671625.0,2331678.3,7809.593023255814,7809.593023255814,105,19,81.9,74.67,3.4717,57.33,45.5,42.24,ADEQUATE,19,0.008073,20010.8,5422.0,3.6907,0.008582,37.3
48201,TX,Psychiatry,Mental Health Disorders,1,6093,28400.4,86,671625,671625.0,2331678.3,7809.593023255814,7809.593023255814,105,19,81.9,74.67,3.4717,57.33,45.5,42.24,ADEQUATE,19,0.009072,28400.4,6093.0,4.6612,0.01218,52.62
48201,TX,Psychiatry,Mental Health Disorders,1,7501,23522.7,86,671625,671625.0,2331678.3,7809.593023255814,7809.593023255814,105,19,81.9,74.67,3.4717,57.33,45.5,42.24,ADEQUATE,19,0.011168,23522.7,7501.0,3.1359,0.010088,77.55
48201,TX,Psychiatry,Mental Health Disorders,1,10386,44358.7,86,671625,671625.0,2331678.3,7809.593023255814,7809.593023255814,105,19,81.9,74.67,3.4717,57.33,45.5,42.24,ADEQUATE,19,0.015464,44358.7,10386.0,4.271,0.019024,95.8
48201,TX,Psychiatry,Mental Health Disorders,1,6780,27707.6,86,671625,671625.0,2331678.3,7809.593023255814,7809.593023255814,105,19,81.9,74.67,3.4717,57.33,45.5,42.24,ADEQUATE,19,0.010095,27707.6,6780.0,4.0867,0.011883,65.8
48201,TX,Psychiatry,Mental Health Disorders,1,9758,26356.4,86,671625,671625.0,2331678.3,7809.593023255814,7809.593023255814,105,19,81.9,74.67,3.4717,57.33,45.5,42.24,ADEQUATE,19,0.014529,26356.4,9758.0,2.701,0.011304,93.35
48201,TX,Psychiatry,Mental Health Disorders,1,9764,32521.7,86,671625,671625.0,2331678.3,7809.593023255814,7809.593023255814,105,19,81.9,74.67,3.4717,57.33,45.5,42.24,ADEQUATE,19,0.014538,32521.7,9764.0,3.3308,0.013948,93.4
48201,TX,Psychiatry,Mental Health Disorders,1,7909,32823.0,86,671625,671625.0,2331678.3,7809.593023255814,7809.593023255814,105,19,81.9,74.67,3.4717,57.33,45.5,42.24,ADEQUATE,19,0.011776,32823.0,7909.0,4.1501,0.014077,80.9
48201,TX,Psychiatry,Mental Health Disorders,1,9095,22073.1,86,671625,671625.0,2331678.3,7809.593023255814,7809.593023255814,105,19,81.9,74.67,3.4717,57.33,45.5,42.24,ADEQUATE,19,0.013542,22073.1,9095.0,2.4269,0.009467,91.05
48201,TX,Psychiatry,Mental Health Disorders,1,8769,21088.7,86,671625,671625.0,2331678.3,7809.593023255814,7809.593023255814,105,19,81.9,74.67,3.4717,57.33,45.5,42.24,ADEQUATE,19,0.013056,21088.7,8769.0,2.4049,0.009044,88.6
48201,TX,Psychiatry,Mental Health Disorders,1,7432,22644.7,86,671625,671625.0,2331678.3,7809.593023255814,7809.593023255814,105,19,81.9,74.67,3.4717,57.33,45.5,42.24,ADEQUATE,19,0.011066,22644.7,7432.0,3.0469,0.009712,76.35
48201,TX,Psychiatry,Mental Health Disorders,1,10167,44946.5,86,671625,671625.0,2331678.3,7809.593023255814,7809.593023255814,105,19,81.9,74.67,3.4717,57.33,45.5,42.24,ADEQUATE,19,0.015138,44946.5,10167.0,4.4208,0.019276,94.8
48201,TX,Psychiatry,Mental Health Disorders,1,6116,24993.6,86,671625,671625.0,2331678.3,7809.593023255814,7809.593023255814,105,19,81.9,74.67,3.4717,57.33,45.5,42.24,ADEQUATE,19,0.009106,24993.6,6116.0,4.0866,0.010719,53.25
48201,TX,Psychiatry,Mental Health Disorders,1,6040,19184.5,86,671625,671625.0,2331678.3,7809.593023255814,7809.593023255814,105,19,81.9,74.67,3.4717,57.33,45.5,42.24,ADEQUATE,19,0.008993,19184.5,6040.0,3.1762,0.008228,51.68
48201,TX,Psychiatry,Mental Health Disorders,1,6459,19374.6,86,671625,671625.0,2331678.3,7809.593023255814,7809.593023255814,105,19,81.9,74.67,3.4717,57.33,45.5,42.24,ADEQUATE,19,0.009617,19374.6,6459.0,2.9996,0.008309,60.2
48201,TX,Psychiatry,Mental Health Disorders,1,8233,34965.1,86,671625,671625.0,2331678.3,7809.593023255814,7809.593023255814,105,19,81.9,74.67,3.4717,57.33,45.5,42.24,ADEQUATE,19,0.012258,34965.1,8233.0,4.2469,0.014996,84.15
48201,TX,Psychiatry,Mental Health Disorders,1,9857,25392.8,86,671625,671625.0,2331678.3,7809.593023255814,7809.593023255814,105,19,81.9,74.67,3.4717,57.33,45.5,42.24,ADEQUATE,19,0.014676,25392.8,9857.0,2.5761,0.01089,93.8
48201,TX,Psychiatry,Mental Health Disorders,1,8211,24827.6,86,671625,671625.0,2331678.3,7809.593023255814,7809.593023255814,105,19,81.9,74.67,3.4717,57.33,45.5,42.24,ADEQUATE,19,0.012226,24827.6,8211.0,3.0237,0.010648,83.95
48201,TX,Psychiatry,Mental Health Disorders,1,6848,20543.8,86,671625,671625.0,2331678.3,7809.593023255814,7809.593023255814,105,19,81.9,74.67,3.4717,57.33,45.5,42.24,ADEQUATE,19,0.010196,20543.8,6848.0,3.0,0.008811,66.8
48201,TX,Psychiatry,Mental Health Disorders,1,8103,32377.0,86,671625,671625.0,2331678.3,7809.593023255814,7809.593023255814,105,19,81.9,74.67,3.4717,57.33,45.5,42.24,ADEQUATE,19,0.012065,32377.0,8103.0,3.9957,0.013886,82.85
48201,TX,Psychiatry,Mental Health Disorders,1,5457,19021.6,86,671625,671625.0,2331678.3,7809.593023255814,7809.593023255814,105,19,81.9,74.67,3.4717,57.33,45.5,42.24,ADEQUATE,19,0.008125,19021.6,5457.0,3.4857,0.008158,38.67
48201,TX,Psychiatry,Mental Health Disorders,1,6860,23102.5,86,671625,671625.0,2331678.3,7809.593023255814,7809.593023255814,105,19,81.9,74.67,3.4717,57.33,45.5,42.24,ADEQUATE,19,0.010214,23102.5,6860.0,3.3677,0.009908,67.03
48201,TX,Psychiatry,Mental Health Disorders,1,5927,14559.9,86,671625,671625.0,2331678.3,7809.593023255814,7809.593023255814,105,19,81.9,74.67,3.4717,57.33,45.5,42.24,ADEQUATE,19,0.008825,14559.9,5927.0,2.4565,0.006244,49.55
48201,TX,Psychiatry,Mental Health Disorders,1,9207,28535.3,86,671625,671625.0,2331678.3,7809.593023255814,7809.593023255814,105,19,81.9,74.67,3.4717,57.33,45.5,42.24,ADEQUATE,19,0.013709,28535.3,9207.0,3.0993,0.012238,91.4
48201,TX,Psychiatry,Mental Health Disorders,1,8803,36151.9,86,671625,671625.0,2331678.3,7809.593023255814,7809.593023255814,105,19,81.9,74.67,3.4717,57.33,45.5,42.24,ADEQUATE,19,0.013107,36151.9,8803.0,4.1068,0.015505,89.0
48201,TX,Psychiatry,Mental Health Disorders,1,7614,32993.9,86,671625,671625.0,2331678.3,7809.593023255814,7809.593023255814,105,19,81.9,74.67,3.4717,57.33,45.5,42.24,ADEQUATE,19,0.011337,32993.9,7614.0,4.3333,0.01415,78.6
48201,TX,Psychiatry,Mental Health Disorders,1,9451,37381.7,86,671625,671625.0,2331678.3,7809.593023255814,7809.593023255814,105,19,81.9,74.67,3.4717,57.33,45.5,42.24,ADEQUATE,19,0.014072,37381.7,9451.0,3.9553,0.016032,92.4
48201,TX,Psychiatry,Mental Health Disorders,1,6684,31654.5,86,671625,671625.0,2331678.3,7809.593023255814,7809.593023255814,105,19,81.9,74.67,3.4717,57.33,45.5,42.24,ADEQUATE,19,0.009952,31654.5,6684.0,4.7359,0.013576,64.1
48201,TX,Psychiatry,Mental Health Disorders,1,10157,41130.8,86,671625,671625.0,2331678.3,7809.593023255814,7809.593023255814,105,19,81.9,74.67,3.4717,57.33,45.5,42.24,ADEQUATE,19,0.015123,41130.8,10157.0,4.0495,0.01764,94.75
48201,TX,Psychiatry,Mental Health Disorders,1,7052,19624.1,86,671625,671625.0,2331678.3,7809.593023255814,7809.593023255814,105,19,81.9,74.67,3.4717,57.33,45.5,42.24,ADEQUATE,19,0.0105,19624.1,7052.0,2.7828,0.008416,70.35
48201,TX,Psychiatry,Mental Health Disorders,1,7755,20425.2,86,671625,671625.0,2331678.3,7809.593023255814,7809.593023255814,105,19,81.9,74.67,3.4717,57.33,45.5,42.24,ADEQUATE,19,0.011547,20425.2,7755.0,2.6338,0.00876,79.6
48201,TX,Psychiatry,Mental Health Disorders,1,7732,33909.4,86,671625,671625.0,2331678.3,7809.593023255814,7809.593023255814,105,19,81.9,74.67,3.4717,57.33,45.5,42.24,ADEQUATE,19,0.011512,33909.4,7732.0,4.3856,0.014543,79.3
48201,TX,Psychiatry,Mental Health Disorders,1,9889,41508.9,86,671625,671625.0,2331678.3,7809.593023255814,7809.593023255814,105,19,81.9,74.67,3.4717,57.33,45.5,42.24,ADEQUATE,19,0.014724,41508.9,9889.0,4.1975,0.017802,93.9
48201,TX,Psychiatry,Mental Health Disorders,1,6890,29929.4,86,671625,671625.0,2331678.3,7809.593023255814,7809.593023255814,105,19,81.9,74.67,3.4717,57.33,45.5,42.24,ADEQUATE,19,0.010259,29929.4,6890.0,4.3439,0.012836,67.7
48201,TX,Psychiatry,Mental Health Disorders,1,6072,21080.5,86,671625,671625.0,2331678.3,7809.593023255814,7809.593023255814,105,19,81.9,74.67,3.4717,57.33,45.5,42.24,ADEQUATE,19,0.009041,21080.5,6072.0,3.4718,0.009041,52.12
48201,TX,Psychiatry,Mental Health Disorders,1,5835,19781.4,86,671625,671625.0,2331678.3,7809.593023255814,7809.593023255814,105,19,81.9,74.67,3.4717,57.33,45.5,42.24,ADEQUATE,19,0.008688,19781.4,5835.0,3.3901,0.008484,47.15
48201,TX,Psychiatry,Mental Health Disorders,1,8865,30970.5,86,671625,671625.0,2331678.3,7809.593023255814,7809.593023255814,105,19,81.9,74.67,3.4717,57.33,45.5,42.24,ADEQUATE,19,0.013199,30970.5,8865.0,3.4936,0.013282,89.6
48201,TX,Psychiatry,Mental Health Disorders,1,7020,28311.4,86,671625,671625.0,2331678.3,7809.593023255814,7809.593023255814,105,19,81.9,74.67,3.4717,57.33,45.5,42.24,ADEQUATE,19,0.010452,28311.4,7020.0,4.033,0.012142,69.82
48201,TX,Psychiatry,Mental Health Disorders,1,6518,26524.4,86,671625,671625.0,2331678.3,7809.593023255814,7809.593023255814,105,19,81.9,74.67,3.4717,57.33,45.5,42.24,ADEQUATE,19,0.009705,26524.4,6518.0,4.0694,0.011376,61.25
48201,TX,Psychiatry,Mental Health Disorders,1,6918,17237.1,86,671625,671625.0,2331678.3,7809.593023255814,7809.593023255814,105,19,81.9,74.67,3.4717,57.33,45.5,42.24,ADEQUATE,19,0.0103,17237.1,6918.0,2.4916,0.007393,68.0
48201,TX,Psychiatry,Mental Health Disorders,1,6629,19630.3,86,671625,671625.0,2331678.3,7809.593023255814,7809.593023255814,105,19,81.9,74.67,3.4717,57.33,45.5,42.24,ADEQUATE,19,0.00987,19630.3,6629.0,2.9613,0.008419,62.98
48201,TX,Psychiatry,Mental Health Disorders,1,7511,34236.3,86,671625,671625.0,2331678.3,7809.593023255814,7809.593023255814,105,19,81.9,74.67,3.4717,57.33,45.5,42.24,ADEQUATE,19,0.011183,34236.3,7511.0,4.5582,0.014683,77.7
48201,TX,Psychiatry,Mental Health Disorders,1,7443,35235.0,86,671625,671625.0,2331678.3,7809.593023255814,7809.593023255814,105,19,81.9,74.67,3.4717,57.33,45.5,42.24,ADEQUATE,19,0.011082,35235.0,7443.0,4.734,0.015111,76.48
48201,TX,Pulmonary,Respiratory Disease,1,3392,11877.9,99,498597,498597.0,1750506.4,5036.333333333333,5036.333333333333,78,0,100.0,14.67,3.5109,42.67,53.06,18.03,ADEQUATE,0,0.006803,11877.9,3392.0,3.5017,0.006785,2.88
48201,TX,Pulmonary,Respiratory Disease,1,3658,17536.9,99,498597,498597.0,1750506.4,5036.333333333333,5036.333333333333,78,0,100.0,14.67,3.5109,42.67,53.06,18.03,ADEQUATE,0,0.007337,17536.9,3658.0,4.7941,0.010018,5.75
48201,TX,Pulmonary,Respiratory Disease,1,4671,15766.6,99,498597,498597.0,1750506.4,5036.333333333333,5036.333333333333,78,0,100.0,14.67,3.5109,42.67,53.06,18.03,ADEQUATE,0,0.009368,15766.6,4671.0,3.3754,0.009007,21.7
48201,TX,Pulmonary,Respiratory Disease,1,4588,20334.8,99,498597,498597.0,1750506.4,5036.333333333333,5036.333333333333,78,0,100.0,14.67,3.5109,42.67,53.06,18.03,ADEQUATE,0,0.009202,20334.8,4588.0,4.4322,0.011617,20.3
48201,TX,Pulmonary,Respiratory Disease,1,5455,16630.2,99,498597,498597.0,1750506.4,5036.333333333333,5036.333333333333,78,0,100.0,14.67,3.5109,42.67,53.06,18.03,ADEQUATE,0,0.010941,16630.2,5455.0,3.0486,0.0095,38.55
48201,TX,Pulmonary,Respiratory Disease,1,5077,18435.7,99,498597,498597.0,1750506.4,5036.333333333333,5036.333333333333,78,0,100.0,14.67,3.5109,42.67,53.06,18.03,ADEQUATE,0,0.010183,18435.7,5077.0,3.6312,0.010532,29.33
48201,TX,Pulmonary,Respiratory Disease,1,4089,16846.9,99,498597,498597.0,1750506.4,5036.333333333333,5036.333333333333,78,0,100.0,14.67,3.5109,42.67,53.06,18.03,ADEQUATE,0,0.008201,16846.9,4089.0,4.1201,0.009624,11.4
48201,TX,Pulmonary,Respiratory Disease,1,5673,14526.0,99,498597,498597.0,1750506.4,5036.333333333333,5036.333333333333,78,0,100.0,14.67,3.5109,42.67,53.06,18.03,ADEQUATE,0,0.011378,14526.0,5673.0,2.5605,0.008298,43.25
48201,TX,Pulmonary,Respiratory Disease,1,5115,15858.1,99,498597,498597.0,1750506.4,5036.333333333333,5036.333333333333,78,0,100.0,14.67,3.5109,42.67,53.06,18.03,ADEQUATE,0,0.010259,15858.1,5115.0,3.1003,0.009059,30.0
48201,TX,Pulmonary,Respiratory Disease,1,4976,15084.1,99,498597,498597.0,1750506.4,5036.333333333333,5036.333333333333,78,0,100.0,14.67,3.5109,42.67,53.06,18.03,ADEQUATE,0,0.00998,15084.1,4976.0,3.0314,0.008617,27.55
48201,TX,Pulmonary,Respiratory Disease,1,5939,28416.8,99,498597,498597.0,1750506.4,5036.333333333333,5036.333333333333,78,0,100.0,14.67,3.5109,42.67,53.06,18.03,ADEQUATE,0,0.011911,28416.8,5939.0,4.7848,0.016233,49.75
48201,TX,Pulmonary,Respiratory Disease,1,6090,17445.9,99,498597,498597.0,1750506.4,5036.333333333333,5036.333333333333,78,0,100.0,14.67,3.5109,42.67,53.06,18.03,ADEQUATE,0,0.012214,17445.9,6090.0,2.8647,0.009966,52.5
48201,TX,Pulmonary,Respiratory Disease,1,5119,23993.9,99,498597,498597.0,1750506.4,5036.333333333333,5036.333333333333,78,0,100.0,14.67,3.5109,42.67,53.06,18.03,ADEQUATE,0,0.010267,23993.9,5119.0,4.6872,0.013707,30.15
48201,TX,Pulmonary,Respiratory Disease,1,6101,23456.1,99,498597,498597.0,1750506.4,5036.333333333333,5036.333333333333,78,0,100.0,14.67,3.5109,42.67,53.06,18.03,ADEQUATE,0,0.012236,23456.1,6101.0,3.8446,0.0134,52.92
48201,TX,Pulmonary,Respiratory Disease,1,4818,21163.8,99,498597,498597.0,1750506.4,5036.333333333333,5036.333333333333,78,0,100.0,14.67,3.5109,42.67,53.06,18.03,ADEQUATE,0,0.009663,21163.8,4818.0,4.3927,0.01209,24.82
48201,TX,Pulmonary,Respiratory Disease,1,4487,18180.8,99,498597,498597.0,1750506.4,5036.333333333333,5036.333333333333,78,0,100.0,14.67,3.5109,42.67,53.06,18.03,ADEQUATE,0,0.008999,18180.8,4487.0,4.0519,0.010386,18.5
48201,TX,Pulmonary,Respiratory Disease,1,3524,8695.4,99,498597,498597.0,1750506.4,5036.333333333333,5036.333333333333,78,0,100.0,14.67,3.5109,42.67,53.06,18.03,ADEQUATE,0,0.007068,8695.4,3524.0,2.4675,0.004967,3.65
48201,TX,Pulmonary,Respiratory Disease,1,4024,10588.4,99,498597,498597.0,1750506.4,5036.333333333333,5036.333333333333,78,0,100.0,14.67,3.5109,42.67,53.06,18.03,ADEQUATE,0,0.008071,10588.4,4024.0,2.6313,0.006049,10.2
48201,TX,Pulmonary,Respiratory Disease,1,5043,14209.8,99,498597,498597.0,1750506.4,5036.333333333333,5036.333333333333,78,0,100.0,14.67,3.5109,42.67,53.06,18.03,ADEQUATE,0,0.010114,14209.8,5043.0,2.8177,0.008118,28.75
48201,TX,Pulmonary,Respiratory Disease,1,3688,8901.3,99,498597,498597.0,1750506.4,5036.333333333333,5036.333333333333,78,0,100.0,14.67,3.5109,42.67,53.06,18.03,ADEQUATE,0,0.007397,8901.3,3688.0,2.4136,0.005085,6.2
48201,TX,Pulmonary,Respiratory Disease,1,6622,22288.8,99,498597,498597.0,1750506.4,5036.333333333333,5036.333333333333,78,0,100.0,14.67,3.5109,42.67,53.06,18.03,ADEQUATE,0,0.013281,22288.8,6622.0,3.3659,0.012733,62.75
48201,TX,Pulmonary,Respiratory Disease,1,5150,16649.6,99,498597,498597.0,1750506.4,5036.333333333333,5036.333333333333,78,0,100.0,14.67,3.5109,42.67,53.06,18.03,ADEQUATE,0,0.010329,16649.6,5150.0,3.2329,0.009511,30.95
48201,TX,Pulmonary,Respiratory Disease,1,4233,19909.1,99,498597,498597.0,1750506.4,5036.333333333333,5036.333333333333,78,0,100.0,14.67,3.5109,42.67,53.06,18.03,ADEQUATE,0,0.00849,19909.1,4233.0,4.7033,0.011373,14.1
48201,TX,Pulmonary,Respiratory Disease,1,4009,10739.2,99,498597,498597.0,1750506.4,5036.333333333333,5036.333333333333,78,0,100.0,14.67,3.5109,42.67,53.06,18.03,ADEQUATE,0,0.008041,10739.2,4009.0,2.6788,0.006135,9.9
48201,TX,Pulmonary,Respiratory Disease,1,3873,9987.1,99,498597,498597.0,1750506.4,5036.333333333333,5036.333333333333,78,0,100.0,14.67,3.5109,42.67,53.06,18.03,ADEQUATE,0,0.007768,9987.1,3873.0,2.5786,0.005705,8.1
48201,TX,Pulmonary,Respiratory Disease,1,4530,11743.0,99,498597,498597.0,1750506.4,5036.333333333333,5036.333333333333,78,0,100.0,14.67,3.5109,42.67,53.06,18.03,ADEQUATE,0,0.009085,11743.0,4530.0,2.5923,0.006708,18.98
48201,TX,Pulmonary,Respiratory Disease,1,5992,18757.7,99,498597,498597.0,1750506.4,5036.333333333333,5036.333333333333,78,0,100.0,14.67,3.5109,42.67,53.06,18.03,ADEQUATE,0,0.012018,18757.7,5992.0,3.1305,0.010716,50.82
48201,TX,Pulmonary,Respiratory Disease,1,5514,14639.0,99,498597,498597.0,1750506.4,5036.333333333333,5036.333333333333,78,0,100.0,14.67,3.5109,42.67,53.06,18.03,ADEQUATE,0,0.011059,14639.0,5514.0,2.6549,0.008363,39.95
48201,TX,Pulmonary,Respiratory Disease,1,4262,10573.3,99,498597,498597.0,1750506.4,5036.333333333333,5036.333333333333,78,0,100.0,14.67,3.5109,42.67,53.06,18.03,ADEQUATE,0,0.008548,10573.3,4262.0,2.4808,0.00604,14.45
48201,TX,Pulmonary,Respiratory Disease,1,4340,16846.0,99,498597,498597.0,1750506.4,5036.333333333333,5036.333333333333,78,0,100.0,14.67,3.5109,42.67,53.06,18.03,ADEQUATE,0,0.008704,16846.0,4340.0,3.8816,0.009624,15.5
48201,TX,Pulmonary,Respiratory Disease,1,6014,19917.1,99,498597,498597.0,1750506.4,5036.333333333333,5036.333333333333,78,0,100.0,14.67,3.5109,42.67,53.06,18.03,ADEQUATE,0,0.012062,19917.1,6014.0,3.3118,0.011378,51.25
48201,TX,Pulmonary,Respiratory Disease,1,5594,16776.5,99,498597,498597.0,1750506.4,5036.333333333333,5036.333333333333,78,0,100.0,14.67,3.5109,42.67,53.06,18.03,ADEQUATE,0,0.011219,16776.5,5594.0,2.999,0.009584,41.72
48201,TX,Pulmonary,Respiratory Disease,1,6436,22574.2,99,498597,498597.0,1750506.4,5036.333333333333,5036.333333333333,78,0,100.0,14.67,3.5109,42.67,53.06,18.03,ADEQUATE,0,0.012908,22574.2,6436.0,3.5075,0.012896,59.52
48201,TX,Pulmonary,Respiratory Disease,1,5839,16257.0,99,498597,498597.0,1750506.4,5036.333333333333,5036.333333333333,78,0,100.0,14.67,3.5109,42.67,53.06,18.03,ADEQUATE,0,0.011711,16257.0,5839.0,2.7842,0.009287,47.3
48201,TX,Pulmonary,Respiratory Disease,1,4693,22151.4,99,498597,498597.0,1750506.4,5036.333333333333,5036.333333333333,78,0,100.0,14.67,3.5109,42.67,53.06,18.03,ADEQUATE,0,0.009412,22151.4,4693.0,4.7201,0.012654,21.95
48201,TX,Pulmonary,Respiratory Disease,1,5616,23346.2,99,498597,498597.0,1750506.4,5036.333333333333,5036.333333333333,78,0,100.0,14.67,3.5109,42.67,53.06,18.03,ADEQUATE,0,0.011264,23346.2,5616.0,4.1571,0.013337,42.15
48201,TX,Pulmonary,Respiratory Disease,1,3419,14110.4,99,498597,498597.0,1750506.4,5036.333333333333,5036.333333333333,78,0,100.0,14.67,3.5109,42.67,53.06,18.03,ADEQUATE,0,0.006857,14110.4,3419.0,4.1271,0.008061,3.05
48201,TX,Pulmonary,Respiratory Disease,1,4965,17773.1,99,498597,498597.0,1750506.4,5036.333333333333,5036.333333333333,78,0,100.0,14.67,3.5109,42.67,53.06,18.03,ADEQUATE,0,0.009958,17773.1,4965.0,3.5797,0.010153,27.38
48201,TX,Pulmonary,Respiratory Disease,1,5692,14567.6,99,498597,498597.0,1750506.4,5036.333333333333,5036.333333333333,78,0,100.0,14.67,3.5109,42.67,53.06,18.03,ADEQUATE,0,0.011416,14567.6,5692.0,2.5593,0.008322,43.9
48201,TX,Pulmonary,Respiratory Disease,1,4483,15977.1,99,498597,498597.0,1750506.4,5036.333333333333,5036.333333333333,78,0,100.0,14.67,3.5109,42.67,53.06,18.03,ADEQUATE,0,0.008991,15977.1,4483.0,3.5639,0.009127,18.3
48201,TX,Pulmonary,Respiratory Disease,1,4484,17988.3,99,498597,498597.0,1750506.4,5036.333333333333,5036.333333333333,78,0,100.0,14.67,3.5109,42.67,53.06,18.03,ADEQUATE,0,0.008993,17988.3,4484.0,4.0117,0.010276,18.35
48201,TX,Pulmonary,Respiratory Disease,1,5522,23331.0,99,498597,498597.0,1750506.4,5036.333333333333,5036.333333333333,78,0,100.0,14.67,3.5109,42.67,53.06,18.03,ADEQUATE,0,0.011075,23331.0,5522.0,4.2251,0.013328,40.15
48201,TX,Pulmonary,Respiratory Disease,1,6128,18361.4,99,498597,498597.0,1750506.4,5036.333333333333,5036.333333333333,78,0,100.0,14.67,3.5109,42.67,53.06,18.03,ADEQUATE,0,0.01229,18361.4,6128.0,2.9963,0.010489,53.55
48201,TX,Pulmonary,Respiratory Disease,1,3679,16921.1,99,498597,498597.0,1750506.4,5036.333333333333,5036.333333333333,78,0,100.0,14.67,3.5109,42.67,53.06,18.03,ADEQUATE,0,0.007379,16921.1,3679.0,4.5994,0.009666,6.02
48201,TX,Pulmonary,Respiratory Disease,1,6467,26758.4,99,498597,498597.0,1750506.4,5036.333333333333,5036.333333333333,78,0,100.0,14.67,3.5109,42.67,53.06,18.03,ADEQUATE,0,0.01297,26758.4,6467.0,4.1377,0.015286,60.38
48201,TX,Pulmonary,Respiratory Disease,1,6437,18613.2,99,498597,498597.0,1750506.4,5036.333333333333,5036.333333333333,78,0,100.0,14.67,3.5109,42.67,53.06,18.03,ADEQUATE,0,0.01291,18613.2,6437.0,2.8916,0.010633,59.6
48201,TX,Pulmonary,Respiratory Disease,1,4427,10945.6,99,498597,498597.0,1750506.4,5036.333333333333,5036.333333333333,78,0,100.0,14.67,3.5109,42.67,53.06,18.03,ADEQUATE,0,0.008879,10945.6,4427.0,2.4725,0.006253,17.0
48201,TX,Pulmonary,Respiratory Disease,1,6112,15489.0,99,498597,498597.0,1750506.4,5036.333333333333,5036.333333333333,78,0,100.0,14.67,3.5109,42.67,53.06,18.03,ADEQUATE,0,0.012258,15489.0,6112.0,2.5342,0.008848,53.1
48201,TX,Pulmonary,Respiratory Disease,1,5179,20434.6,99,498597,498597.0,1750506.4,5036.333333333333,5036.333333333333,78,0,100.0,14.67,3.5109,42.67,53.06,18.03,ADEQUATE,0,0.010387,20434.6,5179.0,3.9457,0.011674,31.45
48201,TX,Pulmonary,Respiratory Disease,1,5760,25757.6,99,498597,498597.0,1750506.4,5036.333333333333,5036.333333333333,78,0,100.0,14.67,3.5109,42.67,53.06,18.03,ADEQUATE,0,0.011552,25757.6,5760.0,4.4718,0.014714,45.65
48201,TX,Pulmonary,Respiratory Disease,1,4454,18382.2,99,498597,498597.0,1750506.4,5036.333333333333,5036.333333333333,78,0,100.0,14.67,3.5109,42.67,53.06,18.03,ADEQUATE,0,0.008933,18382.2,4454.0,4.1271,0.010501,17.6
48201,TX,Pulmonary,Respiratory Disease,1,4099,17037.5,99,498597,498597.0,1750506.4,5036.333333333333,5036.333333333333,78,0,100.0,14.67,3.5109,42.67,53.06,18.03,ADEQUATE,0,0.008221,17037.5,4099.0,4.1565,0.009733,11.5
48201,TX,Pulmonary,Respiratory Disease,1,3638,10329.5,99,498597,498597.0,1750506.4,5036.333333333333,5036.333333333333,78,0,100.0,14.67,3.5109,42.67,53.06,18.03,ADEQUATE,0,0.007296,10329.5,3638.0,2.8393,0.005901,5.5
48201,TX,Pulmonary,Respiratory Disease,1,6741,23904.2,99,498597,498597.0,1750506.4,5036.333333333333,5036.333333333333,78,0,100.0,14.67,3.5109,42.67,53.06,18.03,ADEQUATE,0,0.01352,23904.2,6741.0,3.5461,0.013656,65.2
48201,TX,Pulmonary,Respiratory Disease,1,5234,24268.4,99,498597,498597.0,1750506.4,5036.333333333333,5036.333333333333,78,0,100.0,14.67,3.5109,42.67,53.06,18.03,ADEQUATE,0,0.010497,24268.4,5234.0,4.6367,0.013864,32.98
48201,TX,Pulmonary,Respiratory Disease,1,3619,11137.4,99,498597,498597.0,1750506.4,5036.333333333333,5036.333333333333,78,0,100.0,14.67,3.5109,42.67,53.06,18.03,ADEQUATE,0,0.007258,11137.4,3619.0,3.0775,0.006362,5.0
48201,TX,Pulmonary,Respiratory Disease,1,6191,18783.5,99,498597,498597.0,1750506.4,5036.333333333333,5036.333333333333,78,0,100.0,14.67,3.5109,42.67,53.06,18.03,ADEQUATE,0,0.012417,18783.5,6191.0,3.034,0.01073,54.75
48201,TX,Pulmonary,Respiratory Disease,1,5185,21187.6,99,498597,498597.0,1750506.4,5036.333333333333,5036.333333333333,78,0,100.0,14.67,3.5109,42.67,53.06,18.03,ADEQUATE,0,0.010399,21187.6,5185.0,4.0863,0.012104,31.6
48201,TX,Pulmonary,Respiratory Disease,1,3334,11484.9,99,498597,498597.0,1750506.4,5036.333333333333,5036.333333333333,78,0,100.0,14.67,3.5109,42.67,53.06,18.03,ADEQUATE,0,0.006687,11484.9,3334.0,3.4448,0.006561,2.35
48201,TX,Pulmonary,Respiratory Disease,1,6495,30519.9,99,498597,498597.0,1750506.4,5036.333333333333,5036.333333333333,78,0,100.0,14.67,3.5109,42.67,53.06,18.03,ADEQUATE,0,0.013027,30519.9,6495.0,4.699,0.017435,60.8
48201,TX,Pulmonary,Respiratory Disease,1,4773,12935.4,99,498597,498597.0,1750506.4,5036.333333333333,5036.333333333333,78,0,100.0,14.67,3.5109,42.67,53.06,18.03,ADEQUATE,0,0.009573,12935.4,4773.0,2.7101,0.00739,23.88
48201,TX,Pulmonary,Respiratory Disease,1,4642,22036.3,99,498597,498597.0,1750506.4,5036.333333333333,5036.333333333333,78,0,100.0,14.67,3.5109,42.67,53.06,18.03,ADEQUATE,0,0.00931,22036.3,4642.0,4.7472,0.012589,21.2
48201,TX,Pulmonary,Respiratory Disease,1,6570,20867.1,99,498597,498597.0,1750506.4,5036.333333333333,5036.333333333333,78,0,100.0,14.67,3.5109,42.67,53.06,18.03,ADEQUATE,0,0.013177,20867.1,6570.0,3.1761,0.011921,62.05
48201,TX,Pulmonary,Respiratory Disease,1,4330,18906.7,99,498597,498597.0,1750506.4,5036.333333333333,5036.333333333333,78,0,100.0,14.67,3.5109,42.67,53.06,18.03,ADEQUATE,0,0.008684,18906.7,4330.0,4.3664,0.010801,15.35
48201,TX,Pulmonary,Respiratory Disease,1,6698,27880.2,99,498597,498597.0,1750506.4,5036.333333333333,5036.333333333333,78,0,100.0,14.67,3.5109,42.67,53.06,18.03,ADEQUATE,0,0.013434,27880.2,6698.0,4.1625,0.015927,64.6
48201,TX,Pulmonary,Respiratory Disease,1,6337,19489.8,99,498597,498597.0,1750506.4,5036.333333333333,5036.333333333333,78,0,100.0,14.67,3.5109,42.67,53.06,18.03,ADEQUATE,0,0.01271,19489.8,6337.0,3.0756,0.011134,57.95
48201,TX,Pulmonary,Respiratory Disease,1,5902,14900.7,99,498597,498597.0,1750506.4,5036.333333333333,5036.333333333333,78,0,100.0,14.67,3.5109,42.67,53.06,18.03,ADEQUATE,0,0.011837,14900.7,5902.0,2.5247,0.008512,48.8
48201,TX,Pulmonary,Respiratory Disease,1,3737,9474.9,99,498597,498597.0,1750506.4,5036.333333333333,5036.333333333333,78,0,100.0,14.67,3.5109,42.67,53.06,18.03,ADEQUATE,0,0.007495,9474.9,3737.0,2.5354,0.005413,6.55
48201,TX,Pulmonary,Respiratory Disease,1,6077,22129.0,99,498597,498597.0,1750506.4,5036.333333333333,5036.333333333333,78,0,100.0,14.67,3.5109,42.67,53.06,18.03,ADEQUATE,0,0.012188,22129.0,6077.0,3.6414,0.012641,52.3
48201,TX,Pulmonary,Respiratory Disease,1,6225,15793.4,99,498597,498597.0,1750506.4,5036.333333333333,5036.333333333333,78,0,100.0,14.67,3.5109,42.67,53.06,18.03,ADEQUATE,0,0.012485,15793.4,6225.0,2.5371,0.009022,55.42
48201,TX,Pulmonary,Respiratory Disease,1,4006,14833.7,99,498597,498597.0,1750506.4,5036.333333333333,5036.333333333333,78,0,100.0,14.67,3.5109,42.67,53.06,18.03,ADEQUATE,0,0.008035,14833.7,4006.0,3.7029,0.008474,9.8
48201,TX,Pulmonary,Respiratory Disease,1,6310,26469.5,99,498597,498597.0,1750506.4,5036.333333333333,5036.333333333333,78,0,100.0,14.67,3.5109,42.67,53.06,18.03,ADEQUATE,0,0.012656,26469.5,6310.0,4.1948,0.015121,57.38
48201,TX,Pulmonary,Respiratory Disease,1,4581,17630.3,99,498597,498597.0,1750506.4,5036.333333333333,5036.333333333333,78,0,100.0,14.67,3.5109,42.67,53.06,18.03,ADEQUATE,0,0.009188,17630.3,4581.0,3.8486,0.010072,20.0
48201,TX,Pulmonary,Respiratory Disease,1,4923,23102.1,99,498597,498597.0,1750506.4,5036.333333333333,5036.333333333333,78,0,100.0,14.67,3.5109,42.67,53.06,18.03,ADEQUATE,0,0.009874,23102.1,4923.0,4.6927,0.013197,26.5
48201,TX,Pulmonary,Respiratory Disease,1,4345,16280.2,99,498597,498597.0,1750506.4,5036.333333333333,5036.333333333333,78,0,100.0,14.67,3.5109,42.67,53.06,18.03,ADEQUATE,0,0.008714,16280.2,4345.0,3.7469,0.0093,15.65
48201,TX,Pulmonary,Respiratory Disease,1,3979,14846.9,99,498597,498597.0,1750506.4,5036.333333333333,5036.333333333333,78,0,100.0,14.67,3.5109,42.67,53.06,18.03,ADEQUATE,0,0.00798,14846.9,3979.0,3.7313,0.008481,9.25
48201,TX,Pulmonary,Respiratory Disease,1,5583,19672.6,99,498597,498597.0,1750506.4,5036.333333333333,5036.333333333333,78,0,100.0,14.67,3.5109,42.67,53.06,18.03,ADEQUATE,0,0.011197,19672.6,5583.0,3.5237,0.011238,41.35
48201,TX,Pulmonary,Respiratory Disease,1,5664,23604.8,99,498597,498597.0,1750506.4,5036.333333333333,5036.333333333333,78,0,100.0,14.67,3.5109,42.67,53.06,18.03,ADEQUATE,0,0.01136,23604.8,5664.0,4.1675,0.013485,43.1
48201,TX,Pulmonary,Respiratory Disease,1,5995,20576.7,99,498597,498597.0,1750506.4,5036.333333333333,5036.333333333333,78,0,100.0,14.67,3.5109,42.67,53.06,18.03,ADEQUATE,0,0.012024,20576.7,5995.0,3.4323,0.011755,50.95
48201,TX,Pulmonary,Respiratory Disease,1,3961,10655.8,99,498597,498597.0,1750506.4,5036.333333333333,5036.333333333333,78,0,100.0,14.67,3.5109,42.67,53.06,18.03,ADEQUATE,0,0.007944,10655.8,3961.0,2.6902,0.006087,9.15
48201,TX,Pulmonary,Respiratory Disease,1,3729,12300.7,99,498597,498597.0,1750506.4,5036.333333333333,5036.333333333333,78,0,100.0,14.67,3.5109,42.67,53.06,18.03,ADEQUATE,0,0.007479,12300.7,3729.0,3.2987,0.007027,6.4
48201,TX,Pulmonary,Respiratory Disease,1,3383,8216.2,99,498597,498597.0,1750506.4,5036.333333333333,5036.333333333333,78,0,100.0,14.67,3.5109,42.67,53.06,18.03,ADEQUATE,0,0.006785,8216.2,3383.0,2.4287,0.004694,2.7
48201,TX,Pulmonary,Respiratory Disease,1,6148,15683.4,99,498597,498597.0,1750506.4,5036.333333333333,5036.333333333333,78,0,100.0,14.67,3.5109,42.67,53.06,18.03,ADEQUATE,0,0.012331,15683.4,6148.0,2.551,0.008959,53.92
48201,TX,Pulmonary,Respiratory Disease,1,6040,24490.5,99,498597,498597.0,1750506.4,5036.333333333333,5036.333333333333,78,0,100.0,14.67,3.5109,42.67,53.06,18.03,ADEQUATE,0,0.012114,24490.5,6040.0,4.0547,0.013991,51.68
48201,TX,Pulmonary,Respiratory Disease,1,5162,22430.3,99,498597,498597.0,1750506.4,5036.333333333333,5036.333333333333,78,0,100.0,14.67,3.5109,42.67,53.06,18.03,ADEQUATE,0,0.010353,22430.3,5162.0,4.3453,0.012814,31.1
48201,TX,Pulmonary,Respiratory Disease,1,4378,10921.2,99,498597,498597.0,1750506.4,5036.333333333333,5036.333333333333,78,0,100.0,14.67,3.5109,42.67,53.06,18.03,ADEQUATE,0,0.008781,10921.2,4378.0,2.4946,0.006239,16.25
48201,TX,Pulmonary,Respiratory Disease,1,6661,21621.2,99,498597,498597.0,1750506.4,5036.333333333333,5036.333333333333,78,0,100.0,14.67,3.5109,42.67,53.06,18.03,ADEQUATE,0,0.013359,21621.2,6661.0,3.2459,0.012351,63.6
48201,TX,Pulmonary,Respiratory Disease,1,3527,11273.1,99,498597,498597.0,1750506.4,5036.333333333333,5036.333333333333,78,0,100.0,14.67,3.5109,42.67,53.06,18.03,ADEQUATE,0,0.007074,11273.1,3527.0,3.1962,0.00644,3.7
48201,TX,Pulmonary,Respiratory Disease,1,5434,25062.6,99,498597,498597.0,1750506.4,5036.333333333333,5036.333333333333,78,0,100.0,14.67,3.5109,42.67,53.06,18.03,ADEQUATE,0,0.010899,25062.6,5434.0,4.6122,0.014317,37.78
48201,TX,Pulmonary,Respiratory Disease,1,4762,12060.2,99,498597,498597.0,1750506.4,5036.333333333333,5036.333333333333,78,0,100.0,14.67,3.5109,42.67,53.06,18.03,ADEQUATE,0,0.009551,12060.2,4762.0,2.5326,0.00689,23.5
48201,TX,Pulmonary,Respiratory Disease,1,4799,16522.2,99,498597,498597.0,1750506.4,5036.333333333333,5036.333333333333,78,0,100.0,14.67,3.5109,42.67,53.06,18.03,ADEQUATE,0,0.009625,16522.2,4799.0,3.4428,0.009439,24.45
48201,TX,Pulmonary,Respiratory Disease,1,4743,22673.7,99,498597,498597.0,1750506.4,5036.333333333333,5036.333333333333,78,0,100.0,14.67,3.5109,42.67,53.06,18.03,ADEQUATE,0,0.009513,22673.7,4743.0,4.7805,0.012953,23.08
48201,TX,Pulmonary,Respiratory Disease,1,4659,16829.1,99,498597,498597.0,1750506.4,5036.333333333333,5036.333333333333,78,0,100.0,14.67,3.5109,42.67,53.06,18.03,ADEQUATE,0,0.009344,16829.1,4659.0,3.6122,0.009614,21.55
48201,TX,Pulmonary,Respiratory Disease,1,5351,14460.8,99,498597,498597.0,1750506.4,5036.333333333333,5036.333333333333,78,0,100.0,14.67,3.5109,42.67,53.06,18.03,ADEQUATE,0,0.010732,14460.8,5351.0,2.7024,0.008261,35.55
48201,TX,Pulmonary,Respiratory Disease,1,4143,11081.7,99,498597,498597.0,1750506.4,5036.333333333333,5036.333333333333,78,0,100.0,14.67,3.5109,42.67,53.06,18.03,ADEQUATE,0,0.008309,11081.7,4143.0,2.6748,0.006331,12.38
48201,TX,Pulmonary,Respiratory Disease,1,4540,21357.3,99,498597,498597.0,1750506.4,5036.333333333333,5036.333333333333,78,0,100.0,14.67,3.5109,42.67,53.06,18.03,ADEQUATE,0,0.009106,21357.3,4540.0,4.7043,0.012201,19.35
48201,TX,Pulmonary,Respiratory Disease,1,5677,21344.8,99,498597,498597.0,1750506.4,5036.333333333333,5036.333333333333,78,0,100.0,14.67,3.5109,42.67,53.06,18.03,ADEQUATE,0,0.011386,21344.8,5677.0,3.7599,0.012194,43.42
48201,TX,Pulmonary,Respiratory Disease,1,6543,21401.6,99,498597,498597.0,1750506.4,5036.333333333333,5036.333333333333,78,0,100.0,14.67,3.5109,42.67,53.06,18.03,ADEQUATE,0,0.013123,21401.6,6543.0,3.2709,0.012226,61.58
48201,TX,Pulmonary,Respiratory Disease,1,4292,13521.6,99,498597,498597.0,1750506.4,5036.333333333333,5036.333333333333,78,0,100.0,14.67,3.5109,42.67,53.06,18.03,ADEQUATE,0,0.008608,13521.6,4292.0,3.1504,0.007724,14.7
48201,TX,Rheumatology,Arthritis,1,7375,26701.0,95,630269,630269.0,2295145.4,6634.41052631579,6634.41052631579,99,4,95.96,58.67,3.6415,60.0,42.45,31.85,ADEQUATE,4,0.011701,26701.0,7375.0,3.6205,0.011634,75.4
48201,TX,Rheumatology,Arthritis,1,5069,21841.7,95,630269,630269.0,2295145.4,6634.41052631579,6634.41052631579,99,4,95.96,58.67,3.6415,60.0,42.45,31.85,ADEQUATE,4,0.008043,21841.7,5069.0,4.3089,0.009516,29.2
48201,TX,Rheumatology,Arthritis,1,6975,29961.0,95,630269,630269.0,2295145.4,6634.41052631579,6634.41052631579,99,4,95.96,58.67,3.6415,60.0,42.45,31.85,ADEQUATE,4,0.011067,29961.0,6975.0,4.2955,0.013054,68.85
48201,TX,Rheumatology,Arthritis,1,6655,17979.9,95,630269,630269.0,2295145.4,6634.41052631579,6634.41052631579,99,4,95.96,58.67,3.6415,60.0,42.45,31.85,ADEQUATE,4,0.010559,17979.9,6655.0,2.7017,0.007834,63.4
48201,TX,Rheumatology,Arthritis,1,6657,22710.6,95,630269,630269.0,2295145.4,6634.41052631579,6634.41052631579,99,4,95.96,58.67,3.6415,60.0,42.45,31.85,ADEQUATE,4,0.010562,22710.6,6657.0,3.4115,0.009895,63.45
48201,TX,Rheumatology,Arthritis,1,8026,31777.8,95,630269,630269.0,2295145.4,6634.41052631579,6634.41052631579,99,4,95.96,58.67,3.6415,60.0,42.45,31.85,ADEQUATE,4,0.012734,31777.8,8026.0,3.9594,0.013846,81.73
48201,TX,Rheumatology,Arthritis,1,7772,26903.8,95,630269,630269.0,2295145.4,6634.41052631579,6634.41052631579,99,4,95.96,58.67,3.6415,60.0,42.45,31.85,ADEQUATE,4,0.012331,26903.8,7772.0,3.4616,0.011722,79.75
48201,TX,Rheumatology,Arthritis,1,4618,18141.4,95,630269,630269.0,2295145.4,6634.41052631579,6634.41052631579,99,4,95.96,58.67,3.6415,60.0,42.45,31.85,ADEQUATE,4,0.007327,18141.4,4618.0,3.9284,0.007904,21.0
48201,TX,Rheumatology,Arthritis,1,8549,38920.0,95,630269,630269.0,2295145.4,6634.41052631579,6634.41052631579,99,4,95.96,58.67,3.6415,60.0,42.45,31.85,ADEQUATE,4,0.013564,38920.0,8549.0,4.5526,0.016958,87.38
48201,TX,Rheumatology,Arthritis,1,8679,29445.8,95,630269,630269.0,2295145.4,6634.41052631579,6634.41052631579,99,4,95.96,58.67,3.6415,60.0,42.45,31.85,ADEQUATE,4,0.01377,29445.8,8679.0,3.3928,0.01283,88.0
48201,TX,Rheumatology,Arthritis,1,5224,21902.7,95,630269,630269.0,2295145.4,6634.41052631579,6634.41052631579,99,4,95.96,58.67,3.6415,60.0,42.45,31.85,ADEQUATE,4,0.008289,21902.7,5224.0,4.1927,0.009543,32.67
48201,TX,Rheumatology,Arthritis,1,5554,24177.0,95,630269,630269.0,2295145.4,6634.41052631579,6634.41052631579,99,4,95.96,58.67,3.6415,60.0,42.45,31.85,ADEQUATE,4,0.008812,24177.0,5554.0,4.3531,0.010534,40.65
48201,TX,Rheumatology,Arthritis,1,6966,30090.7,95,630269,630269.0,2295145.4,6634.41052631579,6634.41052631579,99,4,95.96,58.67,3.6415,60.0,42.45,31.85,ADEQUATE,4,0.011052,30090.7,6966.0,4.3197,0.013111,68.65
48201,TX,Rheumatology,Arthritis,1,4475,14950.9,95,630269,630269.0,2295145.4,6634.41052631579,6634.41052631579,99,4,95.96,58.67,3.6415,60.0,42.45,31.85,ADEQUATE,4,0.0071,14950.9,4475.0,3.341,0.006514,18.2
48201,TX,Rheumatology,Arthritis,1,6332,23436.3,95,630269,630269.0,2295145.4,6634.41052631579,6634.41052631579,99,4,95.96,58.67,3.6415,60.0,42.45,31.85,ADEQUATE,4,0.010047,23436.3,6332.0,3.7012,0.010211,57.8
48201,TX,Rheumatology,Arthritis,1,5046,17634.7,95,630269,630269.0,2295145.4,6634.41052631579,6634.41052631579,99,4,95.96,58.67,3.6415,60.0,42.45,31.85,ADEQUATE,4,0.008006,17634.7,5046.0,3.4948,0.007683,28.82
48201,TX,Rheumatology,Arthritis,1,7658,19169.1,95,630269,630269.0,2295145.4,6634.41052631579,6634.41052631579,99,4,95.96,58.67,3.6415,60.0,42.45,31.85,ADEQUATE,4,0.01215,19169.1,7658.0,2.5031,0.008352,78.72
48201,TX,Rheumatology,Arthritis,1,8096,27653.0,95,630269,630269.0,2295145.4,6634.41052631579,6634.41052631579,99,4,95.96,58.67,3.6415,60.0,42.45,31.85,ADEQUATE,4,0.012845,27653.0,8096.0,3.4156,0.012048,82.72
48201,TX,Rheumatology,Arthritis,1,5833,18462.1,95,630269,630269.0,2295145.4,6634.41052631579,6634.41052631579,99,4,95.96,58.67,3.6415,60.0,42.45,31.85,ADEQUATE,4,0.009255,18462.1,5833.0,3.1651,0.008044,47.1
48201,TX,Rheumatology,Arthritis,1,7684,34007.4,95,630269,630269.0,2295145.4,6634.41052631579,6634.41052631579,99,4,95.96,58.67,3.6415,60.0,42.45,31.85,ADEQUATE,4,0.012192,34007.4,7684.0,4.4257,0.014817,79.0
48201,TX,Rheumatology,Arthritis,1,4530,12175.1,95,630269,630269.0,2295145.4,6634.41052631579,6634.41052631579,99,4,95.96,58.67,3.6415,60.0,42.45,31.85,ADEQUATE,4,0.007187,12175.1,4530.0,2.6877,0.005305,18.98
48201,TX,Rheumatology,Arthritis,1,5224,14704.7,95,630269,630269.0,2295145.4,6634.41052631579,6634.41052631579,99,4,95.96,58.67,3.6415,60.0,42.45,31.85,ADEQUATE,4,0.008289,14704.7,5224.0,2.8148,0.006407,32.67
48201,TX,Rheumatology,Arthritis,1,5793,14516.1,95,630269,630269.0,2295145.4,6634.41052631579,6634.41052631579,99,4,95.96,58.67,3.6415,60.0,42.45,31.85,ADEQUATE,4,0.009191,14516.1,5793.0,2.5058,0.006325,46.45
48201,TX,Rheumatology,Arthritis,1,5746,26947.2,95,630269,630269.0,2295145.4,6634.41052631579,6634.41052631579,99,4,95.96,58.67,3.6415,60.0,42.45,31.85,ADEQUATE,4,0.009117,26947.2,5746.0,4.6897,0.011741,45.32
48201,TX,Rheumatology,Arthritis,1,7498,26545.5,95,630269,630269.0,2295145.4,6634.41052631579,6634.41052631579,99,4,95.96,58.67,3.6415,60.0,42.45,31.85,ADEQUATE,4,0.011897,26545.5,7498.0,3.5403,0.011566,77.48
48201,TX,Rheumatology,Arthritis,1,7375,18026.2,95,630269,630269.0,2295145.4,6634.41052631579,6634.41052631579,99,4,95.96,58.67,3.6415,60.0,42.45,31.85,ADEQUATE,4,0.011701,18026.2,7375.0,2.4442,0.007854,75.4
48201,TX,Rheumatology,Arthritis,1,8220,34576.5,95,630269,630269.0,2295145.4,6634.41052631579,6634.41052631579,99,4,95.96,58.67,3.6415,60.0,42.45,31.85,ADEQUATE,4,0.013042,34576.5,8220.0,4.2064,0.015065,84.05
48201,TX,Rheumatology,Arthritis,1,7243,34622.9,95,630269,630269.0,2295145.4,6634.41052631579,6634.41052631579,99,4,95.96,58.67,3.6415,60.0,42.45,31.85,ADEQUATE,4,0.011492,34622.9,7243.0,4.7802,0.015085,73.3
48201,TX,Rheumatology,Arthritis,1,5535,19458.3,95,630269,630269.0,2295145.4,6634.41052631579,6634.41052631579,99,4,95.96,58.67,3.6415,60.0,42.45,31.85,ADEQUATE,4,0.008782,19458.3,5535.0,3.5155,0.008478,40.38
48201,TX,Rheumatology,Arthritis,1,6467,18166.8,95,630269,630269.0,2295145.4,6634.41052631579,6634.41052631579,99,4,95.96,58.67,3.6415,60.0,42.45,31.85,ADEQUATE,4,0.010261,18166.8,6467.0,2.8092,0.007915,60.38
48201,TX,Rheumatology,Arthritis,1,6809,26225.2,95,630269,630269.0,2295145.4,6634.41052631579,6634.41052631579,99,4,95.96,58.67,3.6415,60.0,42.45,31.85,ADEQUATE,4,0.010803,26225.2,6809.0,3.8515,0.011426,66.25
48201,TX,Rheumatology,Arthritis,1,4311,11731.8,95,630269,630269.0,2295145.4,6634.41052631579,6634.41052631579,99,4,95.96,58.67,3.6415,60.0,42.45,31.85,ADEQUATE,4,0.00684,11731.8,4311.0,2.7214,0.005112,15.02
48201,TX,Rheumatology,Arthritis,1,8504,23669.8,95,630269,630269.0,2295145.4,6634.41052631579,6634.41052631579,99,4,95.96,58.67,3.6415,60.0,42.45,31.85,ADEQUATE,4,0.013493,23669.8,8504.0,2.7834,0.010313,86.75
48201,TX,Rheumatology,Arthritis,1,5338,20952.0,95,630269,630269.0,2295145.4,6634.41052631579,6634.41052631579,99,4,95.96,58.67,3.6415,60.0,42.45,31.85,ADEQUATE,4,0.008469,20952.0,5338.0,3.9251,0.009129,35.05
48201,TX,Rheumatology,Arthritis,1,8150,34506.8,95,630269,630269.0,2295145.4,6634.41052631579,6634.41052631579,99,4,95.96,58.67,3.6415,60.0,42.45,31.85,ADEQUATE,4,0.012931,34506.8,8150.0,4.234,0.015035,83.22
48201,TX,Rheumatology,Arthritis,1,7476,31397.2,95,630269,630269.0,2295145.4,6634.41052631579,6634.41052631579,99,4,95.96,58.67,3.6415,60.0,42.45,31.85,ADEQUATE,4,0.011862,31397.2,7476.0,4.1997,0.01368,77.1
48201,TX,Rheumatology,Arthritis,1,7301,20270.6,95,630269,630269.0,2295145.4,6634.41052631579,6634.41052631579,99,4,95.96,58.67,3.6415,60.0,42.45,31.85,ADEQUATE,4,0.011584,20270.6,7301.0,2.7764,0.008832,74.18
48201,TX,Rheumatology,Arthritis,1,6987,32998.8,95,630269,630269.0,2295145.4,6634.41052631579,6634.41052631579,99,4,95.96,58.67,3.6415,60.0,42.45,31.85,ADEQUATE,4,0.011086,32998.8,6987.0,4.7229,0.014378,69.35
48201,TX,Rheumatology,Arthritis,1,4452,15937.8,95,630269,630269.0,2295145.4,6634.41052631579,6634.41052631579,99,4,95.96,58.67,3.6415,60.0,42.45,31.85,ADEQUATE,4,0.007064,15937.8,4452.0,3.5799,0.006944,17.47
48201,TX,Rheumatology,Arthritis,1,7563,31348.1,95,630269,630269.0,2295145.4,6634.41052631579,6634.41052631579,99,4,95.96,58.67,3.6415,60.0,42.45,31.85,ADEQUATE,4,0.012,31348.1,7563.0,4.1449,0.013658,78.1
48201,TX,Rheumatology,Arthritis,1,8683,22242.7,95,630269,630269.0,2295145.4,6634.41052631579,6634.41052631579,99,4,95.96,58.67,3.6415,60.0,42.45,31.85,ADEQUATE,4,0.013777,22242.7,8683.0,2.5616,0.009691,88.1
48201,TX,Rheumatology,Arthritis,1,8791,30192.8,95,630269,630269.0,2295145.4,6634.41052631579,6634.41052631579,99,4,95.96,58.67,3.6415,60.0,42.45,31.85,ADEQUATE,4,0.013948,30192.8,8791.0,3.4345,0.013155,88.85
48201,TX,Rheumatology,Arthritis,1,8151,26787.6,95,630269,630269.0,2295145.4,6634.41052631579,6634.41052631579,99,4,95.96,58.67,3.6415,60.0,42.45,31.85,ADEQUATE,4,0.012933,26787.6,8151.0,3.2864,0.011671,83.32
48201,TX,Rheumatology,Arthritis,1,4806,18776.5,95,630269,630269.0,2295145.4,6634.41052631579,6634.41052631579,99,4,95.96,58.67,3.6415,60.0,42.45,31.85,ADEQUATE,4,0.007625,18776.5,4806.0,3.9069,0.008181,24.6
48201,TX,Rheumatology,Arthritis,1,4818,21087.8,95,630269,630269.0,2295145.4,6634.41052631579,6634.41052631579,99,4,95.96,58.67,3.6415,60.0,42.45,31.85,ADEQUATE,4,0.007644,21087.8,4818.0,4.3769,0.009188,24.82
48201,TX,Rheumatology,Arthritis,1,8802,24772.1,95,630269,630269.0,2295145.4,6634.41052631579,6634.41052631579,99,4,95.96,58.67,3.6415,60.0,42.45,31.85,ADEQUATE,4,0.013965,24772.1,8802.0,2.8144,0.010793,88.95
48201,TX,Rheumatology,Arthritis,1,5408,21329.6,95,630269,630269.0,2295145.4,6634.41052631579,6634.41052631579,99,4,95.96,58.67,3.6415,60.0,42.45,31.85,ADEQUATE,4,0.00858,21329.6,5408.0,3.9441,0.009293,36.98
48201,TX,Rheumatology,Arthritis,1,5891,17668.5,95,630269,630269.0,2295145.4,6634.41052631579,6634.41052631579,99,4,95.96,58.67,3.6415,60.0,42.45,31.85,ADEQUATE,4,0.009347,17668.5,5891.0,2.9992,0.007698,48.3
48201,TX,Rheumatology,Arthritis,1,4393,18337.9,95,630269,630269.0,2295145.4,6634.41052631579,6634.41052631579,99,4,95.96,58.67,3.6415,60.0,42.45,31.85,ADEQUATE,4,0.00697,18337.9,4393.0,4.1743,0.00799,16.5
48201,TX,Rheumatology,Arthritis,1,5165,21148.8,95,630269,630269.0,2295145.4,6634.41052631579,6634.41052631579,99,4,95.96,58.67,3.6415,60.0,42.45,31.85,ADEQUATE,4,0.008195,21148.8,5165.0,4.0946,0.009215,31.2
48201,TX,Rheumatology,Arthritis,1,7739,29137.0,95,630269,630269.0,2295145.4,6634.41052631579,6634.41052631579,99,4,95.96,58.67,3.6415,60.0,42.45,31.85,ADEQUATE,4,0.012279,29137.0,7739.0,3.765,0.012695,79.55
48201,TX,Rheumatology,Arthritis,1,6265,18794.9,95,630269,630269.0,2295145.4,6634.41052631579,6634.41052631579,99,4,95.96,58.67,3.6415,60.0,42.45,31.85,ADEQUATE,4,0.00994,18794.9,6265.0,3.0,0.008189,56.32
48201,TX,Rheumatology,Arthritis,1,5705,25497.9,95,630269,630269.0,2295145.4,6634.41052631579,6634.41052631579,99,4,95.96,58.67,3.6415,60.0,42.45,31.85,ADEQUATE,4,0.009052,25497.9,5705.0,4.4694,0.011109,44.15
48201,TX,Rheumatology,Arthritis,1,5905,23879.5,95,630269,630269.0,2295145.4,6634.41052631579,6634.41052631579,99,4,95.96,58.67,3.6415,60.0,42.45,31.85,ADEQUATE,4,0.009369,23879.5,5905.0,4.0439,0.010404,48.98
48201,TX,Rheumatology,Arthritis,1,5139,17388.8,95,630269,630269.0,2295145.4,6634.41052631579,6634.41052631579,99,4,95.96,58.67,3.6415,60.0,42.45,31.85,ADEQUATE,4,0.008154,17388.8,5139.0,3.3837,0.007576,30.7
48201,TX,Rheumatology,Arthritis,1,6967,27768.2,95,630269,630269.0,2295145.4,6634.41052631579,6634.41052631579,99,4,95.96,58.67,3.6415,60.0,42.45,31.85,ADEQUATE,4,0.011054,27768.2,6967.0,3.9857,0.012099,68.73
48201,TX,Rheumatology,Arthritis,1,6271,29528.3,95,630269,630269.0,2295145.4,6634.41052631579,6634.41052631579,99,4,95.96,58.67,3.6415,60.0,42.45,31.85,ADEQUATE,4,0.00995,29528.3,6271.0,4.7087,0.012866,56.45
48201,TX,Rheumatology,Arthritis,1,4458,12038.7,95,630269,630269.0,2295145.4,6634.41052631579,6634.41052631579,99,4,95.96,58.67,3.6415,60.0,42.45,31.85,ADEQUATE,4,0.007073,12038.7,4458.0,2.7005,0.005245,17.75
48201,TX,Rheumatology,Arthritis,1,8668,22388.5,95,630269,630269.0,2295145.4,6634.41052631579,6634.41052631579,99,4,95.96,58.67,3.6415,60.0,42.45,31.85,ADEQUATE,4,0.013753,22388.5,8668.0,2.5829,0.009755,87.95
48201,TX,Rheumatology,Arthritis,1,6986,31322.8,95,630269,630269.0,2295145.4,6634.41052631579,6634.41052631579,99,4,95.96,58.67,3.6415,60.0,42.45,31.85,ADEQUATE,4,0.011084,31322.8,6986.0,4.4837,0.013647,69.27
48201,TX,Rheumatology,Arthritis,1,7190,32904.5,95,630269,630269.0,2295145.4,6634.41052631579,6634.41052631579,99,4,95.96,58.67,3.6415,60.0,42.45,31.85,ADEQUATE,4,0.011408,32904.5,7190.0,4.5764,0.014337,72.35
48201,TX,Rheumatology,Arthritis,1,6669,28615.6,95,630269,630269.0,2295145.4,6634.41052631579,6634.41052631579,99,4,95.96,58.67,3.6415,60.0,42.45,31.85,ADEQUATE,4,0.010581,28615.6,6669.0,4.2908,0.012468,63.75
48201,TX,Rheumatology,Arthritis,1,5354,18697.2,95,630269,630269.0,2295145.4,6634.41052631579,6634.41052631579,99,4,95.96,58.67,3.6415,60.0,42.45,31.85,ADEQUATE,4,0.008495,18697.2,5354.0,3.4922,0.008146,35.68
48201,TX,Rheumatology,Arthritis,1,8780,41786.7,95,630269,630269.0,2295145.4,6634.41052631579,6634.41052631579,99,4,95.96,58.67,3.6415,60.0,42.45,31.85,ADEQUATE,4,0.013931,41786.7,8780.0,4.7593,0.018207,88.8
48201,TX,Rheumatology,Arthritis,1,8026,23615.7,95,630269,630269.0,2295145.4,6634.41052631579,6634.41052631579,99,4,95.96,58.67,3.6415,60.0,42.45,31.85,ADEQUATE,4,0.012734,23615.7,8026.0,2.9424,0.010289,81.73
48201,TX,Rheumatology,Arthritis,1,8266,30367.8,95,630269,630269.0,2295145.4,6634.41052631579,6634.41052631579,99,4,95.96,58.67,3.6415,60.0,42.45,31.85,ADEQUATE,4,0.013115,30367.8,8266.0,3.6738,0.013231,84.35
48201,TX,Rheumatology,Arthritis,1,4387,19961.7,95,630269,630269.0,2295145.4,6634.41052631579,6634.41052631579,99,4,95.96,58.67,3.6415,60.0,42.45,31.85,ADEQUATE,4,0.006961,19961.7,4387.0,4.5502,0.008697,16.45
48201,TX,Rheumatology,Arthritis,1,4376,19656.5,95,630269,630269.0,2295145.4,6634.41052631579,6634.41052631579,99,4,95.96,58.67,3.6415,60.0,42.45,31.85,ADEQUATE,4,0.006943,19656.5,4376.0,4.4919,0.008564,16.08
48201,TX,Rheumatology,Arthritis,1,4831,12821.5,95,630269,630269.0,2295145.4,6634.41052631579,6634.41052631579,99,4,95.96,58.67,3.6415,60.0,42.45,31.85,ADEQUATE,4,0.007665,12821.5,4831.0,2.654,0.005586,25.2
48201,TX,Rheumatology,Arthritis,1,5893,24511.8,95,630269,630269.0,2295145.4,6634.41052631579,6634.41052631579,99,4,95.96,58.67,3.6415,60.0,42.45,31.85,ADEQUATE,4,0.00935,24511.8,5893.0,4.1595,0.01068,48.4
48201,TX,Rheumatology,Arthritis,1,4965,21045.9,95,630269,630269.0,2295145.4,6634.41052631579,6634.41052631579,99,4,95.96,58.67,3.6415,60.0,42.45,31.85,ADEQUATE,4,0.007878,21045.9,4965.0,4.2389,0.00917,27.38
48201,TX,Rheumatology,Arthritis,1,8038,26428.1,95,630269,630269.0,2295145.4,6634.41052631579,6634.41052631579,99,4,95.96,58.67,3.6415,60.0,42.45,31.85,ADEQUATE,4,0.012753,26428.1,8038.0,3.2879,0.011515,81.95
48201,TX,Rheumatology,Arthritis,1,6100,19502.9,95,630269,630269.0,2295145.4,6634.41052631579,6634.41052631579,99,4,95.96,58.67,3.6415,60.0,42.45,31.85,ADEQUATE,4,0.009678,19502.9,6100.0,3.1972,0.008497,52.85
48201,TX,Rheumatology,Arthritis,1,5901,16401.9,95,630269,630269.0,2295145.4,6634.41052631579,6634.41052631579,99,4,95.96,58.67,3.6415,60.0,42.45,31.85,ADEQUATE,4,0.009363,16401.9,5901.0,2.7795,0.007146,48.68
48201,TX,Rheumatology,Arthritis,1,8485,37680.8,95,630269,630269.0,2295145.4,6634.41052631579,6634.41052631579,99,4,95.96,58.67,3.6415,60.0,42.45,31.85,ADEQUATE,4,0.013463,37680.8,8485.0,4.4409,0.016418,86.5
48201,TX,Rheumatology,Arthritis,1,8774,37803.8,95,630269,630269.0,2295145.4,6634.41052631579,6634.41052631579,99,4,95.96,58.67,3.6415,60.0,42.45,31.85,ADEQUATE,4,0.013921,37803.8,8774.0,4.3086,0.016471,88.65
48201,TX,Rheumatology,Arthritis,1,6043,15996.1,95,630269,630269.0,2295145.4,6634.41052631579,6634.41052631579,99,4,95.96,58.67,3.6415,60.0,42.45,31.85,ADEQUATE,4,0.009588,15996.1,6043.0,2.647,0.00697,51.8
48201,TX,Rheumatology,Arthritis,1,8537,30780.0,95,630269,630269.0,2295145.4,6634.41052631579,6634.41052631579,99,4,95.96,58.67,3.6415,60.0,42.45,31.85,ADEQUATE,4,0.013545,30780.0,8537.0,3.6055,0.013411,87.0
48201,TX,Rheumatology,Arthritis,1,7183,19068.5,95,630269,630269.0,2295145.4,6634.41052631579,6634.41052631579,99,4,95.96,58.67,3.6415,60.0,42.45,31.85,ADEQUATE,4,0.011397,19068.5,7183.0,2.6547,0.008308,72.3
48201,TX,Rheumatology,Arthritis,1,6256,27979.2,95,630269,630269.0,2295145.4,6634.41052631579,6634.41052631579,99,4,95.96,58.67,3.6415,60.0,42.45,31.85,ADEQUATE,4,0.009926,27979.2,6256.0,4.4724,0.012191,56.08
48201,TX,Rheumatology,Arthritis,1,8437,26641.6,95,630269,630269.0,2295145.4,6634.41052631579,6634.41052631579,99,4,95.96,58.67,3.6415,60.0,42.45,31.85,ADEQUATE,4,0.013386,26641.6,8437.0,3.1577,0.011608,85.98
48201,TX,Rheumatology,Arthritis,1,4428,16239.7,95,630269,630269.0,2295145.4,6634.41052631579,6634.41052631579,99,4,95.96,58.67,3.6415,60.0,42.45,31.85,ADEQUATE,4,0.007026,16239.7,4428.0,3.6675,0.007076,17.08
48201,TX,Rheumatology,Arthritis,1,8305,25397.6,95,630269,630269.0,2295145.4,6634.41052631579,6634.41052631579,99,4,95.96,58.67,3.6415,60.0,42.45,31.85,ADEQUATE,4,0.013177,25397.6,8305.0,3.0581,0.011066,84.9
48201,TX,Rheumatology,Arthritis,1,8426,20615.6,95,630269,630269.0,2295145.4,6634.41052631579,6634.41052631579,99,4,95.96,58.67,3.6415,60.0,42.45,31.85,ADEQUATE,4,0.013369,20615.6,8426.0,2.4467,0.008982,85.9
48201,TX,Rheumatology,Arthritis,1,7265,18458.6,95,630269,630269.0,2295145.4,6634.41052631579,6634.41052631579,99,4,95.96,58.67,3.6415,60.0,42.45,31.85,ADEQUATE,4,0.011527,18458.6,7265.0,2.5408,0.008042,73.75
48201,TX,Rheumatology,Arthritis,1,8045,20161.2,95,630269,630269.0,2295145.4,6634.41052631579,6634.41052631579,99,4,95.96,58.67,3.6415,60.0,42.45,31.85,ADEQUATE,4,0.012764,20161.2,8045.0,2.5061,0.008784,82.05
48201,TX,Rheumatology,Arthritis,1,4432,17233.4,95,630269,630269.0,2295145.4,6634.41052631579,6634.41052631579,99,4,95.96,58.67,3.6415,60.0,42.45,31.85,ADEQUATE,4,0.007032,17233.4,4432.0,3.8884,0.007509,17.18
48201,TX,Rheumatology,Arthritis,1,4726,18189.5,95,630269,630269.0,2295145.4,6634.41052631579,6634.41052631579,99,4,95.96,58.67,3.6415,60.0,42.45,31.85,ADEQUATE,4,0.007498,18189.5,4726.0,3.8488,0.007925,22.6
48201,TX,Rheumatology,Arthritis,1,7793,27492.7,95,630269,630269.0,2295145.4,6634.41052631579,6634.41052631579,99,4,95.96,58.67,3.6415,60.0,42.45,31.85,ADEQUATE,4,0.012365,27492.7,7793.0,3.5279,0.011979,79.9
48201,TX,Rheumatology,Arthritis,1,7765,30772.4,95,630269,630269.0,2295145.4,6634.41052631579,6634.41052631579,99,4,95.96,58.67,3.6415,60.0,42.45,31.85,ADEQUATE,4,0.01232,30772.4,7765.0,3.963,0.013408,79.7
48201,TX,Rheumatology,Arthritis,1,4739,20149.0,95,630269,630269.0,2295145.4,6634.41052631579,6634.41052631579,99,4,95.96,58.67,3.6415,60.0,42.45,31.85,ADEQUATE,4,0.007519,20149.0,4739.0,4.2517,0.008779,22.9
48201,TX,Rheumatology,Arthritis,1,8543,39457.4,95,630269,630269.0,2295145.4,6634.41052631579,6634.41052631579,99,4,95.96,58.67,3.6415,60.0,42.45,31.85,ADEQUATE,4,0.013555,39457.4,8543.0,4.6187,0.017192,87.1
48201,TX,Rheumatology,Arthritis,1,6263,17593.5,95,630269,630269.0,2295145.4,6634.41052631579,6634.41052631579,99,4,95.96,58.67,3.6415,60.0,42.45,31.85,ADEQUATE,4,0.009937,17593.5,6263.0,2.8091,0.007666,56.25
48201,TX,Rheumatology,Arthritis,1,8759,40936.8,95,630269,630269.0,2295145.4,6634.41052631579,6634.41052631579,99,4,95.96,58.67,3.6415,60.0,42.45,31.85,ADEQUATE,4,0.013897,40936.8,8759.0,4.6737,0.017836,88.55
48201,TX,Rheumatology,Arthritis,1,5513,25447.0,95,630269,630269.0,2295145.4,6634.41052631579,6634.41052631579,99,4,95.96,58.67,3.6415,60.0,42.45,31.85,ADEQUATE,4,0.008747,25447.0,5513.0,4.6158,0.011087,39.85
48439,TX,Cardiology,Heart Disease,1,2945,11390.3,45,203767,203767.0,717723.2,4528.155555555555,4528.155555555555,32,0,100.0,4.0,3.5223,38.67,33.46,11.82,ADEQUATE,0,0.014453,11390.3,2945.0,3.8677,0.01587,0.6
48439,TX,Cardiology,Heart Disease,1,3679,16921.1,45,203767,203767.0,717723.2,4528.155555555555,4528.155555555555,32,0,100.0,4.0,3.5223,38.67,33.46,11.82,ADEQUATE,0,0.018055,16921.1,3679.0,4.5994,0.023576,6.02
48439,TX,Cardiology,Heart Disease,1,4927,12466.6,45,203767,203767.0,717723.2,4528.155555555555,4528.155555555555,32,0,100.0,4.0,3.5223,38.67,33.46,11.82,ADEQUATE,0,0.02418,12466.6,4927.0,2.5303,0.01737,26.6
48439,TX,Cardiology,Heart Disease,1,5815,26340.3,45,203767,203767.0,717723.2,4528.155555555555,4528.155555555555,32,0,100.0,4.0,3.5223,38.67,33.46,11.82,ADEQUATE,0,0.028537,26340.3,5815.0,4.5297,0.0367,46.95
48439,TX,Cardiology,Heart Disease,1,4891,13335.7,45,203767,203767.0,717723.2,4528.155555555555,4528.155555555555,32,0,100.0,4.0,3.5223,38.67,33.46,11.82,ADEQUATE,0,0.024003,13335.7,4891.0,2.7266,0.018581,26.1
48439,TX,Cardiology,Heart Disease,1,4114,10972.9,45,203767,203767.0,717723.2,4528.155555555555,4528.155555555555,32,0,100.0,4.0,3.5223,38.67,33.46,11.82,ADEQUATE,0,0.02019,10972.9,4114.0,2.6672,0.015288,11.88
48439,TX,Cardiology,Heart Disease,1,3811,9654.6,45,203767,203767.0,717723.2,4528.155555555555,4528.155555555555,32,0,100.0,4.0,3.5223,38.67,33.46,11.82,ADEQUATE,0,0.018703,9654.6,3811.0,2.5334,0.013452,7.45
48439,TX,Cardiology,Heart Disease,1,5738,25242.3,45,203767,203767.0,717723.2,4528.155555555555,4528.155555555555,32,0,100.0,4.0,3.5223,38.67,33.46,11.82,ADEQUATE,0,0.02816,25242.3,5738.0,4.3991,0.03517,44.98
48439,TX,Cardiology,Heart Disease,1,4473,19244.9,45,203767,203767.0,717723.2,4528.155555555555,4528.155555555555,32,0,100.0,4.0,3.5223,38.67,33.46,11.82,ADEQUATE,0,0.021952,19244.9,4473.0,4.3025,0.026814,18.12
48439,TX,Cardiology,Heart Disease,1,2934,13331.7,45,203767,203767.0,717723.2,4528.155555555555,4528.155555555555,32,0,100.0,4.0,3.5223,38.67,33.46,11.82,ADEQUATE,0,0.014399,13331.7,2934.0,4.5439,0.018575,0.45
48439,TX,Cardiology,Heart Disease,1,3277,9775.4,45,203767,203767.0,717723.2,4528.155555555555,4528.155555555555,32,0,100.0,4.0,3.5223,38.67,33.46,11.82,ADEQUATE,0,0.016082,9775.4,3277.0,2.983,0.01362,1.95
48439,TX,Cardiology,Heart Disease,1,5419,15560.1,45,203767,203767.0,717723.2,4528.155555555555,4528.155555555555,32,0,100.0,4.0,3.5223,38.67,33.46,11.82,ADEQUATE,0,0.026594,15560.1,5419.0,2.8714,0.02168,37.25
48439,TX,Cardiology,Heart Disease,1,4103,14741.9,45,203767,203767.0,717723.2,4528.155555555555,4528.155555555555,32,0,100.0,4.0,3.5223,38.67,33.46,11.82,ADEQUATE,0,0.020136,14741.9,4103.0,3.593,0.02054,11.58
48439,TX,Cardiology,Heart Disease,1,5520,17619.1,45,203767,203767.0,717723.2,4528.155555555555,4528.155555555555,32,0,100.0,4.0,3.5223,38.67,33.46,11.82,ADEQUATE,0,0.02709,17619.1,5520.0,3.1919,0.024549,40.1
48439,TX,Cardiology,Heart Disease,1,4194,17833.1,45,203767,203767.0,717723.2,4528.155555555555,4528.155555555555,32,0,100.0,4.0,3.5223,38.67,33.46,11.82,ADEQUATE,0,0.020582,17833.1,4194.0,4.2521,0.024847,13.4
48439,TX,Cardiology,Heart Disease,1,2894,7983.1,45,203767,203767.0,717723.2,4528.155555555555,4528.155555555555,32,0,100.0,4.0,3.5223,38.67,33.46,11.82,ADEQUATE,0,0.014202,7983.1,2894.0,2.7585,0.011123,0.25
48439,TX,Cardiology,Heart Disease,1,5427,23687.2,45,203767,203767.0,717723.2,4528.155555555555,4528.155555555555,32,0,100.0,4.0,3.5223,38.67,33.46,11.82,ADEQUATE,0,0.026633,23687.2,5427.0,4.3647,0.033003,37.5
48439,TX,Cardiology,Heart Disease,1,5739,16384.7,45,203767,203767.0,717723.2,4528.155555555555,4528.155555555555,32,0,100.0,4.0,3.5223,38.67,33.46,11.82,ADEQUATE,0,0.028165,16384.7,5739.0,2.855,0.022829,45.1
48439,TX,Cardiology,Heart Disease,1,5054,22145.8,45,203767,203767.0,717723.2,4528.155555555555,4528.155555555555,32,0,100.0,4.0,3.5223,38.67,33.46,11.82,ADEQUATE,0,0.024803,22145.8,5054.0,4.3818,0.030856,29.05
48439,TX,Cardiology,Heart Disease,1,4271,20331.6,45,203767,203767.0,717723.2,4528.155555555555,4528.155555555555,32,0,100.0,4.0,3.5223,38.67,33.46,11.82,ADEQUATE,0,0.02096,20331.6,4271.0,4.7604,0.028328,14.6
48439,TX,Cardiology,Heart Disease,1,5703,13957.3,45,203767,203767.0,717723.2,4528.155555555555,4528.155555555555,32,0,100.0,4.0,3.5223,38.67,33.46,11.82,ADEQUATE,0,0.027988,13957.3,5703.0,2.4474,0.019447,44.1
48439,TX,Cardiology,Heart Disease,1,3872,16390.3,45,203767,203767.0,717723.2,4528.155555555555,4528.155555555555,32,0,100.0,4.0,3.5223,38.67,33.46,11.82,ADEQUATE,0,0.019002,16390.3,3872.0,4.233,0.022837,8.05
48439,TX,Cardiology,Heart Disease,1,3747,12396.5,45,203767,203767.0,717723.2,4528.155555555555,4528.155555555555,32,0,100.0,4.0,3.5223,38.67,33.46,11.82,ADEQUATE,0,0.018389,12396.5,3747.0,3.3084,0.017272,6.8
48439,TX,Cardiology,Heart Disease,1,5145,15197.7,45,203767,203767.0,717723.2,4528.155555555555,4528.155555555555,32,0,100.0,4.0,3.5223,38.67,33.46,11.82,ADEQUATE,0,0.025249,15197.7,5145.0,2.9539,0.021175,30.8
48439,TX,Cardiology,Heart Disease,1,3621,9140.4,45,203767,203767.0,717723.2,4528.155555555555,4528.155555555555,32,0,100.0,4.0,3.5223,38.67,33.46,11.82,ADEQUATE,0,0.01777,9140.4,3621.0,2.5243,0.012735,5.05
48439,TX,Cardiology,Heart Disease,1,5911,19951.2,45,203767,203767.0,717723.2,4528.155555555555,4528.155555555555,32,0,100.0,4.0,3.5223,38.67,33.46,11.82,ADEQUATE,0,0.029009,19951.2,5911.0,3.3753,0.027798,49.1
48439,TX,Cardiology,Heart Disease,1,3139,12748.1,45,203767,203767.0,717723.2,4528.155555555555,4528.155555555555,32,0,100.0,4.0,3.5223,38.67,33.46,11.82,ADEQUATE,0,0.015405,12748.1,3139.0,4.0612,0.017762,1.4
48439,TX,Cardiology,Heart Disease,1,5817,21798.2,45,203767,203767.0,717723.2,4528.155555555555,4528.155555555555,32,0,100.0,4.0,3.5223,38.67,33.46,11.82,ADEQUATE,0,0.028547,21798.2,5817.0,3.7473,0.030371,47.0
48439,TX,Cardiology,Heart Disease,1,5120,22966.5,45,203767,203767.0,717723.2,4528.155555555555,4528.155555555555,32,0,100.0,4.0,3.5223,38.67,33.46,11.82,ADEQUATE,0,0.025127,22966.5,5120.0,4.4856,0.031999,30.25
48439,TX,Cardiology,Heart Disease,1,4385,10734.4,45,203767,203767.0,717723.2,4528.155555555555,4528.155555555555,32,0,100.0,4.0,3.5223,38.67,33.46,11.82,ADEQUATE,0,0.02152,10734.4,4385.0,2.448,0.014956,16.4
48439,TX,Cardiology,Heart Disease,1,3153,9036.7,45,203767,203767.0,717723.2,4528.155555555555,4528.155555555555,32,0,100.0,4.0,3.5223,38.67,33.46,11.82,ADEQUATE,0,0.015474,9036.7,3153.0,2.8661,0.012591,1.5
48439,TX,Cardiology,Heart Disease,1,5432,17954.2,45,203767,203767.0,717723.2,4528.155555555555,4528.155555555555,32,0,100.0,4.0,3.5223,38.67,33.46,11.82,ADEQUATE,0,0.026658,17954.2,5432.0,3.3053,0.025015,37.7
48439,TX,Cardiology,Heart Disease,1,5865,26198.8,45,203767,203767.0,717723.2,4528.155555555555,4528.155555555555,32,0,100.0,4.0,3.5223,38.67,33.46,11.82,ADEQUATE,0,0.028783,26198.8,5865.0,4.467,0.036503,47.55
48439,TX,Cardiology,Heart Disease,1,4215,12558.6,45,203767,203767.0,717723.2,4528.155555555555,4528.155555555555,32,0,100.0,4.0,3.5223,38.67,33.46,11.82,ADEQUATE,0,0.020685,12558.6,4215.0,2.9795,0.017498,13.6
48439,TX,Cardiology,Heart Disease,1,4719,13021.1,45,203767,203767.0,717723.2,4528.155555555555,4528.155555555555,32,0,100.0,4.0,3.5223,38.67,33.46,11.82,ADEQUATE,0,0.023159,13021.1,4719.0,2.7593,0.018142,22.52
48439,TX,Cardiology,Heart Disease,1,4539,13413.3,45,203767,203767.0,717723.2,4528.155555555555,4528.155555555555,32,0,100.0,4.0,3.5223,38.67,33.46,11.82,ADEQUATE,0,0.022275,13413.3,4539.0,2.9551,0.018689,19.3
48439,TX,Cardiology,Heart Disease,1,4515,11994.1,45,203767,203767.0,717723.2,4528.155555555555,4528.155555555555,32,0,100.0,4.0,3.5223,38.67,33.46,11.82,ADEQUATE,0,0.022158,11994.1,4515.0,2.6565,0.016711,18.88
48439,TX,Cardiology,Heart Disease,1,3043,11797.1,45,203767,203767.0,717723.2,4528.155555555555,4528.155555555555,32,0,100.0,4.0,3.5223,38.67,33.46,11.82,ADEQUATE,0,0.014934,11797.1,3043.0,3.8768,0.016437,0.92
48439,TX,Cardiology,Heart Disease,1,5638,26718.9,45,203767,203767.0,717723.2,4528.155555555555,4528.155555555555,32,0,100.0,4.0,3.5223,38.67,33.46,11.82,ADEQUATE,0,0.027669,26718.9,5638.0,4.7391,0.037227,42.55
48439,TX,Cardiology,Heart Disease,1,4515,12154.1,45,203767,203767.0,717723.2,4528.155555555555,4528.155555555555,32,0,100.0,4.0,3.5223,38.67,33.46,11.82,ADEQUATE,0,0.022158,12154.1,4515.0,2.6919,0.016934,18.88
48439,TX,Cardiology,Heart Disease,1,3665,12362.1,45,203767,203767.0,717723.2,4528.155555555555,4528.155555555555,32,0,100.0,4.0,3.5223,38.67,33.46,11.82,ADEQUATE,0,0.017986,12362.1,3665.0,3.373,0.017224,5.8
48439,TX,Cardiology,Heart Disease,1,5969,27973.9,45,203767,203767.0,717723.2,4528.155555555555,4528.155555555555,32,0,100.0,4.0,3.5223,38.67,33.46,11.82,ADEQUATE,0,0.029293,27973.9,5969.0,4.6865,0.038976,50.32
48439,TX,Cardiology,Heart Disease,1,3388,9651.6,45,203767,203767.0,717723.2,4528.155555555555,4528.155555555555,32,0,100.0,4.0,3.5223,38.67,33.46,11.82,ADEQUATE,0,0.016627,9651.6,3388.0,2.8488,0.013448,2.75
48439,TX,Cardiology,Heart Disease,1,4713,16993.2,45,203767,203767.0,717723.2,4528.155555555555,4528.155555555555,32,0,100.0,4.0,3.5223,38.67,33.46,11.82,ADEQUATE,0,0.023129,16993.2,4713.0,3.6056,0.023677,22.28
48439,TX,Cardiology,Heart Disease,1,4713,15652.5,45,203767,203767.0,717723.2,4528.155555555555,4528.155555555555,32,0,100.0,4.0,3.5223,38.67,33.46,11.82,ADEQUATE,0,0.023129,15652.5,4713.0,3.3211,0.021809,22.28
48439,TX,Endocrinology,Diabetes,1,6883,23243.5,43,249729,249729.0,880988.9,5807.6511627906975,5807.6511627906975,39,0,100.0,36.0,3.5278,29.33,48.3,20.64,ADEQUATE,0,0.027562,23243.5,6883.0,3.3769,0.026383,67.6
48439,TX,Endocrinology,Diabetes,1,6236,16590.7,43,249729,249729.0,880988.9,5807.6511627906975,5807.6511627906975,39,0,100.0,36.0,3.5278,29.33,48.3,20.64,ADEQUATE,0,0.024971,16590.7,6236.0,2.6605,0.018832,55.68
48439,TX,Endocrinology,Diabetes,1,6272,21847.1,43,249729,249729.0,880988.9,5807.6511627906975,5807.6511627906975,39,0,100.0,36.0,3.5278,29.33,48.3,20.64,ADEQUATE,0,0.025115,21847.1,6272.0,3.4833,0.024798,56.5
48439,TX,Endocrinology,Diabetes,1,5930,19691.0,43,249729,249729.0,880988.9,5807.6511627906975,5807.6511627906975,39,0,100.0,36.0,3.5278,29.33,48.3,20.64,ADEQUATE,0,0.023746,19691.0,5930.0,3.3206,0.022351,49.65
48439,TX,Endocrinology,Diabetes,1,5961,22987.8,43,249729,249729.0,880988.9,5807.6511627906975,5807.6511627906975,39,0,100.0,36.0,3.5278,29.33,48.3,20.64,ADEQUATE,0,0.02387,22987.8,5961.0,3.8564,0.026093,50.0
48439,TX,Endocrinology,Diabetes,1,5914,27699.1,43,249729,249729.0,880988.9,5807.6511627906975,5807.6511627906975,39,0,100.0,36.0,3.5278,29.33,48.3,20.64,ADEQUATE,0,0.023682,27699.1,5914.0,4.6836,0.031441,49.15
48439,TX,Endocrinology,Diabetes,1,7496,23505.2,43,249729,249729.0,880988.9,5807.6511627906975,5807.6511627906975,39,0,100.0,36.0,3.5278,29.33,48.3,20.64,ADEQUATE,0,0.030017,23505.2,7496.0,3.1357,0.02668,77.38
48439,TX,Endocrinology,Diabetes,1,5748,17726.0,43,249729,249729.0,880988.9,5807.6511627906975,5807.6511627906975,39,0,100.0,36.0,3.5278,29.33,48.3,20.64,ADEQUATE,0,0.023017,17726.0,5748.0,3.0839,0.020121,45.45
48439,TX,Endocrinology,Diabetes,1,5652,14132.4,43,249729,249729.0,880988.9,5807.6511627906975,5807.6511627906975,39,0,100.0,36.0,3.5278,29.33,48.3,20.64,ADEQUATE,0,0.022633,14132.4,5652.0,2.5004,0.016042,42.82
48439,TX,Endocrinology,Diabetes,1,7002,23554.0,43,249729,249729.0,880988.9,5807.6511627906975,5807.6511627906975,39,0,100.0,36.0,3.5278,29.33,48.3,20.64,ADEQUATE,0,0.028038,23554.0,7002.0,3.3639,0.026736,69.55
48439,TX,Endocrinology,Diabetes,1,6743,19698.5,43,249729,249729.0,880988.9,5807.6511627906975,5807.6511627906975,39,0,100.0,36.0,3.5278,29.33,48.3,20.64,ADEQUATE,0,0.027001,19698.5,6743.0,2.9213,0.02236,65.25
48439,TX,Endocrinology,Diabetes,1,7166,21751.9,43,249729,249729.0,880988.9,5807.6511627906975,5807.6511627906975,39,0,100.0,36.0,3.5278,29.33,48.3,20.64,ADEQUATE,0,0.028695,21751.9,7166.0,3.0354,0.02469,72.05
48439,TX,Endocrinology,Diabetes,1,6132,24434.1,43,249729,249729.0,880988.9,5807.6511627906975,5807.6511627906975,39,0,100.0,36.0,3.5278,29.33,48.3,20.64,ADEQUATE,0,0.024555,24434.1,6132.0,3.9847,0.027735,53.7
48439,TX,Endocrinology,Diabetes,1,7496,31118.0,43,249729,249729.0,880988.9,5807.6511627906975,5807.6511627906975,39,0,100.0,36.0,3.5278,29.33,48.3,20.64,ADEQUATE,0,0.030017,31118.0,7496.0,4.1513,0.035322,77.38
48439,TX,Endocrinology,Diabetes,1,5107,15488.2,43,249729,249729.0,880988.9,5807.6511627906975,5807.6511627906975,39,0,100.0,36.0,3.5278,29.33,48.3,20.64,ADEQUATE,0,0.02045,15488.2,5107.0,3.0327,0.01758,29.85
48439,TX,Endocrinology,Diabetes,1,7363,17680.8,43,249729,249729.0,880988.9,5807.6511627906975,5807.6511627906975,39,0,100.0,36.0,3.5278,29.33,48.3,20.64,ADEQUATE,0,0.029484,17680.8,7363.0,2.4013,0.020069,75.15
48439,TX,Endocrinology,Diabetes,1,6221,17059.3,43,249729,249729.0,880988.9,5807.6511627906975,5807.6511627906975,39,0,100.0,36.0,3.5278,29.33,48.3,20.64,ADEQUATE,0,0.024911,17059.3,6221.0,2.7422,0.019364,55.28
48439,TX,Endocrinology,Diabetes,1,6916,22875.0,43,249729,249729.0,880988.9,5807.6511627906975,5807.6511627906975,39,0,100.0,36.0,3.5278,29.33,48.3,20.64,ADEQUATE,0,0.027694,22875.0,6916.0,3.3075,0.025965,67.92
48439,TX,Endocrinology,Diabetes,1,6696,21669.9,43,249729,249729.0,880988.9,5807.6511627906975,5807.6511627906975,39,0,100.0,36.0,3.5278,29.33,48.3,20.64,ADEQUATE,0,0.026813,21669.9,6696.0,3.2362,0.024597,64.5
48439,TX,Endocrinology,Diabetes,1,3737,16635.1,43,249729,249729.0,880988.9,5807.6511627906975,5807.6511627906975,39,0,100.0,36.0,3.5278,29.33,48.3,20.64,ADEQUATE,0,0.014964,16635.1,3737.0,4.4515,0.018882,6.55
48439,TX,Endocrinology,Diabetes,1,4067,10420.3,43,249729,249729.0,880988.9,5807.6511627906975,5807.6511627906975,39,0,100.0,36.0,3.5278,29.33,48.3,20.64,ADEQUATE,0,0.016286,10420.3,4067.0,2.5622,0.011828,10.92
48439,TX,Endocrinology,Diabetes,1,5802,20361.2,43,249729,249729.0,880988.9,5807.6511627906975,5807.6511627906975,39,0,100.0,36.0,3.5278,29.33,48.3,20.64,ADEQUATE,0,0.023233,20361.2,5802.0,3.5093,0.023112,46.65
48439,TX,Endocrinology,Diabetes,1,3792,16808.5,43,249729,249729.0,880988.9,5807.6511627906975,5807.6511627906975,39,0,100.0,36.0,3.5278,29.33,48.3,20.64,ADEQUATE,0,0.015184,16808.5,3792.0,4.4326,0.019079,7.3
48439,TX,Endocrinology,Diabetes,1,6098,15280.5,43,249729,249729.0,880988.9,5807.6511627906975,5807.6511627906975,39,0,100.0,36.0,3.5278,29.33,48.3,20.64,ADEQUATE,0,0.024418,15280.5,6098.0,2.5058,0.017345,52.78
48439,TX,Endocrinology,Diabetes,1,3941,18624.1,43,249729,249729.0,880988.9,5807.6511627906975,5807.6511627906975,39,0,100.0,36.0,3.5278,29.33,48.3,20.64,ADEQUATE,0,0.015781,18624.1,3941.0,4.7257,0.02114,8.82
48439,TX,Endocrinology,Diabetes,1,4861,16378.2,43,249729,249729.0,880988.9,5807.6511627906975,5807.6511627906975,39,0,100.0,36.0,3.5278,29.33,48.3,20.64,ADEQUATE,0,0.019465,16378.2,4861.0,3.3693,0.018591,25.65
48439,TX,Endocrinology,Diabetes,1,6687,28507.0,43,249729,249729.0,880988.9,5807.6511627906975,5807.6511627906975,39,0,100.0,36.0,3.5278,29.33,48.3,20.64,ADEQUATE,0,0.026777,28507.0,6687.0,4.263,0.032358,64.2
48439,TX,Endocrinology,Diabetes,1,4651,14186.0,43,249729,249729.0,880988.9,5807.6511627906975,5807.6511627906975,39,0,100.0,36.0,3.5278,29.33,48.3,20.64,ADEQUATE,0,0.018624,14186.0,4651.0,3.0501,0.016102,21.3
48439,TX,Endocrinology,Diabetes,1,4911,18677.8,43,249729,249729.0,880988.9,5807.6511627906975,5807.6511627906975,39,0,100.0,36.0,3.5278,29.33,48.3,20.64,ADEQUATE,0,0.019665,18677.8,4911.0,3.8033,0.021201,26.25
48439,TX,Endocrinology,Diabetes,1,4226,14806.2,43,249729,249729.0,880988.9,5807.6511627906975,5807.6511627906975,39,0,100.0,36.0,3.5278,29.33,48.3,20.64,ADEQUATE,0,0.016922,14806.2,4226.0,3.5036,0.016806,13.98
48439,TX,Endocrinology,Diabetes,1,6298,30134.6,43,249729,249729.0,880988.9,5807.6511627906975,5807.6511627906975,39,0,100.0,36.0,3.5278,29.33,48.3,20.64,ADEQUATE,0,0.025219,30134.6,6298.0,4.7848,0.034205,57.1
48439,TX,Endocrinology,Diabetes,1,3944,17027.9,43,249729,249729.0,880988.9,5807.6511627906975,5807.6511627906975,39,0,100.0,36.0,3.5278,29.33,48.3,20.64,ADEQUATE,0,0.015793,17027.9,3944.0,4.3174,0.019328,8.92
48439,TX,Endocrinology,Diabetes,1,4074,18915.8,43,249729,249729.0,880988.9,5807.6511627906975,5807.6511627906975,39,0,100.0,36.0,3.5278,29.33,48.3,20.64,ADEQUATE,0,0.016314,18915.8,4074.0,4.6431,0.021471,11.22
48439,TX,Endocrinology,Diabetes,1,6206,23935.4,43,249729,249729.0,880988.9,5807.6511627906975,5807.6511627906975,39,0,100.0,36.0,3.5278,29.33,48.3,20.64,ADEQUATE,0,0.024851,23935.4,6206.0,3.8568,0.027169,55.05
48439,TX,Endocrinology,Diabetes,1,6906,25755.3,43,249729,249729.0,880988.9,5807.6511627906975,5807.6511627906975,39,0,100.0,36.0,3.5278,29.33,48.3,20.64,ADEQUATE,0,0.027654,25755.3,6906.0,3.7294,0.029235,67.8
48439,TX,Endocrinology,Diabetes,1,5640,22344.8,43,249729,249729.0,880988.9,5807.6511627906975,5807.6511627906975,39,0,100.0,36.0,3.5278,29.33,48.3,20.64,ADEQUATE,0,0.022584,22344.8,5640.0,3.9618,0.025363,42.6
48439,TX,Endocrinology,Diabetes,1,7192,24342.8,43,249729,249729.0,880988.9,5807.6511627906975,5807.6511627906975,39,0,100.0,36.0,3.5278,29.33,48.3,20.64,ADEQUATE,0,0.028799,24342.8,7192.0,3.3847,0.027631,72.4
48439,TX,Endocrinology,Diabetes,1,3795,14368.7,43,249729,249729.0,880988.9,5807.6511627906975,5807.6511627906975,39,0,100.0,36.0,3.5278,29.33,48.3,20.64,ADEQUATE,0,0.015196,14368.7,3795.0,3.7862,0.01631,7.35
48439,TX,Endocrinology,Diabetes,1,6261,23046.9,43,249729,249729.0,880988.9,5807.6511627906975,5807.6511627906975,39,0,100.0,36.0,3.5278,29.33,48.3,20.64,ADEQUATE,0,0.025071,23046.9,6261.0,3.681,0.02616,56.15
48439,TX,Endocrinology,Diabetes,1,6338,15882.6,43,249729,249729.0,880988.9,5807.6511627906975,5807.6511627906975,39,0,100.0,36.0,3.5278,29.33,48.3,20.64,ADEQUATE,0,0.02538,15882.6,6338.0,2.5059,0.018028,58.03
48439,TX,Endocrinology,Diabetes,1,5652,24273.0,43,249729,249729.0,880988.9,5807.6511627906975,5807.6511627906975,39,0,100.0,36.0,3.5278,29.33,48.3,20.64,ADEQUATE,0,0.022633,24273.0,5652.0,4.2946,0.027552,42.82
48439,TX,Endocrinology,Diabetes,1,6267,24843.6,43,249729,249729.0,880988.9,5807.6511627906975,5807.6511627906975,39,0,100.0,36.0,3.5278,29.33,48.3,20.64,ADEQUATE,0,0.025095,24843.6,6267.0,3.9642,0.0282,56.4
48439,TX,Endocrinology,Diabetes,1,5449,22680.1,43,249729,249729.0,880988.9,5807.6511627906975,5807.6511627906975,39,0,100.0,36.0,3.5278,29.33,48.3,20.64,ADEQUATE,0,0.02182,22680.1,5449.0,4.1622,0.025744,38.4
48439,TX,Psychiatry,Mental Health Disorders,1,7413,26398.6,36,303860,303860.0,1126999.0,8440.555555555555,8440.555555555555,48,12,75.0,84.0,3.7089,81.33,43.45,50.97,LOW GAP,12,0.024396,26398.6,7413.0,3.5611,0.023424,75.95
48439,TX,Psychiatry,Mental Health Disorders,1,9671,29334.0,36,303860,303860.0,1126999.0,8440.555555555555,8440.555555555555,48,12,75.0,84.0,3.7089,81.33,43.45,50.97,LOW GAP,12,0.031827,29334.0,9671.0,3.0332,0.026028,93.05
48439,TX,Psychiatry,Mental Health Disorders,1,6262,28543.3,36,303860,303860.0,1126999.0,8440.555555555555,8440.555555555555,48,12,75.0,84.0,3.7089,81.33,43.45,50.97,LOW GAP,12,0.020608,28543.3,6262.0,4.5582,0.025327,56.2
48439,TX,Psychiatry,Mental Health Disorders,1,8823,27463.1,36,303860,303860.0,1126999.0,8440.555555555555,8440.555555555555,48,12,75.0,84.0,3.7089,81.33,43.45,50.97,LOW GAP,12,0.029036,27463.1,8823.0,3.1127,0.024368,89.2
48439,TX,Psychiatry,Mental Health Disorders,1,8080,36784.3,36,303860,303860.0,1126999.0,8440.555555555555,8440.555555555555,48,12,75.0,84.0,3.7089,81.33,43.45,50.97,LOW GAP,12,0.026591,36784.3,8080.0,4.5525,0.032639,82.48
48439,TX,Psychiatry,Mental Health Disorders,1,9224,34986.8,36,303860,303860.0,1126999.0,8440.555555555555,8440.555555555555,48,12,75.0,84.0,3.7089,81.33,43.45,50.97,LOW GAP,12,0.030356,34986.8,9224.0,3.793,0.031044,91.45
48439,TX,Psychiatry,Mental Health Disorders,1,6237,25558.2,36,303860,303860.0,1126999.0,8440.555555555555,8440.555555555555,48,12,75.0,84.0,3.7089,81.33,43.45,50.97,LOW GAP,12,0.020526,25558.2,6237.0,4.0978,0.022678,55.75
48439,TX,Psychiatry,Mental Health Disorders,1,10142,24525.9,36,303860,303860.0,1126999.0,8440.555555555555,8440.555555555555,48,12,75.0,84.0,3.7089,81.33,43.45,50.97,LOW GAP,12,0.033377,24525.9,10142.0,2.4183,0.021762,94.7
48439,TX,Psychiatry,Mental Health Disorders,1,8545,24906.4,36,303860,303860.0,1126999.0,8440.555555555555,8440.555555555555,48,12,75.0,84.0,3.7089,81.33,43.45,50.97,LOW GAP,12,0.028122,24906.4,8545.0,2.9147,0.0221,87.25
48439,TX,Psychiatry,Mental Health Disorders,1,8296,31717.1,36,303860,303860.0,1126999.0,8440.555555555555,8440.555555555555,48,12,75.0,84.0,3.7089,81.33,43.45,50.97,LOW GAP,12,0.027302,31717.1,8296.0,3.8232,0.028143,84.75
48439,TX,Psychiatry,Mental Health Disorders,1,7288,27470.7,36,303860,303860.0,1126999.0,8440.555555555555,8440.555555555555,48,12,75.0,84.0,3.7089,81.33,43.45,50.97,LOW GAP,12,0.023985,27470.7,7288.0,3.7693,0.024375,74.02
48439,TX,Psychiatry,Mental Health Disorders,1,9919,38028.4,36,303860,303860.0,1126999.0,8440.555555555555,8440.555555555555,48,12,75.0,84.0,3.7089,81.33,43.45,50.97,LOW GAP,12,0.032643,38028.4,9919.0,3.8339,0.033743,94.1
48439,TX,Psychiatry,Mental Health Disorders,1,6339,29603.2,36,303860,303860.0,1126999.0,8440.555555555555,8440.555555555555,48,12,75.0,84.0,3.7089,81.33,43.45,50.97,LOW GAP,12,0.020862,29603.2,6339.0,4.67,0.026267,58.1
48439,TX,Psychiatry,Mental Health Disorders,1,7339,27894.2,36,303860,303860.0,1126999.0,8440.555555555555,8440.555555555555,48,12,75.0,84.0,3.7089,81.33,43.45,50.97,LOW GAP,12,0.024153,27894.2,7339.0,3.8008,0.024751,74.8
48439,TX,Psychiatry,Mental Health Disorders,1,7145,24195.2,36,303860,303860.0,1126999.0,8440.555555555555,8440.555555555555,48,12,75.0,84.0,3.7089,81.33,43.45,50.97,LOW GAP,12,0.023514,24195.2,7145.0,3.3863,0.021469,71.95
48439,TX,Psychiatry,Mental Health Disorders,1,9237,37894.1,36,303860,303860.0,1126999.0,8440.555555555555,8440.555555555555,48,12,75.0,84.0,3.7089,81.33,43.45,50.97,LOW GAP,12,0.030399,37894.1,9237.0,4.1024,0.033624,91.55
48439,TX,Psychiatry,Mental Health Disorders,1,6810,28845.9,36,303860,303860.0,1126999.0,8440.555555555555,8440.555555555555,48,12,75.0,84.0,3.7089,81.33,43.45,50.97,LOW GAP,12,0.022412,28845.9,6810.0,4.2358,0.025595,66.32
48439,TX,Psychiatry,Mental Health Disorders,1,9414,36873.6,36,303860,303860.0,1126999.0,8440.555555555555,8440.555555555555,48,12,75.0,84.0,3.7089,81.33,43.45,50.97,LOW GAP,12,0.030981,36873.6,9414.0,3.9169,0.032718,92.25
48439,TX,Psychiatry,Mental Health Disorders,1,9434,39160.7,36,303860,303860.0,1126999.0,8440.555555555555,8440.555555555555,48,12,75.0,84.0,3.7089,81.33,43.45,50.97,LOW GAP,12,0.031047,39160.7,9434.0,4.151,0.034748,92.3
48439,TX,Psychiatry,Mental Health Disorders,1,8850,21985.9,36,303860,303860.0,1126999.0,8440.555555555555,8440.555555555555,48,12,75.0,84.0,3.7089,81.33,43.45,50.97,LOW GAP,12,0.029125,21985.9,8850.0,2.4843,0.019508,89.45
48439,TX,Psychiatry,Mental Health Disorders,1,10375,38606.4,36,303860,303860.0,1126999.0,8440.555555555555,8440.555555555555,48,12,75.0,84.0,3.7089,81.33,43.45,50.97,LOW GAP,12,0.034144,38606.4,10375.0,3.7211,0.034256,95.75
48439,TX,Psychiatry,Mental Health Disorders,1,10124,39729.8,36,303860,303860.0,1126999.0,8440.555555555555,8440.555555555555,48,12,75.0,84.0,3.7089,81.33,43.45,50.97,LOW GAP,12,0.033318,39729.8,10124.0,3.9243,0.035253,94.5
48439,TX,Psychiatry,Mental Health Disorders,1,8778,33008.7,36,303860,303860.0,1126999.0,8440.555555555555,8440.555555555555,48,12,75.0,84.0,3.7089,81.33,43.45,50.97,LOW GAP,12,0.028888,33008.7,8778.0,3.7604,0.029289,88.75
48439,TX,Psychiatry,Mental Health Disorders,1,7219,23773.2,36,303860,303860.0,1126999.0,8440.555555555555,8440.555555555555,48,12,75.0,84.0,3.7089,81.33,43.45,50.97,LOW GAP,12,0.023758,23773.2,7219.0,3.2931,0.021094,72.95
48439,TX,Psychiatry,Mental Health Disorders,1,5739,22436.4,36,303860,303860.0,1126999.0,8440.555555555555,8440.555555555555,48,12,75.0,84.0,3.7089,81.33,43.45,50.97,LOW GAP,12,0.018887,22436.4,5739.0,3.9095,0.019908,45.1
48439,TX,Psychiatry,Mental Health Disorders,1,7387,29994.6,36,303860,303860.0,1126999.0,8440.555555555555,8440.555555555555,48,12,75.0,84.0,3.7089,81.33,43.45,50.97,LOW GAP,12,0.024311,29994.6,7387.0,4.0605,0.026615,75.55
48439,TX,Psychiatry,Mental Health Disorders,1,8597,28327.5,36,303860,303860.0,1126999.0,8440.555555555555,8440.555555555555,48,12,75.0,84.0,3.7089,81.33,43.45,50.97,LOW GAP,12,0.028293,28327.5,8597.0,3.295,0.025135,87.45
48439,TX,Psychiatry,Mental Health Disorders,1,8988,33595.8,36,303860,303860.0,1126999.0,8440.555555555555,8440.555555555555,48,12,75.0,84.0,3.7089,81.33,43.45,50.97,LOW GAP,12,0.029579,33595.8,8988.0,3.7379,0.02981,90.35
48439,TX,Psychiatry,Mental Health Disorders,1,5781,26026.2,36,303860,303860.0,1126999.0,8440.555555555555,8440.555555555555,48,12,75.0,84.0,3.7089,81.33,43.45,50.97,LOW GAP,12,0.019025,26026.2,5781.0,4.502,0.023093,46.2
48439,TX,Psychiatry,Mental Health Disorders,1,10870,48379.5,36,303860,303860.0,1126999.0,8440.555555555555,8440.555555555555,48,12,75.0,84.0,3.7089,81.33,43.45,50.97,LOW GAP,12,0.035773,48379.5,10870.0,4.4507,0.042928,97.35
48439,TX,Psychiatry,Mental Health Disorders,1,6283,16374.1,36,303860,303860.0,1126999.0,8440.555555555555,8440.555555555555,48,12,75.0,84.0,3.7089,81.33,43.45,50.97,LOW GAP,12,0.020677,16374.1,6283.0,2.6061,0.014529,56.85
48439,TX,Psychiatry,Mental Health Disorders,1,10436,47237.0,36,303860,303860.0,1126999.0,8440.555555555555,8440.555555555555,48,12,75.0,84.0,3.7089,81.33,43.45,50.97,LOW GAP,12,0.034345,47237.0,10436.0,4.5264,0.041914,95.9
48439,TX,Psychiatry,Mental Health Disorders,1,8010,31138.6,36,303860,303860.0,1126999.0,8440.555555555555,8440.555555555555,48,12,75.0,84.0,3.7089,81.33,43.45,50.97,LOW GAP,12,0.026361,31138.6,8010.0,3.8875,0.02763,81.53
48439,TX,Psychiatry,Mental Health Disorders,1,9691,40026.8,36,303860,303860.0,1126999.0,8440.555555555555,8440.555555555555,48,12,75.0,84.0,3.7089,81.33,43.45,50.97,LOW GAP,12,0.031893,40026.8,9691.0,4.1303,0.035516,93.15
48439,TX,Psychiatry,Mental Health Disorders,1,10136,34852.7,36,303860,303860.0,1126999.0,8440.555555555555,8440.555555555555,48,12,75.0,84.0,3.7089,81.33,43.45,50.97,LOW GAP,12,0.033357,34852.7,10136.0,3.4385,0.030925,94.6
48439,TX,Psychiatry,Mental Health Disorders,1,10978,31322.1,36,303860,303860.0,1126999.0,8440.555555555555,8440.555555555555,48,12,75.0,84.0,3.7089,81.33,43.45,50.97,LOW GAP,12,0.036128,31322.1,10978.0,2.8532,0.027792,97.65
48439,TX,Pulmonary,Respiratory Disease,1,3787,9902.4,42,215016,215016.0,805296.0,5119.428571428572,5119.428571428572,34,0,100.0,18.67,3.7453,13.33,43.6,13.21,ADEQUATE,0,0.017613,9902.4,3787.0,2.6148,0.012297,7.2
48439,TX,Pulmonary,Respiratory Disease,1,4329,17997.4,42,215016,215016.0,805296.0,5119.428571428572,5119.428571428572,34,0,100.0,18.67,3.7453,13.33,43.6,13.21,ADEQUATE,0,0.020133,17997.4,4329.0,4.1574,0.022349,15.28
48439,TX,Pulmonary,Respiratory Disease,1,5018,21055.1,42,215016,215016.0,805296.0,5119.428571428572,5119.428571428572,34,0,100.0,18.67,3.7453,13.33,43.6,13.21,ADEQUATE,0,0.023338,21055.1,5018.0,4.1959,0.026146,28.48
48439,TX,Pulmonary,Respiratory Disease,1,4399,16584.0,42,215016,215016.0,805296.0,5119.428571428572,5119.428571428572,34,0,100.0,18.67,3.7453,13.33,43.6,13.21,ADEQUATE,0,0.020459,16584.0,4399.0,3.7699,0.020594,16.6
48439,TX,Pulmonary,Respiratory Disease,1,4306,20311.8,42,215016,215016.0,805296.0,5119.428571428572,5119.428571428572,34,0,100.0,18.67,3.7453,13.33,43.6,13.21,ADEQUATE,0,0.020026,20311.8,4306.0,4.7171,0.025223,14.92
48439,TX,Pulmonary,Respiratory Disease,1,7065,32990.7,42,215016,215016.0,805296.0,5119.428571428572,5119.428571428572,34,0,100.0,18.67,3.7453,13.33,43.6,13.21,ADEQUATE,0,0.032858,32990.7,7065.0,4.6696,0.040967,70.68
48439,TX,Pulmonary,Respiratory Disease,1,5568,17614.7,42,215016,215016.0,805296.0,5119.428571428572,5119.428571428572,34,0,100.0,18.67,3.7453,13.33,43.6,13.21,ADEQUATE,0,0.025896,17614.7,5568.0,3.1636,0.021874,40.95
48439,TX,Pulmonary,Respiratory Disease,1,3609,12631.7,42,215016,215016.0,805296.0,5119.428571428572,5119.428571428572,34,0,100.0,18.67,3.7453,13.33,43.6,13.21,ADEQUATE,0,0.016785,12631.7,3609.0,3.5001,0.015686,4.85
48439,TX,Pulmonary,Respiratory Disease,1,5870,27239.9,42,215016,215016.0,805296.0,5119.428571428572,5119.428571428572,34,0,100.0,18.67,3.7453,13.33,43.6,13.21,ADEQUATE,0,0.0273,27239.9,5870.0,4.6405,0.033826,47.78
48439,TX,Pulmonary,Respiratory Disease,1,6301,20109.0,42,215016,215016.0,805296.0,5119.428571428572,5119.428571428572,34,0,100.0,18.67,3.7453,13.33,43.6,13.21,ADEQUATE,0,0.029305,20109.0,6301.0,3.1914,0.024971,57.18
48439,TX,Pulmonary,Respiratory Disease,1,6338,22462.4,42,215016,215016.0,805296.0,5119.428571428572,5119.428571428572,34,0,100.0,18.67,3.7453,13.33,43.6,13.21,ADEQUATE,0,0.029477,22462.4,6338.0,3.5441,0.027893,58.03
48439,TX,Pulmonary,Respiratory Disease,1,6282,28106.5,42,215016,215016.0,805296.0,5119.428571428572,5119.428571428572,34,0,100.0,18.67,3.7453,13.33,43.6,13.21,ADEQUATE,0,0.029216,28106.5,6282.0,4.4741,0.034902,56.8
48439,TX,Pulmonary,Respiratory Disease,1,4404,19160.4,42,215016,215016.0,805296.0,5119.428571428572,5119.428571428572,34,0,100.0,18.67,3.7453,13.33,43.6,13.21,ADEQUATE,0,0.020482,19160.4,4404.0,4.3507,0.023793,16.7
48439,TX,Pulmonary,Respiratory Disease,1,5473,21893.5,42,215016,215016.0,805296.0,5119.428571428572,5119.428571428572,34,0,100.0,18.67,3.7453,13.33,43.6,13.21,ADEQUATE,0,0.025454,21893.5,5473.0,4.0003,0.027187,39.05
48439,TX,Pulmonary,Respiratory Disease,1,5190,14048.6,42,215016,215016.0,805296.0,5119.428571428572,5119.428571428572,34,0,100.0,18.67,3.7453,13.33,43.6,13.21,ADEQUATE,0,0.024138,14048.6,5190.0,2.7069,0.017445,31.85
48439,TX,Pulmonary,Respiratory Disease,1,4768,22294.6,42,215016,215016.0,805296.0,5119.428571428572,5119.428571428572,34,0,100.0,18.67,3.7453,13.33,43.6,13.21,ADEQUATE,0,0.022175,22294.6,4768.0,4.6759,0.027685,23.62
48439,TX,Pulmonary,Respiratory Disease,1,5576,19669.1,42,215016,215016.0,805296.0,5119.428571428572,5119.428571428572,34,0,100.0,18.67,3.7453,13.33,43.6,13.21,ADEQUATE,0,0.025933,19669.1,5576.0,3.5275,0.024425,41.15
48439,TX,Pulmonary,Respiratory Disease,1,4739,17976.6,42,215016,215016.0,805296.0,5119.428571428572,5119.428571428572,34,0,100.0,18.67,3.7453,13.33,43.6,13.21,ADEQUATE,0,0.02204,17976.6,4739.0,3.7933,0.022323,22.9
48439,TX,Pulmonary,Respiratory Disease,1,5437,18686.4,42,215016,215016.0,805296.0,5119.428571428572,5119.428571428572,34,0,100.0,18.67,3.7453,13.33,43.6,13.21,ADEQUATE,0,0.025286,18686.4,5437.0,3.4369,0.023204,37.88
48439,TX,Pulmonary,Respiratory Disease,1,5474,18104.6,42,215016,215016.0,805296.0,5119.428571428572,5119.428571428572,34,0,100.0,18.67,3.7453,13.33,43.6,13.21,ADEQUATE,0,0.025459,18104.6,5474.0,3.3074,0.022482,39.1
48439,TX,Pulmonary,Respiratory Disease,1,5898,24406.6,42,215016,215016.0,805296.0,5119.428571428572,5119.428571428572,34,0,100.0,18.67,3.7453,13.33,43.6,13.21,ADEQUATE,0,0.027431,24406.6,5898.0,4.1381,0.030308,48.6
48439,TX,Pulmonary,Respiratory Disease,1,4582,16605.3,42,215016,215016.0,805296.0,5119.428571428572,5119.428571428572,34,0,100.0,18.67,3.7453,13.33,43.6,13.21,ADEQUATE,0,0.02131,16605.3,4582.0,3.624,0.02062,20.1
48439,TX,Pulmonary,Respiratory Disease,1,5090,17018.1,42,215016,215016.0,805296.0,5119.428571428572,5119.428571428572,34,0,100.0,18.67,3.7453,13.33,43.6,13.21,ADEQUATE,0,0.023673,17018.1,5090.0,3.3434,0.021133,29.6
48439,TX,Pulmonary,Respiratory Disease,1,4946,20600.8,42,215016,215016.0,805296.0,5119.428571428572,5119.428571428572,34,0,100.0,18.67,3.7453,13.33,43.6,13.21,ADEQUATE,0,0.023003,20600.8,4946.0,4.1651,0.025582,26.95
48439,TX,Pulmonary,Respiratory Disease,1,4167,12073.5,42,215016,215016.0,805296.0,5119.428571428572,5119.428571428572,34,0,100.0,18.67,3.7453,13.33,43.6,13.21,ADEQUATE,0,0.01938,12073.5,4167.0,2.8974,0.014993,12.85
48439,TX,Pulmonary,Respiratory Disease,1,5251,22926.0,42,215016,215016.0,805296.0,5119.428571428572,5119.428571428572,34,0,100.0,18.67,3.7453,13.33,43.6,13.21,ADEQUATE,0,0.024421,22926.0,5251.0,4.366,0.028469,33.3
48439,TX,Pulmonary,Respiratory Disease,1,5149,19185.2,42,215016,215016.0,805296.0,5119.428571428572,5119.428571428572,34,0,100.0,18.67,3.7453,13.33,43.6,13.21,ADEQUATE,0,0.023947,19185.2,5149.0,3.726,0.023824,30.9
48439,TX,Pulmonary,Respiratory Disease,1,4978,13344.1,42,215016,215016.0,805296.0,5119.428571428572,5119.428571428572,34,0,100.0,18.67,3.7453,13.33,43.6,13.21,ADEQUATE,0,0.023152,13344.1,4978.0,2.6806,0.01657,27.65
48439,TX,Pulmonary,Respiratory Disease,1,5968,18557.2,42,215016,215016.0,805296.0,5119.428571428572,5119.428571428572,34,0,100.0,18.67,3.7453,13.33,43.6,13.21,ADEQUATE,0,0.027756,18557.2,5968.0,3.1095,0.023044,50.22
48439,TX,Pulmonary,Respiratory Disease,1,3938,11474.2,42,215016,215016.0,805296.0,5119.428571428572,5119.428571428572,34,0,100.0,18.67,3.7453,13.33,43.6,13.21,ADEQUATE,0,0.018315,11474.2,3938.0,2.9137,0.014248,8.7
48439,TX,Pulmonary,Respiratory Disease,1,5457,25869.7,42,215016,215016.0,805296.0,5119.428571428572,5119.428571428572,34,0,100.0,18.67,3.7453,13.33,43.6,13.21,ADEQUATE,0,0.02538,25869.7,5457.0,4.7406,0.032124,38.67
48439,TX,Pulmonary,Respiratory Disease,1,5429,23229.0,42,215016,215016.0,805296.0,5119.428571428572,5119.428571428572,34,0,100.0,18.67,3.7453,13.33,43.6,13.21,ADEQUATE,0,0.025249,23229.0,5429.0,4.2787,0.028845,37.6
48439,TX,Pulmonary,Respiratory Disease,1,5902,17065.4,42,215016,215016.0,805296.0,5119.428571428572,5119.428571428572,34,0,100.0,18.67,3.7453,13.33,43.6,13.21,ADEQUATE,0,0.027449,17065.4,5902.0,2.8915,0.021191,48.8
48439,TX,Pulmonary,Respiratory Disease,1,5346,20805.5,42,215016,215016.0,805296.0,5119.428571428572,5119.428571428572,34,0,100.0,18.67,3.7453,13.33,43.6,13.21,ADEQUATE,0,0.024863,20805.5,5346.0,3.8918,0.025836,35.45
48439,TX,Pulmonary,Respiratory Disease,1,4216,19261.5,42,215016,215016.0,805296.0,5119.428571428572,5119.428571428572,34,0,100.0,18.67,3.7453,13.33,43.6,13.21,ADEQUATE,0,0.019608,19261.5,4216.0,4.5687,0.023919,13.65
48439,TX,Pulmonary,Respiratory Disease,1,5710,17412.5,42,215016,215016.0,805296.0,5119.428571428572,5119.428571428572,34,0,100.0,18.67,3.7453,13.33,43.6,13.21,ADEQUATE,0,0.026556,17412.5,5710.0,3.0495,0.021622,44.38
48439,TX,Pulmonary,Respiratory Disease,1,4859,22439.8,42,215016,215016.0,805296.0,5119.428571428572,5119.428571428572,34,0,100.0,18.67,3.7453,13.33,43.6,13.21,ADEQUATE,0,0.022598,22439.8,4859.0,4.6182,0.027865,25.52
48439,TX,Pulmonary,Respiratory Disease,1,5536,23638.1,42,215016,215016.0,805296.0,5119.428571428572,5119.428571428572,34,0,100.0,18.67,3.7453,13.33,43.6,13.21,ADEQUATE,0,0.025747,23638.1,5536.0,4.2699,0.029353,40.48
48439,TX,Pulmonary,Respiratory Disease,1,6225,17660.3,42,215016,215016.0,805296.0,5119.428571428572,5119.428571428572,34,0,100.0,18.67,3.7453,13.33,43.6,13.21,ADEQUATE,0,0.028951,17660.3,6225.0,2.837,0.02193,55.42
48439,TX,Pulmonary,Respiratory Disease,1,3624,10727.0,42,215016,215016.0,805296.0,5119.428571428572,5119.428571428572,34,0,100.0,18.67,3.7453,13.33,43.6,13.21,ADEQUATE,0,0.016855,10727.0,3624.0,2.96,0.013321,5.2
48439,TX,Pulmonary,Respiratory Disease,1,3452,12129.7,42,215016,215016.0,805296.0,5119.428571428572,5119.428571428572,34,0,100.0,18.67,3.7453,13.33,43.6,13.21,ADEQUATE,0,0.016055,12129.7,3452.0,3.5138,0.015062,3.25
48439,TX,Pulmonary,Respiratory Disease,1,5360,20027.1,42,215016,215016.0,805296.0,5119.428571428572,5119.428571428572,34,0,100.0,18.67,3.7453,13.33,43.6,13.21,ADEQUATE,0,0.024928,20027.1,5360.0,3.7364,0.024869,35.98
48439,TX,Rheumatology,Arthritis,1,8068,25292.5,40,265363,265363.0,943422.8,6634.075,6634.075,42,2,95.24,57.33,3.5552,74.67,33.88,32.76,ADEQUATE,2,0.030404,25292.5,8068.0,3.1349,0.026809,82.35
48439,TX,Rheumatology,Arthritis,1,8375,31280.1,40,265363,265363.0,943422.8,6634.075,6634.075,42,2,95.24,57.33,3.5552,74.67,33.88,32.76,ADEQUATE,2,0.031561,31280.1,8375.0,3.7349,0.033156,85.3
48439,TX,Rheumatology,Arthritis,1,4780,21215.2,40,265363,265363.0,943422.8,6634.075,6634.075,42,2,95.24,57.33,3.5552,74.67,33.88,32.76,ADEQUATE,2,0.018013,21215.2,4780.0,4.4383,0.022487,24.0
48439,TX,Rheumatology,Arthritis,1,6658,26478.4,40,265363,265363.0,943422.8,6634.075,6634.075,42,2,95.24,57.33,3.5552,74.67,33.88,32.76,ADEQUATE,2,0.02509,26478.4,6658.0,3.9769,0.028066,63.52
48439,TX,Rheumatology,Arthritis,1,8034,25253.5,40,265363,265363.0,943422.8,6634.075,6634.075,42,2,95.24,57.33,3.5552,74.67,33.88,32.76,ADEQUATE,2,0.030276,25253.5,8034.0,3.1433,0.026768,81.85
48439,TX,Rheumatology,Arthritis,1,6866,28924.7,40,265363,265363.0,943422.8,6634.075,6634.075,42,2,95.24,57.33,3.5552,74.67,33.88,32.76,ADEQUATE,2,0.025874,28924.7,6866.0,4.2127,0.030659,67.25
48439,TX,Rheumatology,Arthritis,1,7134,33483.0,40,265363,265363.0,943422.8,6634.075,6634.075,42,2,95.24,57.33,3.5552,74.67,33.88,32.76,ADEQUATE,2,0.026884,33483.0,7134.0,4.6934,0.035491,71.75
48439,TX,Rheumatology,Arthritis,1,8223,33479.4,40,265363,265363.0,943422.8,6634.075,6634.075,42,2,95.24,57.33,3.5552,74.67,33.88,32.76,ADEQUATE,2,0.030988,33479.4,8223.0,4.0714,0.035487,84.1
48439,TX,Rheumatology,Arthritis,1,6037,16166.0,40,265363,265363.0,943422.8,6634.075,6634.075,42,2,95.24,57.33,3.5552,74.67,33.88,32.76,ADEQUATE,2,0.02275,16166.0,6037.0,2.6778,0.017135,51.6
48439,TX,Rheumatology,Arthritis,1,8037,26450.4,40,265363,265363.0,943422.8,6634.075,6634.075,42,2,95.24,57.33,3.5552,74.67,33.88,32.76,ADEQUATE,2,0.030287,26450.4,8037.0,3.2911,0.028037,81.9
48439,TX,Rheumatology,Arthritis,1,5199,22981.7,40,265363,265363.0,943422.8,6634.075,6634.075,42,2,95.24,57.33,3.5552,74.67,33.88,32.76,ADEQUATE,2,0.019592,22981.7,5199.0,4.4204,0.02436,32.1
48439,TX,Rheumatology,Arthritis,1,7506,22211.8,40,265363,265363.0,943422.8,6634.075,6634.075,42,2,95.24,57.33,3.5552,74.67,33.88,32.76,ADEQUATE,2,0.028286,22211.8,7506.0,2.9592,0.023544,77.6
48439,TX,Rheumatology,Arthritis,1,4582,21846.3,40,265363,265363.0,943422.8,6634.075,6634.075,42,2,95.24,57.33,3.5552,74.67,33.88,32.76,ADEQUATE,2,0.017267,21846.3,4582.0,4.7679,0.023156,20.1
48439,TX,Rheumatology,Arthritis,1,5678,24064.2,40,265363,265363.0,943422.8,6634.075,6634.075,42,2,95.24,57.33,3.5552,74.67,33.88,32.76,ADEQUATE,2,0.021397,24064.2,5678.0,4.2381,0.025507,43.5
48439,TX,Rheumatology,Arthritis,1,5779,23578.2,40,265363,265363.0,943422.8,6634.075,6634.075,42,2,95.24,57.33,3.5552,74.67,33.88,32.76,ADEQUATE,2,0.021778,23578.2,5779.0,4.08,0.024992,46.1
48439,TX,Rheumatology,Arthritis,1,4781,12167.1,40,265363,265363.0,943422.8,6634.075,6634.075,42,2,95.24,57.33,3.5552,74.67,33.88,32.76,ADEQUATE,2,0.018017,12167.1,4781.0,2.5449,0.012897,24.08
48439,TX,Rheumatology,Arthritis,1,4730,13368.3,40,265363,265363.0,943422.8,6634.075,6634.075,42,2,95.24,57.33,3.5552,74.67,33.88,32.76,ADEQUATE,2,0.017825,13368.3,4730.0,2.8263,0.01417,22.75
48439,TX,Rheumatology,Arthritis,1,5103,14516.1,40,265363,265363.0,943422.8,6634.075,6634.075,42,2,95.24,57.33,3.5552,74.67,33.88,32.76,ADEQUATE,2,0.01923,14516.1,5103.0,2.8446,0.015387,29.75
48439,TX,Rheumatology,Arthritis,1,7040,19410.5,40,265363,265363.0,943422.8,6634.075,6634.075,42,2,95.24,57.33,3.5552,74.67,33.88,32.76,ADEQUATE,2,0.02653,19410.5,7040.0,2.7572,0.020575,70.15
48439,TX,Rheumatology,Arthritis,1,5298,16599.3,40,265363,265363.0,943422.8,6634.075,6634.075,42,2,95.24,57.33,3.5552,74.67,33.88,32.76,ADEQUATE,2,0.019965,16599.3,5298.0,3.1331,0.017595,34.1
48439,TX,Rheumatology,Arthritis,1,7385,26620.3,40,265363,265363.0,943422.8,6634.075,6634.075,42,2,95.24,57.33,3.5552,74.67,33.88,32.76,ADEQUATE,2,0.02783,26620.3,7385.0,3.6046,0.028217,75.5
48439,TX,Rheumatology,Arthritis,1,5896,22984.2,40,265363,265363.0,943422.8,6634.075,6634.075,42,2,95.24,57.33,3.5552,74.67,33.88,32.76,ADEQUATE,2,0.022219,22984.2,5896.0,3.8983,0.024363,48.55
48439,TX,Rheumatology,Arthritis,1,8507,39546.6,40,265363,265363.0,943422.8,6634.075,6634.075,42,2,95.24,57.33,3.5552,74.67,33.88,32.76,ADEQUATE,2,0.032058,39546.6,8507.0,4.6487,0.041918,86.8
48439,TX,Rheumatology,Arthritis,1,6388,25024.9,40,265363,265363.0,943422.8,6634.075,6634.075,42,2,95.24,57.33,3.5552,74.67,33.88,32.76,ADEQUATE,2,0.024073,25024.9,6388.0,3.9175,0.026526,58.63
48439,TX,Rheumatology,Arthritis,1,6424,18353.3,40,265363,265363.0,943422.8,6634.075,6634.075,42,2,95.24,57.33,3.5552,74.67,33.88,32.76,ADEQUATE,2,0.024208,18353.3,6424.0,2.857,0.019454,59.32
48439,TX,Rheumatology,Arthritis,1,5532,16926.6,40,265363,265363.0,943422.8,6634.075,6634.075,42,2,95.24,57.33,3.5552,74.67,33.88,32.76,ADEQUATE,2,0.020847,16926.6,5532.0,3.0598,0.017942,40.3
48439,TX,Rheumatology,Arthritis,1,8705,26518.7,40,265363,265363.0,943422.8,6634.075,6634.075,42,2,95.24,57.33,3.5552,74.67,33.88,32.76,ADEQUATE,2,0.032804,26518.7,8705.0,3.0464,0.028109,88.2
48439,TX,Rheumatology,Arthritis,1,5402,16439.8,40,265363,265363.0,943422.8,6634.075,6634.075,42,2,95.24,57.33,3.5552,74.67,33.88,32.76,ADEQUATE,2,0.020357,16439.8,5402.0,3.0433,0.017426,36.8
48439,TX,Rheumatology,Arthritis,1,4888,12105.0,40,265363,265363.0,943422.8,6634.075,6634.075,42,2,95.24,57.33,3.5552,74.67,33.88,32.76,ADEQUATE,2,0.01842,12105.0,4888.0,2.4765,0.012831,26.0
48439,TX,Rheumatology,Arthritis,1,5147,13457.0,40,265363,265363.0,943422.8,6634.075,6634.075,42,2,95.24,57.33,3.5552,74.67,33.88,32.76,ADEQUATE,2,0.019396,13457.0,5147.0,2.6145,0.014264,30.85
48439,TX,Rheumatology,Arthritis,1,7454,26331.1,40,265363,265363.0,943422.8,6634.075,6634.075,42,2,95.24,57.33,3.5552,74.67,33.88,32.76,ADEQUATE,2,0.02809,26331.1,7454.0,3.5325,0.02791,76.75
48439,TX,Rheumatology,Arthritis,1,7410,19349.6,40,265363,265363.0,943422.8,6634.075,6634.075,42,2,95.24,57.33,3.5552,74.67,33.88,32.76,ADEQUATE,2,0.027924,19349.6,7410.0,2.6113,0.02051,75.88
48439,TX,Rheumatology,Arthritis,1,7375,25443.5,40,265363,265363.0,943422.8,6634.075,6634.075,42,2,95.24,57.33,3.5552,74.67,33.88,32.76,ADEQUATE,2,0.027792,25443.5,7375.0,3.45,0.026969,75.4
48439,TX,Rheumatology,Arthritis,1,8179,36569.4,40,265363,265363.0,943422.8,6634.075,6634.075,42,2,95.24,57.33,3.5552,74.67,33.88,32.76,ADEQUATE,2,0.030822,36569.4,8179.0,4.4711,0.038762,83.55
48439,TX,Rheumatology,Arthritis,1,7876,35891.5,40,265363,265363.0,943422.8,6634.075,6634.075,42,2,95.24,57.33,3.5552,74.67,33.88,32.76,ADEQUATE,2,0.02968,35891.5,7876.0,4.5571,0.038044,80.55
48439,TX,Rheumatology,Arthritis,1,6676,29247.4,40,265363,265363.0,943422.8,6634.075,6634.075,42,2,95.24,57.33,3.5552,74.67,33.88,32.76,ADEQUATE,2,0.025158,29247.4,6676.0,4.381,0.031001,63.9
48439,TX,Rheumatology,Arthritis,1,8482,36007.2,40,265363,265363.0,943422.8,6634.075,6634.075,42,2,95.24,57.33,3.5552,74.67,33.88,32.76,ADEQUATE,2,0.031964,36007.2,8482.0,4.2451,0.038167,86.45
48439,TX,Rheumatology,Arthritis,1,7198,22699.4,40,265363,265363.0,943422.8,6634.075,6634.075,42,2,95.24,57.33,3.5552,74.67,33.88,32.76,ADEQUATE,2,0.027125,22699.4,7198.0,3.1536,0.024061,72.5
48439,TX,Rheumatology,Arthritis,1,5201,14047.4,40,265363,265363.0,943422.8,6634.075,6634.075,42,2,95.24,57.33,3.5552,74.67,33.88,32.76,ADEQUATE,2,0.0196,14047.4,5201.0,2.7009,0.01489,32.2
48439,TX,Rheumatology,Arthritis,1,7330,21093.2,40,265363,265363.0,943422.8,6634.075,6634.075,42,2,95.24,57.33,3.5552,74.67,33.88,32.76,ADEQUATE,2,0.027623,21093.2,7330.0,2.8777,0.022358,74.62
37051,NC,Cardiology,Heart Disease,1,6102,26283.7,6,30473,30473.0,120241.3,5078.833333333333,5078.833333333333,5,0,100.0,17.33,3.9458,16.0,32.48,11.6,ADEQUATE,0,0.200243,26283.7,6102.0,4.3074,0.218591,53.0
37051,NC,Cardiology,Heart Disease,1,3838,12566.9,6,30473,30473.0,120241.3,5078.833333333333,5078.833333333333,5,0,100.0,17.33,3.9458,16.0,32.48,11.6,ADEQUATE,0,0.125948,12566.9,3838.0,3.2743,0.104514,7.72
37051,NC,Cardiology,Heart Disease,1,4459,17221.8,6,30473,30473.0,120241.3,5078.833333333333,5078.833333333333,5,0,100.0,17.33,3.9458,16.0,32.48,11.6,ADEQUATE,0,0.146326,17221.8,4459.0,3.8623,0.143227,17.8
37051,NC,Cardiology,Heart Disease,1,6865,32421.3,6,30473,30473.0,120241.3,5078.833333333333,5078.833333333333,5,0,100.0,17.33,3.9458,16.0,32.48,11.6,ADEQUATE,0,0.225281,32421.3,6865.0,4.7227,0.269635,67.2
37051,NC,Cardiology,Heart Disease,1,5371,18360.0,6,30473,30473.0,120241.3,5078.833333333333,5078.833333333333,5,0,100.0,17.33,3.9458,16.0,32.48,11.6,ADEQUATE,0,0.176254,18360.0,5371.0,3.4184,0.152693,36.18
37051,NC,Cardiology,Heart Disease,1,3838,13387.6,6,30473,30473.0,120241.3,5078.833333333333,5078.833333333333,5,0,100.0,17.33,3.9458,16.0,32.48,11.6,ADEQUATE,0,0.125948,13387.6,3838.0,3.4882,0.111339,7.72
37051,NC,Endocrinology,Diabetes,1,5055,12514.0,6,35182,35182.0,116408.4,5863.666666666667,5863.666666666667,6,0,100.0,40.0,3.3087,8.0,53.26,19.19,ADEQUATE,0,0.143681,12514.0,5055.0,2.4756,0.107501,29.1
37051,NC,Endocrinology,Diabetes,1,5429,17599.7,6,35182,35182.0,116408.4,5863.666666666667,5863.666666666667,6,0,100.0,40.0,3.3087,8.0,53.26,19.19,ADEQUATE,0,0.154312,17599.7,5429.0,3.2418,0.151189,37.6
37051,NC,Endocrinology,Diabetes,1,5002,19627.6,6,35182,35182.0,116408.4,5863.666666666667,5863.666666666667,6,0,100.0,40.0,3.3087,8.0,53.26,19.19,ADEQUATE,0,0.142175,19627.6,5002.0,3.924,0.16861,28.22
37051,NC,Endocrinology,Diabetes,1,8660,24462.5,6,35182,35182.0,116408.4,5863.666666666667,5863.666666666667,6,0,100.0,40.0,3.3087,8.0,53.26,19.19,ADEQUATE,0,0.246149,24462.5,8660.0,2.8248,0.210144,87.78
37051,NC,Endocrinology,Diabetes,1,6341,26849.4,6,35182,35182.0,116408.4,5863.666666666667,5863.666666666667,6,0,100.0,40.0,3.3087,8.0,53.26,19.19,ADEQUATE,0,0.180234,26849.4,6341.0,4.2343,0.230648,58.15
37051,NC,Endocrinology,Diabetes,1,4695,15355.2,6,35182,35182.0,116408.4,5863.666666666667,5863.666666666667,6,0,100.0,40.0,3.3087,8.0,53.26,19.19,ADEQUATE,0,0.133449,15355.2,4695.0,3.2705,0.131908,22.05
37051,NC,Psychiatry,Mental Health Disorders,1,10310,45132.4,5,51652,51652.0,200912.7,10330.4,10330.4,9,4,55.56,98.67,3.8897,72.0,27.07,59.53,MODERATE GAP,4,0.199605,45132.4,10310.0,4.3775,0.224637,95.4
37051,NC,Psychiatry,Mental Health Disorders,1,11696,49389.6,5,51652,51652.0,200912.7,10330.4,10330.4,9,4,55.56,98.67,3.8897,72.0,27.07,59.53,MODERATE GAP,4,0.226438,49389.6,11696.0,4.2228,0.245826,99.05
37051,NC,Psychiatry,Mental Health Disorders,1,10298,31857.9,5,51652,51652.0,200912.7,10330.4,10330.4,9,4,55.56,98.67,3.8897,72.0,27.07,59.53,MODERATE GAP,4,0.199373,31857.9,10298.0,3.0936,0.158566,95.35
37051,NC,Psychiatry,Mental Health Disorders,1,6759,23798.0,5,51652,51652.0,200912.7,10330.4,10330.4,9,4,55.56,98.67,3.8897,72.0,27.07,59.53,MODERATE GAP,4,0.130857,23798.0,6759.0,3.5209,0.118449,65.45
37051,NC,Psychiatry,Mental Health Disorders,1,12589,50734.8,5,51652,51652.0,200912.7,10330.4,10330.4,9,4,55.56,98.67,3.8897,72.0,27.07,59.53,MODERATE GAP,4,0.243727,50734.8,12589.0,4.0301,0.252522,99.65
37051,NC,Pulmonary,Respiratory Disease,1,4617,13795.8,6,36618,36618.0,141484.30000000002,6103.0,6103.0,6,0,100.0,45.33,3.8638,93.33,51.84,33.11,ADEQUATE,0,0.126086,13795.8,4617.0,2.988,0.097508,20.95
37051,NC,Pulmonary,Respiratory Disease,1,7352,34967.9,6,36618,36618.0,141484.30000000002,6103.0,6103.0,6,0,100.0,45.33,3.8638,93.33,51.84,33.11,ADEQUATE,0,0.200776,34967.9,7352.0,4.7562,0.24715,74.88
37051,NC,Pulmonary,Respiratory Disease,1,5593,18217.3,6,36618,36618.0,141484.30000000002,6103.0,6103.0,6,0,100.0,45.33,3.8638,93.33,51.84,33.11,ADEQUATE,0,0.152739,18217.3,5593.0,3.2572,0.128758,41.62
37051,NC,Pulmonary,Respiratory Disease,1,5062,16364.6,6,36618,36618.0,141484.30000000002,6103.0,6103.0,6,0,100.0,45.33,3.8638,93.33,51.84,33.11,ADEQUATE,0,0.138238,16364.6,5062.0,3.2328,0.115664,29.15
37051,NC,Pulmonary,Respiratory Disease,1,6569,30086.5,6,36618,36618.0,141484.30000000002,6103.0,6103.0,6,0,100.0,45.33,3.8638,93.33,51.84,33.11,ADEQUATE,0,0.179393,30086.5,6569.0,4.5801,0.212649,61.98
37051,NC,Pulmonary,Respiratory Disease,1,7425,28052.2,6,36618,36618.0,141484.30000000002,6103.0,6103.0,6,0,100.0,45.33,3.8638,93.33,51.84,33.11,ADEQUATE,0,0.202769,28052.2,7425.0,3.7781,0.198271,76.12
37051,NC,Rheumatology,Arthritis,1,9336,43126.6,6,49557,49557.0,177761.8,8259.5,8259.5,8,2,75.0,80.0,3.587,98.67,26.21,49.98,LOW GAP,2,0.188389,43126.6,9336.0,4.6194,0.242609,91.9
37051,NC,Rheumatology,Arthritis,1,9490,29456.5,6,49557,49557.0,177761.8,8259.5,8259.5,8,2,75.0,80.0,3.587,98.67,26.21,49.98,LOW GAP,2,0.191497,29456.5,9490.0,3.104,0.165708,92.6
37051,NC,Rheumatology,Arthritis,1,5327,16254.0,6,49557,49557.0,177761.8,8259.5,8259.5,8,2,75.0,80.0,3.587,98.67,26.21,49.98,LOW GAP,2,0.107492,16254.0,5327.0,3.0512,0.091437,34.7
37051,NC,Rheumatology,Arthritis,1,9031,27474.5,6,49557,49557.0,177761.8,8259.5,8259.5,8,2,75.0,80.0,3.587,98.67,26.21,49.98,LOW GAP,2,0.182235,27474.5,9031.0,3.0422,0.154558,90.65
37051,NC,Rheumatology,Arthritis,1,8883,28609.2,6,49557,49557.0,177761.8,8259.5,8259.5,8,2,75.0,80.0,3.587,98.67,26.21,49.98,LOW GAP,2,0.179248,28609.2,8883.0,3.2207,0.160941,89.8
37051,NC,Rheumatology,Arthritis,1,7490,32841.0,6,49557,49557.0,177761.8,8259.5,8259.5,8,2,75.0,80.0,3.587,98.67,26.21,49.98,LOW GAP,2,0.151139,32841.0,7490.0,4.3846,0.184747,77.25
37067,NC,Cardiology,Heart Disease,1,5124,23421.6,7,35126,35126.0,136340.1,5018.0,5018.0,6,0,100.0,12.0,3.8815,14.67,65.02,14.95,ADEQUATE,0,0.145875,23421.6,5124.0,4.571,0.171788,30.35
37067,NC,Cardiology,Heart Disease,1,4219,19964.9,7,35126,35126.0,136340.1,5018.0,5018.0,6,0,100.0,12.0,3.8815,14.67,65.02,14.95,ADEQUATE,0,0.12011,19964.9,4219.0,4.7321,0.146435,13.75
37067,NC,Cardiology,Heart Disease,1,6286,24194.2,7,35126,35126.0,136340.1,5018.0,5018.0,6,0,100.0,12.0,3.8815,14.67,65.02,14.95,ADEQUATE,0,0.178956,24194.2,6286.0,3.8489,0.177455,56.9
37067,NC,Cardiology,Heart Disease,1,5991,19365.9,7,35126,35126.0,136340.1,5018.0,5018.0,6,0,100.0,12.0,3.8815,14.67,65.02,14.95,ADEQUATE,0,0.170557,19365.9,5991.0,3.2325,0.142041,50.75
37067,NC,Cardiology,Heart Disease,1,5535,18221.3,7,35126,35126.0,136340.1,5018.0,5018.0,6,0,100.0,12.0,3.8815,14.67,65.02,14.95,ADEQUATE,0,0.157576,18221.3,5535.0,3.292,0.133646,40.38
37067,NC,Cardiology,Heart Disease,1,3548,14355.0,7,35126,35126.0,136340.1,5018.0,5018.0,6,0,100.0,12.0,3.8815,14.67,65.02,14.95,ADEQUATE,0,0.101008,14355.0,3548.0,4.0459,0.105288,3.9
37067,NC,Cardiology,Heart Disease,1,4423,16817.2,7,35126,35126.0,136340.1,5018.0,5018.0,6,0,100.0,12.0,3.8815,14.67,65.02,14.95,ADEQUATE,0,0.125918,16817.2,4423.0,3.8022,0.123347,16.9
37067,NC,Endocrinology,Diabetes,1,6327,28623.7,7,45925,45925.0,162500.3,6560.714285714285,6560.714285714285,8,1,87.5,56.0,3.5384,89.33,43.56,39.56,ADEQUATE,1,0.137768,28623.7,6327.0,4.5241,0.176146,57.75
37067,NC,Endocrinology,Diabetes,1,6569,25192.2,7,45925,45925.0,162500.3,6560.714285714285,6560.714285714285,8,1,87.5,56.0,3.5384,89.33,43.56,39.56,ADEQUATE,1,0.143038,25192.2,6569.0,3.835,0.155029,61.98
37067,NC,Endocrinology,Diabetes,1,7048,29763.1,7,45925,45925.0,162500.3,6560.714285714285,6560.714285714285,8,1,87.5,56.0,3.5384,89.33,43.56,39.56,ADEQUATE,1,0.153468,29763.1,7048.0,4.2229,0.183157,70.25
37067,NC,Endocrinology,Diabetes,1,5256,19692.3,7,45925,45925.0,162500.3,6560.714285714285,6560.714285714285,8,1,87.5,56.0,3.5384,89.33,43.56,39.56,ADEQUATE,1,0.114447,19692.3,5256.0,3.7466,0.121183,33.38
37067,NC,Endocrinology,Diabetes,1,8491,21993.6,7,45925,45925.0,162500.3,6560.714285714285,6560.714285714285,8,1,87.5,56.0,3.5384,89.33,43.56,39.56,ADEQUATE,1,0.184888,21993.6,8491.0,2.5902,0.135345,86.55
37067,NC,Endocrinology,Diabetes,1,5233,12559.8,7,45925,45925.0,162500.3,6560.714285714285,6560.714285714285,8,1,87.5,56.0,3.5384,89.33,43.56,39.56,ADEQUATE,1,0.113947,12559.8,5233.0,2.4001,0.077291,32.9
37067,NC,Endocrinology,Diabetes,1,7001,24675.6,7,45925,45925.0,162500.3,6560.714285714285,6560.714285714285,8,1,87.5,56.0,3.5384,89.33,43.56,39.56,ADEQUATE,1,0.152444,24675.6,7001.0,3.5246,0.15185,69.5
37067,NC,Psychiatry,Mental Health Disorders,1,6325,17044.3,6,52399,52399.0,191691.0,8733.166666666666,8733.166666666666,9,3,66.67,86.67,3.6583,69.33,47.12,54.13,LOW GAP,3,0.120708,17044.3,6325.0,2.6948,0.088915,57.65
37067,NC,Psychiatry,Mental Health Disorders,1,9928,29190.6,6,52399,52399.0,191691.0,8733.166666666666,8733.166666666666,9,3,66.67,86.67,3.6583,69.33,47.12,54.13,LOW GAP,3,0.189469,29190.6,9928.0,2.9402,0.152279,94.2
37067,NC,Psychiatry,Mental Health Disorders,1,10875,44497.8,6,52399,52399.0,191691.0,8733.166666666666,8733.166666666666,9,3,66.67,86.67,3.6583,69.33,47.12,54.13,LOW GAP,3,0.207542,44497.8,10875.0,4.0918,0.232133,97.4
37067,NC,Psychiatry,Mental Health Disorders,1,6207,22008.2,6,52399,52399.0,191691.0,8733.166666666666,8733.166666666666,9,3,66.67,86.67,3.6583,69.33,47.12,54.13,LOW GAP,3,0.118456,22008.2,6207.0,3.5457,0.114811,55.1
37067,NC,Psychiatry,Mental Health Disorders,1,6362,18714.8,6,52399,52399.0,191691.0,8733.166666666666,8733.166666666666,9,3,66.67,86.67,3.6583,69.33,47.12,54.13,LOW GAP,3,0.121415,18714.8,6362.0,2.9417,0.09763,58.4
37067,NC,Psychiatry,Mental Health Disorders,1,12702,60235.3,6,52399,52399.0,191691.0,8733.166666666666,8733.166666666666,9,3,66.67,86.67,3.6583,69.33,47.12,54.13,LOW GAP,3,0.242409,60235.3,12702.0,4.7422,0.314231,99.75
37067,NC,Pulmonary,Respiratory Disease,1,5458,17270.2,7,40753,40753.0,154561.6,5821.857142857143,5821.857142857143,7,0,100.0,37.33,3.7926,9.33,48.8,18.05,ADEQUATE,0,0.133929,17270.2,5458.0,3.1642,0.111737,38.75
37067,NC,Pulmonary,Respiratory Disease,1,5873,27642.9,7,40753,40753.0,154561.6,5821.857142857143,5821.857142857143,7,0,100.0,37.33,3.7926,9.33,48.8,18.05,ADEQUATE,0,0.144112,27642.9,5873.0,4.7068,0.178847,47.9
37067,NC,Pulmonary,Respiratory Disease,1,5782,26216.8,7,40753,40753.0,154561.6,5821.857142857143,5821.857142857143,7,0,100.0,37.33,3.7926,9.33,48.8,18.05,ADEQUATE,0,0.141879,26216.8,5782.0,4.5342,0.16962,46.28
37067,NC,Pulmonary,Respiratory Disease,1,5362,15259.4,7,40753,40753.0,154561.6,5821.857142857143,5821.857142857143,7,0,100.0,37.33,3.7926,9.33,48.8,18.05,ADEQUATE,0,0.131573,15259.4,5362.0,2.8458,0.098727,36.05
37067,NC,Pulmonary,Respiratory Disease,1,5590,14035.5,7,40753,40753.0,154561.6,5821.857142857143,5821.857142857143,7,0,100.0,37.33,3.7926,9.33,48.8,18.05,ADEQUATE,0,0.137168,14035.5,5590.0,2.5108,0.090808,41.5
37067,NC,Pulmonary,Respiratory Disease,1,7330,32971.6,7,40753,40753.0,154561.6,5821.857142857143,5821.857142857143,7,0,100.0,37.33,3.7926,9.33,48.8,18.05,ADEQUATE,0,0.179864,32971.6,7330.0,4.4982,0.213323,74.62
37067,NC,Pulmonary,Respiratory Disease,1,5358,21165.2,7,40753,40753.0,154561.6,5821.857142857143,5821.857142857143,7,0,100.0,37.33,3.7926,9.33,48.8,18.05,ADEQUATE,0,0.131475,21165.2,5358.0,3.9502,0.136937,35.88
37067,NC,Rheumatology,Arthritis,1,6679,24655.8,7,47651,47651.0,157682.0,6807.285714285715,6807.285714285715,8,1,87.5,62.67,3.3091,1.33,27.51,25.62,ADEQUATE,1,0.140165,24655.8,6679.0,3.6915,0.156364,63.95
37067,NC,Rheumatology,Arthritis,1,5446,16997.0,7,47651,47651.0,157682.0,6807.285714285715,6807.285714285715,8,1,87.5,62.67,3.3091,1.33,27.51,25.62,ADEQUATE,1,0.114289,16997.0,5446.0,3.121,0.107793,38.22
37067,NC,Rheumatology,Arthritis,1,4964,20804.0,7,47651,47651.0,157682.0,6807.285714285715,6807.285714285715,8,1,87.5,62.67,3.3091,1.33,27.51,25.62,ADEQUATE,1,0.104174,20804.0,4964.0,4.191,0.131936,27.3
37067,NC,Rheumatology,Arthritis,1,7396,23971.5,7,47651,47651.0,157682.0,6807.285714285715,6807.285714285715,8,1,87.5,62.67,3.3091,1.33,27.51,25.62,ADEQUATE,1,0.155212,23971.5,7396.0,3.2411,0.152024,75.65
37067,NC,Rheumatology,Arthritis,1,5337,22686.8,7,47651,47651.0,157682.0,6807.285714285715,6807.285714285715,8,1,87.5,62.67,3.3091,1.33,27.51,25.62,ADEQUATE,1,0.112002,22686.8,5337.0,4.2509,0.143877,35.0
37067,NC,Rheumatology,Arthritis,1,8290,20988.5,7,47651,47651.0,157682.0,6807.285714285715,6807.285714285715,8,1,87.5,62.67,3.3091,1.33,27.51,25.62,ADEQUATE,1,0.173973,20988.5,8290.0,2.5318,0.133107,84.65
37067,NC,Rheumatology,Arthritis,1,9539,27578.4,7,47651,47651.0,157682.0,6807.285714285715,6807.285714285715,8,1,87.5,62.67,3.3091,1.33,27.51,25.62,ADEQUATE,1,0.200185,27578.4,9539.0,2.8911,0.174899,92.7
37081,NC,Cardiology,Heart Disease,1,4105,18013.7,11,52356,52356.0,185852.1,4759.636363636364,4759.636363636364,9,0,100.0,8.0,3.5498,73.33,31.77,17.76,ADEQUATE,0,0.078406,18013.7,4105.0,4.3882,0.096925,11.68
37081,NC,Cardiology,Heart Disease,1,3670,11447.3,11,52356,52356.0,185852.1,4759.636363636364,4759.636363636364,9,0,100.0,8.0,3.5498,73.33,31.77,17.76,ADEQUATE,0,0.070097,11447.3,3670.0,3.1192,0.061594,5.95
37081,NC,Cardiology,Heart Disease,1,4604,21923.8,11,52356,52356.0,185852.1,4759.636363636364,4759.636363636364,9,0,100.0,8.0,3.5498,73.33,31.77,17.76,ADEQUATE,0,0.087936,21923.8,4604.0,4.7619,0.117964,20.6
37081,NC,Cardiology,Heart Disease,1,5345,17028.3,11,52356,52356.0,185852.1,4759.636363636364,4759.636363636364,9,0,100.0,8.0,3.5498,73.33,31.77,17.76,ADEQUATE,0,0.10209,17028.3,5345.0,3.1858,0.091623,35.38
37081,NC,Cardiology,Heart Disease,1,3356,14008.1,11,52356,52356.0,185852.1,4759.636363636364,4759.636363636364,9,0,100.0,8.0,3.5498,73.33,31.77,17.76,ADEQUATE,0,0.0641,14008.1,3356.0,4.174,0.075372,2.5
37081,NC,Cardiology,Heart Disease,1,5120,16801.4,11,52356,52356.0,185852.1,4759.636363636364,4759.636363636364,9,0,100.0,8.0,3.5498,73.33,31.77,17.76,ADEQUATE,0,0.097792,16801.4,5120.0,3.2815,0.090402,30.25
37081,NC,Cardiology,Heart Disease,1,4318,11142.1,11,52356,52356.0,185852.1,4759.636363636364,4759.636363636364,9,0,100.0,8.0,3.5498,73.33,31.77,17.76,ADEQUATE,0,0.082474,11142.1,4318.0,2.5804,0.059951,15.1
37081,NC,Cardiology,Heart Disease,1,5918,19344.6,11,52356,52356.0,185852.1,4759.636363636364,4759.636363636364,9,0,100.0,8.0,3.5498,73.33,31.77,17.76,ADEQUATE,0,0.113034,19344.6,5918.0,3.2688,0.104086,49.22
37081,NC,Cardiology,Heart Disease,1,4546,15836.1,11,52356,52356.0,185852.1,4759.636363636364,4759.636363636364,9,0,100.0,8.0,3.5498,73.33,31.77,17.76,ADEQUATE,0,0.086829,15836.1,4546.0,3.4835,0.085208,19.45
37081,NC,Cardiology,Heart Disease,1,6113,17665.4,11,52356,52356.0,185852.1,4759.636363636364,4759.636363636364,9,0,100.0,8.0,3.5498,73.33,31.77,17.76,ADEQUATE,0,0.116758,17665.4,6113.0,2.8898,0.095051,53.18
37081,NC,Cardiology,Heart Disease,1,5261,22641.3,11,52356,52356.0,185852.1,4759.636363636364,4759.636363636364,9,0,100.0,8.0,3.5498,73.33,31.77,17.76,ADEQUATE,0,0.100485,22641.3,5261.0,4.3036,0.121824,33.48
37081,NC,Endocrinology,Diabetes,1,4655,13488.3,10,58363,58363.0,212534.2,5836.3,5836.3,10,0,100.0,38.67,3.6416,10.67,33.52,16.3,ADEQUATE,0,0.079759,13488.3,4655.0,2.8976,0.063464,21.48
37081,NC,Endocrinology,Diabetes,1,5129,22262.3,10,58363,58363.0,212534.2,5836.3,5836.3,10,0,100.0,38.67,3.6416,10.67,33.52,16.3,ADEQUATE,0,0.087881,22262.3,5129.0,4.3405,0.104747,30.55
37081,NC,Endocrinology,Diabetes,1,5332,13368.8,10,58363,58363.0,212534.2,5836.3,5836.3,10,0,100.0,38.67,3.6416,10.67,33.52,16.3,ADEQUATE,0,0.091359,13368.8,5332.0,2.5073,0.062902,34.83
37081,NC,Endocrinology,Diabetes,1,5955,19076.8,10,58363,58363.0,212534.2,5836.3,5836.3,10,0,100.0,38.67,3.6416,10.67,33.52,16.3,ADEQUATE,0,0.102034,19076.8,5955.0,3.2035,0.089759,49.9
37081,NC,Endocrinology,Diabetes,1,6047,28697.0,10,58363,58363.0,212534.2,5836.3,5836.3,10,0,100.0,38.67,3.6416,10.67,33.52,16.3,ADEQUATE,0,0.10361,28697.0,6047.0,4.7457,0.135023,51.85
37081,NC,Endocrinology,Diabetes,1,6703,29156.4,10,58363,58363.0,212534.2,5836.3,5836.3,10,0,100.0,38.67,3.6416,10.67,33.52,16.3,ADEQUATE,0,0.11485,29156.4,6703.0,4.3498,0.137185,64.65
37081,NC,Endocrinology,Diabetes,1,5988,16361.2,10,58363,58363.0,212534.2,5836.3,5836.3,10,0,100.0,38.67,3.6416,10.67,33.52,16.3,ADEQUATE,0,0.102599,16361.2,5988.0,2.7323,0.076981,50.68
37081,NC,Endocrinology,Diabetes,1,7403,29694.5,10,58363,58363.0,212534.2,5836.3,5836.3,10,0,100.0,38.67,3.6416,10.67,33.52,16.3,ADEQUATE,0,0.126844,29694.5,7403.0,4.0111,0.139716,75.8
37081,NC,Endocrinology,Diabetes,1,4727,21922.1,10,58363,58363.0,212534.2,5836.3,5836.3,10,0,100.0,38.67,3.6416,10.67,33.52,16.3,ADEQUATE,0,0.080993,21922.1,4727.0,4.6376,0.103146,22.68
37081,NC,Endocrinology,Diabetes,1,6424,18506.8,10,58363,58363.0,212534.2,5836.3,5836.3,10,0,100.0,38.67,3.6416,10.67,33.52,16.3,ADEQUATE,0,0.11007,18506.8,6424.0,2.8809,0.087077,59.32
37081,NC,Psychiatry,Mental Health Disorders,1,8861,23137.0,8,82930,82930.0,268772.2,10366.25,10366.25,13,5,61.54,100.0,3.241,92.0,64.31,65.75,LOW GAP,5,0.106849,23137.0,8861.0,2.6111,0.086084,89.5
37081,NC,Psychiatry,Mental Health Disorders,1,12548,40321.5,8,82930,82930.0,268772.2,10366.25,10366.25,13,5,61.54,100.0,3.241,92.0,64.31,65.75,LOW GAP,5,0.151308,40321.5,12548.0,3.2134,0.150021,99.6
37081,NC,Psychiatry,Mental Health Disorders,1,8614,25839.9,8,82930,82930.0,268772.2,10366.25,10366.25,13,5,61.54,100.0,3.241,92.0,64.31,65.75,LOW GAP,5,0.103871,25839.9,8614.0,2.9998,0.096141,87.5
37081,NC,Psychiatry,Mental Health Disorders,1,9676,34944.5,8,82930,82930.0,268772.2,10366.25,10366.25,13,5,61.54,100.0,3.241,92.0,64.31,65.75,LOW GAP,5,0.116677,34944.5,9676.0,3.6115,0.130015,93.1
37081,NC,Psychiatry,Mental Health Disorders,1,7352,22109.0,8,82930,82930.0,268772.2,10366.25,10366.25,13,5,61.54,100.0,3.241,92.0,64.31,65.75,LOW GAP,5,0.088653,22109.0,7352.0,3.0072,0.082259,74.88
37081,NC,Psychiatry,Mental Health Disorders,1,12205,55641.1,8,82930,82930.0,268772.2,10366.25,10366.25,13,5,61.54,100.0,3.241,92.0,64.31,65.75,LOW GAP,5,0.147172,55641.1,12205.0,4.5589,0.20702,99.35
37081,NC,Psychiatry,Mental Health Disorders,1,12743,35797.9,8,82930,82930.0,268772.2,10366.25,10366.25,13,5,61.54,100.0,3.241,92.0,64.31,65.75,LOW GAP,5,0.15366,35797.9,12743.0,2.8092,0.13319,99.8
37081,NC,Psychiatry,Mental Health Disorders,1,10931,30981.3,8,82930,82930.0,268772.2,10366.25,10366.25,13,5,61.54,100.0,3.241,92.0,64.31,65.75,LOW GAP,5,0.13181,30981.3,10931.0,2.8343,0.11527,97.55
37081,NC,Pulmonary,Respiratory Disease,1,5611,17280.5,10,56812,56812.0,191693.3,5681.2,5681.2,9,0,100.0,29.33,3.3742,25.33,42.76,17.55,ADEQUATE,0,0.098764,17280.5,5611.0,3.0798,0.090147,42.05
37081,NC,Pulmonary,Respiratory Disease,1,6711,23782.8,10,56812,56812.0,191693.3,5681.2,5681.2,9,0,100.0,29.33,3.3742,25.33,42.76,17.55,ADEQUATE,0,0.118126,23782.8,6711.0,3.5439,0.124067,64.75
37081,NC,Pulmonary,Respiratory Disease,1,3936,11229.1,10,56812,56812.0,191693.3,5681.2,5681.2,9,0,100.0,29.33,3.3742,25.33,42.76,17.55,ADEQUATE,0,0.069281,11229.1,3936.0,2.8529,0.058578,8.62
37081,NC,Pulmonary,Respiratory Disease,1,5210,17452.8,10,56812,56812.0,191693.3,5681.2,5681.2,9,0,100.0,29.33,3.3742,25.33,42.76,17.55,ADEQUATE,0,0.091706,17452.8,5210.0,3.3499,0.091045,32.5
37081,NC,Pulmonary,Respiratory Disease,1,6242,24672.7,10,56812,56812.0,191693.3,5681.2,5681.2,9,0,100.0,29.33,3.3742,25.33,42.76,17.55,ADEQUATE,0,0.109871,24672.7,6242.0,3.9527,0.128709,55.82
37081,NC,Pulmonary,Respiratory Disease,1,7320,28500.4,10,56812,56812.0,191693.3,5681.2,5681.2,9,0,100.0,29.33,3.3742,25.33,42.76,17.55,ADEQUATE,0,0.128846,28500.4,7320.0,3.8935,0.148677,74.4
37081,NC,Pulmonary,Respiratory Disease,1,4258,20392.8,10,56812,56812.0,191693.3,5681.2,5681.2,9,0,100.0,29.33,3.3742,25.33,42.76,17.55,ADEQUATE,0,0.074949,20392.8,4258.0,4.7893,0.106382,14.3
37081,NC,Pulmonary,Respiratory Disease,1,6455,18078.5,10,56812,56812.0,191693.3,5681.2,5681.2,9,0,100.0,29.33,3.3742,25.33,42.76,17.55,ADEQUATE,0,0.11362,18078.5,6455.0,2.8007,0.09431,60.02
37081,NC,Pulmonary,Respiratory Disease,1,6605,17254.1,10,56812,56812.0,191693.3,5681.2,5681.2,9,0,100.0,29.33,3.3742,25.33,42.76,17.55,ADEQUATE,0,0.116261,17254.1,6605.0,2.6123,0.090009,62.55
37081,NC,Pulmonary,Respiratory Disease,1,4464,13049.6,10,56812,56812.0,191693.3,5681.2,5681.2,9,0,100.0,29.33,3.3742,25.33,42.76,17.55,ADEQUATE,0,0.078575,13049.6,4464.0,2.9233,0.068075,17.88
37081,NC,Rheumatology,Arthritis,1,5503,23497.5,9,68747,68747.0,269923.3,7638.555555555556,7638.555555555556,11,2,81.82,72.0,3.9263,94.67,3.07,40.84,ADEQUATE,2,0.080047,23497.5,5503.0,4.2699,0.087053,39.57
37081,NC,Rheumatology,Arthritis,1,6143,20251.1,9,68747,68747.0,269923.3,7638.555555555556,7638.555555555556,11,2,81.82,72.0,3.9263,94.67,3.07,40.84,ADEQUATE,2,0.089357,20251.1,6143.0,3.2966,0.075025,53.8
37081,NC,Rheumatology,Arthritis,1,5798,19778.1,9,68747,68747.0,269923.3,7638.555555555556,7638.555555555556,11,2,81.82,72.0,3.9263,94.67,3.07,40.84,ADEQUATE,2,0.084338,19778.1,5798.0,3.4112,0.073273,46.55
37081,NC,Rheumatology,Arthritis,1,8646,35819.9,9,68747,68747.0,269923.3,7638.555555555556,7638.555555555556,11,2,81.82,72.0,3.9263,94.67,3.07,40.84,ADEQUATE,2,0.125765,35819.9,8646.0,4.1429,0.132704,87.6
37081,NC,Rheumatology,Arthritis,1,8151,26220.3,9,68747,68747.0,269923.3,7638.555555555556,7638.555555555556,11,2,81.82,72.0,3.9263,94.67,3.07,40.84,ADEQUATE,2,0.118565,26220.3,8151.0,3.2168,0.09714,83.32
37081,NC,Rheumatology,Arthritis,1,6993,21717.3,9,68747,68747.0,269923.3,7638.555555555556,7638.555555555556,11,2,81.82,72.0,3.9263,94.67,3.07,40.84,ADEQUATE,2,0.101721,21717.3,6993.0,3.1056,0.080457,69.42
37081,NC,Rheumatology,Arthritis,1,9024,35884.3,9,68747,68747.0,269923.3,7638.555555555556,7638.555555555556,11,2,81.82,72.0,3.9263,94.67,3.07,40.84,ADEQUATE,2,0.131264,35884.3,9024.0,3.9765,0.132943,90.6
37081,NC,Rheumatology,Arthritis,1,8263,37935.6,9,68747,68747.0,269923.3,7638.555555555556,7638.555555555556,11,2,81.82,72.0,3.9263,94.67,3.07,40.84,ADEQUATE,2,0.120194,37935.6,8263.0,4.591,0.140542,84.3
37081,NC,Rheumatology,Arthritis,1,10226,48819.2,9,68747,68747.0,269923.3,7638.555555555556,7638.555555555556,11,2,81.82,72.0,3.9263,94.67,3.07,40.84,ADEQUATE,2,0.148748,48819.2,10226.0,4.774,0.180863,95.05
37119,NC,Cardiology,Heart Disease,1,3482,8557.6,23,114469,114469.0,408958.8,4976.913043478261,4976.913043478261,18,0,100.0,10.67,3.5727,66.67,43.22,19.15,ADEQUATE,0,0.030419,8557.6,3482.0,2.4577,0.020925,3.45
37119,NC,Cardiology,Heart Disease,1,6301,27142.7,23,114469,114469.0,408958.8,4976.913043478261,4976.913043478261,18,0,100.0,10.67,3.5727,66.67,43.22,19.15,ADEQUATE,0,0.055045,27142.7,6301.0,4.3077,0.06637,57.18
37119,NC,Cardiology,Heart Disease,1,4977,19634.2,23,114469,114469.0,408958.8,4976.913043478261,4976.913043478261,18,0,100.0,10.67,3.5727,66.67,43.22,19.15,ADEQUATE,0,0.043479,19634.2,4977.0,3.945,0.04801,27.6
37119,NC,Cardiology,Heart Disease,1,4145,16088.3,23,114469,114469.0,408958.8,4976.913043478261,4976.913043478261,18,0,100.0,10.67,3.5727,66.67,43.22,19.15,ADEQUATE,0,0.036211,16088.3,4145.0,3.8814,0.03934,12.45
37119,NC,Cardiology,Heart Disease,1,4242,14942.5,23,114469,114469.0,408958.8,4976.913043478261,4976.913043478261,18,0,100.0,10.67,3.5727,66.67,43.22,19.15,ADEQUATE,0,0.037058,14942.5,4242.0,3.5225,0.036538,14.25
37119,NC,Cardiology,Heart Disease,1,3429,8808.7,23,114469,114469.0,408958.8,4976.913043478261,4976.913043478261,18,0,100.0,10.67,3.5727,66.67,43.22,19.15,ADEQUATE,0,0.029956,8808.7,3429.0,2.5689,0.021539,3.15
37119,NC,Cardiology,Heart Disease,1,6224,28902.0,23,114469,114469.0,408958.8,4976.913043478261,4976.913043478261,18,0,100.0,10.67,3.5727,66.67,43.22,19.15,ADEQUATE,0,0.054373,28902.0,6224.0,4.6436,0.070672,55.35
37119,NC,Cardiology,Heart Disease,1,4269,16223.2,23,114469,114469.0,408958.8,4976.913043478261,4976.913043478261,18,0,100.0,10.67,3.5727,66.67,43.22,19.15,ADEQUATE,0,0.037294,16223.2,4269.0,3.8002,0.03967,14.55
37119,NC,Cardiology,Heart Disease,1,6061,25922.8,23,114469,114469.0,408958.8,4976.913043478261,4976.913043478261,18,0,100.0,10.67,3.5727,66.67,43.22,19.15,ADEQUATE,0,0.052949,25922.8,6061.0,4.277,0.063387,52.05
37119,NC,Cardiology,Heart Disease,1,5360,23664.9,23,114469,114469.0,408958.8,4976.913043478261,4976.913043478261,18,0,100.0,10.67,3.5727,66.67,43.22,19.15,ADEQUATE,0,0.046825,23664.9,5360.0,4.4151,0.057866,35.98
37119,NC,Cardiology,Heart Disease,1,5635,24680.5,23,114469,114469.0,408958.8,4976.913043478261,4976.913043478261,18,0,100.0,10.67,3.5727,66.67,43.22,19.15,ADEQUATE,0,0.049227,24680.5,5635.0,4.3799,0.06035,42.45
37119,NC,Cardiology,Heart Disease,1,5751,16386.4,23,114469,114469.0,408958.8,4976.913043478261,4976.913043478261,18,0,100.0,10.67,3.5727,66.67,43.22,19.15,ADEQUATE,0,0.050241,16386.4,5751.0,2.8493,0.040069,45.5
37119,NC,Cardiology,Heart Disease,1,6210,19521.7,23,114469,114469.0,408958.8,4976.913043478261,4976.913043478261,18,0,100.0,10.67,3.5727,66.67,43.22,19.15,ADEQUATE,0,0.05425,19521.7,6210.0,3.1436,0.047735,55.15
37119,NC,Cardiology,Heart Disease,1,5186,17663.2,23,114469,114469.0,408958.8,4976.913043478261,4976.913043478261,18,0,100.0,10.67,3.5727,66.67,43.22,19.15,ADEQUATE,0,0.045305,17663.2,5186.0,3.4059,0.043191,31.67
37119,NC,Cardiology,Heart Disease,1,5884,16281.2,23,114469,114469.0,408958.8,4976.913043478261,4976.913043478261,18,0,100.0,10.67,3.5727,66.67,43.22,19.15,ADEQUATE,0,0.051403,16281.2,5884.0,2.767,0.039811,48.1
37119,NC,Cardiology,Heart Disease,1,5809,18583.4,23,114469,114469.0,408958.8,4976.913043478261,4976.913043478261,18,0,100.0,10.67,3.5727,66.67,43.22,19.15,ADEQUATE,0,0.050747,18583.4,5809.0,3.1991,0.045441,46.8
37119,NC,Cardiology,Heart Disease,1,3590,11765.0,23,114469,114469.0,408958.8,4976.913043478261,4976.913043478261,18,0,100.0,10.67,3.5727,66.67,43.22,19.15,ADEQUATE,0,0.031362,11765.0,3590.0,3.2772,0.028768,4.5
37119,NC,Cardiology,Heart Disease,1,5724,15861.3,23,114469,114469.0,408958.8,4976.913043478261,4976.913043478261,18,0,100.0,10.67,3.5727,66.67,43.22,19.15,ADEQUATE,0,0.050005,15861.3,5724.0,2.771,0.038785,44.7
37119,NC,Cardiology,Heart Disease,1,4202,18380.2,23,114469,114469.0,408958.8,4976.913043478261,4976.913043478261,18,0,100.0,10.67,3.5727,66.67,43.22,19.15,ADEQUATE,0,0.036709,18380.2,4202.0,4.3742,0.044944,13.45
37119,NC,Cardiology,Heart Disease,1,3316,8504.2,23,114469,114469.0,408958.8,4976.913043478261,4976.913043478261,18,0,100.0,10.67,3.5727,66.67,43.22,19.15,ADEQUATE,0,0.028969,8504.2,3316.0,2.5646,0.020795,2.25
37119,NC,Cardiology,Heart Disease,1,3592,9452.9,23,114469,114469.0,408958.8,4976.913043478261,4976.913043478261,18,0,100.0,10.67,3.5727,66.67,43.22,19.15,ADEQUATE,0,0.03138,9452.9,3592.0,2.6317,0.023115,4.55
37119,NC,Cardiology,Heart Disease,1,5754,16816.9,23,114469,114469.0,408958.8,4976.913043478261,4976.913043478261,18,0,100.0,10.67,3.5727,66.67,43.22,19.15,ADEQUATE,0,0.050267,16816.9,5754.0,2.9226,0.041121,45.55
37119,NC,Cardiology,Heart Disease,1,5326,25175.0,23,114469,114469.0,408958.8,4976.913043478261,4976.913043478261,18,0,100.0,10.67,3.5727,66.67,43.22,19.15,ADEQUATE,0,0.046528,25175.0,5326.0,4.7268,0.061559,34.62
37119,NC,Endocrinology,Diabetes,1,4739,21887.6,22,142473,142473.0,506022.2,6476.045454545455,6476.045454545455,23,1,95.65,53.33,3.5517,50.67,52.68,30.79,ADEQUATE,1,0.033262,21887.6,4739.0,4.6186,0.043254,22.9
37119,NC,Endocrinology,Diabetes,1,7842,33371.9,22,142473,142473.0,506022.2,6476.045454545455,6476.045454545455,23,1,95.65,53.33,3.5517,50.67,52.68,30.79,ADEQUATE,1,0.055042,33371.9,7842.0,4.2555,0.065949,80.27
37119,NC,Endocrinology,Diabetes,1,5002,18592.8,22,142473,142473.0,506022.2,6476.045454545455,6476.045454545455,23,1,95.65,53.33,3.5517,50.67,52.68,30.79,ADEQUATE,1,0.035108,18592.8,5002.0,3.7171,0.036743,28.22
37119,NC,Endocrinology,Diabetes,1,8274,33822.6,22,142473,142473.0,506022.2,6476.045454545455,6476.045454545455,23,1,95.65,53.33,3.5517,50.67,52.68,30.79,ADEQUATE,1,0.058074,33822.6,8274.0,4.0878,0.06684,84.4
37119,NC,Endocrinology,Diabetes,1,6581,19317.8,22,142473,142473.0,506022.2,6476.045454545455,6476.045454545455,23,1,95.65,53.33,3.5517,50.67,52.68,30.79,ADEQUATE,1,0.046191,19317.8,6581.0,2.9354,0.038176,62.2
37119,NC,Endocrinology,Diabetes,1,7124,18127.1,22,142473,142473.0,506022.2,6476.045454545455,6476.045454545455,23,1,95.65,53.33,3.5517,50.67,52.68,30.79,ADEQUATE,1,0.050002,18127.1,7124.0,2.5445,0.035823,71.6
37119,NC,Endocrinology,Diabetes,1,4906,16346.3,22,142473,142473.0,506022.2,6476.045454545455,6476.045454545455,23,1,95.65,53.33,3.5517,50.67,52.68,30.79,ADEQUATE,1,0.034435,16346.3,4906.0,3.3319,0.032304,26.2
37119,NC,Endocrinology,Diabetes,1,6567,30652.6,22,142473,142473.0,506022.2,6476.045454545455,6476.045454545455,23,1,95.65,53.33,3.5517,50.67,52.68,30.79,ADEQUATE,1,0.046093,30652.6,6567.0,4.6677,0.060576,61.88
37119,NC,Endocrinology,Diabetes,1,7338,20666.0,22,142473,142473.0,506022.2,6476.045454545455,6476.045454545455,23,1,95.65,53.33,3.5517,50.67,52.68,30.79,ADEQUATE,1,0.051504,20666.0,7338.0,2.8163,0.04084,74.75
37119,NC,Endocrinology,Diabetes,1,5443,17993.6,22,142473,142473.0,506022.2,6476.045454545455,6476.045454545455,23,1,95.65,53.33,3.5517,50.67,52.68,30.79,ADEQUATE,1,0.038204,17993.6,5443.0,3.3058,0.035559,38.02
37119,NC,Endocrinology,Diabetes,1,8198,29454.4,22,142473,142473.0,506022.2,6476.045454545455,6476.045454545455,23,1,95.65,53.33,3.5517,50.67,52.68,30.79,ADEQUATE,1,0.057541,29454.4,8198.0,3.5929,0.058208,83.8
37119,NC,Endocrinology,Diabetes,1,4037,11301.0,22,142473,142473.0,506022.2,6476.045454545455,6476.045454545455,23,1,95.65,53.33,3.5517,50.67,52.68,30.79,ADEQUATE,1,0.028335,11301.0,4037.0,2.7994,0.022333,10.3
37119,NC,Endocrinology,Diabetes,1,4579,17898.4,22,142473,142473.0,506022.2,6476.045454545455,6476.045454545455,23,1,95.65,53.33,3.5517,50.67,52.68,30.79,ADEQUATE,1,0.032139,17898.4,4579.0,3.9088,0.035371,19.85
37119,NC,Endocrinology,Diabetes,1,8141,31871.3,22,142473,142473.0,506022.2,6476.045454545455,6476.045454545455,23,1,95.65,53.33,3.5517,50.67,52.68,30.79,ADEQUATE,1,0.057141,31871.3,8141.0,3.9149,0.062984,83.1
37119,NC,Endocrinology,Diabetes,1,5832,18856.0,22,142473,142473.0,506022.2,6476.045454545455,6476.045454545455,23,1,95.65,53.33,3.5517,50.67,52.68,30.79,ADEQUATE,1,0.040934,18856.0,5832.0,3.2332,0.037263,47.05
37119,NC,Endocrinology,Diabetes,1,6625,23719.7,22,142473,142473.0,506022.2,6476.045454545455,6476.045454545455,23,1,95.65,53.33,3.5517,50.67,52.68,30.79,ADEQUATE,1,0.0465,23719.7,6625.0,3.5803,0.046875,62.9
37119,NC,Endocrinology,Diabetes,1,6361,22034.3,22,142473,142473.0,506022.2,6476.045454545455,6476.045454545455,23,1,95.65,53.33,3.5517,50.67,52.68,30.79,ADEQUATE,1,0.044647,22034.3,6361.0,3.464,0.043544,58.35
37119,NC,Endocrinology,Diabetes,1,4968,22703.0,22,142473,142473.0,506022.2,6476.045454545455,6476.045454545455,23,1,95.65,53.33,3.5517,50.67,52.68,30.79,ADEQUATE,1,0.03487,22703.0,4968.0,4.5698,0.044866,27.5
37119,NC,Endocrinology,Diabetes,1,6313,16005.7,22,142473,142473.0,506022.2,6476.045454545455,6476.045454545455,23,1,95.65,53.33,3.5517,50.67,52.68,30.79,ADEQUATE,1,0.04431,16005.7,6313.0,2.5354,0.03163,57.5
37119,NC,Endocrinology,Diabetes,1,8317,22662.6,22,142473,142473.0,506022.2,6476.045454545455,6476.045454545455,23,1,95.65,53.33,3.5517,50.67,52.68,30.79,ADEQUATE,1,0.058376,22662.6,8317.0,2.7249,0.044786,84.95
37119,NC,Endocrinology,Diabetes,1,7275,25827.0,22,142473,142473.0,506022.2,6476.045454545455,6476.045454545455,23,1,95.65,53.33,3.5517,50.67,52.68,30.79,ADEQUATE,1,0.051062,25827.0,7275.0,3.5501,0.051039,73.85
37119,NC,Endocrinology,Diabetes,1,8011,32910.5,22,142473,142473.0,506022.2,6476.045454545455,6476.045454545455,23,1,95.65,53.33,3.5517,50.67,52.68,30.79,ADEQUATE,1,0.056228,32910.5,8011.0,4.1082,0.065038,81.6
37119,NC,Psychiatry,Mental Health Disorders,1,7568,34423.6,19,174763,174763.0,597167.5,9198.052631578948,9198.052631578948,28,9,67.86,89.33,3.417,86.67,39.13,55.67,LOW GAP,9,0.043304,34423.6,7568.0,4.5486,0.057645,78.18
37119,NC,Psychiatry,Mental Health Disorders,1,8320,38558.5,19,174763,174763.0,597167.5,9198.052631578948,9198.052631578948,28,9,67.86,89.33,3.417,86.67,39.13,55.67,LOW GAP,9,0.047607,38558.5,8320.0,4.6344,0.064569,85.0
37119,NC,Psychiatry,Mental Health Disorders,1,10444,44267.3,19,174763,174763.0,597167.5,9198.052631578948,9198.052631578948,28,9,67.86,89.33,3.417,86.67,39.13,55.67,LOW GAP,9,0.059761,44267.3,10444.0,4.2385,0.074129,96.05
37119,NC,Psychiatry,Mental Health Disorders,1,7169,17379.2,19,174763,174763.0,597167.5,9198.052631578948,9198.052631578948,28,9,67.86,89.33,3.417,86.67,39.13,55.67,LOW GAP,9,0.041021,17379.2,7169.0,2.4242,0.029103,72.15
37119,NC,Psychiatry,Mental Health Disorders,1,8467,35848.1,19,174763,174763.0,597167.5,9198.052631578948,9198.052631578948,28,9,67.86,89.33,3.417,86.67,39.13,55.67,LOW GAP,9,0.048448,35848.1,8467.0,4.2339,0.06003,86.35
37119,NC,Psychiatry,Mental Health Disorders,1,10555,27874.2,19,174763,174763.0,597167.5,9198.052631578948,9198.052631578948,28,9,67.86,89.33,3.417,86.67,39.13,55.67,LOW GAP,9,0.060396,27874.2,10555.0,2.6409,0.046677,96.75
37119,NC,Psychiatry,Mental Health Disorders,1,6645,20048.4,19,174763,174763.0,597167.5,9198.052631578948,9198.052631578948,28,9,67.86,89.33,3.417,86.67,39.13,55.67,LOW GAP,9,0.038023,20048.4,6645.0,3.0171,0.033572,63.25
37119,NC,Psychiatry,Mental Health Disorders,1,11311,45864.8,19,174763,174763.0,597167.5,9198.052631578948,9198.052631578948,28,9,67.86,89.33,3.417,86.67,39.13,55.67,LOW GAP,9,0.064722,45864.8,11311.0,4.0549,0.076804,98.2
37119,NC,Psychiatry,Mental Health Disorders,1,6110,17777.4,19,174763,174763.0,597167.5,9198.052631578948,9198.052631578948,28,9,67.86,89.33,3.417,86.67,39.13,55.67,LOW GAP,9,0.034962,17777.4,6110.0,2.9096,0.02977,53.05
37119,NC,Psychiatry,Mental Health Disorders,1,10525,27869.8,19,174763,174763.0,597167.5,9198.052631578948,9198.052631578948,28,9,67.86,89.33,3.417,86.67,39.13,55.67,LOW GAP,9,0.060224,27869.8,10525.0,2.648,0.04667,96.5
37119,NC,Psychiatry,Mental Health Disorders,1,9160,23175.6,19,174763,174763.0,597167.5,9198.052631578948,9198.052631578948,28,9,67.86,89.33,3.417,86.67,39.13,55.67,LOW GAP,9,0.052414,23175.6,9160.0,2.5301,0.038809,91.2
37119,NC,Psychiatry,Mental Health Disorders,1,8925,31463.1,19,174763,174763.0,597167.5,9198.052631578948,9198.052631578948,28,9,67.86,89.33,3.417,86.67,39.13,55.67,LOW GAP,9,0.051069,31463.1,8925.0,3.5253,0.052687,90.05
37119,NC,Psychiatry,Mental Health Disorders,1,9700,35784.4,19,174763,174763.0,597167.5,9198.052631578948,9198.052631578948,28,9,67.86,89.33,3.417,86.67,39.13,55.67,LOW GAP,9,0.055504,35784.4,9700.0,3.6891,0.059924,93.2
37119,NC,Psychiatry,Mental Health Disorders,1,10429,26523.9,19,174763,174763.0,597167.5,9198.052631578948,9198.052631578948,28,9,67.86,89.33,3.417,86.67,39.13,55.67,LOW GAP,9,0.059675,26523.9,10429.0,2.5433,0.044416,95.85
37119,NC,Psychiatry,Mental Health Disorders,1,11320,34941.7,19,174763,174763.0,597167.5,9198.052631578948,9198.052631578948,28,9,67.86,89.33,3.417,86.67,39.13,55.67,LOW GAP,9,0.064773,34941.7,11320.0,3.0867,0.058512,98.25
37119,NC,Psychiatry,Mental Health Disorders,1,7669,27689.2,19,174763,174763.0,597167.5,9198.052631578948,9198.052631578948,28,9,67.86,89.33,3.417,86.67,39.13,55.67,LOW GAP,9,0.043882,27689.2,7669.0,3.6105,0.046368,78.95
37119,NC,Psychiatry,Mental Health Disorders,1,11505,29661.9,19,174763,174763.0,597167.5,9198.052631578948,9198.052631578948,28,9,67.86,89.33,3.417,86.67,39.13,55.67,LOW GAP,9,0.065832,29661.9,11505.0,2.5782,0.049671,98.8
37119,NC,Psychiatry,Mental Health Disorders,1,11497,47069.1,19,174763,174763.0,597167.5,9198.052631578948,9198.052631578948,28,9,67.86,89.33,3.417,86.67,39.13,55.67,LOW GAP,9,0.065786,47069.1,11497.0,4.094,0.078821,98.75
37119,NC,Psychiatry,Mental Health Disorders,1,7444,30947.3,19,174763,174763.0,597167.5,9198.052631578948,9198.052631578948,28,9,67.86,89.33,3.417,86.67,39.13,55.67,LOW GAP,9,0.042595,30947.3,7444.0,4.1573,0.051823,76.55
37119,NC,Pulmonary,Respiratory Disease,1,4141,17648.8,22,133664,133664.0,467785.1,6075.636363636364,6075.636363636364,21,0,100.0,44.0,3.4997,70.67,27.39,25.71,ADEQUATE,0,0.030981,17648.8,4141.0,4.262,0.037728,12.22
37119,NC,Pulmonary,Respiratory Disease,1,4512,15655.3,22,133664,133664.0,467785.1,6075.636363636364,6075.636363636364,21,0,100.0,44.0,3.4997,70.67,27.39,25.71,ADEQUATE,0,0.033756,15655.3,4512.0,3.4697,0.033467,18.73
37119,NC,Pulmonary,Respiratory Disease,1,4832,20985.5,22,133664,133664.0,467785.1,6075.636363636364,6075.636363636364,21,0,100.0,44.0,3.4997,70.67,27.39,25.71,ADEQUATE,0,0.03615,20985.5,4832.0,4.343,0.044861,25.25
37119,NC,Pulmonary,Respiratory Disease,1,6978,30922.8,22,133664,133664.0,467785.1,6075.636363636364,6075.636363636364,21,0,100.0,44.0,3.4997,70.67,27.39,25.71,ADEQUATE,0,0.052206,30922.8,6978.0,4.4315,0.066105,68.95
37119,NC,Pulmonary,Respiratory Disease,1,6599,23393.1,22,133664,133664.0,467785.1,6075.636363636364,6075.636363636364,21,0,100.0,44.0,3.4997,70.67,27.39,25.71,ADEQUATE,0,0.04937,23393.1,6599.0,3.5449,0.050008,62.4
37119,NC,Pulmonary,Respiratory Disease,1,4545,18991.6,22,133664,133664.0,467785.1,6075.636363636364,6075.636363636364,21,0,100.0,44.0,3.4997,70.67,27.39,25.71,ADEQUATE,0,0.034003,18991.6,4545.0,4.1786,0.040599,19.4
37119,NC,Pulmonary,Respiratory Disease,1,6571,16915.7,22,133664,133664.0,467785.1,6075.636363636364,6075.636363636364,21,0,100.0,44.0,3.4997,70.67,27.39,25.71,ADEQUATE,0,0.049161,16915.7,6571.0,2.5743,0.036161,62.1
37119,NC,Pulmonary,Respiratory Disease,1,5403,24152.1,22,133664,133664.0,467785.1,6075.636363636364,6075.636363636364,21,0,100.0,44.0,3.4997,70.67,27.39,25.71,ADEQUATE,0,0.040422,24152.1,5403.0,4.4701,0.051631,36.9
37119,NC,Pulmonary,Respiratory Disease,1,4163,13075.7,22,133664,133664.0,467785.1,6075.636363636364,6075.636363636364,21,0,100.0,44.0,3.4997,70.67,27.39,25.71,ADEQUATE,0,0.031145,13075.7,4163.0,3.1409,0.027952,12.8
37119,NC,Pulmonary,Respiratory Disease,1,7322,25549.0,22,133664,133664.0,467785.1,6075.636363636364,6075.636363636364,21,0,100.0,44.0,3.4997,70.67,27.39,25.71,ADEQUATE,0,0.054779,25549.0,7322.0,3.4893,0.054617,74.45
37119,NC,Pulmonary,Respiratory Disease,1,6642,23318.5,22,133664,133664.0,467785.1,6075.636363636364,6075.636363636364,21,0,100.0,44.0,3.4997,70.67,27.39,25.71,ADEQUATE,0,0.049692,23318.5,6642.0,3.5108,0.049849,63.1
37119,NC,Pulmonary,Respiratory Disease,1,7204,33168.5,22,133664,133664.0,467785.1,6075.636363636364,6075.636363636364,21,0,100.0,44.0,3.4997,70.67,27.39,25.71,ADEQUATE,0,0.053896,33168.5,7204.0,4.6042,0.070905,72.6
37119,NC,Pulmonary,Respiratory Disease,1,7106,19499.3,22,133664,133664.0,467785.1,6075.636363636364,6075.636363636364,21,0,100.0,44.0,3.4997,70.67,27.39,25.71,ADEQUATE,0,0.053163,19499.3,7106.0,2.7441,0.041684,71.35
37119,NC,Pulmonary,Respiratory Disease,1,6673,20181.4,22,133664,133664.0,467785.1,6075.636363636364,6075.636363636364,21,0,100.0,44.0,3.4997,70.67,27.39,25.71,ADEQUATE,0,0.049924,20181.4,6673.0,3.0243,0.043142,63.85
37119,NC,Pulmonary,Respiratory Disease,1,7443,31502.0,22,133664,133664.0,467785.1,6075.636363636364,6075.636363636364,21,0,100.0,44.0,3.4997,70.67,27.39,25.71,ADEQUATE,0,0.055684,31502.0,7443.0,4.2324,0.067343,76.48
37119,NC,Pulmonary,Respiratory Disease,1,7194,20625.6,22,133664,133664.0,467785.1,6075.636363636364,6075.636363636364,21,0,100.0,44.0,3.4997,70.67,27.39,25.71,ADEQUATE,0,0.053822,20625.6,7194.0,2.8671,0.044092,72.45
37119,NC,Pulmonary,Respiratory Disease,1,5371,14513.6,22,133664,133664.0,467785.1,6075.636363636364,6075.636363636364,21,0,100.0,44.0,3.4997,70.67,27.39,25.71,ADEQUATE,0,0.040183,14513.6,5371.0,2.7022,0.031026,36.18
37119,NC,Pulmonary,Respiratory Disease,1,7353,26632.9,22,133664,133664.0,467785.1,6075.636363636364,6075.636363636364,21,0,100.0,44.0,3.4997,70.67,27.39,25.71,ADEQUATE,0,0.055011,26632.9,7353.0,3.622,0.056934,74.95
37119,NC,Pulmonary,Respiratory Disease,1,5465,19153.1,22,133664,133664.0,467785.1,6075.636363636364,6075.636363636364,21,0,100.0,44.0,3.4997,70.67,27.39,25.71,ADEQUATE,0,0.040886,19153.1,5465.0,3.5047,0.040944,38.9
37119,NC,Pulmonary,Respiratory Disease,1,4694,12204.2,22,133664,133664.0,467785.1,6075.636363636364,6075.636363636364,21,0,100.0,44.0,3.4997,70.67,27.39,25.71,ADEQUATE,0,0.035118,12204.2,4694.0,2.6,0.026089,22.0
37119,NC,Pulmonary,Respiratory Disease,1,7544,21917.1,22,133664,133664.0,467785.1,6075.636363636364,6075.636363636364,21,0,100.0,44.0,3.4997,70.67,27.39,25.71,ADEQUATE,0,0.05644,21917.1,7544.0,2.9052,0.046853,77.9
37119,NC,Pulmonary,Respiratory Disease,1,5909,17779.3,22,133664,133664.0,467785.1,6075.636363636364,6075.636363636364,21,0,100.0,44.0,3.4997,70.67,27.39,25.71,ADEQUATE,0,0.044208,17779.3,5909.0,3.0089,0.038007,49.05
37119,NC,Rheumatology,Arthritis,1,6893,19238.3,21,156754,156754.0,562521.9,7464.476190476191,7464.476190476191,25,4,84.0,70.67,3.5886,41.33,35.55,36.4,ADEQUATE,4,0.043973,19238.3,6893.0,2.791,0.0342,67.75
37119,NC,Rheumatology,Arthritis,1,9458,30137.4,21,156754,156754.0,562521.9,7464.476190476191,7464.476190476191,25,4,84.0,70.67,3.5886,41.33,35.55,36.4,ADEQUATE,4,0.060337,30137.4,9458.0,3.1864,0.053576,92.5
37119,NC,Rheumatology,Arthritis,1,5837,26824.0,21,156754,156754.0,562521.9,7464.476190476191,7464.476190476191,25,4,84.0,70.67,3.5886,41.33,35.55,36.4,ADEQUATE,4,0.037237,26824.0,5837.0,4.5955,0.047685,47.25
37119,NC,Rheumatology,Arthritis,1,6775,29667.6,21,156754,156754.0,562521.9,7464.476190476191,7464.476190476191,25,4,84.0,70.67,3.5886,41.33,35.55,36.4,ADEQUATE,4,0.043221,29667.6,6775.0,4.379,0.05274,65.75
37119,NC,Rheumatology,Arthritis,1,5604,16267.2,21,156754,156754.0,562521.9,7464.476190476191,7464.476190476191,25,4,84.0,70.67,3.5886,41.33,35.55,36.4,ADEQUATE,4,0.03575,16267.2,5604.0,2.9028,0.028918,41.9
37119,NC,Rheumatology,Arthritis,1,7871,34015.1,21,156754,156754.0,562521.9,7464.476190476191,7464.476190476191,25,4,84.0,70.67,3.5886,41.33,35.55,36.4,ADEQUATE,4,0.050212,34015.1,7871.0,4.3216,0.060469,80.5
37119,NC,Rheumatology,Arthritis,1,8885,39820.6,21,156754,156754.0,562521.9,7464.476190476191,7464.476190476191,25,4,84.0,70.67,3.5886,41.33,35.55,36.4,ADEQUATE,4,0.056681,39820.6,8885.0,4.4818,0.070789,89.85
37119,NC,Rheumatology,Arthritis,1,7217,20391.0,21,156754,156754.0,562521.9,7464.476190476191,7464.476190476191,25,4,84.0,70.67,3.5886,41.33,35.55,36.4,ADEQUATE,4,0.04604,20391.0,7217.0,2.8254,0.036249,72.85
37119,NC,Rheumatology,Arthritis,1,5922,18228.6,21,156754,156754.0,562521.9,7464.476190476191,7464.476190476191,25,4,84.0,70.67,3.5886,41.33,35.55,36.4,ADEQUATE,4,0.037779,18228.6,5922.0,3.0781,0.032405,49.4
37119,NC,Rheumatology,Arthritis,1,5876,20140.9,21,156754,156754.0,562521.9,7464.476190476191,7464.476190476191,25,4,84.0,70.67,3.5886,41.33,35.55,36.4,ADEQUATE,4,0.037485,20140.9,5876.0,3.4277,0.035805,47.95
37119,NC,Rheumatology,Arthritis,1,9439,26663.6,21,156754,156754.0,562521.9,7464.476190476191,7464.476190476191,25,4,84.0,70.67,3.5886,41.33,35.55,36.4,ADEQUATE,4,0.060215,26663.6,9439.0,2.8248,0.0474,92.35
37119,NC,Rheumatology,Arthritis,1,8444,29968.3,21,156754,156754.0,562521.9,7464.476190476191,7464.476190476191,25,4,84.0,70.67,3.5886,41.33,35.55,36.4,ADEQUATE,4,0.053868,29968.3,8444.0,3.5491,0.053275,86.05
37119,NC,Rheumatology,Arthritis,1,8081,30078.0,21,156754,156754.0,562521.9,7464.476190476191,7464.476190476191,25,4,84.0,70.67,3.5886,41.33,35.55,36.4,ADEQUATE,4,0.051552,30078.0,8081.0,3.7221,0.05347,82.55
37119,NC,Rheumatology,Arthritis,1,8741,24560.4,21,156754,156754.0,562521.9,7464.476190476191,7464.476190476191,25,4,84.0,70.67,3.5886,41.33,35.55,36.4,ADEQUATE,4,0.055763,24560.4,8741.0,2.8098,0.043661,88.45
37119,NC,Rheumatology,Arthritis,1,8338,27162.3,21,156754,156754.0,562521.9,7464.476190476191,7464.476190476191,25,4,84.0,70.67,3.5886,41.33,35.55,36.4,ADEQUATE,4,0.053192,27162.3,8338.0,3.2577,0.048287,85.15
37119,NC,Rheumatology,Arthritis,1,9062,31171.6,21,156754,156754.0,562521.9,7464.476190476191,7464.476190476191,25,4,84.0,70.67,3.5886,41.33,35.55,36.4,ADEQUATE,4,0.05781,31171.6,9062.0,3.4398,0.055414,90.9
37119,NC,Rheumatology,Arthritis,1,4785,17090.3,21,156754,156754.0,562521.9,7464.476190476191,7464.476190476191,25,4,84.0,70.67,3.5886,41.33,35.55,36.4,ADEQUATE,4,0.030526,17090.3,4785.0,3.5716,0.030382,24.2
37119,NC,Rheumatology,Arthritis,1,5293,16201.8,21,156754,156754.0,562521.9,7464.476190476191,7464.476190476191,25,4,84.0,70.67,3.5886,41.33,35.55,36.4,ADEQUATE,4,0.033766,16201.8,5293.0,3.061,0.028802,34.0
37119,NC,Rheumatology,Arthritis,1,7968,38240.6,21,156754,156754.0,562521.9,7464.476190476191,7464.476190476191,25,4,84.0,70.67,3.5886,41.33,35.55,36.4,ADEQUATE,4,0.050831,38240.6,7968.0,4.7993,0.067981,81.3
37119,NC,Rheumatology,Arthritis,1,6854,28135.1,21,156754,156754.0,562521.9,7464.476190476191,7464.476190476191,25,4,84.0,70.67,3.5886,41.33,35.55,36.4,ADEQUATE,4,0.043725,28135.1,6854.0,4.1049,0.050016,66.88
37119,NC,Rheumatology,Arthritis,1,9411,38519.2,21,156754,156754.0,562521.9,7464.476190476191,7464.476190476191,25,4,84.0,70.67,3.5886,41.33,35.55,36.4,ADEQUATE,4,0.060037,38519.2,9411.0,4.093,0.068476,92.2
37183,NC,Cardiology,Heart Disease,1,6161,18505.7,23,113944,113944.0,414369.5,4954.086956521739,4954.086956521739,18,0,100.0,9.33,3.6366,33.33,29.35,11.73,ADEQUATE,0,0.05407,18505.7,6161.0,3.0037,0.04466,54.2
37183,NC,Cardiology,Heart Disease,1,4440,20959.4,23,113944,113944.0,414369.5,4954.086956521739,4954.086956521739,18,0,100.0,9.33,3.6366,33.33,29.35,11.73,ADEQUATE,0,0.038967,20959.4,4440.0,4.7206,0.050581,17.3
37183,NC,Cardiology,Heart Disease,1,5155,16988.8,23,113944,113944.0,414369.5,4954.086956521739,4954.086956521739,18,0,100.0,9.33,3.6366,33.33,29.35,11.73,ADEQUATE,0,0.045242,16988.8,5155.0,3.2956,0.040999,31.05
37183,NC,Cardiology,Heart Disease,1,4455,19328.7,23,113944,113944.0,414369.5,4954.086956521739,4954.086956521739,18,0,100.0,9.33,3.6366,33.33,29.35,11.73,ADEQUATE,0,0.039098,19328.7,4455.0,4.3387,0.046646,17.65
37183,NC,Cardiology,Heart Disease,1,6399,18337.8,23,113944,113944.0,414369.5,4954.086956521739,4954.086956521739,18,0,100.0,9.33,3.6366,33.33,29.35,11.73,ADEQUATE,0,0.056159,18337.8,6399.0,2.8657,0.044255,58.7
37183,NC,Cardiology,Heart Disease,1,4187,12689.1,23,113944,113944.0,414369.5,4954.086956521739,4954.086956521739,18,0,100.0,9.33,3.6366,33.33,29.35,11.73,ADEQUATE,0,0.036746,12689.1,4187.0,3.0306,0.030623,13.15
37183,NC,Cardiology,Heart Disease,1,4850,14456.4,23,113944,113944.0,414369.5,4954.086956521739,4954.086956521739,18,0,100.0,9.33,3.6366,33.33,29.35,11.73,ADEQUATE,0,0.042565,14456.4,4850.0,2.9807,0.034888,25.37
37183,NC,Cardiology,Heart Disease,1,5593,24098.0,23,113944,113944.0,414369.5,4954.086956521739,4954.086956521739,18,0,100.0,9.33,3.6366,33.33,29.35,11.73,ADEQUATE,0,0.049086,24098.0,5593.0,4.3086,0.058156,41.62
37183,NC,Cardiology,Heart Disease,1,4859,22689.2,23,113944,113944.0,414369.5,4954.086956521739,4954.086956521739,18,0,100.0,9.33,3.6366,33.33,29.35,11.73,ADEQUATE,0,0.042644,22689.2,4859.0,4.6695,0.054756,25.52
37183,NC,Cardiology,Heart Disease,1,4947,12791.4,23,113944,113944.0,414369.5,4954.086956521739,4954.086956521739,18,0,100.0,9.33,3.6366,33.33,29.35,11.73,ADEQUATE,0,0.043416,12791.4,4947.0,2.5857,0.03087,27.0
37183,NC,Cardiology,Heart Disease,1,5690,23879.6,23,113944,113944.0,414369.5,4954.086956521739,4954.086956521739,18,0,100.0,9.33,3.6366,33.33,29.35,11.73,ADEQUATE,0,0.049937,23879.6,5690.0,4.1968,0.057629,43.82
37183,NC,Cardiology,Heart Disease,1,4692,13743.0,23,113944,113944.0,414369.5,4954.086956521739,4954.086956521739,18,0,100.0,9.33,3.6366,33.33,29.35,11.73,ADEQUATE,0,0.041178,13743.0,4692.0,2.929,0.033166,21.9
37183,NC,Cardiology,Heart Disease,1,5206,16688.0,23,113944,113944.0,414369.5,4954.086956521739,4954.086956521739,18,0,100.0,9.33,3.6366,33.33,29.35,11.73,ADEQUATE,0,0.045689,16688.0,5206.0,3.2055,0.040273,32.38
37183,NC,Cardiology,Heart Disease,1,3514,13847.1,23,113944,113944.0,414369.5,4954.086956521739,4954.086956521739,18,0,100.0,9.33,3.6366,33.33,29.35,11.73,ADEQUATE,0,0.03084,13847.1,3514.0,3.9406,0.033417,3.6
37183,NC,Cardiology,Heart Disease,1,6477,17527.6,23,113944,113944.0,414369.5,4954.086956521739,4954.086956521739,18,0,100.0,9.33,3.6366,33.33,29.35,11.73,ADEQUATE,0,0.056844,17527.6,6477.0,2.7061,0.042299,60.6
37183,NC,Cardiology,Heart Disease,1,3944,17757.3,23,113944,113944.0,414369.5,4954.086956521739,4954.086956521739,18,0,100.0,9.33,3.6366,33.33,29.35,11.73,ADEQUATE,0,0.034613,17757.3,3944.0,4.5024,0.042854,8.92
37183,NC,Cardiology,Heart Disease,1,5856,19365.5,23,113944,113944.0,414369.5,4954.086956521739,4954.086956521739,18,0,100.0,9.33,3.6366,33.33,29.35,11.73,ADEQUATE,0,0.051394,19365.5,5856.0,3.307,0.046735,47.5
37183,NC,Cardiology,Heart Disease,1,4218,19476.4,23,113944,113944.0,414369.5,4954.086956521739,4954.086956521739,18,0,100.0,9.33,3.6366,33.33,29.35,11.73,ADEQUATE,0,0.037018,19476.4,4218.0,4.6174,0.047002,13.7
37183,NC,Cardiology,Heart Disease,1,4505,16485.2,23,113944,113944.0,414369.5,4954.086956521739,4954.086956521739,18,0,100.0,9.33,3.6366,33.33,29.35,11.73,ADEQUATE,0,0.039537,16485.2,4505.0,3.6593,0.039784,18.65
37183,NC,Cardiology,Heart Disease,1,4364,17735.3,23,113944,113944.0,414369.5,4954.086956521739,4954.086956521739,18,0,100.0,9.33,3.6366,33.33,29.35,11.73,ADEQUATE,0,0.0383,17735.3,4364.0,4.064,0.042801,15.9
37183,NC,Cardiology,Heart Disease,1,5645,19157.5,23,113944,113944.0,414369.5,4954.086956521739,4954.086956521739,18,0,100.0,9.33,3.6366,33.33,29.35,11.73,ADEQUATE,0,0.049542,19157.5,5645.0,3.3937,0.046233,42.65
37183,NC,Cardiology,Heart Disease,1,5234,22382.9,23,113944,113944.0,414369.5,4954.086956521739,4954.086956521739,18,0,100.0,9.33,3.6366,33.33,29.35,11.73,ADEQUATE,0,0.045935,22382.9,5234.0,4.2764,0.054017,32.98
37183,NC,Cardiology,Heart Disease,1,3553,15479.6,23,113944,113944.0,414369.5,4954.086956521739,4954.086956521739,18,0,100.0,9.33,3.6366,33.33,29.35,11.73,ADEQUATE,0,0.031182,15479.6,3553.0,4.3568,0.037357,3.98
37183,NC,Endocrinology,Diabetes,1,7579,36084.5,22,147862,147862.0,601905.7,6721.0,6721.0,24,2,91.67,60.0,4.0707,84.0,50.58,38.94,ADEQUATE,2,0.051257,36084.5,7579.0,4.7611,0.05995,78.35
37183,NC,Endocrinology,Diabetes,1,6155,18677.6,22,147862,147862.0,601905.7,6721.0,6721.0,24,2,91.67,60.0,4.0707,84.0,50.58,38.94,ADEQUATE,2,0.041627,18677.6,6155.0,3.0345,0.031031,54.12
37183,NC,Endocrinology,Diabetes,1,4696,17028.2,22,147862,147862.0,601905.7,6721.0,6721.0,24,2,91.67,60.0,4.0707,84.0,50.58,38.94,ADEQUATE,2,0.031759,17028.2,4696.0,3.6261,0.02829,22.1
37183,NC,Endocrinology,Diabetes,1,7068,33563.0,22,147862,147862.0,601905.7,6721.0,6721.0,24,2,91.67,60.0,4.0707,84.0,50.58,38.94,ADEQUATE,2,0.047801,33563.0,7068.0,4.7486,0.055761,70.75
37183,NC,Endocrinology,Diabetes,1,6993,32199.0,22,147862,147862.0,601905.7,6721.0,6721.0,24,2,91.67,60.0,4.0707,84.0,50.58,38.94,ADEQUATE,2,0.047294,32199.0,6993.0,4.6045,0.053495,69.42
37183,NC,Endocrinology,Diabetes,1,8127,35422.5,22,147862,147862.0,601905.7,6721.0,6721.0,24,2,91.67,60.0,4.0707,84.0,50.58,38.94,ADEQUATE,2,0.054963,35422.5,8127.0,4.3586,0.058851,83.0
37183,NC,Endocrinology,Diabetes,1,5497,23177.3,22,147862,147862.0,601905.7,6721.0,6721.0,24,2,91.67,60.0,4.0707,84.0,50.58,38.94,ADEQUATE,2,0.037177,23177.3,5497.0,4.2164,0.038507,39.4
37183,NC,Endocrinology,Diabetes,1,6172,29491.1,22,147862,147862.0,601905.7,6721.0,6721.0,24,2,91.67,60.0,4.0707,84.0,50.58,38.94,ADEQUATE,2,0.041742,29491.1,6172.0,4.7782,0.048996,54.4
37183,NC,Endocrinology,Diabetes,1,8062,31423.8,22,147862,147862.0,601905.7,6721.0,6721.0,24,2,91.67,60.0,4.0707,84.0,50.58,38.94,ADEQUATE,2,0.054524,31423.8,8062.0,3.8978,0.052207,82.28
37183,NC,Endocrinology,Diabetes,1,6567,29175.6,22,147862,147862.0,601905.7,6721.0,6721.0,24,2,91.67,60.0,4.0707,84.0,50.58,38.94,ADEQUATE,2,0.044413,29175.6,6567.0,4.4428,0.048472,61.88
37183,NC,Endocrinology,Diabetes,1,7904,28872.4,22,147862,147862.0,601905.7,6721.0,6721.0,24,2,91.67,60.0,4.0707,84.0,50.58,38.94,ADEQUATE,2,0.053455,28872.4,7904.0,3.6529,0.047968,80.7
37183,NC,Endocrinology,Diabetes,1,6458,25321.8,22,147862,147862.0,601905.7,6721.0,6721.0,24,2,91.67,60.0,4.0707,84.0,50.58,38.94,ADEQUATE,2,0.043676,25321.8,6458.0,3.921,0.042069,60.15
37183,NC,Endocrinology,Diabetes,1,7223,32044.6,22,147862,147862.0,601905.7,6721.0,6721.0,24,2,91.67,60.0,4.0707,84.0,50.58,38.94,ADEQUATE,2,0.04885,32044.6,7223.0,4.4365,0.053239,73.05
37183,NC,Endocrinology,Diabetes,1,6696,24312.7,22,147862,147862.0,601905.7,6721.0,6721.0,24,2,91.67,60.0,4.0707,84.0,50.58,38.94,ADEQUATE,2,0.045285,24312.7,6696.0,3.6309,0.040393,64.5
37183,NC,Endocrinology,Diabetes,1,5870,25405.6,22,147862,147862.0,601905.7,6721.0,6721.0,24,2,91.67,60.0,4.0707,84.0,50.58,38.94,ADEQUATE,2,0.039699,25405.6,5870.0,4.328,0.042209,47.78
37183,NC,Endocrinology,Diabetes,1,4922,16763.1,22,147862,147862.0,601905.7,6721.0,6721.0,24,2,91.67,60.0,4.0707,84.0,50.58,38.94,ADEQUATE,2,0.033288,16763.1,4922.0,3.4057,0.02785,26.45
37183,NC,Endocrinology,Diabetes,1,6925,29977.6,22,147862,147862.0,601905.7,6721.0,6721.0,24,2,91.67,60.0,4.0707,84.0,50.58,38.94,ADEQUATE,2,0.046834,29977.6,6925.0,4.3289,0.049804,68.1
37183,NC,Endocrinology,Diabetes,1,8191,28056.7,22,147862,147862.0,601905.7,6721.0,6721.0,24,2,91.67,60.0,4.0707,84.0,50.58,38.94,ADEQUATE,2,0.055396,28056.7,8191.0,3.4253,0.046613,83.72
37183,NC,Endocrinology,Diabetes,1,7129,30007.3,22,147862,147862.0,601905.7,6721.0,6721.0,24,2,91.67,60.0,4.0707,84.0,50.58,38.94,ADEQUATE,2,0.048214,30007.3,7129.0,4.2092,0.049854,71.68
37183,NC,Endocrinology,Diabetes,1,5441,14693.2,22,147862,147862.0,601905.7,6721.0,6721.0,24,2,91.67,60.0,4.0707,84.0,50.58,38.94,ADEQUATE,2,0.036798,14693.2,5441.0,2.7005,0.024411,37.95
37183,NC,Endocrinology,Diabetes,1,5904,21325.3,22,147862,147862.0,601905.7,6721.0,6721.0,24,2,91.67,60.0,4.0707,84.0,50.58,38.94,ADEQUATE,2,0.039929,21325.3,5904.0,3.612,0.03543,48.9
37183,NC,Endocrinology,Diabetes,1,8283,38882.8,22,147862,147862.0,601905.7,6721.0,6721.0,24,2,91.67,60.0,4.0707,84.0,50.58,38.94,ADEQUATE,2,0.056018,38882.8,8283.0,4.6943,0.064599,84.45
37183,NC,Psychiatry,Mental Health Disorders,1,11402,46630.6,19,175045,175045.0,611401.8,9212.894736842103,9212.894736842103,28,9,67.86,90.67,3.4928,4.0,46.72,44.74,LOW GAP,9,0.065138,46630.6,11402.0,4.0897,0.076268,98.45
37183,NC,Psychiatry,Mental Health Disorders,1,7593,22842.0,19,175045,175045.0,611401.8,9212.894736842103,9212.894736842103,28,9,67.86,90.67,3.4928,4.0,46.72,44.74,LOW GAP,9,0.043377,22842.0,7593.0,3.0083,0.03736,78.5
37183,NC,Psychiatry,Mental Health Disorders,1,11454,36225.3,19,175045,175045.0,611401.8,9212.894736842103,9212.894736842103,28,9,67.86,90.67,3.4928,4.0,46.72,44.74,LOW GAP,9,0.065435,36225.3,11454.0,3.1627,0.05925,98.6
37183,NC,Psychiatry,Mental Health Disorders,1,7774,20942.2,19,175045,175045.0,611401.8,9212.894736842103,9212.894736842103,28,9,67.86,90.67,3.4928,4.0,46.72,44.74,LOW GAP,9,0.044411,20942.2,7774.0,2.6939,0.034253,79.85
37183,NC,Psychiatry,Mental Health Disorders,1,8816,41618.0,19,175045,175045.0,611401.8,9212.894736842103,9212.894736842103,28,9,67.86,90.67,3.4928,4.0,46.72,44.74,LOW GAP,9,0.050364,41618.0,8816.0,4.7207,0.06807,89.1
37183,NC,Psychiatry,Mental Health Disorders,1,8421,36144.4,19,175045,175045.0,611401.8,9212.894736842103,9212.894736842103,28,9,67.86,90.67,3.4928,4.0,46.72,44.74,LOW GAP,9,0.048108,36144.4,8421.0,4.2922,0.059117,85.85
37183,NC,Psychiatry,Mental Health Disorders,1,7426,19722.5,19,175045,175045.0,611401.8,9212.894736842103,9212.894736842103,28,9,67.86,90.67,3.4928,4.0,46.72,44.74,LOW GAP,9,0.042423,19722.5,7426.0,2.6559,0.032258,76.2
37183,NC,Psychiatry,Mental Health Disorders,1,11764,32616.1,19,175045,175045.0,611401.8,9212.894736842103,9212.894736842103,28,9,67.86,90.67,3.4928,4.0,46.72,44.74,LOW GAP,9,0.067206,32616.1,11764.0,2.7725,0.053346,99.15
37183,NC,Psychiatry,Mental Health Disorders,1,10463,29891.9,19,175045,175045.0,611401.8,9212.894736842103,9212.894736842103,28,9,67.86,90.67,3.4928,4.0,46.72,44.74,LOW GAP,9,0.059773,29891.9,10463.0,2.8569,0.048891,96.1
37183,NC,Psychiatry,Mental Health Disorders,1,11242,51611.0,19,175045,175045.0,611401.8,9212.894736842103,9212.894736842103,28,9,67.86,90.67,3.4928,4.0,46.72,44.74,LOW GAP,9,0.064223,51611.0,11242.0,4.5909,0.084414,98.1
37183,NC,Psychiatry,Mental Health Disorders,1,10373,26836.2,19,175045,175045.0,611401.8,9212.894736842103,9212.894736842103,28,9,67.86,90.67,3.4928,4.0,46.72,44.74,LOW GAP,9,0.059259,26836.2,10373.0,2.5871,0.043893,95.7
37183,NC,Psychiatry,Mental Health Disorders,1,6629,19680.5,19,175045,175045.0,611401.8,9212.894736842103,9212.894736842103,28,9,67.86,90.67,3.4928,4.0,46.72,44.74,LOW GAP,9,0.03787,19680.5,6629.0,2.9688,0.032189,62.98
37183,NC,Psychiatry,Mental Health Disorders,1,6231,24085.8,19,175045,175045.0,611401.8,9212.894736842103,9212.894736842103,28,9,67.86,90.67,3.4928,4.0,46.72,44.74,LOW GAP,9,0.035597,24085.8,6231.0,3.8655,0.039394,55.55
37183,NC,Psychiatry,Mental Health Disorders,1,6423,26782.0,19,175045,175045.0,611401.8,9212.894736842103,9212.894736842103,28,9,67.86,90.67,3.4928,4.0,46.72,44.74,LOW GAP,9,0.036693,26782.0,6423.0,4.1697,0.043804,59.2
37183,NC,Psychiatry,Mental Health Disorders,1,11033,31158.5,19,175045,175045.0,611401.8,9212.894736842103,9212.894736842103,28,9,67.86,90.67,3.4928,4.0,46.72,44.74,LOW GAP,9,0.06303,31158.5,11033.0,2.8241,0.050962,97.85
37183,NC,Psychiatry,Mental Health Disorders,1,9231,40645.7,19,175045,175045.0,611401.8,9212.894736842103,9212.894736842103,28,9,67.86,90.67,3.4928,4.0,46.72,44.74,LOW GAP,9,0.052735,40645.7,9231.0,4.4032,0.06648,91.5
37183,NC,Psychiatry,Mental Health Disorders,1,11547,42350.6,19,175045,175045.0,611401.8,9212.894736842103,9212.894736842103,28,9,67.86,90.67,3.4928,4.0,46.72,44.74,LOW GAP,9,0.065966,42350.6,11547.0,3.6677,0.069268,98.95
37183,NC,Psychiatry,Mental Health Disorders,1,10988,40024.8,19,175045,175045.0,611401.8,9212.894736842103,9212.894736842103,28,9,67.86,90.67,3.4928,4.0,46.72,44.74,LOW GAP,9,0.062772,40024.8,10988.0,3.6426,0.065464,97.75
37183,NC,Psychiatry,Mental Health Disorders,1,6235,21593.7,19,175045,175045.0,611401.8,9212.894736842103,9212.894736842103,28,9,67.86,90.67,3.4928,4.0,46.72,44.74,LOW GAP,9,0.035619,21593.7,6235.0,3.4633,0.035318,55.6
37183,NC,Pulmonary,Respiratory Disease,1,4327,16330.4,21,123159,123159.0,438889.3,5864.714285714285,5864.714285714285,20,0,100.0,41.33,3.5636,40.0,61.98,25.63,ADEQUATE,0,0.035133,16330.4,4327.0,3.7741,0.037208,15.2
37183,NC,Pulmonary,Respiratory Disease,1,5577,21244.0,21,123159,123159.0,438889.3,5864.714285714285,5864.714285714285,20,0,100.0,41.33,3.5636,40.0,61.98,25.63,ADEQUATE,0,0.045283,21244.0,5577.0,3.8092,0.048404,41.22
37183,NC,Pulmonary,Respiratory Disease,1,7251,27172.8,21,123159,123159.0,438889.3,5864.714285714285,5864.714285714285,20,0,100.0,41.33,3.5636,40.0,61.98,25.63,ADEQUATE,0,0.058875,27172.8,7251.0,3.7475,0.061913,73.5
37183,NC,Pulmonary,Respiratory Disease,1,3941,15864.9,21,123159,123159.0,438889.3,5864.714285714285,5864.714285714285,20,0,100.0,41.33,3.5636,40.0,61.98,25.63,ADEQUATE,0,0.031999,15864.9,3941.0,4.0256,0.036148,8.82
37183,NC,Pulmonary,Respiratory Disease,1,7823,23666.9,21,123159,123159.0,438889.3,5864.714285714285,5864.714285714285,20,0,100.0,41.33,3.5636,40.0,61.98,25.63,ADEQUATE,0,0.06352,23666.9,7823.0,3.0253,0.053925,80.1
37183,NC,Pulmonary,Respiratory Disease,1,6335,30038.5,21,123159,123159.0,438889.3,5864.714285714285,5864.714285714285,20,0,100.0,41.33,3.5636,40.0,61.98,25.63,ADEQUATE,0,0.051438,30038.5,6335.0,4.7417,0.068442,57.88
37183,NC,Pulmonary,Respiratory Disease,1,7859,33713.0,21,123159,123159.0,438889.3,5864.714285714285,5864.714285714285,20,0,100.0,41.33,3.5636,40.0,61.98,25.63,ADEQUATE,0,0.063812,33713.0,7859.0,4.2897,0.076814,80.38
37183,NC,Pulmonary,Respiratory Disease,1,7575,30660.7,21,123159,123159.0,438889.3,5864.714285714285,5864.714285714285,20,0,100.0,41.33,3.5636,40.0,61.98,25.63,ADEQUATE,0,0.061506,30660.7,7575.0,4.0476,0.06986,78.25
37183,NC,Pulmonary,Respiratory Disease,1,7495,24917.3,21,123159,123159.0,438889.3,5864.714285714285,5864.714285714285,20,0,100.0,41.33,3.5636,40.0,61.98,25.63,ADEQUATE,0,0.060856,24917.3,7495.0,3.3245,0.056774,77.3
37183,NC,Pulmonary,Respiratory Disease,1,7868,25913.3,21,123159,123159.0,438889.3,5864.714285714285,5864.714285714285,20,0,100.0,41.33,3.5636,40.0,61.98,25.63,ADEQUATE,0,0.063885,25913.3,7868.0,3.2935,0.059043,80.45
37183,NC,Pulmonary,Respiratory Disease,1,4798,21847.7,21,123159,123159.0,438889.3,5864.714285714285,5864.714285714285,20,0,100.0,41.33,3.5636,40.0,61.98,25.63,ADEQUATE,0,0.038958,21847.7,4798.0,4.5535,0.04978,24.4
37183,NC,Pulmonary,Respiratory Disease,1,5774,21934.7,21,123159,123159.0,438889.3,5864.714285714285,5864.714285714285,20,0,100.0,41.33,3.5636,40.0,61.98,25.63,ADEQUATE,0,0.046882,21934.7,5774.0,3.7989,0.049978,45.95
37183,NC,Pulmonary,Respiratory Disease,1,6604,18637.3,21,123159,123159.0,438889.3,5864.714285714285,5864.714285714285,20,0,100.0,41.33,3.5636,40.0,61.98,25.63,ADEQUATE,0,0.053622,18637.3,6604.0,2.8221,0.042465,62.5
37183,NC,Pulmonary,Respiratory Disease,1,5885,26906.9,21,123159,123159.0,438889.3,5864.714285714285,5864.714285714285,20,0,100.0,41.33,3.5636,40.0,61.98,25.63,ADEQUATE,0,0.047784,26906.9,5885.0,4.5721,0.061307,48.18
37183,NC,Pulmonary,Respiratory Disease,1,3842,11506.4,21,123159,123159.0,438889.3,5864.714285714285,5864.714285714285,20,0,100.0,41.33,3.5636,40.0,61.98,25.63,ADEQUATE,0,0.031195,11506.4,3842.0,2.9949,0.026217,7.8
37183,NC,Pulmonary,Respiratory Disease,1,4074,11631.3,21,123159,123159.0,438889.3,5864.714285714285,5864.714285714285,20,0,100.0,41.33,3.5636,40.0,61.98,25.63,ADEQUATE,0,0.033079,11631.3,4074.0,2.855,0.026502,11.22
37183,NC,Pulmonary,Respiratory Disease,1,5649,20405.1,21,123159,123159.0,438889.3,5864.714285714285,5864.714285714285,20,0,100.0,41.33,3.5636,40.0,61.98,25.63,ADEQUATE,0,0.045868,20405.1,5649.0,3.6122,0.046493,42.75
37183,NC,Pulmonary,Respiratory Disease,1,5017,12871.5,21,123159,123159.0,438889.3,5864.714285714285,5864.714285714285,20,0,100.0,41.33,3.5636,40.0,61.98,25.63,ADEQUATE,0,0.040736,12871.5,5017.0,2.5656,0.029327,28.4
37183,NC,Pulmonary,Respiratory Disease,1,3956,11024.2,21,123159,123159.0,438889.3,5864.714285714285,5864.714285714285,20,0,100.0,41.33,3.5636,40.0,61.98,25.63,ADEQUATE,0,0.032121,11024.2,3956.0,2.7867,0.025118,9.05
37183,NC,Pulmonary,Respiratory Disease,1,4453,13396.0,21,123159,123159.0,438889.3,5864.714285714285,5864.714285714285,20,0,100.0,41.33,3.5636,40.0,61.98,25.63,ADEQUATE,0,0.036157,13396.0,4453.0,3.0083,0.030523,17.55
37183,NC,Pulmonary,Respiratory Disease,1,7056,19206.4,21,123159,123159.0,438889.3,5864.714285714285,5864.714285714285,20,0,100.0,41.33,3.5636,40.0,61.98,25.63,ADEQUATE,0,0.057292,19206.4,7056.0,2.722,0.043761,70.5
37183,NC,Rheumatology,Arthritis,1,4963,17182.8,21,151596,151596.0,566577.9,7218.857142857143,7218.857142857143,24,3,87.5,69.33,3.7374,28.0,28.85,31.48,ADEQUATE,3,0.032738,17182.8,4963.0,3.4622,0.030327,27.25
37183,NC,Rheumatology,Arthritis,1,8693,38610.4,21,151596,151596.0,566577.9,7218.857142857143,7218.857142857143,24,3,87.5,69.33,3.7374,28.0,28.85,31.48,ADEQUATE,3,0.057343,38610.4,8693.0,4.4416,0.068147,88.15
37183,NC,Rheumatology,Arthritis,1,7557,28382.1,21,151596,151596.0,566577.9,7218.857142857143,7218.857142857143,24,3,87.5,69.33,3.7374,28.0,28.85,31.48,ADEQUATE,3,0.04985,28382.1,7557.0,3.7557,0.050094,78.0
37183,NC,Rheumatology,Arthritis,1,7097,19692.4,21,151596,151596.0,566577.9,7218.857142857143,7218.857142857143,24,3,87.5,69.33,3.7374,28.0,28.85,31.48,ADEQUATE,3,0.046815,19692.4,7097.0,2.7747,0.034757,71.3
37183,NC,Rheumatology,Arthritis,1,8058,28435.4,21,151596,151596.0,566577.9,7218.857142857143,7218.857142857143,24,3,87.5,69.33,3.7374,28.0,28.85,31.48,ADEQUATE,3,0.053154,28435.4,8058.0,3.5288,0.050188,82.1
37183,NC,Rheumatology,Arthritis,1,5227,13706.2,21,151596,151596.0,566577.9,7218.857142857143,7218.857142857143,24,3,87.5,69.33,3.7374,28.0,28.85,31.48,ADEQUATE,3,0.03448,13706.2,5227.0,2.6222,0.024191,32.82
37183,NC,Rheumatology,Arthritis,1,5524,17208.7,21,151596,151596.0,566577.9,7218.857142857143,7218.857142857143,24,3,87.5,69.33,3.7374,28.0,28.85,31.48,ADEQUATE,3,0.036439,17208.7,5524.0,3.1153,0.030373,40.2
37183,NC,Rheumatology,Arthritis,1,8652,35300.2,21,151596,151596.0,566577.9,7218.857142857143,7218.857142857143,24,3,87.5,69.33,3.7374,28.0,28.85,31.48,ADEQUATE,3,0.057073,35300.2,8652.0,4.08,0.062304,87.65
37183,NC,Rheumatology,Arthritis,1,6650,26793.6,21,151596,151596.0,566577.9,7218.857142857143,7218.857142857143,24,3,87.5,69.33,3.7374,28.0,28.85,31.48,ADEQUATE,3,0.043867,26793.6,6650.0,4.0291,0.04729,63.35
37183,NC,Rheumatology,Arthritis,1,8412,34949.8,21,151596,151596.0,566577.9,7218.857142857143,7218.857142857143,24,3,87.5,69.33,3.7374,28.0,28.85,31.48,ADEQUATE,3,0.05549,34949.8,8412.0,4.1548,0.061686,85.7
37183,NC,Rheumatology,Arthritis,1,6059,21917.4,21,151596,151596.0,566577.9,7218.857142857143,7218.857142857143,24,3,87.5,69.33,3.7374,28.0,28.85,31.48,ADEQUATE,3,0.039968,21917.4,6059.0,3.6173,0.038684,52.0
37183,NC,Rheumatology,Arthritis,1,9315,26653.9,21,151596,151596.0,566577.9,7218.857142857143,7218.857142857143,24,3,87.5,69.33,3.7374,28.0,28.85,31.48,ADEQUATE,3,0.061446,26653.9,9315.0,2.8614,0.047044,91.75
37183,NC,Rheumatology,Arthritis,1,4921,23251.1,21,151596,151596.0,566577.9,7218.857142857143,7218.857142857143,24,3,87.5,69.33,3.7374,28.0,28.85,31.48,ADEQUATE,3,0.032461,23251.1,4921.0,4.7249,0.041038,26.4
37183,NC,Rheumatology,Arthritis,1,4761,11488.0,21,151596,151596.0,566577.9,7218.857142857143,7218.857142857143,24,3,87.5,69.33,3.7374,28.0,28.85,31.48,ADEQUATE,3,0.031406,11488.0,4761.0,2.4129,0.020276,23.45
37183,NC,Rheumatology,Arthritis,1,7302,30444.4,21,151596,151596.0,566577.9,7218.857142857143,7218.857142857143,24,3,87.5,69.33,3.7374,28.0,28.85,31.48,ADEQUATE,3,0.048167,30444.4,7302.0,4.1693,0.053734,74.25
37183,NC,Rheumatology,Arthritis,1,6444,27410.2,21,151596,151596.0,566577.9,7218.857142857143,7218.857142857143,24,3,87.5,69.33,3.7374,28.0,28.85,31.48,ADEQUATE,3,0.042508,27410.2,6444.0,4.2536,0.048379,59.7
37183,NC,Rheumatology,Arthritis,1,7331,34734.1,21,151596,151596.0,566577.9,7218.857142857143,7218.857142857143,24,3,87.5,69.33,3.7374,28.0,28.85,31.48,ADEQUATE,3,0.048359,34734.1,7331.0,4.738,0.061305,74.7
37183,NC,Rheumatology,Arthritis,1,9788,35258.2,21,151596,151596.0,566577.9,7218.857142857143,7218.857142857143,24,3,87.5,69.33,3.7374,28.0,28.85,31.48,ADEQUATE,3,0.064566,35258.2,9788.0,3.6022,0.06223,93.55
37183,NC,Rheumatology,Arthritis,1,8191,30209.8,21,151596,151596.0,566577.9,7218.857142857143,7218.857142857143,24,3,87.5,69.33,3.7374,28.0,28.85,31.48,ADEQUATE,3,0.054032,30209.8,8191.0,3.6882,0.05332,83.72
37183,NC,Rheumatology,Arthritis,1,8744,35475.9,21,151596,151596.0,566577.9,7218.857142857143,7218.857142857143,24,3,87.5,69.33,3.7374,28.0,28.85,31.48,ADEQUATE,3,0.05768,35475.9,8744.0,4.0572,0.062614,88.5
37183,NC,Rheumatology,Arthritis,1,7907,29473.3,21,151596,151596.0,566577.9,7218.857142857143,7218.857142857143,24,3,87.5,69.33,3.7374,28.0,28.85,31.48,ADEQUATE,3,0.052158,29473.3,7907.0,3.7275,0.05202,80.8
