COUNTY_FIPS,STATEDESC,REQUIRED_SPECIALTY,DISEASE,ESTIMATED_PATIENTS,PROVIDER_COUNT,TOTAL_BENEFICIARIES,TOTAL_SERVICES,PATIENTS_PER_PROVIDER,MEDIAN_PATIENTS_PER_PROVIDER,MEAN_PATIENTS_PER_PROVIDER,ACCESS_GAP_LEVEL,UC05_KEY,COUNTY_NAME
37119,North Carolina,Psychiatry,Mental Health Disorders,4706,0,0,0.0,0.0,3104.5,4291.159571,NO PROVIDER,37119|Psychiatry,Mecklenburg County
37119,North Carolina,Psychiatry,Mental Health Disorders,4846,1,602,2308.7,4846.0,3104.5,4291.159571,HIGH GAP,37119|Psychiatry,Mecklenburg County
48201,Texas,Endocrinology,Diabetes,13872,0,0,0.0,0.0,18070.0,22988.768287,NO PROVIDER,48201|Endocrinology,Harris County
37081,North Carolina,Cardiology,Heart Disease,298474,4,2389,10392.2,74618.5,10823.136364,15071.056217,CRITICAL GAP,37081|Cardiology,Guilford County
26049,Michigan,Pulmonary,Respiratory Disease,631,0,0,0.0,0.0,4251.578947,5741.879972,NO PROVIDER,26049|Pulmonary,Genesee County
48029,Texas,Endocrinology,Diabetes,27850,1,860,2864.0,27850.0,18070.0,22988.768287,HIGH GAP,48029|Endocrinology,Bexar County
26125,Michigan,Rheumatology,Arthritis,50823,1,757,2216.1,50823.0,10453.0,13315.598761,CRITICAL GAP,26125|Rheumatology,Oakland County
26049,Michigan,Rheumatology,Arthritis,1512,0,0,0.0,0.0,10453.0,13315.598761,NO PROVIDER,26049|Rheumatology,Genesee County
26099,Michigan,Rheumatology,Arthritis,86989,1,664,1671.8,86989.0,10453.0,13315.598761,CRITICAL GAP,26099|Rheumatology,Macomb County
26049,Michigan,Pulmonary,Respiratory Disease,3426,1,758,1602.5,3426.0,4251.578947,5741.879972,MODERATE GAP,26049|Pulmonary,Genesee County
37119,North Carolina,Endocrinology,Diabetes,2539,0,0,0.0,0.0,18070.0,22988.768287,NO PROVIDER,37119|Endocrinology,Mecklenburg County
26099,Michigan,Rheumatology,Arthritis,6171,0,0,0.0,0.0,10453.0,13315.598761,NO PROVIDER,26099|Rheumatology,Macomb County
26077,Michigan,Pulmonary,Respiratory Disease,36786,1,277,877.5,36786.0,4251.578947,5741.879972,CRITICAL GAP,26077|Pulmonary,Kalamazoo County
26099,Michigan,Pulmonary,Respiratory Disease,6064,1,414,1149.5,6064.0,4251.578947,5741.879972,HIGH GAP,26099|Pulmonary,Macomb County
37183,North Carolina,Endocrinology,Diabetes,22583,1,889,1926.9,22583.0,18070.0,22988.768287,HIGH GAP,37183|Endocrinology,Wake County
37081,North Carolina,Rheumatology,Arthritis,8401,1,532,1107.3,8401.0,10453.0,13315.598761,MODERATE GAP,37081|Rheumatology,Guilford County
37119,North Carolina,Rheumatology,Arthritis,8087,1,485,1040.8,8087.0,10453.0,13315.598761,MODERATE GAP,37119|Rheumatology,Mecklenburg County
37183,North Carolina,Psychiatry,Mental Health Disorders,18820,1,445,1126.5,18820.0,3104.5,4291.159571,CRITICAL GAP,37183|Psychiatry,Wake County
48085,Texas,Pulmonary,Respiratory Disease,2068,2,954,2626.6,1034.0,4251.578947,5741.879972,LOW GAP,48085|Pulmonary,Collin County
26099,Michigan,Rheumatology,Arthritis,290237,4,1501,5736.4,72559.25,10453.0,13315.598761,CRITICAL GAP,26099|Rheumatology,Macomb County
26163,Michigan,Rheumatology,Arthritis,12881,2,117,426.5,6440.5,10453.0,13315.598761,MODERATE GAP,26163|Rheumatology,Wayne County
37183,North Carolina,Psychiatry,Mental Health Disorders,1434,1,593,1805.6,1434.0,3104.5,4291.159571,LOW GAP,37183|Psychiatry,Wake County
48439,Texas,Endocrinology,Diabetes,31630,1,753,3224.7,31630.0,18070.0,22988.768287,HIGH GAP,48439|Endocrinology,Tarrant County
37081,North Carolina,Psychiatry,Mental Health Disorders,2375,0,0,0.0,0.0,3104.5,4291.159571,NO PROVIDER,37081|Psychiatry,Guilford County
48201,Texas,Cardiology,Heart Disease,51672,5,3747,10604.9,10334.4,10823.136364,15071.056217,MODERATE GAP,48201|Cardiology,Harris County
37119,North Carolina,Psychiatry,Mental Health Disorders,33784,1,840,1902.0,33784.0,3104.5,4291.159571,CRITICAL GAP,37119|Psychiatry,Mecklenburg County
26099,Michigan,Psychiatry,Mental Health Disorders,2890,0,0,0.0,0.0,3104.5,4291.159571,NO PROVIDER,26099|Psychiatry,Macomb County
48029,Texas,Cardiology,Heart Disease,20360,2,509,981.9,10180.0,10823.136364,15071.056217,MODERATE GAP,48029|Cardiology,Bexar County
37119,North Carolina,Psychiatry,Mental Health Disorders,7993,2,1193,4125.3,3996.5,3104.5,4291.159571,HIGH GAP,37119|Psychiatry,Mecklenburg County
48029,Texas,Cardiology,Heart Disease,59424,3,2698,9435.1,19808.0,10823.136364,15071.056217,HIGH GAP,48029|Cardiology,Bexar County
37081,North Carolina,Endocrinology,Diabetes,1294,0,0,0.0,0.0,18070.0,22988.768287,NO PROVIDER,37081|Endocrinology,Guilford County
48029,Texas,Pulmonary,Respiratory Disease,44515,1,583,1445.1,44515.0,4251.578947,5741.879972,CRITICAL GAP,48029|Pulmonary,Bexar County
48085,Texas,Endocrinology,Diabetes,25776,1,405,751.4,25776.0,18070.0,22988.768287,HIGH GAP,48085|Endocrinology,Collin County
26049,Michigan,Psychiatry,Mental Health Disorders,2855,0,0,0.0,0.0,3104.5,4291.159571,NO PROVIDER,26049|Psychiatry,Genesee County
37081,North Carolina,Rheumatology,Arthritis,1478,0,0,0.0,0.0,10453.0,13315.598761,NO PROVIDER,37081|Rheumatology,Guilford County
37067,North Carolina,Psychiatry,Mental Health Disorders,15015,3,2065,4274.9,5005.0,3104.5,4291.159571,HIGH GAP,37067|Psychiatry,Forsyth County
37067,North Carolina,Rheumatology,Arthritis,1754,0,0,0.0,0.0,10453.0,13315.598761,NO PROVIDER,37067|Rheumatology,Forsyth County
48085,Texas,Cardiology,Heart Disease,5834,1,226,543.8,5834.0,10823.136364,15071.056217,MODERATE GAP,48085|Cardiology,Collin County
26163,Michigan,Rheumatology,Arthritis,4982,1,748,2472.3,4982.0,10453.0,13315.598761,LOW GAP,26163|Rheumatology,Wayne County
48201,Texas,Endocrinology,Diabetes,8626,0,0,0.0,0.0,18070.0,22988.768287,NO PROVIDER,48201|Endocrinology,Harris County
37051,North Carolina,Cardiology,Heart Disease,1524,2,284,534.1,762.0,10823.136364,15071.056217,LOW GAP,37051|Cardiology,Cumberland County
37067,North Carolina,Cardiology,Heart Disease,778,0,0,0.0,0.0,10823.136364,15071.056217,NO PROVIDER,37067|Cardiology,Forsyth County
37081,North Carolina,Rheumatology,Arthritis,3449,0,0,0.0,0.0,10453.0,13315.598761,NO PROVIDER,37081|Rheumatology,Guilford County
26163,Michigan,Psychiatry,Mental Health Disorders,928,1,597,2378.3,928.0,3104.5,4291.159571,LOW GAP,26163|Psychiatry,Wayne County
26099,Michigan,Pulmonary,Respiratory Disease,1728,0,0,0.0,0.0,4251.578947,5741.879972,NO PROVIDER,26099|Pulmonary,Macomb County
48439,Texas,Pulmonary,Respiratory Disease,2248,2,585,1465.5,1124.0,4251.578947,5741.879972,LOW GAP,48439|Pulmonary,Tarrant County
37119,North Carolina,Rheumatology,Arthritis,5188,0,0,0.0,0.0,10453.0,13315.598761,NO PROVIDER,37119|Rheumatology,Mecklenburg County
26099,Michigan,Rheumatology,Arthritis,16892,1,878,2372.5,16892.0,10453.0,13315.598761,HIGH GAP,26099|Rheumatology,Macomb County
37081,North Carolina,Rheumatology,Arthritis,52855,4,1594,3904.3,13213.75,10453.0,13315.598761,HIGH GAP,37081|Rheumatology,Guilford County
37119,North Carolina,Endocrinology,Diabetes,63452,2,449,1284.5,31726.0,18070.0,22988.768287,HIGH GAP,37119|Endocrinology,Mecklenburg County
37119,North Carolina,Endocrinology,Diabetes,3855,0,0,0.0,0.0,18070.0,22988.768287,NO PROVIDER,37119|Endocrinology,Mecklenburg County
37081,North Carolina,Rheumatology,Arthritis,2622,0,0,0.0,0.0,10453.0,13315.598761,NO PROVIDER,37081|Rheumatology,Guilford County
26049,Michigan,Psychiatry,Mental Health Disorders,2259,0,0,0.0,0.0,3104.5,4291.159571,NO PROVIDER,26049|Psychiatry,Genesee County
26125,Michigan,Pulmonary,Respiratory Disease,6087,1,514,887.1,6087.0,4251.578947,5741.879972,HIGH GAP,26125|Pulmonary,Oakland County
26049,Michigan,Pulmonary,Respiratory Disease,11834,2,1526,4856.0,5917.0,4251.578947,5741.879972,HIGH GAP,26049|Pulmonary,Genesee County
37119,North Carolina,Psychiatry,Mental Health Disorders,7036,0,0,0.0,0.0,3104.5,4291.159571,NO PROVIDER,37119|Psychiatry,Mecklenburg County
26077,Michigan,Pulmonary,Respiratory Disease,197,0,0,0.0,0.0,4251.578947,5741.879972,NO PROVIDER,26077|Pulmonary,Kalamazoo County
48085,Texas,Cardiology,Heart Disease,18055,1,775,1971.7,18055.0,10823.136364,15071.056217,HIGH GAP,48085|Cardiology,Collin County
26077,Michigan,Pulmonary,Respiratory Disease,74212,3,1037,3911.7,24737.3333,4251.578947,5741.879972,CRITICAL GAP,26077|Pulmonary,Kalamazoo County
37183,North Carolina,Endocrinology,Diabetes,4777,0,0,0.0,0.0,18070.0,22988.768287,NO PROVIDER,37183|Endocrinology,Wake County
48113,Texas,Pulmonary,Respiratory Disease,2378,0,0,0.0,0.0,4251.578947,5741.879972,NO PROVIDER,48113|Pulmonary,Dallas County
26049,Michigan,Psychiatry,Mental Health Disorders,3079,0,0,0.0,0.0,3104.5,4291.159571,NO PROVIDER,26049|Psychiatry,Genesee County
37051,North Carolina,Rheumatology,Arthritis,2351,0,0,0.0,0.0,10453.0,13315.598761,NO PROVIDER,37051|Rheumatology,Cumberland County
37051,North Carolina,Cardiology,Heart Disease,482,0,0,0.0,0.0,10823.136364,15071.056217,NO PROVIDER,37051|Cardiology,Cumberland County
48085,Texas,Cardiology,Heart Disease,3690,1,255,629.2,3690.0,10823.136364,15071.056217,LOW GAP,48085|Cardiology,Collin County
48201,Texas,Pulmonary,Respiratory Disease,2280,7,3438,13510.7,325.7143,4251.578947,5741.879972,LOW GAP,48201|Pulmonary,Harris County
48085,Texas,Endocrinology,Diabetes,184156,4,730,2266.4,46039.0,18070.0,22988.768287,CRITICAL GAP,48085|Endocrinology,Collin County
48439,Texas,Cardiology,Heart Disease,14802,1,896,3419.4,14802.0,10823.136364,15071.056217,HIGH GAP,48439|Cardiology,Tarrant County
37119,North Carolina,Rheumatology,Arthritis,6991,1,275,637.7,6991.0,10453.0,13315.598761,MODERATE GAP,37119|Rheumatology,Mecklenburg County
37051,North Carolina,Rheumatology,Arthritis,36563,3,725,2004.7,12187.6667,10453.0,13315.598761,HIGH GAP,37051|Rheumatology,Cumberland County
26125,Michigan,Psychiatry,Mental Health Disorders,6594,0,0,0.0,0.0,3104.5,4291.159571,NO PROVIDER,26125|Psychiatry,Oakland County
48085,Texas,Pulmonary,Respiratory Disease,42159,2,143,301.2,21079.5,4251.578947,5741.879972,CRITICAL GAP,48085|Pulmonary,Collin County
37119,North Carolina,Endocrinology,Diabetes,3907,0,0,0.0,0.0,18070.0,22988.768287,NO PROVIDER,37119|Endocrinology,Mecklenburg County
48029,Texas,Endocrinology,Diabetes,83909,4,2307,9917.1,20977.25,18070.0,22988.768287,HIGH GAP,48029|Endocrinology,Bexar County
37051,North Carolina,Cardiology,Heart Disease,111549,1,649,1264.0,111549.0,10823.136364,15071.056217,CRITICAL GAP,37051|Cardiology,Cumberland County
26163,Michigan,Psychiatry,Mental Health Disorders,5660,2,1141,4290.3,2830.0,3104.5,4291.159571,MODERATE GAP,26163|Psychiatry,Wayne County
48439,Texas,Endocrinology,Diabetes,12742,2,145,540.9,6371.0,18070.0,22988.768287,LOW GAP,48439|Endocrinology,Tarrant County
37119,North Carolina,Psychiatry,Mental Health Disorders,4263,1,145,269.6,4263.0,3104.5,4291.159571,HIGH GAP,37119|Psychiatry,Mecklenburg County
26125,Michigan,Psychiatry,Mental Health Disorders,929,3,1714,6303.9,309.6667,3104.5,4291.159571,LOW GAP,26125|Psychiatry,Oakland County
26099,Michigan,Pulmonary,Respiratory Disease,24966,3,480,1249.5,8322.0,4251.578947,5741.879972,HIGH GAP,26099|Pulmonary,Macomb County
26125,Michigan,Rheumatology,Arthritis,4862,1,524,1533.5,4862.0,10453.0,13315.598761,LOW GAP,26125|Rheumatology,Oakland County
37067,North Carolina,Endocrinology,Diabetes,34201,2,1059,2993.2,17100.5,18070.0,22988.768287,MODERATE GAP,37067|Endocrinology,Forsyth County
26049,Michigan,Psychiatry,Mental Health Disorders,4006,2,621,1300.7,2003.0,3104.5,4291.159571,MODERATE GAP,26049|Psychiatry,Genesee County
26099,Michigan,Pulmonary,Respiratory Disease,2661,1,670,1138.4,2661.0,4251.578947,5741.879972,MODERATE GAP,26099|Pulmonary,Macomb County
37081,North Carolina,Cardiology,Heart Disease,76279,1,295,656.1,76279.0,10823.136364,15071.056217,CRITICAL GAP,37081|Cardiology,Guilford County
26163,Michigan,Psychiatry,Mental Health Disorders,998,1,154,542.8,998.0,3104.5,4291.159571,LOW GAP,26163|Psychiatry,Wayne County
48201,Texas,Pulmonary,Respiratory Disease,3496,3,2361,10616.2,1165.3333,4251.578947,5741.879972,LOW GAP,48201|Pulmonary,Harris County
48029,Texas,Endocrinology,Diabetes,16046,2,1594,2850.5,8023.0,18070.0,22988.768287,LOW GAP,48029|Endocrinology,Bexar County
37067,North Carolina,Rheumatology,Arthritis,170679,2,129,299.6,85339.5,10453.0,13315.598761,CRITICAL GAP,37067|Rheumatology,Forsyth County
37051,North Carolina,Rheumatology,Arthritis,2047,0,0,0.0,0.0,10453.0,13315.598761,NO PROVIDER,37051|Rheumatology,Cumberland County
26099,Michigan,Pulmonary,Respiratory Disease,4580,1,213,340.6,4580.0,4251.578947,5741.879972,HIGH GAP,26099|Pulmonary,Macomb County
48201,Texas,Cardiology,Heart Disease,217248,3,205,815.7,72416.0,10823.136364,15071.056217,CRITICAL GAP,48201|Cardiology,Harris County
48439,Texas,Pulmonary,Respiratory Disease,2378,1,563,1259.3,2378.0,4251.578947,5741.879972,MODERATE GAP,48439|Pulmonary,Tarrant County
37081,North Carolina,Cardiology,Heart Disease,9580,1,61,184.8,9580.0,10823.136364,15071.056217,MODERATE GAP,37081|Cardiology,Guilford County
37119,North Carolina,Rheumatology,Arthritis,6647,0,0,0.0,0.0,10453.0,13315.598761,NO PROVIDER,37119|Rheumatology,Mecklenburg County
37081,North Carolina,Cardiology,Heart Disease,947,0,0,0.0,0.0,10823.136364,15071.056217,NO PROVIDER,37081|Cardiology,Guilford County
48113,Texas,Cardiology,Heart Disease,4705,0,0,0.0,0.0,10823.136364,15071.056217,NO PROVIDER,48113|Cardiology,Dallas County
26099,Michigan,Psychiatry,Mental Health Disorders,1319,2,485,1917.9,659.5,3104.5,4291.159571,LOW GAP,26099|Psychiatry,Macomb County
37183,North Carolina,Rheumatology,Arthritis,2995,0,0,0.0,0.0,10453.0,13315.598761,NO PROVIDER,37183|Rheumatology,Wake County
48439,Texas,Cardiology,Heart Disease,1662,1,319,513.0,1662.0,10823.136364,15071.056217,LOW GAP,48439|Cardiology,Tarrant County
48113,Texas,Pulmonary,Respiratory Disease,4268,0,0,0.0,0.0,4251.578947,5741.879972,NO PROVIDER,48113|Pulmonary,Dallas County
48085,Texas,Endocrinology,Diabetes,2163,0,0,0.0,0.0,18070.0,22988.768287,NO PROVIDER,48085|Endocrinology,Collin County
48201,Texas,Endocrinology,Diabetes,1144584,7,972,4094.0,163512.0,18070.0,22988.768287,CRITICAL GAP,48201|Endocrinology,Harris County
26163,Michigan,Rheumatology,Arthritis,50272,1,891,3125.9,50272.0,10453.0,13315.598761,CRITICAL GAP,26163|Rheumatology,Wayne County
48201,Texas,Cardiology,Heart Disease,13598,4,3459,10193.4,3399.5,10823.136364,15071.056217,LOW GAP,48201|Cardiology,Harris County
37051,North Carolina,Endocrinology,Diabetes,1547,0,0,0.0,0.0,18070.0,22988.768287,NO PROVIDER,37051|Endocrinology,Cumberland County
26099,Michigan,Psychiatry,Mental Health Disorders,58711,2,347,1558.4,29355.5,3104.5,4291.159571,CRITICAL GAP,26099|Psychiatry,Macomb County
37067,North Carolina,Psychiatry,Mental Health Disorders,3017,1,896,2137.1,3017.0,3104.5,4291.159571,MODERATE GAP,37067|Psychiatry,Forsyth County
26163,Michigan,Rheumatology,Arthritis,32564,1,480,1789.7,32564.0,10453.0,13315.598761,CRITICAL GAP,26163|Rheumatology,Wayne County
37067,North Carolina,Cardiology,Heart Disease,18986,2,1431,3032.0,9493.0,10823.136364,15071.056217,MODERATE GAP,37067|Cardiology,Forsyth County
26049,Michigan,Rheumatology,Arthritis,37930,2,1436,5191.8,18965.0,10453.0,13315.598761,HIGH GAP,26049|Rheumatology,Genesee County
48085,Texas,Pulmonary,Respiratory Disease,8166,1,895,3410.2,8166.0,4251.578947,5741.879972,HIGH GAP,48085|Pulmonary,Collin County
37119,North Carolina,Endocrinology,Diabetes,2091,0,0,0.0,0.0,18070.0,22988.768287,NO PROVIDER,37119|Endocrinology,Mecklenburg County
48201,Texas,Pulmonary,Respiratory Disease,9682,0,0,0.0,0.0,4251.578947,5741.879972,NO PROVIDER,48201|Pulmonary,Harris County
37081,North Carolina,Psychiatry,Mental Health Disorders,2473,0,0,0.0,0.0,3104.5,4291.159571,NO PROVIDER,37081|Psychiatry,Guilford County
26077,Michigan,Pulmonary,Respiratory Disease,6402,4,3145,8505.8,1600.5,4251.578947,5741.879972,LOW GAP,26077|Pulmonary,Kalamazoo County
37051,North Carolina,Rheumatology,Arthritis,16709,2,387,767.6,8354.5,10453.0,13315.598761,MODERATE GAP,37051|Rheumatology,Cumberland County
37067,North Carolina,Endocrinology,Diabetes,2134,1,809,1301.6,2134.0,18070.0,22988.768287,LOW GAP,37067|Endocrinology,Forsyth County
48201,Texas,Cardiology,Heart Disease,12544,0,0,0.0,0.0,10823.136364,15071.056217,NO PROVIDER,48201|Cardiology,Harris County
37067,North Carolina,Cardiology,Heart Disease,322608,3,2187,7640.8,107536.0,10823.136364,15071.056217,CRITICAL GAP,37067|Cardiology,Forsyth County
26125,Michigan,Psychiatry,Mental Health Disorders,4535,0,0,0.0,0.0,3104.5,4291.159571,NO PROVIDER,26125|Psychiatry,Oakland County
26049,Michigan,Rheumatology,Arthritis,280323,4,1054,3516.5,70080.75,10453.0,13315.598761,CRITICAL GAP,26049|Rheumatology,Genesee County
37051,North Carolina,Endocrinology,Diabetes,1153,0,0,0.0,0.0,18070.0,22988.768287,NO PROVIDER,37051|Endocrinology,Cumberland County
26125,Michigan,Psychiatry,Mental Health Disorders,5932,0,0,0.0,0.0,3104.5,4291.159571,NO PROVIDER,26125|Psychiatry,Oakland County
48085,Texas,Pulmonary,Respiratory Disease,5412,2,693,2529.6,2706.0,4251.578947,5741.879972,MODERATE GAP,48085|Pulmonary,Collin County
26049,Michigan,Rheumatology,Arthritis,24826,2,916,2950.7,12413.0,10453.0,13315.598761,HIGH GAP,26049|Rheumatology,Genesee County
26163,Michigan,Rheumatology,Arthritis,16874,1,644,1994.8,16874.0,10453.0,13315.598761,HIGH GAP,26163|Rheumatology,Wayne County
26163,Michigan,Psychiatry,Mental Health Disorders,5554,0,0,0.0,0.0,3104.5,4291.159571,NO PROVIDER,26163|Psychiatry,Wayne County
26077,Michigan,Psychiatry,Mental Health Disorders,3730,1,808,2534.6,3730.0,3104.5,4291.159571,HIGH GAP,26077|Psychiatry,Kalamazoo County
48201,Texas,Cardiology,Heart Disease,258477,3,2149,7506.3,86159.0,10823.136364,15071.056217,CRITICAL GAP,48201|Cardiology,Harris County
48113,Texas,Pulmonary,Respiratory Disease,5226,0,0,0.0,0.0,4251.578947,5741.879972,NO PROVIDER,48113|Pulmonary,Dallas County
48085,Texas,Endocrinology,Diabetes,11910,1,293,1287.2,11910.0,18070.0,22988.768287,MODERATE GAP,48085|Endocrinology,Collin County
37119,North Carolina,Psychiatry,Mental Health Disorders,2253,2,1389,6091.5,1126.5,3104.5,4291.159571,LOW GAP,37119|Psychiatry,Mecklenburg County
26125,Michigan,Rheumatology,Arthritis,80245,1,763,2838.1,80245.0,10453.0,13315.598761,CRITICAL GAP,26125|Rheumatology,Oakland County
37081,North Carolina,Endocrinology,Diabetes,1151,0,0,0.0,0.0,18070.0,22988.768287,NO PROVIDER,37081|Endocrinology,Guilford County
26125,Michigan,Rheumatology,Arthritis,40580,2,1440,2885.5,20290.0,10453.0,13315.598761,HIGH GAP,26125|Rheumatology,Oakland County
48113,Texas,Pulmonary,Respiratory Disease,37201,1,787,2942.0,37201.0,4251.578947,5741.879972,CRITICAL GAP,48113|Pulmonary,Dallas County
37067,North Carolina,Endocrinology,Diabetes,9637,2,1234,3028.5,4818.5,18070.0,22988.768287,LOW GAP,37067|Endocrinology,Forsyth County
37051,North Carolina,Endocrinology,Diabetes,14068,2,783,2871.6,7034.0,18070.0,22988.768287,LOW GAP,37051|Endocrinology,Cumberland County
26125,Michigan,Rheumatology,Arthritis,4405,1,432,1158.1,4405.0,10453.0,13315.598761,LOW GAP,26125|Rheumatology,Oakland County
48085,Texas,Endocrinology,Diabetes,4828,1,885,2939.6,4828.0,18070.0,22988.768287,LOW GAP,48085|Endocrinology,Collin County
37051,North Carolina,Cardiology,Heart Disease,9958,1,653,2937.3,9958.0,10823.136364,15071.056217,MODERATE GAP,37051|Cardiology,Cumberland County
37051,North Carolina,Rheumatology,Arthritis,13857,1,72,109.6,13857.0,10453.0,13315.598761,HIGH GAP,37051|Rheumatology,Cumberland County
48113,Texas,Pulmonary,Respiratory Disease,5692,2,460,814.2,2846.0,4251.578947,5741.879972,MODERATE GAP,48113|Pulmonary,Dallas County
26077,Michigan,Psychiatry,Mental Health Disorders,7549,2,537,2242.3,3774.5,3104.5,4291.159571,HIGH GAP,26077|Psychiatry,Kalamazoo County
37067,North Carolina,Cardiology,Heart Disease,3896,3,727,2187.9,1298.6667,10823.136364,15071.056217,LOW GAP,37067|Cardiology,Forsyth County
26077,Michigan,Rheumatology,Arthritis,1700,0,0,0.0,0.0,10453.0,13315.598761,NO PROVIDER,26077|Rheumatology,Kalamazoo County
26077,Michigan,Psychiatry,Mental Health Disorders,1126,0,0,0.0,0.0,3104.5,4291.159571,NO PROVIDER,26077|Psychiatry,Kalamazoo County
37051,North Carolina,Psychiatry,Mental Health Disorders,1807,0,0,0.0,0.0,3104.5,4291.159571,NO PROVIDER,37051|Psychiatry,Cumberland County
48113,Texas,Endocrinology,Diabetes,223724,2,1004,2070.0,111862.0,18070.0,22988.768287,CRITICAL GAP,48113|Endocrinology,Dallas County
48113,Texas,Endocrinology,Diabetes,7968,0,0,0.0,0.0,18070.0,22988.768287,NO PROVIDER,48113|Endocrinology,Dallas County
37051,North Carolina,Rheumatology,Arthritis,6769,1,585,2259.7,6769.0,10453.0,13315.598761,MODERATE GAP,37051|Rheumatology,Cumberland County
37067,North Carolina,Rheumatology,Arthritis,36376,5,886,2915.4,7275.2,10453.0,13315.598761,MODERATE GAP,37067|Rheumatology,Forsyth County
37119,North Carolina,Psychiatry,Mental Health Disorders,4011,2,572,1487.3,2005.5,3104.5,4291.159571,MODERATE GAP,37119|Psychiatry,Mecklenburg County
37119,North Carolina,Cardiology,Heart Disease,1582,0,0,0.0,0.0,10823.136364,15071.056217,NO PROVIDER,37119|Cardiology,Mecklenburg County
26049,Michigan,Pulmonary,Respiratory Disease,728,0,0,0.0,0.0,4251.578947,5741.879972,NO PROVIDER,26049|Pulmonary,Genesee County
48113,Texas,Cardiology,Heart Disease,140953,2,124,271.4,70476.5,10823.136364,15071.056217,CRITICAL GAP,48113|Cardiology,Dallas County
48201,Texas,Cardiology,Heart Disease,3310,1,277,691.0,3310.0,10823.136364,15071.056217,LOW GAP,48201|Cardiology,Harris County
37183,North Carolina,Cardiology,Heart Disease,36676,2,879,1563.2,18338.0,10823.136364,15071.056217,HIGH GAP,37183|Cardiology,Wake County
37119,North Carolina,Rheumatology,Arthritis,101560,1,140,618.8,101560.0,10453.0,13315.598761,CRITICAL GAP,37119|Rheumatology,Mecklenburg County
26049,Michigan,Pulmonary,Respiratory Disease,538,0,0,0.0,0.0,4251.578947,5741.879972,NO PROVIDER,26049|Pulmonary,Genesee County
37119,North Carolina,Endocrinology,Diabetes,3111,0,0,0.0,0.0,18070.0,22988.768287,NO PROVIDER,37119|Endocrinology,Mecklenburg County
37183,North Carolina,Cardiology,Heart Disease,36495,2,728,2332.0,18247.5,10823.136364,15071.056217,HIGH GAP,37183|Cardiology,Wake County
26163,Michigan,Pulmonary,Respiratory Disease,3797,1,788,1874.4,3797.0,4251.578947,5741.879972,MODERATE GAP,26163|Pulmonary,Wayne County
37081,North Carolina,Psychiatry,Mental Health Disorders,27270,1,836,2459.2,27270.0,3104.5,4291.159571,CRITICAL GAP,37081|Psychiatry,Guilford County
37067,North Carolina,Cardiology,Heart Disease,106477,1,503,1339.8,106477.0,10823.136364,15071.056217,CRITICAL GAP,37067|Cardiology,Forsyth County
48201,Texas,Endocrinology,Diabetes,14153,1,772,1169.0,14153.0,18070.0,22988.768287,MODERATE GAP,48201|Endocrinology,Harris County
37081,North Carolina,Rheumatology,Arthritis,3692,1,162,553.2,3692.0,10453.0,13315.598761,LOW GAP,37081|Rheumatology,Guilford County
26099,Michigan,Rheumatology,Arthritis,77508,1,405,852.7,77508.0,10453.0,13315.598761,CRITICAL GAP,26099|Rheumatology,Macomb County
37067,North Carolina,Endocrinology,Diabetes,14090,1,324,492.9,14090.0,18070.0,22988.768287,MODERATE GAP,37067|Endocrinology,Forsyth County
37183,North Carolina,Rheumatology,Arthritis,3587,1,250,1054.2,3587.0,10453.0,13315.598761,LOW GAP,37183|Rheumatology,Wake County
37067,North Carolina,Cardiology,Heart Disease,669,0,0,0.0,0.0,10823.136364,15071.056217,NO PROVIDER,37067|Cardiology,Forsyth County
37067,North Carolina,Endocrinology,Diabetes,61923,1,478,1680.5,61923.0,18070.0,22988.768287,CRITICAL GAP,37067|Endocrinology,Forsyth County
26099,Michigan,Pulmonary,Respiratory Disease,66823,3,1249,2011.1,22274.3333,4251.578947,5741.879972,CRITICAL GAP,26099|Pulmonary,Macomb County
48439,Texas,Cardiology,Heart Disease,62129,4,712,1454.5,15532.25,10823.136364,15071.056217,HIGH GAP,48439|Cardiology,Tarrant County
48113,Texas,Endocrinology,Diabetes,5406,0,0,0.0,0.0,18070.0,22988.768287,NO PROVIDER,48113|Endocrinology,Dallas County
48201,Texas,Pulmonary,Respiratory Disease,2515,1,99,430.4,2515.0,4251.578947,5741.879972,MODERATE GAP,48201|Pulmonary,Harris County
37183,North Carolina,Cardiology,Heart Disease,17602,1,691,2782.9,17602.0,10823.136364,15071.056217,HIGH GAP,37183|Cardiology,Wake County
48085,Texas,Endocrinology,Diabetes,4151,0,0,0.0,0.0,18070.0,22988.768287,NO PROVIDER,48085|Endocrinology,Collin County
26125,Michigan,Rheumatology,Arthritis,4635,1,439,1528.4,4635.0,10453.0,13315.598761,LOW GAP,26125|Rheumatology,Oakland County
37067,North Carolina,Cardiology,Heart Disease,101648,2,668,1547.2,50824.0,10823.136364,15071.056217,CRITICAL GAP,37067|Cardiology,Forsyth County
48085,Texas,Endocrinology,Diabetes,100851,1,104,458.3,100851.0,18070.0,22988.768287,CRITICAL GAP,48085|Endocrinology,Collin County
48085,Texas,Endocrinology,Diabetes,20111,2,788,3094.4,10055.5,18070.0,22988.768287,MODERATE GAP,48085|Endocrinology,Collin County
37183,North Carolina,Endocrinology,Diabetes,29076,2,269,892.7,14538.0,18070.0,22988.768287,MODERATE GAP,37183|Endocrinology,Wake County
26099,Michigan,Rheumatology,Arthritis,5065,1,685,2266.2,5065.0,10453.0,13315.598761,LOW GAP,26099|Rheumatology,Macomb County
48113,Texas,Endocrinology,Diabetes,10358,1,859,2530.7,10358.0,18070.0,22988.768287,MODERATE GAP,48113|Endocrinology,Dallas County
26163,Michigan,Pulmonary,Respiratory Disease,21240,1,658,1240.3,21240.0,4251.578947,5741.879972,CRITICAL GAP,26163|Pulmonary,Wayne County
26049,Michigan,Psychiatry,Mental Health Disorders,5753,1,870,2104.3,5753.0,3104.5,4291.159571,HIGH GAP,26049|Psychiatry,Genesee County
26163,Michigan,Psychiatry,Mental Health Disorders,284,1,434,970.1,284.0,3104.5,4291.159571,LOW GAP,26163|Psychiatry,Wayne County
37119,North Carolina,Endocrinology,Diabetes,54466,2,537,1597.3,27233.0,18070.0,22988.768287,HIGH GAP,37119|Endocrinology,Mecklenburg County
37067,North Carolina,Psychiatry,Mental Health Disorders,4688,1,67,201.6,4688.0,3104.5,4291.159571,HIGH GAP,37067|Psychiatry,Forsyth County
26163,Michigan,Rheumatology,Arthritis,17711,2,756,1187.7,8855.5,10453.0,13315.598761,MODERATE GAP,26163|Rheumatology,Wayne County
37119,North Carolina,Cardiology,Heart Disease,2317,0,0,0.0,0.0,10823.136364,15071.056217,NO PROVIDER,37119|Cardiology,Mecklenburg County
26163,Michigan,Rheumatology,Arthritis,33771,1,267,973.7,33771.0,10453.0,13315.598761,CRITICAL GAP,26163|Rheumatology,Wayne County
48201,Texas,Endocrinology,Diabetes,273099,7,3829,7201.3,39014.1429,18070.0,22988.768287,CRITICAL GAP,48201|Endocrinology,Harris County
26049,Michigan,Rheumatology,Arthritis,1394,1,282,475.3,1394.0,10453.0,13315.598761,LOW GAP,26049|Rheumatology,Genesee County
48439,Texas,Cardiology,Heart Disease,2593,0,0,0.0,0.0,10823.136364,15071.056217,NO PROVIDER,48439|Cardiology,Tarrant County
48439,Texas,Endocrinology,Diabetes,27557,2,175,473.2,13778.5,18070.0,22988.768287,MODERATE GAP,48439|Endocrinology,Tarrant County
37081,North Carolina,Psychiatry,Mental Health Disorders,44026,2,526,1503.5,22013.0,3104.5,4291.159571,CRITICAL GAP,37081|Psychiatry,Guilford County
26077,Michigan,Rheumatology,Arthritis,77478,1,674,3031.5,77478.0,10453.0,13315.598761,CRITICAL GAP,26077|Rheumatology,Kalamazoo County
48029,Texas,Endocrinology,Diabetes,4076,0,0,0.0,0.0,18070.0,22988.768287,NO PROVIDER,48029|Endocrinology,Bexar County
37081,North Carolina,Psychiatry,Mental Health Disorders,1985,0,0,0.0,0.0,3104.5,4291.159571,NO PROVIDER,37081|Psychiatry,Guilford County
48439,Texas,Pulmonary,Respiratory Disease,2996,0,0,0.0,0.0,4251.578947,5741.879972,NO PROVIDER,48439|Pulmonary,Tarrant County
48439,Texas,Endocrinology,Diabetes,177025,1,355,967.7,177025.0,18070.0,22988.768287,CRITICAL GAP,48439|Endocrinology,Tarrant County
37051,North Carolina,Endocrinology,Diabetes,1259,0,0,0.0,0.0,18070.0,22988.768287,NO PROVIDER,37051|Endocrinology,Cumberland County
37119,North Carolina,Endocrinology,Diabetes,43367,3,1864,6770.6,14455.6667,18070.0,22988.768287,MODERATE GAP,37119|Endocrinology,Mecklenburg County
26163,Michigan,Rheumatology,Arthritis,8928,0,0,0.0,0.0,10453.0,13315.598761,NO PROVIDER,26163|Rheumatology,Wayne County
26099,Michigan,Rheumatology,Arthritis,26884,3,1974,8233.7,8961.3333,10453.0,13315.598761,MODERATE GAP,26099|Rheumatology,Macomb County
26077,Michigan,Psychiatry,Mental Health Disorders,13929,1,629,2633.6,13929.0,3104.5,4291.159571,CRITICAL GAP,26077|Psychiatry,Kalamazoo County
37067,North Carolina,Psychiatry,Mental Health Disorders,1459,0,0,0.0,0.0,3104.5,4291.159571,NO PROVIDER,37067|Psychiatry,Forsyth County
37119,North Carolina,Cardiology,Heart Disease,2361,0,0,0.0,0.0,10823.136364,15071.056217,NO PROVIDER,37119|Cardiology,Mecklenburg County
37119,North Carolina,Rheumatology,Arthritis,19773,1,579,2344.0,19773.0,10453.0,13315.598761,HIGH GAP,37119|Rheumatology,Mecklenburg County
37183,North Carolina,Psychiatry,Mental Health Disorders,4188,1,797,1965.5,4188.0,3104.5,4291.159571,HIGH GAP,37183|Psychiatry,Wake County
48113,Texas,Pulmonary,Respiratory Disease,4480,2,1187,4568.4,2240.0,4251.578947,5741.879972,MODERATE GAP,48113|Pulmonary,Dallas County
48085,Texas,Cardiology,Heart Disease,3419,1,828,2476.3,3419.0,10823.136364,15071.056217,LOW GAP,48085|Cardiology,Collin County
26099,Michigan,Psychiatry,Mental Health Disorders,11653,2,827,3185.8,5826.5,3104.5,4291.159571,HIGH GAP,26099|Psychiatry,Macomb County
48113,Texas,Pulmonary,Respiratory Disease,3431,1,159,611.0,3431.0,4251.578947,5741.879972,MODERATE GAP,48113|Pulmonary,Dallas County
37119,North Carolina,Psychiatry,Mental Health Disorders,4353,1,213,411.1,4353.0,3104.5,4291.159571,HIGH GAP,37119|Psychiatry,Mecklenburg County
37183,North Carolina,Cardiology,Heart Disease,47318,1,228,477.5,47318.0,10823.136364,15071.056217,CRITICAL GAP,37183|Cardiology,Wake County
48439,Texas,Endocrinology,Diabetes,30169,2,102,218.0,15084.5,18070.0,22988.768287,MODERATE GAP,48439|Endocrinology,Tarrant County
37067,North Carolina,Cardiology,Heart Disease,19144,3,232,621.7,6381.3333,10823.136364,15071.056217,MODERATE GAP,37067|Cardiology,Forsyth County
48085,Texas,Pulmonary,Respiratory Disease,1636,0,0,0.0,0.0,4251.578947,5741.879972,NO PROVIDER,48085|Pulmonary,Collin County
37067,North Carolina,Psychiatry,Mental Health Disorders,1477,1,187,609.3,1477.0,3104.5,4291.159571,LOW GAP,37067|Psychiatry,Forsyth County
26099,Michigan,Pulmonary,Respiratory Disease,79116,2,437,1610.0,39558.0,4251.578947,5741.879972,CRITICAL GAP,26099|Pulmonary,Macomb County
26125,Michigan,Pulmonary,Respiratory Disease,1234,1,874,1890.5,1234.0,4251.578947,5741.879972,LOW GAP,26125|Pulmonary,Oakland County
26077,Michigan,Psychiatry,Mental Health Disorders,1842,1,407,629.0,1842.0,3104.5,4291.159571,MODERATE GAP,26077|Psychiatry,Kalamazoo County
48113,Texas,Cardiology,Heart Disease,2054,0,0,0.0,0.0,10823.136364,15071.056217,NO PROVIDER,48113|Cardiology,Dallas County
48085,Texas,Pulmonary,Respiratory Disease,1208,0,0,0.0,0.0,4251.578947,5741.879972,NO PROVIDER,48085|Pulmonary,Collin County
37051,North Carolina,Cardiology,Heart Disease,4713,1,84,133.1,4713.0,10823.136364,15071.056217,LOW GAP,37051|Cardiology,Cumberland County
48085,Texas,Endocrinology,Diabetes,5532,0,0,0.0,0.0,18070.0,22988.768287,NO PROVIDER,48085|Endocrinology,Collin County
48113,Texas,Pulmonary,Respiratory Disease,5256,1,865,3140.0,5256.0,4251.578947,5741.879972,HIGH GAP,48113|Pulmonary,Dallas County
48201,Texas,Pulmonary,Respiratory Disease,23295,7,5328,9728.8,3327.8571,4251.578947,5741.879972,MODERATE GAP,48201|Pulmonary,Harris County
26125,Michigan,Rheumatology,Arthritis,6285,1,184,500.8,6285.0,10453.0,13315.598761,MODERATE GAP,26125|Rheumatology,Oakland County
26125,Michigan,Psychiatry,Mental Health Disorders,336,1,522,1264.0,336.0,3104.5,4291.159571,LOW GAP,26125|Psychiatry,Oakland County
48201,Texas,Endocrinology,Diabetes,13378,1,244,608.1,13378.0,18070.0,22988.768287,MODERATE GAP,48201|Endocrinology,Harris County
48085,Texas,Pulmonary,Respiratory Disease,1049,3,828,2494.1,349.6667,4251.578947,5741.879972,LOW GAP,48085|Pulmonary,Collin County
37119,North Carolina,Rheumatology,Arthritis,19426,1,361,594.2,19426.0,10453.0,13315.598761,HIGH GAP,37119|Rheumatology,Mecklenburg County
37081,North Carolina,Psychiatry,Mental Health Disorders,5889,1,352,1204.2,5889.0,3104.5,4291.159571,HIGH GAP,37081|Psychiatry,Guilford County
48029,Texas,Endocrinology,Diabetes,14004,3,281,988.2,4668.0,18070.0,22988.768287,LOW GAP,48029|Endocrinology,Bexar County
37119,North Carolina,Rheumatology,Arthritis,6979,0,0,0.0,0.0,10453.0,13315.598761,NO PROVIDER,37119|Rheumatology,Mecklenburg County
37051,North Carolina,Rheumatology,Arthritis,39776,4,223,906.5,9944.0,10453.0,13315.598761,MODERATE GAP,37051|Rheumatology,Cumberland County
26099,Michigan,Pulmonary,Respiratory Disease,2282,1,634,1600.9,2282.0,4251.578947,5741.879972,MODERATE GAP,26099|Pulmonary,Macomb County
37183,North Carolina,Endocrinology,Diabetes,15264,1,226,720.8,15264.0,18070.0,22988.768287,MODERATE GAP,37183|Endocrinology,Wake County
37183,North Carolina,Cardiology,Heart Disease,1701,0,0,0.0,0.0,10823.136364,15071.056217,NO PROVIDER,37183|Cardiology,Wake County
37051,North Carolina,Cardiology,Heart Disease,280205,3,1301,3757.8,93401.6667,10823.136364,15071.056217,CRITICAL GAP,37051|Cardiology,Cumberland County
26163,Michigan,Pulmonary,Respiratory Disease,1463,2,1533,2689.7,731.5,4251.578947,5741.879972,LOW GAP,26163|Pulmonary,Wayne County
48029,Texas,Cardiology,Heart Disease,11357,1,156,470.1,11357.0,10823.136364,15071.056217,HIGH GAP,48029|Cardiology,Bexar County
37183,North Carolina,Rheumatology,Arthritis,16229,2,1532,6773.0,8114.5,10453.0,13315.598761,MODERATE GAP,37183|Rheumatology,Wake County
48029,Texas,Endocrinology,Diabetes,20300,1,899,1867.9,20300.0,18070.0,22988.768287,HIGH GAP,48029|Endocrinology,Bexar County
26125,Michigan,Pulmonary,Respiratory Disease,2293,1,607,2465.9,2293.0,4251.578947,5741.879972,MODERATE GAP,26125|Pulmonary,Oakland County
48029,Texas,Pulmonary,Respiratory Disease,3142,0,0,0.0,0.0,4251.578947,5741.879972,NO PROVIDER,48029|Pulmonary,Bexar County
26077,Michigan,Rheumatology,Arthritis,15325,1,797,1666.4,15325.0,10453.0,13315.598761,HIGH GAP,26077|Rheumatology,Kalamazoo County
37067,North Carolina,Psychiatry,Mental Health Disorders,2301,0,0,0.0,0.0,3104.5,4291.159571,NO PROVIDER,37067|Psychiatry,Forsyth County
48201,Texas,Cardiology,Heart Disease,6706,0,0,0.0,0.0,10823.136364,15071.056217,NO PROVIDER,48201|Cardiology,Harris County
37051,North Carolina,Psychiatry,Mental Health Disorders,7035,2,685,2959.2,3517.5,3104.5,4291.159571,HIGH GAP,37051|Psychiatry,Cumberland County
48029,Texas,Pulmonary,Respiratory Disease,7847,2,447,1379.3,3923.5,4251.578947,5741.879972,MODERATE GAP,48029|Pulmonary,Bexar County
48113,Texas,Cardiology,Heart Disease,5770,0,0,0.0,0.0,10823.136364,15071.056217,NO PROVIDER,48113|Cardiology,Dallas County
26077,Michigan,Rheumatology,Arthritis,16310,3,1960,7390.2,5436.6667,10453.0,13315.598761,MODERATE GAP,26077|Rheumatology,Kalamazoo County
37119,North Carolina,Rheumatology,Arthritis,12420,1,388,1307.3,12420.0,10453.0,13315.598761,HIGH GAP,37119|Rheumatology,Mecklenburg County
26163,Michigan,Rheumatology,Arthritis,45125,1,145,646.1,45125.0,10453.0,13315.598761,CRITICAL GAP,26163|Rheumatology,Wayne County
48201,Texas,Pulmonary,Respiratory Disease,7294,0,0,0.0,0.0,4251.578947,5741.879972,NO PROVIDER,48201|Pulmonary,Harris County
37183,North Carolina,Psychiatry,Mental Health Disorders,6069,0,0,0.0,0.0,3104.5,4291.159571,NO PROVIDER,37183|Psychiatry,Wake County
48439,Texas,Endocrinology,Diabetes,7997,0,0,0.0,0.0,18070.0,22988.768287,NO PROVIDER,48439|Endocrinology,Tarrant County
26077,Michigan,Psychiatry,Mental Health Disorders,5391,2,1589,3540.9,2695.5,3104.5,4291.159571,MODERATE GAP,26077|Psychiatry,Kalamazoo County
26163,Michigan,Psychiatry,Mental Health Disorders,9835,0,0,0.0,0.0,3104.5,4291.159571,NO PROVIDER,26163|Psychiatry,Wayne County
48085,Texas,Pulmonary,Respiratory Disease,12040,2,862,1978.8,6020.0,4251.578947,5741.879972,HIGH GAP,48085|Pulmonary,Collin County
48085,Texas,Pulmonary,Respiratory Disease,3285,1,336,1499.5,3285.0,4251.578947,5741.879972,MODERATE GAP,48085|Pulmonary,Collin County
26077,Michigan,Psychiatry,Mental Health Disorders,18098,3,1853,7860.8,6032.6667,3104.5,4291.159571,HIGH GAP,26077|Psychiatry,Kalamazoo County
48085,Texas,Cardiology,Heart Disease,7884,1,316,522.3,7884.0,10823.136364,15071.056217,MODERATE GAP,48085|Cardiology,Collin County
26049,Michigan,Rheumatology,Arthritis,8738,1,736,3083.2,8738.0,10453.0,13315.598761,MODERATE GAP,26049|Rheumatology,Genesee County
37183,North Carolina,Rheumatology,Arthritis,35168,1,709,2200.8,35168.0,10453.0,13315.598761,CRITICAL GAP,37183|Rheumatology,Wake County
26099,Michigan,Psychiatry,Mental Health Disorders,6794,2,874,3749.9,3397.0,3104.5,4291.159571,HIGH GAP,26099|Psychiatry,Macomb County
48439,Texas,Endocrinology,Diabetes,28795,2,189,819.6,14397.5,18070.0,22988.768287,MODERATE GAP,48439|Endocrinology,Tarrant County
37183,North Carolina,Psychiatry,Mental Health Disorders,9456,0,0,0.0,0.0,3104.5,4291.159571,NO PROVIDER,37183|Psychiatry,Wake County
48113,Texas,Pulmonary,Respiratory Disease,131759,4,3555,6333.0,32939.75,4251.578947,5741.879972,CRITICAL GAP,48113|Pulmonary,Dallas County
26077,Michigan,Pulmonary,Respiratory Disease,6261,1,484,1761.1,6261.0,4251.578947,5741.879972,HIGH GAP,26077|Pulmonary,Kalamazoo County
48113,Texas,Pulmonary,Respiratory Disease,2047,1,306,1166.0,2047.0,4251.578947,5741.879972,LOW GAP,48113|Pulmonary,Dallas County
37119,North Carolina,Psychiatry,Mental Health Disorders,4763,0,0,0.0,0.0,3104.5,4291.159571,NO PROVIDER,37119|Psychiatry,Mecklenburg County
48439,Texas,Endocrinology,Diabetes,11133,2,390,1730.0,5566.5,18070.0,22988.768287,LOW GAP,48439|Endocrinology,Tarrant County
26077,Michigan,Pulmonary,Respiratory Disease,556,0,0,0.0,0.0,4251.578947,5741.879972,NO PROVIDER,26077|Pulmonary,Kalamazoo County
48085,Texas,Endocrinology,Diabetes,62069,2,1692,3491.8,31034.5,18070.0,22988.768287,HIGH GAP,48085|Endocrinology,Collin County
48029,Texas,Cardiology,Heart Disease,3160,0,0,0.0,0.0,10823.136364,15071.056217,NO PROVIDER,48029|Cardiology,Bexar County
37067,North Carolina,Rheumatology,Arthritis,477,0,0,0.0,0.0,10453.0,13315.598761,NO PROVIDER,37067|Rheumatology,Forsyth County
26077,Michigan,Psychiatry,Mental Health Disorders,1530,0,0,0.0,0.0,3104.5,4291.159571,NO PROVIDER,26077|Psychiatry,Kalamazoo County
26049,Michigan,Pulmonary,Respiratory Disease,12432,2,1109,1749.4,6216.0,4251.578947,5741.879972,HIGH GAP,26049|Pulmonary,Genesee County
37067,North Carolina,Rheumatology,Arthritis,12156,1,411,955.5,12156.0,10453.0,13315.598761,HIGH GAP,37067|Rheumatology,Forsyth County
48439,Texas,Pulmonary,Respiratory Disease,10430,4,1486,6026.0,2607.5,4251.578947,5741.879972,MODERATE GAP,48439|Pulmonary,Tarrant County
48113,Texas,Pulmonary,Respiratory Disease,4908,0,0,0.0,0.0,4251.578947,5741.879972,NO PROVIDER,48113|Pulmonary,Dallas County
37119,North Carolina,Rheumatology,Arthritis,15219,1,441,834.3,15219.0,10453.0,13315.598761,HIGH GAP,37119|Rheumatology,Mecklenburg County
48029,Texas,Cardiology,Heart Disease,31073,3,449,791.6,10357.6667,10823.136364,15071.056217,MODERATE GAP,48029|Cardiology,Bexar County
26163,Michigan,Pulmonary,Respiratory Disease,1694,3,2234,9231.7,564.6667,4251.578947,5741.879972,LOW GAP,26163|Pulmonary,Wayne County
26099,Michigan,Psychiatry,Mental Health Disorders,29311,1,507,1438.3,29311.0,3104.5,4291.159571,CRITICAL GAP,26099|Psychiatry,Macomb County
48201,Texas,Cardiology,Heart Disease,8417,0,0,0.0,0.0,10823.136364,15071.056217,NO PROVIDER,48201|Cardiology,Harris County
37119,North Carolina,Cardiology,Heart Disease,109352,1,108,386.2,109352.0,10823.136364,15071.056217,CRITICAL GAP,37119|Cardiology,Mecklenburg County
26163,Michigan,Rheumatology,Arthritis,19027,3,1877,3156.0,6342.3333,10453.0,13315.598761,MODERATE GAP,26163|Rheumatology,Wayne County
26049,Michigan,Rheumatology,Arthritis,9060,1,559,1724.9,9060.0,10453.0,13315.598761,MODERATE GAP,26049|Rheumatology,Genesee County
37067,North Carolina,Psychiatry,Mental Health Disorders,3686,1,600,1655.4,3686.0,3104.5,4291.159571,HIGH GAP,37067|Psychiatry,Forsyth County
37119,North Carolina,Rheumatology,Arthritis,6541,0,0,0.0,0.0,10453.0,13315.598761,NO PROVIDER,37119|Rheumatology,Mecklenburg County
48439,Texas,Endocrinology,Diabetes,4719,0,0,0.0,0.0,18070.0,22988.768287,NO PROVIDER,48439|Endocrinology,Tarrant County
26163,Michigan,Pulmonary,Respiratory Disease,3804,0,0,0.0,0.0,4251.578947,5741.879972,NO PROVIDER,26163|Pulmonary,Wayne County
37067,North Carolina,Endocrinology,Diabetes,16840,1,627,2363.6,16840.0,18070.0,22988.768287,MODERATE GAP,37067|Endocrinology,Forsyth County
26077,Michigan,Psychiatry,Mental Health Disorders,1264,0,0,0.0,0.0,3104.5,4291.159571,NO PROVIDER,26077|Psychiatry,Kalamazoo County
48201,Texas,Endocrinology,Diabetes,186618,6,4168,18548.6,31103.0,18070.0,22988.768287,HIGH GAP,48201|Endocrinology,Harris County
37119,North Carolina,Psychiatry,Mental Health Disorders,458,0,0,0.0,0.0,3104.5,4291.159571,NO PROVIDER,37119|Psychiatry,Mecklenburg County
37119,North Carolina,Cardiology,Heart Disease,17097,2,1217,4455.0,8548.5,10823.136364,15071.056217,MODERATE GAP,37119|Cardiology,Mecklenburg County
37183,North Carolina,Psychiatry,Mental Health Disorders,3996,2,381,1701.0,1998.0,3104.5,4291.159571,MODERATE GAP,37183|Psychiatry,Wake County
37081,North Carolina,Cardiology,Heart Disease,16579,1,443,1222.4,16579.0,10823.136364,15071.056217,HIGH GAP,37081|Cardiology,Guilford County
48029,Texas,Cardiology,Heart Disease,3222,0,0,0.0,0.0,10823.136364,15071.056217,NO PROVIDER,48029|Cardiology,Bexar County
26049,Michigan,Psychiatry,Mental Health Disorders,2900,0,0,0.0,0.0,3104.5,4291.159571,NO PROVIDER,26049|Psychiatry,Genesee County
48201,Texas,Pulmonary,Respiratory Disease,9330,0,0,0.0,0.0,4251.578947,5741.879972,NO PROVIDER,48201|Pulmonary,Harris County
48439,Texas,Endocrinology,Diabetes,4543,0,0,0.0,0.0,18070.0,22988.768287,NO PROVIDER,48439|Endocrinology,Tarrant County
48029,Texas,Endocrinology,Diabetes,9417,1,794,2644.6,9417.0,18070.0,22988.768287,MODERATE GAP,48029|Endocrinology,Bexar County
37081,North Carolina,Rheumatology,Arthritis,2904,1,430,1345.6,2904.0,10453.0,13315.598761,LOW GAP,37081|Rheumatology,Guilford County
37081,North Carolina,Endocrinology,Diabetes,1428,0,0,0.0,0.0,18070.0,22988.768287,NO PROVIDER,37081|Endocrinology,Guilford County
48029,Texas,Pulmonary,Respiratory Disease,2821,0,0,0.0,0.0,4251.578947,5741.879972,NO PROVIDER,48029|Pulmonary,Bexar County
48201,Texas,Pulmonary,Respiratory Disease,28987,5,2237,5986.6,5797.4,4251.578947,5741.879972,HIGH GAP,48201|Pulmonary,Harris County
48201,Texas,Pulmonary,Respiratory Disease,5227,0,0,0.0,0.0,4251.578947,5741.879972,NO PROVIDER,48201|Pulmonary,Harris County
37051,North Carolina,Rheumatology,Arthritis,8319,1,193,562.3,8319.0,10453.0,13315.598761,MODERATE GAP,37051|Rheumatology,Cumberland County
26125,Michigan,Rheumatology,Arthritis,5309,2,1617,6394.3,2654.5,10453.0,13315.598761,LOW GAP,26125|Rheumatology,Oakland County
37067,North Carolina,Cardiology,Heart Disease,49647,3,1617,2877.2,16549.0,10823.136364,15071.056217,HIGH GAP,37067|Cardiology,Forsyth County
26163,Michigan,Rheumatology,Arthritis,15012,1,900,2292.5,15012.0,10453.0,13315.598761,HIGH GAP,26163|Rheumatology,Wayne County
48201,Texas,Cardiology,Heart Disease,58975,7,533,1497.8,8425.0,10823.136364,15071.056217,MODERATE GAP,48201|Cardiology,Harris County
26099,Michigan,Psychiatry,Mental Health Disorders,4211,1,466,1797.1,4211.0,3104.5,4291.159571,HIGH GAP,26099|Psychiatry,Macomb County
26049,Michigan,Rheumatology,Arthritis,2618,0,0,0.0,0.0,10453.0,13315.598761,NO PROVIDER,26049|Rheumatology,Genesee County
26099,Michigan,Rheumatology,Arthritis,3263,0,0,0.0,0.0,10453.0,13315.598761,NO PROVIDER,26099|Rheumatology,Macomb County
37081,North Carolina,Endocrinology,Diabetes,42382,1,136,330.0,42382.0,18070.0,22988.768287,CRITICAL GAP,37081|Endocrinology,Guilford County
48029,Texas,Pulmonary,Respiratory Disease,4331,0,0,0.0,0.0,4251.578947,5741.879972,NO PROVIDER,48029|Pulmonary,Bexar County
48439,Texas,Pulmonary,Respiratory Disease,1118,0,0,0.0,0.0,4251.578947,5741.879972,NO PROVIDER,48439|Pulmonary,Tarrant County
26163,Michigan,Pulmonary,Respiratory Disease,7123,1,495,1921.3,7123.0,4251.578947,5741.879972,HIGH GAP,26163|Pulmonary,Wayne County
48113,Texas,Cardiology,Heart Disease,2791,0,0,0.0,0.0,10823.136364,15071.056217,NO PROVIDER,48113|Cardiology,Dallas County
48113,Texas,Endocrinology,Diabetes,35581,2,1361,3955.4,17790.5,18070.0,22988.768287,MODERATE GAP,48113|Endocrinology,Dallas County
48029,Texas,Cardiology,Heart Disease,42041,2,1546,5273.7,21020.5,10823.136364,15071.056217,HIGH GAP,48029|Cardiology,Bexar County
48113,Texas,Endocrinology,Diabetes,35814,1,611,1470.9,35814.0,18070.0,22988.768287,HIGH GAP,48113|Endocrinology,Dallas County
37119,North Carolina,Endocrinology,Diabetes,3025,0,0,0.0,0.0,18070.0,22988.768287,NO PROVIDER,37119|Endocrinology,Mecklenburg County
37067,North Carolina,Endocrinology,Diabetes,188628,1,67,259.7,188628.0,18070.0,22988.768287,CRITICAL GAP,37067|Endocrinology,Forsyth County
48113,Texas,Endocrinology,Diabetes,63269,3,1640,6076.8,21089.6667,18070.0,22988.768287,HIGH GAP,48113|Endocrinology,Dallas County
37051,North Carolina,Endocrinology,Diabetes,109897,4,573,1514.3,27474.25,18070.0,22988.768287,HIGH GAP,37051|Endocrinology,Cumberland County
26163,Michigan,Psychiatry,Mental Health Disorders,420,1,456,1880.3,420.0,3104.5,4291.159571,LOW GAP,26163|Psychiatry,Wayne County
48085,Texas,Endocrinology,Diabetes,2755,0,0,0.0,0.0,18070.0,22988.768287,NO PROVIDER,48085|Endocrinology,Collin County
48439,Texas,Pulmonary,Respiratory Disease,3380,0,0,0.0,0.0,4251.578947,5741.879972,NO PROVIDER,48439|Pulmonary,Tarrant County
37051,North Carolina,Rheumatology,Arthritis,58407,1,899,1967.9,58407.0,10453.0,13315.598761,CRITICAL GAP,37051|Rheumatology,Cumberland County
37119,North Carolina,Psychiatry,Mental Health Disorders,6971,0,0,0.0,0.0,3104.5,4291.159571,NO PROVIDER,37119|Psychiatry,Mecklenburg County
26049,Michigan,Pulmonary,Respiratory Disease,3551,3,1038,3548.1,1183.6667,4251.578947,5741.879972,LOW GAP,26049|Pulmonary,Genesee County
37067,North Carolina,Rheumatology,Arthritis,2004,0,0,0.0,0.0,10453.0,13315.598761,NO PROVIDER,37067|Rheumatology,Forsyth County
48113,Texas,Cardiology,Heart Disease,8813,1,169,466.0,8813.0,10823.136364,15071.056217,MODERATE GAP,48113|Cardiology,Dallas County
48085,Texas,Endocrinology,Diabetes,37350,2,888,3170.5,18675.0,18070.0,22988.768287,HIGH GAP,48085|Endocrinology,Collin County
37051,North Carolina,Psychiatry,Mental Health Disorders,8062,1,551,2164.7,8062.0,3104.5,4291.159571,CRITICAL GAP,37051|Psychiatry,Cumberland County
26125,Michigan,Pulmonary,Respiratory Disease,3839,1,151,484.3,3839.0,4251.578947,5741.879972,MODERATE GAP,26125|Pulmonary,Oakland County
48201,Texas,Endocrinology,Diabetes,8908,0,0,0.0,0.0,18070.0,22988.768287,NO PROVIDER,48201|Endocrinology,Harris County
48029,Texas,Endocrinology,Diabetes,18601,1,218,835.9,18601.0,18070.0,22988.768287,HIGH GAP,48029|Endocrinology,Bexar County
26163,Michigan,Psychiatry,Mental Health Disorders,3299,1,579,1401.5,3299.0,3104.5,4291.159571,HIGH GAP,26163|Psychiatry,Wayne County
37183,North Carolina,Cardiology,Heart Disease,8535,1,753,1442.6,8535.0,10823.136364,15071.056217,MODERATE GAP,37183|Cardiology,Wake County
48029,Texas,Pulmonary,Respiratory Disease,9129,2,1089,1704.5,4564.5,4251.578947,5741.879972,HIGH GAP,48029|Pulmonary,Bexar County
37081,North Carolina,Rheumatology,Arthritis,26877,2,342,627.3,13438.5,10453.0,13315.598761,HIGH GAP,37081|Rheumatology,Guilford County
37183,North Carolina,Rheumatology,Arthritis,17219,2,998,2497.8,8609.5,10453.0,13315.598761,MODERATE GAP,37183|Rheumatology,Wake County
37183,North Carolina,Psychiatry,Mental Health Disorders,358,1,539,1390.5,358.0,3104.5,4291.159571,LOW GAP,37183|Psychiatry,Wake County
37067,North Carolina,Rheumatology,Arthritis,101380,2,419,1230.9,50690.0,10453.0,13315.598761,CRITICAL GAP,37067|Rheumatology,Forsyth County
26125,Michigan,Pulmonary,Respiratory Disease,3846,2,474,1316.6,1923.0,4251.578947,5741.879972,LOW GAP,26125|Pulmonary,Oakland County
48439,Texas,Endocrinology,Diabetes,6605,1,92,304.0,6605.0,18070.0,22988.768287,LOW GAP,48439|Endocrinology,Tarrant County
48029,Texas,Pulmonary,Respiratory Disease,5338,1,545,2441.9,5338.0,4251.578947,5741.879972,HIGH GAP,48029|Pulmonary,Bexar County
26099,Michigan,Pulmonary,Respiratory Disease,1353,1,375,856.3,1353.0,4251.578947,5741.879972,LOW GAP,26099|Pulmonary,Macomb County
48201,Texas,Cardiology,Heart Disease,2771,1,310,1003.7,2771.0,10823.136364,15071.056217,LOW GAP,48201|Cardiology,Harris County
26163,Michigan,Pulmonary,Respiratory Disease,5107,1,296,550.1,5107.0,4251.578947,5741.879972,HIGH GAP,26163|Pulmonary,Wayne County
48085,Texas,Pulmonary,Respiratory Disease,4915,3,2518,7585.9,1638.3333,4251.578947,5741.879972,LOW GAP,48085|Pulmonary,Collin County
37051,North Carolina,Psychiatry,Mental Health Disorders,1176,1,832,1502.0,1176.0,3104.5,4291.159571,LOW GAP,37051|Psychiatry,Cumberland County
37067,North Carolina,Cardiology,Heart Disease,2731,1,451,1463.9,2731.0,10823.136364,15071.056217,LOW GAP,37067|Cardiology,Forsyth County
26077,Michigan,Pulmonary,Respiratory Disease,653,0,0,0.0,0.0,4251.578947,5741.879972,NO PROVIDER,26077|Pulmonary,Kalamazoo County
48201,Texas,Endocrinology,Diabetes,8508,2,1612,4328.3,4254.0,18070.0,22988.768287,LOW GAP,48201|Endocrinology,Harris County
26125,Michigan,Rheumatology,Arthritis,5621,0,0,0.0,0.0,10453.0,13315.598761,NO PROVIDER,26125|Rheumatology,Oakland County
37051,North Carolina,Psychiatry,Mental Health Disorders,1886,0,0,0.0,0.0,3104.5,4291.159571,NO PROVIDER,37051|Psychiatry,Cumberland County
37183,North Carolina,Endocrinology,Diabetes,113141,1,229,1016.2,113141.0,18070.0,22988.768287,CRITICAL GAP,37183|Endocrinology,Wake County
37119,North Carolina,Endocrinology,Diabetes,48273,2,872,1806.1,24136.5,18070.0,22988.768287,HIGH GAP,37119|Endocrinology,Mecklenburg County
26049,Michigan,Pulmonary,Respiratory Disease,14837,2,1409,3248.1,7418.5,4251.578947,5741.879972,HIGH GAP,26049|Pulmonary,Genesee County
26125,Michigan,Psychiatry,Mental Health Disorders,1249,2,1178,4819.8,624.5,3104.5,4291.159571,LOW GAP,26125|Psychiatry,Oakland County
26049,Michigan,Pulmonary,Respiratory Disease,26490,1,372,1035.0,26490.0,4251.578947,5741.879972,CRITICAL GAP,26049|Pulmonary,Genesee County
26125,Michigan,Rheumatology,Arthritis,15780,2,1261,2410.5,7890.0,10453.0,13315.598761,MODERATE GAP,26125|Rheumatology,Oakland County
26077,Michigan,Pulmonary,Respiratory Disease,7406,2,898,3318.1,3703.0,4251.578947,5741.879972,MODERATE GAP,26077|Pulmonary,Kalamazoo County
26077,Michigan,Rheumatology,Arthritis,71540,1,431,1820.6,71540.0,10453.0,13315.598761,CRITICAL GAP,26077|Rheumatology,Kalamazoo County
37119,North Carolina,Endocrinology,Diabetes,28765,3,2091,8425.0,9588.3333,18070.0,22988.768287,MODERATE GAP,37119|Endocrinology,Mecklenburg County
48439,Texas,Cardiology,Heart Disease,22273,3,1013,4085.9,7424.3333,10823.136364,15071.056217,MODERATE GAP,48439|Cardiology,Tarrant County
48201,Texas,Endocrinology,Diabetes,20796,1,197,595.3,20796.0,18070.0,22988.768287,HIGH GAP,48201|Endocrinology,Harris County
48029,Texas,Cardiology,Heart Disease,12677,2,1691,4758.0,6338.5,10823.136364,15071.056217,MODERATE GAP,48029|Cardiology,Bexar County
48029,Texas,Pulmonary,Respiratory Disease,5998,1,239,674.7,5998.0,4251.578947,5741.879972,HIGH GAP,48029|Pulmonary,Bexar County
37081,North Carolina,Psychiatry,Mental Health Disorders,15897,1,226,718.7,15897.0,3104.5,4291.159571,CRITICAL GAP,37081|Psychiatry,Guilford County
37051,North Carolina,Rheumatology,Arthritis,24406,2,666,2263.9,12203.0,10453.0,13315.598761,HIGH GAP,37051|Rheumatology,Cumberland County
37081,North Carolina,Rheumatology,Arthritis,3725,0,0,0.0,0.0,10453.0,13315.598761,NO PROVIDER,37081|Rheumatology,Guilford County
26125,Michigan,Psychiatry,Mental Health Disorders,8681,2,1661,4519.0,4340.5,3104.5,4291.159571,HIGH GAP,26125|Psychiatry,Oakland County
48201,Texas,Cardiology,Heart Disease,32792,5,3594,12559.4,6558.4,10823.136364,15071.056217,MODERATE GAP,48201|Cardiology,Harris County
37081,North Carolina,Cardiology,Heart Disease,17573,1,178,754.8,17573.0,10823.136364,15071.056217,HIGH GAP,37081|Cardiology,Guilford County
26099,Michigan,Pulmonary,Respiratory Disease,6054,2,1525,4876.6,3027.0,4251.578947,5741.879972,MODERATE GAP,26099|Pulmonary,Macomb County
48085,Texas,Cardiology,Heart Disease,25352,1,91,166.3,25352.0,10823.136364,15071.056217,CRITICAL GAP,48085|Cardiology,Collin County
37067,North Carolina,Cardiology,Heart Disease,3869,1,508,2186.9,3869.0,10823.136364,15071.056217,LOW GAP,37067|Cardiology,Forsyth County
26099,Michigan,Rheumatology,Arthritis,5102,1,653,1778.3,5102.0,10453.0,13315.598761,LOW GAP,26099|Rheumatology,Macomb County
48085,Texas,Cardiology,Heart Disease,1595,0,0,0.0,0.0,10823.136364,15071.056217,NO PROVIDER,48085|Cardiology,Collin County
26163,Michigan,Rheumatology,Arthritis,746,1,121,281.0,746.0,10453.0,13315.598761,LOW GAP,26163|Rheumatology,Wayne County
48113,Texas,Cardiology,Heart Disease,13646,1,190,310.6,13646.0,10823.136364,15071.056217,HIGH GAP,48113|Cardiology,Dallas County
37081,North Carolina,Psychiatry,Mental Health Disorders,932,0,0,0.0,0.0,3104.5,4291.159571,NO PROVIDER,37081|Psychiatry,Guilford County
48201,Texas,Cardiology,Heart Disease,68792,2,486,1705.6,34396.0,10823.136364,15071.056217,CRITICAL GAP,48201|Cardiology,Harris County
37067,North Carolina,Rheumatology,Arthritis,1394,0,0,0.0,0.0,10453.0,13315.598761,NO PROVIDER,37067|Rheumatology,Forsyth County
48439,Texas,Cardiology,Heart Disease,41105,2,496,1178.6,20552.5,10823.136364,15071.056217,HIGH GAP,48439|Cardiology,Tarrant County
26077,Michigan,Pulmonary,Respiratory Disease,965,1,317,1288.0,965.0,4251.578947,5741.879972,LOW GAP,26077|Pulmonary,Kalamazoo County
48201,Texas,Cardiology,Heart Disease,3513,0,0,0.0,0.0,10823.136364,15071.056217,NO PROVIDER,48201|Cardiology,Harris County
48085,Texas,Endocrinology,Diabetes,3097,0,0,0.0,0.0,18070.0,22988.768287,NO PROVIDER,48085|Endocrinology,Collin County
37067,North Carolina,Endocrinology,Diabetes,11506,1,84,217.8,11506.0,18070.0,22988.768287,MODERATE GAP,37067|Endocrinology,Forsyth County
48085,Texas,Pulmonary,Respiratory Disease,3194,1,349,1115.9,3194.0,4251.578947,5741.879972,MODERATE GAP,48085|Pulmonary,Collin County
26049,Michigan,Psychiatry,Mental Health Disorders,17557,4,1263,4407.5,4389.25,3104.5,4291.159571,HIGH GAP,26049|Psychiatry,Genesee County
26099,Michigan,Psychiatry,Mental Health Disorders,6604,0,0,0.0,0.0,3104.5,4291.159571,NO PROVIDER,26099|Psychiatry,Macomb County
26099,Michigan,Rheumatology,Arthritis,34121,1,248,616.1,34121.0,10453.0,13315.598761,CRITICAL GAP,26099|Rheumatology,Macomb County
37067,North Carolina,Endocrinology,Diabetes,25502,1,417,1659.7,25502.0,18070.0,22988.768287,HIGH GAP,37067|Endocrinology,Forsyth County
26099,Michigan,Pulmonary,Respiratory Disease,4694,1,570,1966.8,4694.0,4251.578947,5741.879972,HIGH GAP,26099|Pulmonary,Macomb County
26077,Michigan,Pulmonary,Respiratory Disease,252,0,0,0.0,0.0,4251.578947,5741.879972,NO PROVIDER,26077|Pulmonary,Kalamazoo County
37119,North Carolina,Cardiology,Heart Disease,17968,3,715,2647.0,5989.3333,10823.136364,15071.056217,MODERATE GAP,37119|Cardiology,Mecklenburg County
37081,North Carolina,Cardiology,Heart Disease,24457,2,144,577.2,12228.5,10823.136364,15071.056217,HIGH GAP,37081|Cardiology,Guilford County
37119,North Carolina,Rheumatology,Arthritis,84458,1,325,767.1,84458.0,10453.0,13315.598761,CRITICAL GAP,37119|Rheumatology,Mecklenburg County
26125,Michigan,Psychiatry,Mental Health Disorders,1955,0,0,0.0,0.0,3104.5,4291.159571,NO PROVIDER,26125|Psychiatry,Oakland County
26049,Michigan,Rheumatology,Arthritis,21100,1,228,426.7,21100.0,10453.0,13315.598761,CRITICAL GAP,26049|Rheumatology,Genesee County
48113,Texas,Pulmonary,Respiratory Disease,1971,1,425,1755.3,1971.0,4251.578947,5741.879972,LOW GAP,48113|Pulmonary,Dallas County
37067,North Carolina,Endocrinology,Diabetes,17156,3,992,3553.5,5718.6667,18070.0,22988.768287,LOW GAP,37067|Endocrinology,Forsyth County
37081,North Carolina,Cardiology,Heart Disease,19726,1,95,410.5,19726.0,10823.136364,15071.056217,HIGH GAP,37081|Cardiology,Guilford County
37067,North Carolina,Psychiatry,Mental Health Disorders,14672,4,897,3515.1,3668.0,3104.5,4291.159571,HIGH GAP,37067|Psychiatry,Forsyth County
48029,Texas,Pulmonary,Respiratory Disease,3196,0,0,0.0,0.0,4251.578947,5741.879972,NO PROVIDER,48029|Pulmonary,Bexar County
48201,Texas,Cardiology,Heart Disease,14769,1,150,657.9,14769.0,10823.136364,15071.056217,HIGH GAP,48201|Cardiology,Harris County
37183,North Carolina,Rheumatology,Arthritis,5927,1,191,624.9,5927.0,10453.0,13315.598761,MODERATE GAP,37183|Rheumatology,Wake County
26125,Michigan,Psychiatry,Mental Health Disorders,30,0,0,0.0,0.0,3104.5,4291.159571,NO PROVIDER,26125|Psychiatry,Oakland County
37067,North Carolina,Psychiatry,Mental Health Disorders,62651,2,317,1140.7,31325.5,3104.5,4291.159571,CRITICAL GAP,37067|Psychiatry,Forsyth County
37183,North Carolina,Endocrinology,Diabetes,36678,2,1180,3114.2,18339.0,18070.0,22988.768287,HIGH GAP,37183|Endocrinology,Wake County
48029,Texas,Cardiology,Heart Disease,9681,1,706,2537.6,9681.0,10823.136364,15071.056217,MODERATE GAP,48029|Cardiology,Bexar County
48201,Texas,Cardiology,Heart Disease,31351,4,1225,4153.8,7837.75,10823.136364,15071.056217,MODERATE GAP,48201|Cardiology,Harris County
48085,Texas,Endocrinology,Diabetes,8533,1,650,1563.4,8533.0,18070.0,22988.768287,LOW GAP,48085|Endocrinology,Collin County
26077,Michigan,Pulmonary,Respiratory Disease,517,0,0,0.0,0.0,4251.578947,5741.879972,NO PROVIDER,26077|Pulmonary,Kalamazoo County
48029,Texas,Cardiology,Heart Disease,7695,1,621,1553.1,7695.0,10823.136364,15071.056217,MODERATE GAP,48029|Cardiology,Bexar County
26163,Michigan,Psychiatry,Mental Health Disorders,4533,1,67,111.0,4533.0,3104.5,4291.159571,HIGH GAP,26163|Psychiatry,Wayne County
37067,North Carolina,Endocrinology,Diabetes,18548,2,1377,5341.5,9274.0,18070.0,22988.768287,MODERATE GAP,37067|Endocrinology,Forsyth County
26125,Michigan,Psychiatry,Mental Health Disorders,5771,0,0,0.0,0.0,3104.5,4291.159571,NO PROVIDER,26125|Psychiatry,Oakland County
48029,Texas,Cardiology,Heart Disease,9733,4,2080,8961.5,2433.25,10823.136364,15071.056217,LOW GAP,48029|Cardiology,Bexar County
26125,Michigan,Pulmonary,Respiratory Disease,4472,1,858,2530.9,4472.0,4251.578947,5741.879972,HIGH GAP,26125|Pulmonary,Oakland County
26099,Michigan,Psychiatry,Mental Health Disorders,5519,1,252,967.0,5519.0,3104.5,4291.159571,HIGH GAP,26099|Psychiatry,Macomb County
37119,North Carolina,Psychiatry,Mental Health Disorders,1425,1,159,405.0,1425.0,3104.5,4291.159571,LOW GAP,37119|Psychiatry,Mecklenburg County
48439,Texas,Endocrinology,Diabetes,162204,1,506,2224.5,162204.0,18070.0,22988.768287,CRITICAL GAP,48439|Endocrinology,Tarrant County
37067,North Carolina,Endocrinology,Diabetes,1755,1,836,3314.6,1755.0,18070.0,22988.768287,LOW GAP,37067|Endocrinology,Forsyth County
48085,Texas,Pulmonary,Respiratory Disease,5936,2,1256,2567.2,2968.0,4251.578947,5741.879972,MODERATE GAP,48085|Pulmonary,Collin County
26163,Michigan,Rheumatology,Arthritis,24898,4,1075,1623.8,6224.5,10453.0,13315.598761,MODERATE GAP,26163|Rheumatology,Wayne County
37067,North Carolina,Psychiatry,Mental Health Disorders,3068,1,491,1442.5,3068.0,3104.5,4291.159571,MODERATE GAP,37067|Psychiatry,Forsyth County
37051,North Carolina,Cardiology,Heart Disease,352,0,0,0.0,0.0,10823.136364,15071.056217,NO PROVIDER,37051|Cardiology,Cumberland County
37183,North Carolina,Rheumatology,Arthritis,8944,1,221,835.6,8944.0,10453.0,13315.598761,MODERATE GAP,37183|Rheumatology,Wake County
26077,Michigan,Pulmonary,Respiratory Disease,54570,4,2781,10789.2,13642.5,4251.578947,5741.879972,CRITICAL GAP,26077|Pulmonary,Kalamazoo County
26099,Michigan,Pulmonary,Respiratory Disease,8121,1,734,2688.6,8121.0,4251.578947,5741.879972,HIGH GAP,26099|Pulmonary,Macomb County
48113,Texas,Endocrinology,Diabetes,20948,1,384,1638.0,20948.0,18070.0,22988.768287,HIGH GAP,48113|Endocrinology,Dallas County
48029,Texas,Cardiology,Heart Disease,12979,1,653,2899.7,12979.0,10823.136364,15071.056217,HIGH GAP,48029|Cardiology,Bexar County
48029,Texas,Cardiology,Heart Disease,37671,2,1547,3040.8,18835.5,10823.136364,15071.056217,HIGH GAP,48029|Cardiology,Bexar County
26099,Michigan,Rheumatology,Arthritis,7034,0,0,0.0,0.0,10453.0,13315.598761,NO PROVIDER,26099|Rheumatology,Macomb County
26163,Michigan,Pulmonary,Respiratory Disease,42537,2,1034,1850.0,21268.5,4251.578947,5741.879972,CRITICAL GAP,26163|Pulmonary,Wayne County
26125,Michigan,Psychiatry,Mental Health Disorders,2719,1,893,1986.2,2719.0,3104.5,4291.159571,MODERATE GAP,26125|Psychiatry,Oakland County
37051,North Carolina,Endocrinology,Diabetes,27075,2,1159,3526.8,13537.5,18070.0,22988.768287,MODERATE GAP,37051|Endocrinology,Cumberland County
37067,North Carolina,Cardiology,Heart Disease,3239,1,736,1888.5,3239.0,10823.136364,15071.056217,LOW GAP,37067|Cardiology,Forsyth County
37081,North Carolina,Psychiatry,Mental Health Disorders,21447,1,416,895.9,21447.0,3104.5,4291.159571,CRITICAL GAP,37081|Psychiatry,Guilford County
48085,Texas,Cardiology,Heart Disease,117648,1,881,2409.3,117648.0,10823.136364,15071.056217,CRITICAL GAP,48085|Cardiology,Collin County
37119,North Carolina,Rheumatology,Arthritis,7462,0,0,0.0,0.0,10453.0,13315.598761,NO PROVIDER,37119|Rheumatology,Mecklenburg County
26099,Michigan,Psychiatry,Mental Health Disorders,29100,1,116,223.5,29100.0,3104.5,4291.159571,CRITICAL GAP,26099|Psychiatry,Macomb County
26077,Michigan,Pulmonary,Respiratory Disease,501,0,0,0.0,0.0,4251.578947,5741.879972,NO PROVIDER,26077|Pulmonary,Kalamazoo County
26077,Michigan,Psychiatry,Mental Health Disorders,6126,1,139,291.2,6126.0,3104.5,4291.159571,HIGH GAP,26077|Psychiatry,Kalamazoo County
26077,Michigan,Psychiatry,Mental Health Disorders,993,0,0,0.0,0.0,3104.5,4291.159571,NO PROVIDER,26077|Psychiatry,Kalamazoo County
48439,Texas,Cardiology,Heart Disease,18413,1,595,911.6,18413.0,10823.136364,15071.056217,HIGH GAP,48439|Cardiology,Tarrant County
48029,Texas,Cardiology,Heart Disease,3890,0,0,0.0,0.0,10823.136364,15071.056217,NO PROVIDER,48029|Cardiology,Bexar County
37051,North Carolina,Psychiatry,Mental Health Disorders,1695,0,0,0.0,0.0,3104.5,4291.159571,NO PROVIDER,37051|Psychiatry,Cumberland County
48085,Texas,Endocrinology,Diabetes,35360,2,1704,3204.9,17680.0,18070.0,22988.768287,MODERATE GAP,48085|Endocrinology,Collin County
48113,Texas,Cardiology,Heart Disease,9659,1,501,1662.3,9659.0,10823.136364,15071.056217,MODERATE GAP,48113|Cardiology,Dallas County
37051,North Carolina,Rheumatology,Arthritis,8475,1,319,1313.8,8475.0,10453.0,13315.598761,MODERATE GAP,37051|Rheumatology,Cumberland County
26099,Michigan,Psychiatry,Mental Health Disorders,7523,0,0,0.0,0.0,3104.5,4291.159571,NO PROVIDER,26099|Psychiatry,Macomb County
48085,Texas,Cardiology,Heart Disease,3108,0,0,0.0,0.0,10823.136364,15071.056217,NO PROVIDER,48085|Cardiology,Collin County
37081,North Carolina,Psychiatry,Mental Health Disorders,42433,2,336,1421.2,21216.5,3104.5,4291.159571,CRITICAL GAP,37081|Psychiatry,Guilford County
37081,North Carolina,Psychiatry,Mental Health Disorders,359,1,283,717.3,359.0,3104.5,4291.159571,LOW GAP,37081|Psychiatry,Guilford County
37183,North Carolina,Psychiatry,Mental Health Disorders,1007,1,83,274.0,1007.0,3104.5,4291.159571,LOW GAP,37183|Psychiatry,Wake County
48029,Texas,Endocrinology,Diabetes,4644,0,0,0.0,0.0,18070.0,22988.768287,NO PROVIDER,48029|Endocrinology,Bexar County
37183,North Carolina,Rheumatology,Arthritis,163791,2,943,3266.3,81895.5,10453.0,13315.598761,CRITICAL GAP,37183|Rheumatology,Wake County
26049,Michigan,Pulmonary,Respiratory Disease,28478,1,664,1173.0,28478.0,4251.578947,5741.879972,CRITICAL GAP,26049|Pulmonary,Genesee County
48029,Texas,Endocrinology,Diabetes,14298,4,1559,5544.2,3574.5,18070.0,22988.768287,LOW GAP,48029|Endocrinology,Bexar County
26125,Michigan,Rheumatology,Arthritis,3318,1,102,155.6,3318.0,10453.0,13315.598761,LOW GAP,26125|Rheumatology,Oakland County
26163,Michigan,Pulmonary,Respiratory Disease,40908,2,1435,6284.5,20454.0,4251.578947,5741.879972,CRITICAL GAP,26163|Pulmonary,Wayne County
48029,Texas,Endocrinology,Diabetes,5999,0,0,0.0,0.0,18070.0,22988.768287,NO PROVIDER,48029|Endocrinology,Bexar County
26077,Michigan,Rheumatology,Arthritis,85846,1,107,289.8,85846.0,10453.0,13315.598761,CRITICAL GAP,26077|Rheumatology,Kalamazoo County
48029,Texas,Endocrinology,Diabetes,20851,1,750,2337.6,20851.0,18070.0,22988.768287,HIGH GAP,48029|Endocrinology,Bexar County
37119,North Carolina,Endocrinology,Diabetes,57817,3,2004,8200.8,19272.3333,18070.0,22988.768287,HIGH GAP,37119|Endocrinology,Mecklenburg County
37119,North Carolina,Cardiology,Heart Disease,1484,0,0,0.0,0.0,10823.136364,15071.056217,NO PROVIDER,37119|Cardiology,Mecklenburg County
48439,Texas,Endocrinology,Diabetes,66798,1,796,2088.2,66798.0,18070.0,22988.768287,CRITICAL GAP,48439|Endocrinology,Tarrant County
48439,Texas,Cardiology,Heart Disease,26728,3,2158,6792.2,8909.3333,10823.136364,15071.056217,MODERATE GAP,48439|Cardiology,Tarrant County
37119,North Carolina,Endocrinology,Diabetes,10599,1,280,649.2,10599.0,18070.0,22988.768287,MODERATE GAP,37119|Endocrinology,Mecklenburg County
37067,North Carolina,Rheumatology,Arthritis,9710,2,127,280.6,4855.0,10453.0,13315.598761,LOW GAP,37067|Rheumatology,Forsyth County
48085,Texas,Cardiology,Heart Disease,31162,2,1791,6311.1,15581.0,10823.136364,15071.056217,HIGH GAP,48085|Cardiology,Collin County
48201,Texas,Cardiology,Heart Disease,183016,2,563,1007.3,91508.0,10823.136364,15071.056217,CRITICAL GAP,48201|Cardiology,Harris County
37183,North Carolina,Endocrinology,Diabetes,3437,0,0,0.0,0.0,18070.0,22988.768287,NO PROVIDER,37183|Endocrinology,Wake County
26077,Michigan,Psychiatry,Mental Health Disorders,1310,0,0,0.0,0.0,3104.5,4291.159571,NO PROVIDER,26077|Psychiatry,Kalamazoo County
37081,North Carolina,Endocrinology,Diabetes,28238,2,235,843.3,14119.0,18070.0,22988.768287,MODERATE GAP,37081|Endocrinology,Guilford County
26077,Michigan,Psychiatry,Mental Health Disorders,27412,1,402,1693.1,27412.0,3104.5,4291.159571,CRITICAL GAP,26077|Psychiatry,Kalamazoo County
26077,Michigan,Pulmonary,Respiratory Disease,451,0,0,0.0,0.0,4251.578947,5741.879972,NO PROVIDER,26077|Pulmonary,Kalamazoo County
37067,North Carolina,Cardiology,Heart Disease,8889,1,271,516.4,8889.0,10823.136364,15071.056217,MODERATE GAP,37067|Cardiology,Forsyth County
37183,North Carolina,Cardiology,Heart Disease,8232,1,725,1215.2,8232.0,10823.136364,15071.056217,MODERATE GAP,37183|Cardiology,Wake County
37067,North Carolina,Cardiology,Heart Disease,1194,1,592,1512.1,1194.0,10823.136364,15071.056217,LOW GAP,37067|Cardiology,Forsyth County
26077,Michigan,Rheumatology,Arthritis,6300,1,548,1560.6,6300.0,10453.0,13315.598761,MODERATE GAP,26077|Rheumatology,Kalamazoo County
26125,Michigan,Psychiatry,Mental Health Disorders,4863,0,0,0.0,0.0,3104.5,4291.159571,NO PROVIDER,26125|Psychiatry,Oakland County
37183,North Carolina,Rheumatology,Arthritis,10774,3,2049,3799.7,3591.3333,10453.0,13315.598761,LOW GAP,37183|Rheumatology,Wake County
26077,Michigan,Psychiatry,Mental Health Disorders,4978,2,1407,2359.4,2489.0,3104.5,4291.159571,MODERATE GAP,26077|Psychiatry,Kalamazoo County
37051,North Carolina,Psychiatry,Mental Health Disorders,1296,0,0,0.0,0.0,3104.5,4291.159571,NO PROVIDER,37051|Psychiatry,Cumberland County
37119,North Carolina,Rheumatology,Arthritis,81506,1,250,747.6,81506.0,10453.0,13315.598761,CRITICAL GAP,37119|Rheumatology,Mecklenburg County
48113,Texas,Endocrinology,Diabetes,63094,2,460,1964.8,31547.0,18070.0,22988.768287,HIGH GAP,48113|Endocrinology,Dallas County
48085,Texas,Pulmonary,Respiratory Disease,24794,1,280,1170.7,24794.0,4251.578947,5741.879972,CRITICAL GAP,48085|Pulmonary,Collin County
37081,North Carolina,Cardiology,Heart Disease,965,0,0,0.0,0.0,10823.136364,15071.056217,NO PROVIDER,37081|Cardiology,Guilford County
48439,Texas,Endocrinology,Diabetes,26860,1,406,1532.1,26860.0,18070.0,22988.768287,HIGH GAP,48439|Endocrinology,Tarrant County
37067,North Carolina,Psychiatry,Mental Health Disorders,2670,1,509,2173.3,2670.0,3104.5,4291.159571,MODERATE GAP,37067|Psychiatry,Forsyth County
37119,North Carolina,Endocrinology,Diabetes,47245,2,1793,3031.9,23622.5,18070.0,22988.768287,HIGH GAP,37119|Endocrinology,Mecklenburg County
37183,North Carolina,Cardiology,Heart Disease,2844,1,421,1041.5,2844.0,10823.136364,15071.056217,LOW GAP,37183|Cardiology,Wake County
26099,Michigan,Psychiatry,Mental Health Disorders,621,1,85,301.4,621.0,3104.5,4291.159571,LOW GAP,26099|Psychiatry,Macomb County
48113,Texas,Cardiology,Heart Disease,1703,2,524,1684.0,851.5,10823.136364,15071.056217,LOW GAP,48113|Cardiology,Dallas County
26163,Michigan,Psychiatry,Mental Health Disorders,11581,4,1706,4322.2,2895.25,3104.5,4291.159571,MODERATE GAP,26163|Psychiatry,Wayne County
26163,Michigan,Pulmonary,Respiratory Disease,5953,2,1129,4268.6,2976.5,4251.578947,5741.879972,MODERATE GAP,26163|Pulmonary,Wayne County
37081,North Carolina,Endocrinology,Diabetes,778,0,0,0.0,0.0,18070.0,22988.768287,NO PROVIDER,37081|Endocrinology,Guilford County
37081,North Carolina,Cardiology,Heart Disease,579,0,0,0.0,0.0,10823.136364,15071.056217,NO PROVIDER,37081|Cardiology,Guilford County
37067,North Carolina,Cardiology,Heart Disease,12739,1,876,1963.8,12739.0,10823.136364,15071.056217,HIGH GAP,37067|Cardiology,Forsyth County
37119,North Carolina,Rheumatology,Arthritis,40061,1,881,2470.2,40061.0,10453.0,13315.598761,CRITICAL GAP,37119|Rheumatology,Mecklenburg County
37081,North Carolina,Rheumatology,Arthritis,59827,3,754,3187.8,19942.3333,10453.0,13315.598761,HIGH GAP,37081|Rheumatology,Guilford County
37183,North Carolina,Endocrinology,Diabetes,77565,1,888,3213.0,77565.0,18070.0,22988.768287,CRITICAL GAP,37183|Endocrinology,Wake County
37183,North Carolina,Endocrinology,Diabetes,140699,1,261,1085.7,140699.0,18070.0,22988.768287,CRITICAL GAP,37183|Endocrinology,Wake County
48085,Texas,Cardiology,Heart Disease,2350,1,222,344.8,2350.0,10823.136364,15071.056217,LOW GAP,48085|Cardiology,Collin County
37067,North Carolina,Cardiology,Heart Disease,4097,1,166,444.9,4097.0,10823.136364,15071.056217,LOW GAP,37067|Cardiology,Forsyth County
26163,Michigan,Pulmonary,Respiratory Disease,3119,1,685,1648.8,3119.0,4251.578947,5741.879972,MODERATE GAP,26163|Pulmonary,Wayne County
37081,North Carolina,Endocrinology,Diabetes,10099,1,315,484.3,10099.0,18070.0,22988.768287,MODERATE GAP,37081|Endocrinology,Guilford County
48085,Texas,Endocrinology,Diabetes,4462,0,0,0.0,0.0,18070.0,22988.768287,NO PROVIDER,48085|Endocrinology,Collin County
26077,Michigan,Rheumatology,Arthritis,1958,3,1697,4593.8,652.6667,10453.0,13315.598761,LOW GAP,26077|Rheumatology,Kalamazoo County
48201,Texas,Cardiology,Heart Disease,47491,3,1428,2794.5,15830.3333,10823.136364,15071.056217,HIGH GAP,48201|Cardiology,Harris County
48439,Texas,Endocrinology,Diabetes,34662,1,383,952.8,34662.0,18070.0,22988.768287,HIGH GAP,48439|Endocrinology,Tarrant County
26163,Michigan,Pulmonary,Respiratory Disease,6882,2,327,1433.4,3441.0,4251.578947,5741.879972,MODERATE GAP,26163|Pulmonary,Wayne County
26049,Michigan,Pulmonary,Respiratory Disease,598,0,0,0.0,0.0,4251.578947,5741.879972,NO PROVIDER,26049|Pulmonary,Genesee County
48201,Texas,Cardiology,Heart Disease,4332,2,898,1857.4,2166.0,10823.136364,15071.056217,LOW GAP,48201|Cardiology,Harris County
48201,Texas,Endocrinology,Diabetes,37510,3,2041,7538.2,12503.3333,18070.0,22988.768287,MODERATE GAP,48201|Endocrinology,Harris County
48029,Texas,Pulmonary,Respiratory Disease,4870,0,0,0.0,0.0,4251.578947,5741.879972,NO PROVIDER,48029|Pulmonary,Bexar County
48201,Texas,Endocrinology,Diabetes,2464,2,1333,4831.2,1232.0,18070.0,22988.768287,LOW GAP,48201|Endocrinology,Harris County
37183,North Carolina,Endocrinology,Diabetes,47100,1,102,321.0,47100.0,18070.0,22988.768287,CRITICAL GAP,37183|Endocrinology,Wake County
26125,Michigan,Psychiatry,Mental Health Disorders,6376,0,0,0.0,0.0,3104.5,4291.159571,NO PROVIDER,26125|Psychiatry,Oakland County
48113,Texas,Pulmonary,Respiratory Disease,16453,2,482,1947.3,8226.5,4251.578947,5741.879972,HIGH GAP,48113|Pulmonary,Dallas County
37067,North Carolina,Cardiology,Heart Disease,103554,1,385,861.6,103554.0,10823.136364,15071.056217,CRITICAL GAP,37067|Cardiology,Forsyth County
48201,Texas,Cardiology,Heart Disease,67855,4,589,2064.6,16963.75,10823.136364,15071.056217,HIGH GAP,48201|Cardiology,Harris County
26163,Michigan,Rheumatology,Arthritis,7101,0,0,0.0,0.0,10453.0,13315.598761,NO PROVIDER,26163|Rheumatology,Wayne County
26077,Michigan,Pulmonary,Respiratory Disease,4804,2,893,1705.1,2402.0,4251.578947,5741.879972,MODERATE GAP,26077|Pulmonary,Kalamazoo County
37119,North Carolina,Cardiology,Heart Disease,1402,0,0,0.0,0.0,10823.136364,15071.056217,NO PROVIDER,37119|Cardiology,Mecklenburg County
37081,North Carolina,Rheumatology,Arthritis,2550,1,344,1335.0,2550.0,10453.0,13315.598761,LOW GAP,37081|Rheumatology,Guilford County
37067,North Carolina,Rheumatology,Arthritis,1529,0,0,0.0,0.0,10453.0,13315.598761,NO PROVIDER,37067|Rheumatology,Forsyth County
48439,Texas,Pulmonary,Respiratory Disease,23416,3,2580,8907.2,7805.3333,4251.578947,5741.879972,HIGH GAP,48439|Pulmonary,Tarrant County
37067,North Carolina,Psychiatry,Mental Health Disorders,4609,1,736,1333.9,4609.0,3104.5,4291.159571,HIGH GAP,37067|Psychiatry,Forsyth County
37119,North Carolina,Cardiology,Heart Disease,2245,0,0,0.0,0.0,10823.136364,15071.056217,NO PROVIDER,37119|Cardiology,Mecklenburg County
48439,Texas,Endocrinology,Diabetes,1744,0,0,0.0,0.0,18070.0,22988.768287,NO PROVIDER,48439|Endocrinology,Tarrant County
37051,North Carolina,Cardiology,Heart Disease,187333,2,474,1866.4,93666.5,10823.136364,15071.056217,CRITICAL GAP,37051|Cardiology,Cumberland County
48201,Texas,Endocrinology,Diabetes,17427,0,0,0.0,0.0,18070.0,22988.768287,NO PROVIDER,48201|Endocrinology,Harris County
37051,North Carolina,Rheumatology,Arthritis,6513,1,365,896.0,6513.0,10453.0,13315.598761,MODERATE GAP,37051|Rheumatology,Cumberland County
37051,North Carolina,Endocrinology,Diabetes,564,0,0,0.0,0.0,18070.0,22988.768287,NO PROVIDER,37051|Endocrinology,Cumberland County
37119,North Carolina,Psychiatry,Mental Health Disorders,2646,1,878,1420.6,2646.0,3104.5,4291.159571,MODERATE GAP,37119|Psychiatry,Mecklenburg County
48201,Texas,Pulmonary,Respiratory Disease,5132,0,0,0.0,0.0,4251.578947,5741.879972,NO PROVIDER,48201|Pulmonary,Harris County
26077,Michigan,Rheumatology,Arthritis,19157,2,593,2141.2,9578.5,10453.0,13315.598761,MODERATE GAP,26077|Rheumatology,Kalamazoo County
37119,North Carolina,Psychiatry,Mental Health Disorders,2519,1,76,278.8,2519.0,3104.5,4291.159571,MODERATE GAP,37119|Psychiatry,Mecklenburg County
37051,North Carolina,Psychiatry,Mental Health Disorders,1633,0,0,0.0,0.0,3104.5,4291.159571,NO PROVIDER,37051|Psychiatry,Cumberland County
37081,North Carolina,Cardiology,Heart Disease,1187,0,0,0.0,0.0,10823.136364,15071.056217,NO PROVIDER,37081|Cardiology,Guilford County
48113,Texas,Pulmonary,Respiratory Disease,6970,1,886,2423.7,6970.0,4251.578947,5741.879972,HIGH GAP,48113|Pulmonary,Dallas County
26125,Michigan,Pulmonary,Respiratory Disease,1359,0,0,0.0,0.0,4251.578947,5741.879972,NO PROVIDER,26125|Pulmonary,Oakland County
37183,North Carolina,Cardiology,Heart Disease,1817,0,0,0.0,0.0,10823.136364,15071.056217,NO PROVIDER,37183|Cardiology,Wake County
26099,Michigan,Rheumatology,Arthritis,30901,2,1367,5366.0,15450.5,10453.0,13315.598761,HIGH GAP,26099|Rheumatology,Macomb County
48439,Texas,Endocrinology,Diabetes,7152,2,744,1327.2,3576.0,18070.0,22988.768287,LOW GAP,48439|Endocrinology,Tarrant County
37051,North Carolina,Cardiology,Heart Disease,87868,1,898,2673.7,87868.0,10823.136364,15071.056217,CRITICAL GAP,37051|Cardiology,Cumberland County
48201,Texas,Pulmonary,Respiratory Disease,159888,4,2858,7958.1,39972.0,4251.578947,5741.879972,CRITICAL GAP,48201|Pulmonary,Harris County
48085,Texas,Endocrinology,Diabetes,344814,2,616,2539.8,172407.0,18070.0,22988.768287,CRITICAL GAP,48085|Endocrinology,Collin County
48201,Texas,Cardiology,Heart Disease,15623,4,3495,13407.7,3905.75,10823.136364,15071.056217,LOW GAP,48201|Cardiology,Harris County
26099,Michigan,Rheumatology,Arthritis,4478,0,0,0.0,0.0,10453.0,13315.598761,NO PROVIDER,26099|Rheumatology,Macomb County
37051,North Carolina,Psychiatry,Mental Health Disorders,9706,3,2121,3608.9,3235.3333,3104.5,4291.159571,HIGH GAP,37051|Psychiatry,Cumberland County
48085,Texas,Cardiology,Heart Disease,1797,0,0,0.0,0.0,10823.136364,15071.056217,NO PROVIDER,48085|Cardiology,Collin County
26049,Michigan,Rheumatology,Arthritis,93036,1,585,1926.5,93036.0,10453.0,13315.598761,CRITICAL GAP,26049|Rheumatology,Genesee County
37119,North Carolina,Endocrinology,Diabetes,3292,0,0,0.0,0.0,18070.0,22988.768287,NO PROVIDER,37119|Endocrinology,Mecklenburg County
37183,North Carolina,Cardiology,Heart Disease,2755,1,212,889.4,2755.0,10823.136364,15071.056217,LOW GAP,37183|Cardiology,Wake County
37119,North Carolina,Cardiology,Heart Disease,18964,1,661,2153.9,18964.0,10823.136364,15071.056217,HIGH GAP,37119|Cardiology,Mecklenburg County
48113,Texas,Endocrinology,Diabetes,10262,1,135,309.6,10262.0,18070.0,22988.768287,MODERATE GAP,48113|Endocrinology,Dallas County
48201,Texas,Pulmonary,Respiratory Disease,10867,2,316,995.6,5433.5,4251.578947,5741.879972,HIGH GAP,48201|Pulmonary,Harris County
48439,Texas,Pulmonary,Respiratory Disease,4480,0,0,0.0,0.0,4251.578947,5741.879972,NO PROVIDER,48439|Pulmonary,Tarrant County
48439,Texas,Pulmonary,Respiratory Disease,4048,0,0,0.0,0.0,4251.578947,5741.879972,NO PROVIDER,48439|Pulmonary,Tarrant County
48085,Texas,Cardiology,Heart Disease,21111,1,85,190.2,21111.0,10823.136364,15071.056217,HIGH GAP,48085|Cardiology,Collin County
37067,North Carolina,Psychiatry,Mental Health Disorders,15905,3,2484,7590.5,5301.6667,3104.5,4291.159571,HIGH GAP,37067|Psychiatry,Forsyth County
26099,Michigan,Pulmonary,Respiratory Disease,2472,1,891,2688.8,2472.0,4251.578947,5741.879972,MODERATE GAP,26099|Pulmonary,Macomb County
37067,North Carolina,Psychiatry,Mental Health Disorders,2759,1,570,2540.8,2759.0,3104.5,4291.159571,MODERATE GAP,37067|Psychiatry,Forsyth County
48113,Texas,Pulmonary,Respiratory Disease,6245,1,208,601.4,6245.0,4251.578947,5741.879972,HIGH GAP,48113|Pulmonary,Dallas County
26049,Michigan,Rheumatology,Arthritis,13994,1,59,148.6,13994.0,10453.0,13315.598761,HIGH GAP,26049|Rheumatology,Genesee County
37081,North Carolina,Endocrinology,Diabetes,22871,2,205,323.2,11435.5,18070.0,22988.768287,MODERATE GAP,37081|Endocrinology,Guilford County
37051,North Carolina,Endocrinology,Diabetes,14352,1,308,1283.2,14352.0,18070.0,22988.768287,MODERATE GAP,37051|Endocrinology,Cumberland County
26125,Michigan,Psychiatry,Mental Health Disorders,8748,0,0,0.0,0.0,3104.5,4291.159571,NO PROVIDER,26125|Psychiatry,Oakland County
48113,Texas,Pulmonary,Respiratory Disease,641,1,773,3126.9,641.0,4251.578947,5741.879972,LOW GAP,48113|Pulmonary,Dallas County
37051,North Carolina,Rheumatology,Arthritis,9742,1,590,1963.3,9742.0,10453.0,13315.598761,MODERATE GAP,37051|Rheumatology,Cumberland County
48113,Texas,Pulmonary,Respiratory Disease,7910,2,1439,3811.0,3955.0,4251.578947,5741.879972,MODERATE GAP,48113|Pulmonary,Dallas County
37081,North Carolina,Psychiatry,Mental Health Disorders,6716,2,425,1413.1,3358.0,3104.5,4291.159571,HIGH GAP,37081|Psychiatry,Guilford County
48113,Texas,Pulmonary,Respiratory Disease,3536,3,1158,4470.7,1178.6667,4251.578947,5741.879972,LOW GAP,48113|Pulmonary,Dallas County
37051,North Carolina,Rheumatology,Arthritis,1502,0,0,0.0,0.0,10453.0,13315.598761,NO PROVIDER,37051|Rheumatology,Cumberland County
26049,Michigan,Rheumatology,Arthritis,64582,3,771,3394.4,21527.3333,10453.0,13315.598761,CRITICAL GAP,26049|Rheumatology,Genesee County
37067,North Carolina,Cardiology,Heart Disease,4622,1,545,1284.0,4622.0,10823.136364,15071.056217,LOW GAP,37067|Cardiology,Forsyth County
48085,Texas,Endocrinology,Diabetes,212031,2,161,499.7,106015.5,18070.0,22988.768287,CRITICAL GAP,48085|Endocrinology,Collin County
48029,Texas,Pulmonary,Respiratory Disease,888,1,194,754.6,888.0,4251.578947,5741.879972,LOW GAP,48029|Pulmonary,Bexar County
26125,Michigan,Psychiatry,Mental Health Disorders,5505,0,0,0.0,0.0,3104.5,4291.159571,NO PROVIDER,26125|Psychiatry,Oakland County
37051,North Carolina,Psychiatry,Mental Health Disorders,1237,0,0,0.0,0.0,3104.5,4291.159571,NO PROVIDER,37051|Psychiatry,Cumberland County
48029,Texas,Endocrinology,Diabetes,7411,0,0,0.0,0.0,18070.0,22988.768287,NO PROVIDER,48029|Endocrinology,Bexar County
48029,Texas,Endocrinology,Diabetes,5597,0,0,0.0,0.0,18070.0,22988.768287,NO PROVIDER,48029|Endocrinology,Bexar County
37183,North Carolina,Cardiology,Heart Disease,3657,2,214,345.9,1828.5,10823.136364,15071.056217,LOW GAP,37183|Cardiology,Wake County
37119,North Carolina,Cardiology,Heart Disease,3879,1,252,491.9,3879.0,10823.136364,15071.056217,LOW GAP,37119|Cardiology,Mecklenburg County
37081,North Carolina,Cardiology,Heart Disease,70070,1,586,1794.9,70070.0,10823.136364,15071.056217,CRITICAL GAP,37081|Cardiology,Guilford County
37051,North Carolina,Rheumatology,Arthritis,8252,1,445,945.6,8252.0,10453.0,13315.598761,MODERATE GAP,37051|Rheumatology,Cumberland County
26099,Michigan,Psychiatry,Mental Health Disorders,5615,0,0,0.0,0.0,3104.5,4291.159571,NO PROVIDER,26099|Psychiatry,Macomb County
37081,North Carolina,Psychiatry,Mental Health Disorders,1976,1,602,1801.8,1976.0,3104.5,4291.159571,MODERATE GAP,37081|Psychiatry,Guilford County
37119,North Carolina,Cardiology,Heart Disease,20398,1,260,823.6,20398.0,10823.136364,15071.056217,HIGH GAP,37119|Cardiology,Mecklenburg County
37067,North Carolina,Rheumatology,Arthritis,33462,2,1562,6304.8,16731.0,10453.0,13315.598761,HIGH GAP,37067|Rheumatology,Forsyth County
37081,North Carolina,Endocrinology,Diabetes,46485,1,131,334.7,46485.0,18070.0,22988.768287,CRITICAL GAP,37081|Endocrinology,Guilford County
37081,North Carolina,Cardiology,Heart Disease,10692,1,524,1966.6,10692.0,10823.136364,15071.056217,MODERATE GAP,37081|Cardiology,Guilford County
37183,North Carolina,Endocrinology,Diabetes,23438,1,698,2509.0,23438.0,18070.0,22988.768287,HIGH GAP,37183|Endocrinology,Wake County
26049,Michigan,Rheumatology,Arthritis,1830,0,0,0.0,0.0,10453.0,13315.598761,NO PROVIDER,26049|Rheumatology,Genesee County
48029,Texas,Cardiology,Heart Disease,40920,2,560,1451.8,20460.0,10823.136364,15071.056217,HIGH GAP,48029|Cardiology,Bexar County
26163,Michigan,Rheumatology,Arthritis,6484,1,350,649.0,6484.0,10453.0,13315.598761,MODERATE GAP,26163|Rheumatology,Wayne County
37051,North Carolina,Endocrinology,Diabetes,7306,1,462,1773.2,7306.0,18070.0,22988.768287,LOW GAP,37051|Endocrinology,Cumberland County
37183,North Carolina,Endocrinology,Diabetes,2226,0,0,0.0,0.0,18070.0,22988.768287,NO PROVIDER,37183|Endocrinology,Wake County
48439,Texas,Cardiology,Heart Disease,2412,0,0,0.0,0.0,10823.136364,15071.056217,NO PROVIDER,48439|Cardiology,Tarrant County
37051,North Carolina,Psychiatry,Mental Health Disorders,5605,1,156,500.1,5605.0,3104.5,4291.159571,HIGH GAP,37051|Psychiatry,Cumberland County
26077,Michigan,Rheumatology,Arthritis,6143,2,395,1331.2,3071.5,10453.0,13315.598761,LOW GAP,26077|Rheumatology,Kalamazoo County
37081,North Carolina,Cardiology,Heart Disease,15132,1,135,467.8,15132.0,10823.136364,15071.056217,HIGH GAP,37081|Cardiology,Guilford County
37067,North Carolina,Rheumatology,Arthritis,2605,0,0,0.0,0.0,10453.0,13315.598761,NO PROVIDER,37067|Rheumatology,Forsyth County
37081,North Carolina,Endocrinology,Diabetes,151648,1,747,2204.0,151648.0,18070.0,22988.768287,CRITICAL GAP,37081|Endocrinology,Guilford County
37067,North Carolina,Endocrinology,Diabetes,68622,4,3445,8131.0,17155.5,18070.0,22988.768287,MODERATE GAP,37067|Endocrinology,Forsyth County
37051,North Carolina,Psychiatry,Mental Health Disorders,28573,1,177,364.7,28573.0,3104.5,4291.159571,CRITICAL GAP,37051|Psychiatry,Cumberland County
37067,North Carolina,Cardiology,Heart Disease,18057,2,1785,3543.8,9028.5,10823.136364,15071.056217,MODERATE GAP,37067|Cardiology,Forsyth County
48439,Texas,Cardiology,Heart Disease,5411,0,0,0.0,0.0,10823.136364,15071.056217,NO PROVIDER,48439|Cardiology,Tarrant County
37067,North Carolina,Cardiology,Heart Disease,459,0,0,0.0,0.0,10823.136364,15071.056217,NO PROVIDER,37067|Cardiology,Forsyth County
37119,North Carolina,Cardiology,Heart Disease,43288,3,1889,8356.5,14429.3333,10823.136364,15071.056217,HIGH GAP,37119|Cardiology,Mecklenburg County
37067,North Carolina,Cardiology,Heart Disease,4370,1,92,346.1,4370.0,10823.136364,15071.056217,LOW GAP,37067|Cardiology,Forsyth County
37067,North Carolina,Rheumatology,Arthritis,17677,1,900,1957.6,17677.0,10453.0,13315.598761,HIGH GAP,37067|Rheumatology,Forsyth County
48439,Texas,Pulmonary,Respiratory Disease,2360,0,0,0.0,0.0,4251.578947,5741.879972,NO PROVIDER,48439|Pulmonary,Tarrant County
48113,Texas,Endocrinology,Diabetes,34554,1,93,235.0,34554.0,18070.0,22988.768287,HIGH GAP,48113|Endocrinology,Dallas County
37081,North Carolina,Rheumatology,Arthritis,5169,0,0,0.0,0.0,10453.0,13315.598761,NO PROVIDER,37081|Rheumatology,Guilford County
26077,Michigan,Pulmonary,Respiratory Disease,413,0,0,0.0,0.0,4251.578947,5741.879972,NO PROVIDER,26077|Pulmonary,Kalamazoo County
26077,Michigan,Psychiatry,Mental Health Disorders,6598,2,265,447.8,3299.0,3104.5,4291.159571,HIGH GAP,26077|Psychiatry,Kalamazoo County
37183,North Carolina,Cardiology,Heart Disease,16465,1,558,2340.5,16465.0,10823.136364,15071.056217,HIGH GAP,37183|Cardiology,Wake County
48029,Texas,Pulmonary,Respiratory Disease,3050,1,673,1074.4,3050.0,4251.578947,5741.879972,MODERATE GAP,48029|Pulmonary,Bexar County
26163,Michigan,Pulmonary,Respiratory Disease,4764,2,563,1290.6,2382.0,4251.578947,5741.879972,MODERATE GAP,26163|Pulmonary,Wayne County
37081,North Carolina,Rheumatology,Arthritis,2634,1,114,318.3,2634.0,10453.0,13315.598761,LOW GAP,37081|Rheumatology,Guilford County
26125,Michigan,Pulmonary,Respiratory Disease,11175,2,509,1943.6,5587.5,4251.578947,5741.879972,HIGH GAP,26125|Pulmonary,Oakland County
37183,North Carolina,Psychiatry,Mental Health Disorders,2196,0,0,0.0,0.0,3104.5,4291.159571,NO PROVIDER,37183|Psychiatry,Wake County
48201,Texas,Pulmonary,Respiratory Disease,6525,0,0,0.0,0.0,4251.578947,5741.879972,NO PROVIDER,48201|Pulmonary,Harris County
37067,North Carolina,Psychiatry,Mental Health Disorders,1954,1,394,1225.1,1954.0,3104.5,4291.159571,MODERATE GAP,37067|Psychiatry,Forsyth County
26099,Michigan,Pulmonary,Respiratory Disease,3315,1,535,2233.5,3315.0,4251.578947,5741.879972,MODERATE GAP,26099|Pulmonary,Macomb County
48113,Texas,Cardiology,Heart Disease,28231,1,174,691.5,28231.0,10823.136364,15071.056217,CRITICAL GAP,48113|Cardiology,Dallas County
26099,Michigan,Rheumatology,Arthritis,18087,2,1211,2834.8,9043.5,10453.0,13315.598761,MODERATE GAP,26099|Rheumatology,Macomb County
37119,North Carolina,Cardiology,Heart Disease,3197,0,0,0.0,0.0,10823.136364,15071.056217,NO PROVIDER,37119|Cardiology,Mecklenburg County
37051,North Carolina,Psychiatry,Mental Health Disorders,5733,1,751,2367.5,5733.0,3104.5,4291.159571,HIGH GAP,37051|Psychiatry,Cumberland County
37051,North Carolina,Endocrinology,Diabetes,5863,1,562,2014.0,5863.0,18070.0,22988.768287,LOW GAP,37051|Endocrinology,Cumberland County
48085,Texas,Pulmonary,Respiratory Disease,6238,1,775,2492.3,6238.0,4251.578947,5741.879972,HIGH GAP,48085|Pulmonary,Collin County
48439,Texas,Endocrinology,Diabetes,10384,1,322,831.5,10384.0,18070.0,22988.768287,MODERATE GAP,48439|Endocrinology,Tarrant County
48439,Texas,Endocrinology,Diabetes,30821,3,2073,8207.9,10273.6667,18070.0,22988.768287,MODERATE GAP,48439|Endocrinology,Tarrant County
37183,North Carolina,Psychiatry,Mental Health Disorders,1193,1,758,2797.6,1193.0,3104.5,4291.159571,LOW GAP,37183|Psychiatry,Wake County
48085,Texas,Endocrinology,Diabetes,1686,1,429,1841.3,1686.0,18070.0,22988.768287,LOW GAP,48085|Endocrinology,Collin County
26099,Michigan,Psychiatry,Mental Health Disorders,3041,1,419,1145.9,3041.0,3104.5,4291.159571,MODERATE GAP,26099|Psychiatry,Macomb County
48113,Texas,Cardiology,Heart Disease,8539,1,734,2676.3,8539.0,10823.136364,15071.056217,MODERATE GAP,48113|Cardiology,Dallas County
37081,North Carolina,Cardiology,Heart Disease,20221,2,1039,2218.5,10110.5,10823.136364,15071.056217,MODERATE GAP,37081|Cardiology,Guilford County
37081,North Carolina,Psychiatry,Mental Health Disorders,14399,3,1454,4250.9,4799.6667,3104.5,4291.159571,HIGH GAP,37081|Psychiatry,Guilford County
26099,Michigan,Rheumatology,Arthritis,32633,4,1121,4063.2,8158.25,10453.0,13315.598761,MODERATE GAP,26099|Rheumatology,Macomb County
26049,Michigan,Psychiatry,Mental Health Disorders,218,1,196,592.0,218.0,3104.5,4291.159571,LOW GAP,26049|Psychiatry,Genesee County
37081,North Carolina,Cardiology,Heart Disease,9508,1,605,1133.3,9508.0,10823.136364,15071.056217,MODERATE GAP,37081|Cardiology,Guilford County
26125,Michigan,Pulmonary,Respiratory Disease,2961,1,132,303.4,2961.0,4251.578947,5741.879972,MODERATE GAP,26125|Pulmonary,Oakland County
48085,Texas,Cardiology,Heart Disease,1714,0,0,0.0,0.0,10823.136364,15071.056217,NO PROVIDER,48085|Cardiology,Collin County
26125,Michigan,Rheumatology,Arthritis,4385,0,0,0.0,0.0,10453.0,13315.598761,NO PROVIDER,26125|Rheumatology,Oakland County
26077,Michigan,Pulmonary,Respiratory Disease,8424,1,615,2489.2,8424.0,4251.578947,5741.879972,HIGH GAP,26077|Pulmonary,Kalamazoo County
48439,Texas,Endocrinology,Diabetes,4335,0,0,0.0,0.0,18070.0,22988.768287,NO PROVIDER,48439|Endocrinology,Tarrant County
48029,Texas,Pulmonary,Respiratory Disease,3275,2,1798,3905.0,1637.5,4251.578947,5741.879972,LOW GAP,48029|Pulmonary,Bexar County
37051,North Carolina,Endocrinology,Diabetes,2176,1,429,1058.3,2176.0,18070.0,22988.768287,LOW GAP,37051|Endocrinology,Cumberland County
48201,Texas,Pulmonary,Respiratory Disease,48869,9,7764,15242.8,5429.8889,4251.578947,5741.879972,HIGH GAP,48201|Pulmonary,Harris County
48029,Texas,Endocrinology,Diabetes,5377,0,0,0.0,0.0,18070.0,22988.768287,NO PROVIDER,48029|Endocrinology,Bexar County
37051,North Carolina,Psychiatry,Mental Health Disorders,1884,0,0,0.0,0.0,3104.5,4291.159571,NO PROVIDER,37051|Psychiatry,Cumberland County
26125,Michigan,Pulmonary,Respiratory Disease,57373,4,3341,6753.8,14343.25,4251.578947,5741.879972,CRITICAL GAP,26125|Pulmonary,Oakland County
37067,North Carolina,Rheumatology,Arthritis,2903,1,724,2169.5,2903.0,10453.0,13315.598761,LOW GAP,37067|Rheumatology,Forsyth County
37067,North Carolina,Rheumatology,Arthritis,2034,2,887,3007.6,1017.0,10453.0,13315.598761,LOW GAP,37067|Rheumatology,Forsyth County
26099,Michigan,Rheumatology,Arthritis,956,0,0,0.0,0.0,10453.0,13315.598761,NO PROVIDER,26099|Rheumatology,Macomb County
37081,North Carolina,Cardiology,Heart Disease,1171,0,0,0.0,0.0,10823.136364,15071.056217,NO PROVIDER,37081|Cardiology,Guilford County
37119,North Carolina,Cardiology,Heart Disease,17531,2,1131,2039.8,8765.5,10823.136364,15071.056217,MODERATE GAP,37119|Cardiology,Mecklenburg County
37119,North Carolina,Cardiology,Heart Disease,36344,1,562,1068.6,36344.0,10823.136364,15071.056217,CRITICAL GAP,37119|Cardiology,Mecklenburg County
26077,Michigan,Rheumatology,Arthritis,3379,1,661,1161.8,3379.0,10453.0,13315.598761,LOW GAP,26077|Rheumatology,Kalamazoo County
26125,Michigan,Pulmonary,Respiratory Disease,4450,2,328,1053.4,2225.0,4251.578947,5741.879972,MODERATE GAP,26125|Pulmonary,Oakland County
26049,Michigan,Psychiatry,Mental Health Disorders,1871,1,535,1514.6,1871.0,3104.5,4291.159571,MODERATE GAP,26049|Psychiatry,Genesee County
26049,Michigan,Rheumatology,Arthritis,52724,1,864,2810.7,52724.0,10453.0,13315.598761,CRITICAL GAP,26049|Rheumatology,Genesee County
37081,North Carolina,Cardiology,Heart Disease,8352,1,642,2617.4,8352.0,10823.136364,15071.056217,MODERATE GAP,37081|Cardiology,Guilford County
37081,North Carolina,Cardiology,Heart Disease,1555,1,428,1071.3,1555.0,10823.136364,15071.056217,LOW GAP,37081|Cardiology,Guilford County
48439,Texas,Pulmonary,Respiratory Disease,1762,1,221,947.8,1762.0,4251.578947,5741.879972,LOW GAP,48439|Pulmonary,Tarrant County
48201,Texas,Pulmonary,Respiratory Disease,29596,4,875,2957.9,7399.0,4251.578947,5741.879972,HIGH GAP,48201|Pulmonary,Harris County
48085,Texas,Cardiology,Heart Disease,63723,1,765,1745.0,63723.0,10823.136364,15071.056217,CRITICAL GAP,48085|Cardiology,Collin County
48113,Texas,Pulmonary,Respiratory Disease,3866,0,0,0.0,0.0,4251.578947,5741.879972,NO PROVIDER,48113|Pulmonary,Dallas County
37067,North Carolina,Cardiology,Heart Disease,16245,2,1490,5568.0,8122.5,10823.136364,15071.056217,MODERATE GAP,37067|Cardiology,Forsyth County
26163,Michigan,Psychiatry,Mental Health Disorders,2026,3,467,1165.4,675.3333,3104.5,4291.159571,LOW GAP,26163|Psychiatry,Wayne County
48201,Texas,Endocrinology,Diabetes,12909,0,0,0.0,0.0,18070.0,22988.768287,NO PROVIDER,48201|Endocrinology,Harris County
48113,Texas,Endocrinology,Diabetes,173831,1,402,1145.5,173831.0,18070.0,22988.768287,CRITICAL GAP,48113|Endocrinology,Dallas County
48439,Texas,Cardiology,Heart Disease,21133,5,2395,10127.6,4226.6,10823.136364,15071.056217,LOW GAP,48439|Cardiology,Tarrant County
37051,North Carolina,Psychiatry,Mental Health Disorders,11312,1,334,654.1,11312.0,3104.5,4291.159571,CRITICAL GAP,37051|Psychiatry,Cumberland County
26077,Michigan,Pulmonary,Respiratory Disease,328,0,0,0.0,0.0,4251.578947,5741.879972,NO PROVIDER,26077|Pulmonary,Kalamazoo County
37119,North Carolina,Rheumatology,Arthritis,8237,0,0,0.0,0.0,10453.0,13315.598761,NO PROVIDER,37119|Rheumatology,Mecklenburg County
26099,Michigan,Pulmonary,Respiratory Disease,1302,1,131,511.0,1302.0,4251.578947,5741.879972,LOW GAP,26099|Pulmonary,Macomb County
37067,North Carolina,Rheumatology,Arthritis,17272,1,898,3815.5,17272.0,10453.0,13315.598761,HIGH GAP,37067|Rheumatology,Forsyth County
26077,Michigan,Psychiatry,Mental Health Disorders,2448,1,419,858.2,2448.0,3104.5,4291.159571,MODERATE GAP,26077|Psychiatry,Kalamazoo County
26099,Michigan,Rheumatology,Arthritis,238481,3,313,666.7,79493.6667,10453.0,13315.598761,CRITICAL GAP,26099|Rheumatology,Macomb County
37051,North Carolina,Rheumatology,Arthritis,48838,3,2233,5189.6,16279.3333,10453.0,13315.598761,HIGH GAP,37051|Rheumatology,Cumberland County
48439,Texas,Pulmonary,Respiratory Disease,3169,0,0,0.0,0.0,4251.578947,5741.879972,NO PROVIDER,48439|Pulmonary,Tarrant County
37067,North Carolina,Psychiatry,Mental Health Disorders,7252,3,2464,4401.8,2417.3333,3104.5,4291.159571,MODERATE GAP,37067|Psychiatry,Forsyth County
37119,North Carolina,Rheumatology,Arthritis,13676,2,608,2304.1,6838.0,10453.0,13315.598761,MODERATE GAP,37119|Rheumatology,Mecklenburg County
48113,Texas,Endocrinology,Diabetes,10827,1,448,1020.7,10827.0,18070.0,22988.768287,MODERATE GAP,48113|Endocrinology,Dallas County
37081,North Carolina,Rheumatology,Arthritis,50812,4,2849,6717.3,12703.0,10453.0,13315.598761,HIGH GAP,37081|Rheumatology,Guilford County
26125,Michigan,Pulmonary,Respiratory Disease,3506,1,639,2097.8,3506.0,4251.578947,5741.879972,MODERATE GAP,26125|Pulmonary,Oakland County
48085,Texas,Cardiology,Heart Disease,1944,0,0,0.0,0.0,10823.136364,15071.056217,NO PROVIDER,48085|Cardiology,Collin County
48113,Texas,Endocrinology,Diabetes,35686,1,860,1475.3,35686.0,18070.0,22988.768287,HIGH GAP,48113|Endocrinology,Dallas County
37081,North Carolina,Endocrinology,Diabetes,1532,0,0,0.0,0.0,18070.0,22988.768287,NO PROVIDER,37081|Endocrinology,Guilford County
26163,Michigan,Psychiatry,Mental Health Disorders,1440,1,403,1389.0,1440.0,3104.5,4291.159571,LOW GAP,26163|Psychiatry,Wayne County
26099,Michigan,Psychiatry,Mental Health Disorders,5914,1,609,2102.8,5914.0,3104.5,4291.159571,HIGH GAP,26099|Psychiatry,Macomb County
37081,North Carolina,Endocrinology,Diabetes,59501,2,808,1220.8,29750.5,18070.0,22988.768287,HIGH GAP,37081|Endocrinology,Guilford County
37081,North Carolina,Cardiology,Heart Disease,8049,3,787,2426.0,2683.0,10823.136364,15071.056217,LOW GAP,37081|Cardiology,Guilford County
48029,Texas,Endocrinology,Diabetes,2822,0,0,0.0,0.0,18070.0,22988.768287,NO PROVIDER,48029|Endocrinology,Bexar County
48029,Texas,Endocrinology,Diabetes,176535,3,1871,7916.2,58845.0,18070.0,22988.768287,CRITICAL GAP,48029|Endocrinology,Bexar County
37119,North Carolina,Endocrinology,Diabetes,3470,0,0,0.0,0.0,18070.0,22988.768287,NO PROVIDER,37119|Endocrinology,Mecklenburg County
48029,Texas,Pulmonary,Respiratory Disease,4665,0,0,0.0,0.0,4251.578947,5741.879972,NO PROVIDER,48029|Pulmonary,Bexar County
26099,Michigan,Rheumatology,Arthritis,75044,2,773,1381.9,37522.0,10453.0,13315.598761,CRITICAL GAP,26099|Rheumatology,Macomb County
48439,Texas,Endocrinology,Diabetes,535433,3,2376,4934.7,178477.6667,18070.0,22988.768287,CRITICAL GAP,48439|Endocrinology,Tarrant County
26049,Michigan,Rheumatology,Arthritis,2502,0,0,0.0,0.0,10453.0,13315.598761,NO PROVIDER,26049|Rheumatology,Genesee County
37119,North Carolina,Rheumatology,Arthritis,8357,0,0,0.0,0.0,10453.0,13315.598761,NO PROVIDER,37119|Rheumatology,Mecklenburg County
37183,North Carolina,Endocrinology,Diabetes,2314,0,0,0.0,0.0,18070.0,22988.768287,NO PROVIDER,37183|Endocrinology,Wake County
37183,North Carolina,Cardiology,Heart Disease,3265,1,689,2082.9,3265.0,10823.136364,15071.056217,LOW GAP,37183|Cardiology,Wake County
26099,Michigan,Psychiatry,Mental Health Disorders,5360,0,0,0.0,0.0,3104.5,4291.159571,NO PROVIDER,26099|Psychiatry,Macomb County
37183,North Carolina,Psychiatry,Mental Health Disorders,3958,0,0,0.0,0.0,3104.5,4291.159571,NO PROVIDER,37183|Psychiatry,Wake County
48439,Texas,Cardiology,Heart Disease,5052,1,541,1947.2,5052.0,10823.136364,15071.056217,LOW GAP,48439|Cardiology,Tarrant County
37119,North Carolina,Rheumatology,Arthritis,22189,3,2079,5123.1,7396.3333,10453.0,13315.598761,MODERATE GAP,37119|Rheumatology,Mecklenburg County
48029,Texas,Pulmonary,Respiratory Disease,3313,1,591,1610.5,3313.0,4251.578947,5741.879972,MODERATE GAP,48029|Pulmonary,Bexar County
48029,Texas,Endocrinology,Diabetes,6990,0,0,0.0,0.0,18070.0,22988.768287,NO PROVIDER,48029|Endocrinology,Bexar County
37119,North Carolina,Rheumatology,Arthritis,29593,2,1546,5720.3,14796.5,10453.0,13315.598761,HIGH GAP,37119|Rheumatology,Mecklenburg County
37183,North Carolina,Rheumatology,Arthritis,38826,2,1419,2605.7,19413.0,10453.0,13315.598761,HIGH GAP,37183|Rheumatology,Wake County
26049,Michigan,Rheumatology,Arthritis,30741,3,1381,2487.7,10247.0,10453.0,13315.598761,MODERATE GAP,26049|Rheumatology,Genesee County
37051,North Carolina,Psychiatry,Mental Health Disorders,1999,0,0,0.0,0.0,3104.5,4291.159571,NO PROVIDER,37051|Psychiatry,Cumberland County
37183,North Carolina,Rheumatology,Arthritis,23311,3,769,2403.5,7770.3333,10453.0,13315.598761,MODERATE GAP,37183|Rheumatology,Wake County
26049,Michigan,Psychiatry,Mental Health Disorders,14869,3,1554,3683.2,4956.3333,3104.5,4291.159571,HIGH GAP,26049|Psychiatry,Genesee County
37119,North Carolina,Cardiology,Heart Disease,884,1,214,560.7,884.0,10823.136364,15071.056217,LOW GAP,37119|Cardiology,Mecklenburg County
48029,Texas,Pulmonary,Respiratory Disease,4001,0,0,0.0,0.0,4251.578947,5741.879972,NO PROVIDER,48029|Pulmonary,Bexar County
37067,North Carolina,Psychiatry,Mental Health Disorders,1485,0,0,0.0,0.0,3104.5,4291.159571,NO PROVIDER,37067|Psychiatry,Forsyth County
26099,Michigan,Psychiatry,Mental Health Disorders,6914,0,0,0.0,0.0,3104.5,4291.159571,NO PROVIDER,26099|Psychiatry,Macomb County
48113,Texas,Cardiology,Heart Disease,6505,0,0,0.0,0.0,10823.136364,15071.056217,NO PROVIDER,48113|Cardiology,Dallas County
48439,Texas,Endocrinology,Diabetes,45329,3,403,854.7,15109.6667,18070.0,22988.768287,MODERATE GAP,48439|Endocrinology,Tarrant County
48085,Texas,Pulmonary,Respiratory Disease,8340,1,479,1953.6,8340.0,4251.578947,5741.879972,HIGH GAP,48085|Pulmonary,Collin County
26163,Michigan,Rheumatology,Arthritis,8740,0,0,0.0,0.0,10453.0,13315.598761,NO PROVIDER,26163|Rheumatology,Wayne County
37051,North Carolina,Psychiatry,Mental Health Disorders,1969,1,577,2483.6,1969.0,3104.5,4291.159571,MODERATE GAP,37051|Psychiatry,Cumberland County
26163,Michigan,Psychiatry,Mental Health Disorders,9155,2,207,312.8,4577.5,3104.5,4291.159571,HIGH GAP,26163|Psychiatry,Wayne County
26099,Michigan,Pulmonary,Respiratory Disease,12030,5,2830,12501.2,2406.0,4251.578947,5741.879972,MODERATE GAP,26099|Pulmonary,Macomb County
48113,Texas,Pulmonary,Respiratory Disease,5283,0,0,0.0,0.0,4251.578947,5741.879972,NO PROVIDER,48113|Pulmonary,Dallas County
37067,North Carolina,Rheumatology,Arthritis,3224,0,0,0.0,0.0,10453.0,13315.598761,NO PROVIDER,37067|Rheumatology,Forsyth County
48029,Texas,Pulmonary,Respiratory Disease,3697,1,331,622.8,3697.0,4251.578947,5741.879972,MODERATE GAP,48029|Pulmonary,Bexar County
48113,Texas,Pulmonary,Respiratory Disease,5134,1,740,1886.0,5134.0,4251.578947,5741.879972,HIGH GAP,48113|Pulmonary,Dallas County
37081,North Carolina,Endocrinology,Diabetes,28703,1,686,1759.2,28703.0,18070.0,22988.768287,HIGH GAP,37081|Endocrinology,Guilford County
37051,North Carolina,Rheumatology,Arthritis,8910,2,992,3318.2,4455.0,10453.0,13315.598761,LOW GAP,37051|Rheumatology,Cumberland County
48029,Texas,Endocrinology,Diabetes,2787,1,689,1279.3,2787.0,18070.0,22988.768287,LOW GAP,48029|Endocrinology,Bexar County
37067,North Carolina,Endocrinology,Diabetes,171872,1,821,3394.0,171872.0,18070.0,22988.768287,CRITICAL GAP,37067|Endocrinology,Forsyth County
26099,Michigan,Pulmonary,Respiratory Disease,1509,0,0,0.0,0.0,4251.578947,5741.879972,NO PROVIDER,26099|Pulmonary,Macomb County
37051,North Carolina,Endocrinology,Diabetes,3924,1,322,1414.5,3924.0,18070.0,22988.768287,LOW GAP,37051|Endocrinology,Cumberland County
48085,Texas,Pulmonary,Respiratory Disease,1376,1,839,1924.4,1376.0,4251.578947,5741.879972,LOW GAP,48085|Pulmonary,Collin County
48439,Texas,Cardiology,Heart Disease,40666,2,956,2926.1,20333.0,10823.136364,15071.056217,HIGH GAP,48439|Cardiology,Tarrant County
26099,Michigan,Pulmonary,Respiratory Disease,8858,2,521,1024.4,4429.0,4251.578947,5741.879972,HIGH GAP,26099|Pulmonary,Macomb County
37183,North Carolina,Endocrinology,Diabetes,28919,1,721,1220.9,28919.0,18070.0,22988.768287,HIGH GAP,37183|Endocrinology,Wake County
26077,Michigan,Psychiatry,Mental Health Disorders,754,2,507,841.4,377.0,3104.5,4291.159571,LOW GAP,26077|Psychiatry,Kalamazoo County
37051,North Carolina,Endocrinology,Diabetes,28802,3,2367,9819.6,9600.6667,18070.0,22988.768287,MODERATE GAP,37051|Endocrinology,Cumberland County
26049,Michigan,Rheumatology,Arthritis,2098,0,0,0.0,0.0,10453.0,13315.598761,NO PROVIDER,26049|Rheumatology,Genesee County
48085,Texas,Endocrinology,Diabetes,3423,2,1581,5379.7,1711.5,18070.0,22988.768287,LOW GAP,48085|Endocrinology,Collin County
37067,North Carolina,Cardiology,Heart Disease,13464,1,267,809.9,13464.0,10823.136364,15071.056217,HIGH GAP,37067|Cardiology,Forsyth County
37067,North Carolina,Rheumatology,Arthritis,13359,2,918,1985.3,6679.5,10453.0,13315.598761,MODERATE GAP,37067|Rheumatology,Forsyth County
48439,Texas,Cardiology,Heart Disease,66709,2,573,1383.3,33354.5,10823.136364,15071.056217,CRITICAL GAP,48439|Cardiology,Tarrant County
26163,Michigan,Pulmonary,Respiratory Disease,2073,1,786,1753.3,2073.0,4251.578947,5741.879972,LOW GAP,26163|Pulmonary,Wayne County
26049,Michigan,Psychiatry,Mental Health Disorders,2435,0,0,0.0,0.0,3104.5,4291.159571,NO PROVIDER,26049|Psychiatry,Genesee County
48113,Texas,Endocrinology,Diabetes,24318,2,522,1166.4,12159.0,18070.0,22988.768287,MODERATE GAP,48113|Endocrinology,Dallas County
26049,Michigan,Rheumatology,Arthritis,16416,1,280,457.6,16416.0,10453.0,13315.598761,HIGH GAP,26049|Rheumatology,Genesee County
26125,Michigan,Psychiatry,Mental Health Disorders,3709,0,0,0.0,0.0,3104.5,4291.159571,NO PROVIDER,26125|Psychiatry,Oakland County
48029,Texas,Endocrinology,Diabetes,9780,2,668,1491.4,4890.0,18070.0,22988.768287,LOW GAP,48029|Endocrinology,Bexar County
37051,North Carolina,Cardiology,Heart Disease,31576,2,993,2436.0,15788.0,10823.136364,15071.056217,HIGH GAP,37051|Cardiology,Cumberland County
48029,Texas,Cardiology,Heart Disease,6904,1,456,1254.3,6904.0,10823.136364,15071.056217,MODERATE GAP,48029|Cardiology,Bexar County
48113,Texas,Cardiology,Heart Disease,1118,0,0,0.0,0.0,10823.136364,15071.056217,NO PROVIDER,48113|Cardiology,Dallas County
26163,Michigan,Psychiatry,Mental Health Disorders,5981,0,0,0.0,0.0,3104.5,4291.159571,NO PROVIDER,26163|Psychiatry,Wayne County
48439,Texas,Pulmonary,Respiratory Disease,3220,1,408,734.8,3220.0,4251.578947,5741.879972,MODERATE GAP,48439|Pulmonary,Tarrant County
48113,Texas,Cardiology,Heart Disease,76337,4,3314,7259.8,19084.25,10823.136364,15071.056217,HIGH GAP,48113|Cardiology,Dallas County
37067,North Carolina,Psychiatry,Mental Health Disorders,1618,0,0,0.0,0.0,3104.5,4291.159571,NO PROVIDER,37067|Psychiatry,Forsyth County
48113,Texas,Endocrinology,Diabetes,123609,3,2488,6131.9,41203.0,18070.0,22988.768287,CRITICAL GAP,48113|Endocrinology,Dallas County
26125,Michigan,Rheumatology,Arthritis,901,1,479,1369.5,901.0,10453.0,13315.598761,LOW GAP,26125|Rheumatology,Oakland County
37067,North Carolina,Endocrinology,Diabetes,11908,1,423,1201.9,11908.0,18070.0,22988.768287,MODERATE GAP,37067|Endocrinology,Forsyth County
48029,Texas,Cardiology,Heart Disease,1903,0,0,0.0,0.0,10823.136364,15071.056217,NO PROVIDER,48029|Cardiology,Bexar County
26125,Michigan,Pulmonary,Respiratory Disease,1436,0,0,0.0,0.0,4251.578947,5741.879972,NO PROVIDER,26125|Pulmonary,Oakland County
37183,North Carolina,Rheumatology,Arthritis,7589,0,0,0.0,0.0,10453.0,13315.598761,NO PROVIDER,37183|Rheumatology,Wake County
26049,Michigan,Psychiatry,Mental Health Disorders,672,1,198,851.1,672.0,3104.5,4291.159571,LOW GAP,26049|Psychiatry,Genesee County
37183,North Carolina,Endocrinology,Diabetes,21096,2,352,1492.5,10548.0,18070.0,22988.768287,MODERATE GAP,37183|Endocrinology,Wake County
48201,Texas,Cardiology,Heart Disease,158265,9,5421,9504.8,17585.0,10823.136364,15071.056217,HIGH GAP,48201|Cardiology,Harris County
48029,Texas,Pulmonary,Respiratory Disease,2140,0,0,0.0,0.0,4251.578947,5741.879972,NO PROVIDER,48029|Pulmonary,Bexar County
37051,North Carolina,Endocrinology,Diabetes,12200,1,299,1165.3,12200.0,18070.0,22988.768287,MODERATE GAP,37051|Endocrinology,Cumberland County
37081,North Carolina,Rheumatology,Arthritis,4194,0,0,0.0,0.0,10453.0,13315.598761,NO PROVIDER,37081|Rheumatology,Guilford County
26049,Michigan,Pulmonary,Respiratory Disease,81759,2,360,1287.2,40879.5,4251.578947,5741.879972,CRITICAL GAP,26049|Pulmonary,Genesee County
37183,North Carolina,Psychiatry,Mental Health Disorders,9203,0,0,0.0,0.0,3104.5,4291.159571,NO PROVIDER,37183|Psychiatry,Wake County
37119,North Carolina,Rheumatology,Arthritis,21617,2,1783,3972.3,10808.5,10453.0,13315.598761,HIGH GAP,37119|Rheumatology,Mecklenburg County
37081,North Carolina,Rheumatology,Arthritis,4247,0,0,0.0,0.0,10453.0,13315.598761,NO PROVIDER,37081|Rheumatology,Guilford County
26077,Michigan,Psychiatry,Mental Health Disorders,790,3,2119,6678.0,263.3333,3104.5,4291.159571,LOW GAP,26077|Psychiatry,Kalamazoo County
26049,Michigan,Rheumatology,Arthritis,2015,0,0,0.0,0.0,10453.0,13315.598761,NO PROVIDER,26049|Rheumatology,Genesee County
37183,North Carolina,Endocrinology,Diabetes,3905,0,0,0.0,0.0,18070.0,22988.768287,NO PROVIDER,37183|Endocrinology,Wake County
26163,Michigan,Rheumatology,Arthritis,11810,2,372,1375.1,5905.0,10453.0,13315.598761,MODERATE GAP,26163|Rheumatology,Wayne County
26125,Michigan,Rheumatology,Arthritis,1054,1,569,1751.2,1054.0,10453.0,13315.598761,LOW GAP,26125|Rheumatology,Oakland County
48113,Texas,Cardiology,Heart Disease,13715,1,255,476.4,13715.0,10823.136364,15071.056217,HIGH GAP,48113|Cardiology,Dallas County
37051,North Carolina,Psychiatry,Mental Health Disorders,49117,4,2256,3954.8,12279.25,3104.5,4291.159571,CRITICAL GAP,37051|Psychiatry,Cumberland County
26125,Michigan,Rheumatology,Arthritis,4617,1,751,1628.2,4617.0,10453.0,13315.598761,LOW GAP,26125|Rheumatology,Oakland County
48113,Texas,Pulmonary,Respiratory Disease,1459,1,71,153.4,1459.0,4251.578947,5741.879972,LOW GAP,48113|Pulmonary,Dallas County
48439,Texas,Cardiology,Heart Disease,8570,1,340,1018.8,8570.0,10823.136364,15071.056217,MODERATE GAP,48439|Cardiology,Tarrant County
26049,Michigan,Psychiatry,Mental Health Disorders,4978,1,426,1037.4,4978.0,3104.5,4291.159571,HIGH GAP,26049|Psychiatry,Genesee County
26125,Michigan,Rheumatology,Arthritis,17646,1,280,1073.0,17646.0,10453.0,13315.598761,HIGH GAP,26125|Rheumatology,Oakland County
48085,Texas,Endocrinology,Diabetes,12497,1,509,1042.6,12497.0,18070.0,22988.768287,MODERATE GAP,48085|Endocrinology,Collin County
48439,Texas,Cardiology,Heart Disease,2850,0,0,0.0,0.0,10823.136364,15071.056217,NO PROVIDER,48439|Cardiology,Tarrant County
48439,Texas,Endocrinology,Diabetes,111983,1,719,1791.9,111983.0,18070.0,22988.768287,CRITICAL GAP,48439|Endocrinology,Tarrant County
48439,Texas,Cardiology,Heart Disease,3976,0,0,0.0,0.0,10823.136364,15071.056217,NO PROVIDER,48439|Cardiology,Tarrant County
48113,Texas,Endocrinology,Diabetes,5374,0,0,0.0,0.0,18070.0,22988.768287,NO PROVIDER,48113|Endocrinology,Dallas County
48085,Texas,Endocrinology,Diabetes,11113,1,846,3749.1,11113.0,18070.0,22988.768287,MODERATE GAP,48085|Endocrinology,Collin County
37183,North Carolina,Cardiology,Heart Disease,6112,1,855,2089.8,6112.0,10823.136364,15071.056217,MODERATE GAP,37183|Cardiology,Wake County
48201,Texas,Endocrinology,Diabetes,196354,5,1233,5082.0,39270.8,18070.0,22988.768287,CRITICAL GAP,48201|Endocrinology,Harris County
48113,Texas,Cardiology,Heart Disease,11328,1,365,1456.1,11328.0,10823.136364,15071.056217,HIGH GAP,48113|Cardiology,Dallas County
48201,Texas,Endocrinology,Diabetes,44528,1,301,1050.7,44528.0,18070.0,22988.768287,CRITICAL GAP,48201|Endocrinology,Harris County
48085,Texas,Pulmonary,Respiratory Disease,2269,0,0,0.0,0.0,4251.578947,5741.879972,NO PROVIDER,48085|Pulmonary,Collin County
37119,North Carolina,Rheumatology,Arthritis,25917,2,1410,3456.4,12958.5,10453.0,13315.598761,HIGH GAP,37119|Rheumatology,Mecklenburg County
37183,North Carolina,Rheumatology,Arthritis,31870,2,1793,3266.2,15935.0,10453.0,13315.598761,HIGH GAP,37183|Rheumatology,Wake County
37081,North Carolina,Cardiology,Heart Disease,115075,1,93,397.1,115075.0,10823.136364,15071.056217,CRITICAL GAP,37081|Cardiology,Guilford County
37119,North Carolina,Psychiatry,Mental Health Disorders,8712,0,0,0.0,0.0,3104.5,4291.159571,NO PROVIDER,37119|Psychiatry,Mecklenburg County
26099,Michigan,Rheumatology,Arthritis,2875,1,329,1162.6,2875.0,10453.0,13315.598761,LOW GAP,26099|Rheumatology,Macomb County
37119,North Carolina,Endocrinology,Diabetes,62414,2,128,562.2,31207.0,18070.0,22988.768287,HIGH GAP,37119|Endocrinology,Mecklenburg County
48439,Texas,Pulmonary,Respiratory Disease,5301,1,838,1905.3,5301.0,4251.578947,5741.879972,HIGH GAP,48439|Pulmonary,Tarrant County
37119,North Carolina,Psychiatry,Mental Health Disorders,6760,0,0,0.0,0.0,3104.5,4291.159571,NO PROVIDER,37119|Psychiatry,Mecklenburg County
26125,Michigan,Psychiatry,Mental Health Disorders,11557,2,607,1036.9,5778.5,3104.5,4291.159571,HIGH GAP,26125|Psychiatry,Oakland County
37067,North Carolina,Rheumatology,Arthritis,8755,1,152,440.3,8755.0,10453.0,13315.598761,MODERATE GAP,37067|Rheumatology,Forsyth County
26125,Michigan,Rheumatology,Arthritis,8080,1,664,1754.3,8080.0,10453.0,13315.598761,MODERATE GAP,26125|Rheumatology,Oakland County
37051,North Carolina,Psychiatry,Mental Health Disorders,4715,2,411,700.8,2357.5,3104.5,4291.159571,MODERATE GAP,37051|Psychiatry,Cumberland County
37081,North Carolina,Rheumatology,Arthritis,17306,1,232,841.8,17306.0,10453.0,13315.598761,HIGH GAP,37081|Rheumatology,Guilford County
37081,North Carolina,Rheumatology,Arthritis,2115,0,0,0.0,0.0,10453.0,13315.598761,NO PROVIDER,37081|Rheumatology,Guilford County
37051,North Carolina,Endocrinology,Diabetes,13587,1,207,914.9,13587.0,18070.0,22988.768287,MODERATE GAP,37051|Endocrinology,Cumberland County
37081,North Carolina,Psychiatry,Mental Health Disorders,4311,1,309,944.3,4311.0,3104.5,4291.159571,HIGH GAP,37081|Psychiatry,Guilford County
26077,Michigan,Psychiatry,Mental Health Disorders,37314,2,713,1687.1,18657.0,3104.5,4291.159571,CRITICAL GAP,26077|Psychiatry,Kalamazoo County
26077,Michigan,Rheumatology,Arthritis,5440,1,514,1905.1,5440.0,10453.0,13315.598761,MODERATE GAP,26077|Rheumatology,Kalamazoo County
26077,Michigan,Pulmonary,Respiratory Disease,20136,5,3704,8063.0,4027.2,4251.578947,5741.879972,MODERATE GAP,26077|Pulmonary,Kalamazoo County
37183,North Carolina,Rheumatology,Arthritis,7771,0,0,0.0,0.0,10453.0,13315.598761,NO PROVIDER,37183|Rheumatology,Wake County
26163,Michigan,Rheumatology,Arthritis,8172,0,0,0.0,0.0,10453.0,13315.598761,NO PROVIDER,26163|Rheumatology,Wayne County
26077,Michigan,Rheumatology,Arthritis,51545,1,610,1878.7,51545.0,10453.0,13315.598761,CRITICAL GAP,26077|Rheumatology,Kalamazoo County
26125,Michigan,Rheumatology,Arthritis,9136,1,369,915.5,9136.0,10453.0,13315.598761,MODERATE GAP,26125|Rheumatology,Oakland County
26163,Michigan,Psychiatry,Mental Health Disorders,2095,1,480,2137.4,2095.0,3104.5,4291.159571,MODERATE GAP,26163|Psychiatry,Wayne County
48439,Texas,Endocrinology,Diabetes,23025,2,449,1870.1,11512.5,18070.0,22988.768287,MODERATE GAP,48439|Endocrinology,Tarrant County
48201,Texas,Endocrinology,Diabetes,401712,4,2270,7361.5,100428.0,18070.0,22988.768287,CRITICAL GAP,48201|Endocrinology,Harris County
26163,Michigan,Rheumatology,Arthritis,13911,0,0,0.0,0.0,10453.0,13315.598761,NO PROVIDER,26163|Rheumatology,Wayne County
26163,Michigan,Psychiatry,Mental Health Disorders,2978,1,837,2765.8,2978.0,3104.5,4291.159571,MODERATE GAP,26163|Psychiatry,Wayne County
48439,Texas,Cardiology,Heart Disease,15996,1,818,2995.6,15996.0,10823.136364,15071.056217,HIGH GAP,48439|Cardiology,Tarrant County
48113,Texas,Pulmonary,Respiratory Disease,90253,3,291,740.5,30084.3333,4251.578947,5741.879972,CRITICAL GAP,48113|Pulmonary,Dallas County
26077,Michigan,Pulmonary,Respiratory Disease,468,0,0,0.0,0.0,4251.578947,5741.879972,NO PROVIDER,26077|Pulmonary,Kalamazoo County
26077,Michigan,Rheumatology,Arthritis,552,0,0,0.0,0.0,10453.0,13315.598761,NO PROVIDER,26077|Rheumatology,Kalamazoo County
37183,North Carolina,Psychiatry,Mental Health Disorders,6466,0,0,0.0,0.0,3104.5,4291.159571,NO PROVIDER,37183|Psychiatry,Wake County
37081,North Carolina,Psychiatry,Mental Health Disorders,8678,1,544,1198.3,8678.0,3104.5,4291.159571,CRITICAL GAP,37081|Psychiatry,Guilford County
37081,North Carolina,Psychiatry,Mental Health Disorders,533,1,275,715.0,533.0,3104.5,4291.159571,LOW GAP,37081|Psychiatry,Guilford County
48085,Texas,Pulmonary,Respiratory Disease,2014,0,0,0.0,0.0,4251.578947,5741.879972,NO PROVIDER,48085|Pulmonary,Collin County
48201,Texas,Endocrinology,Diabetes,334567,5,720,2419.5,66913.4,18070.0,22988.768287,CRITICAL GAP,48201|Endocrinology,Harris County
48201,Texas,Cardiology,Heart Disease,10242,6,625,2489.3,1707.0,10823.136364,15071.056217,LOW GAP,48201|Cardiology,Harris County
37119,North Carolina,Endocrinology,Diabetes,2595,0,0,0.0,0.0,18070.0,22988.768287,NO PROVIDER,37119|Endocrinology,Mecklenburg County
37081,North Carolina,Endocrinology,Diabetes,1846,0,0,0.0,0.0,18070.0,22988.768287,NO PROVIDER,37081|Endocrinology,Guilford County
37067,North Carolina,Psychiatry,Mental Health Disorders,1763,0,0,0.0,0.0,3104.5,4291.159571,NO PROVIDER,37067|Psychiatry,Forsyth County
26163,Michigan,Rheumatology,Arthritis,6527,0,0,0.0,0.0,10453.0,13315.598761,NO PROVIDER,26163|Rheumatology,Wayne County
26125,Michigan,Psychiatry,Mental Health Disorders,2612,0,0,0.0,0.0,3104.5,4291.159571,NO PROVIDER,26125|Psychiatry,Oakland County
37119,North Carolina,Psychiatry,Mental Health Disorders,5809,0,0,0.0,0.0,3104.5,4291.159571,NO PROVIDER,37119|Psychiatry,Mecklenburg County
37081,North Carolina,Cardiology,Heart Disease,14939,2,394,968.8,7469.5,10823.136364,15071.056217,MODERATE GAP,37081|Cardiology,Guilford County
26099,Michigan,Pulmonary,Respiratory Disease,3637,1,579,1929.7,3637.0,4251.578947,5741.879972,MODERATE GAP,26099|Pulmonary,Macomb County
26125,Michigan,Pulmonary,Respiratory Disease,525,1,82,188.0,525.0,4251.578947,5741.879972,LOW GAP,26125|Pulmonary,Oakland County
37081,North Carolina,Cardiology,Heart Disease,131915,3,1607,4447.3,43971.6667,10823.136364,15071.056217,CRITICAL GAP,37081|Cardiology,Guilford County
26163,Michigan,Rheumatology,Arthritis,16565,0,0,0.0,0.0,10453.0,13315.598761,NO PROVIDER,26163|Rheumatology,Wayne County
37067,North Carolina,Psychiatry,Mental Health Disorders,395,1,364,845.4,395.0,3104.5,4291.159571,LOW GAP,37067|Psychiatry,Forsyth County
26077,Michigan,Rheumatology,Arthritis,227835,2,478,999.2,113917.5,10453.0,13315.598761,CRITICAL GAP,26077|Rheumatology,Kalamazoo County
26049,Michigan,Pulmonary,Respiratory Disease,904,0,0,0.0,0.0,4251.578947,5741.879972,NO PROVIDER,26049|Pulmonary,Genesee County
37119,North Carolina,Psychiatry,Mental Health Disorders,4104,0,0,0.0,0.0,3104.5,4291.159571,NO PROVIDER,37119|Psychiatry,Mecklenburg County
37081,North Carolina,Psychiatry,Mental Health Disorders,4169,1,659,1694.5,4169.0,3104.5,4291.159571,HIGH GAP,37081|Psychiatry,Guilford County
37051,North Carolina,Psychiatry,Mental Health Disorders,2457,3,329,511.5,819.0,3104.5,4291.159571,LOW GAP,37051|Psychiatry,Cumberland County
26077,Michigan,Pulmonary,Respiratory Disease,5525,1,467,1083.7,5525.0,4251.578947,5741.879972,HIGH GAP,26077|Pulmonary,Kalamazoo County
48439,Texas,Cardiology,Heart Disease,48806,1,589,2618.4,48806.0,10823.136364,15071.056217,CRITICAL GAP,48439|Cardiology,Tarrant County
37119,North Carolina,Psychiatry,Mental Health Disorders,2624,1,326,511.8,2624.0,3104.5,4291.159571,MODERATE GAP,37119|Psychiatry,Mecklenburg County
48439,Texas,Pulmonary,Respiratory Disease,9530,3,1367,3525.5,3176.6667,4251.578947,5741.879972,MODERATE GAP,48439|Pulmonary,Tarrant County
48113,Texas,Pulmonary,Respiratory Disease,2841,0,0,0.0,0.0,4251.578947,5741.879972,NO PROVIDER,48113|Pulmonary,Dallas County
37119,North Carolina,Cardiology,Heart Disease,2572,0,0,0.0,0.0,10823.136364,15071.056217,NO PROVIDER,37119|Cardiology,Mecklenburg County
48085,Texas,Cardiology,Heart Disease,16798,1,874,3892.6,16798.0,10823.136364,15071.056217,HIGH GAP,48085|Cardiology,Collin County
48029,Texas,Endocrinology,Diabetes,14877,1,900,2744.4,14877.0,18070.0,22988.768287,MODERATE GAP,48029|Endocrinology,Bexar County
37119,North Carolina,Cardiology,Heart Disease,1672,0,0,0.0,0.0,10823.136364,15071.056217,NO PROVIDER,37119|Cardiology,Mecklenburg County
48439,Texas,Pulmonary,Respiratory Disease,4810,2,932,1794.0,2405.0,4251.578947,5741.879972,MODERATE GAP,48439|Pulmonary,Tarrant County
37081,North Carolina,Cardiology,Heart Disease,29977,3,2450,10124.5,9992.3333,10823.136364,15071.056217,MODERATE GAP,37081|Cardiology,Guilford County
48085,Texas,Endocrinology,Diabetes,88424,1,622,1744.3,88424.0,18070.0,22988.768287,CRITICAL GAP,48085|Endocrinology,Collin County
37051,North Carolina,Cardiology,Heart Disease,390,0,0,0.0,0.0,10823.136364,15071.056217,NO PROVIDER,37051|Cardiology,Cumberland County
48085,Texas,Endocrinology,Diabetes,40301,3,1226,2084.8,13433.6667,18070.0,22988.768287,MODERATE GAP,48085|Endocrinology,Collin County
37051,North Carolina,Cardiology,Heart Disease,6356,1,101,330.2,6356.0,10823.136364,15071.056217,MODERATE GAP,37051|Cardiology,Cumberland County
37183,North Carolina,Cardiology,Heart Disease,2398,0,0,0.0,0.0,10823.136364,15071.056217,NO PROVIDER,37183|Cardiology,Wake County
26049,Michigan,Psychiatry,Mental Health Disorders,879,0,0,0.0,0.0,3104.5,4291.159571,NO PROVIDER,26049|Psychiatry,Genesee County
48029,Texas,Pulmonary,Respiratory Disease,11115,2,1776,7912.3,5557.5,4251.578947,5741.879972,HIGH GAP,48029|Pulmonary,Bexar County
26077,Michigan,Pulmonary,Respiratory Disease,3535,1,118,185.0,3535.0,4251.578947,5741.879972,MODERATE GAP,26077|Pulmonary,Kalamazoo County
37067,North Carolina,Cardiology,Heart Disease,55372,3,2426,5312.6,18457.3333,10823.136364,15071.056217,HIGH GAP,37067|Cardiology,Forsyth County
26077,Michigan,Rheumatology,Arthritis,3619,1,409,993.1,3619.0,10453.0,13315.598761,LOW GAP,26077|Rheumatology,Kalamazoo County
26125,Michigan,Pulmonary,Respiratory Disease,3103,0,0,0.0,0.0,4251.578947,5741.879972,NO PROVIDER,26125|Pulmonary,Oakland County
26099,Michigan,Pulmonary,Respiratory Disease,39830,1,349,602.1,39830.0,4251.578947,5741.879972,CRITICAL GAP,26099|Pulmonary,Macomb County
37119,North Carolina,Endocrinology,Diabetes,1901,0,0,0.0,0.0,18070.0,22988.768287,NO PROVIDER,37119|Endocrinology,Mecklenburg County
48113,Texas,Pulmonary,Respiratory Disease,12095,3,2028,7166.8,4031.6667,4251.578947,5741.879972,MODERATE GAP,48113|Pulmonary,Dallas County
37067,North Carolina,Endocrinology,Diabetes,379518,2,556,1064.7,189759.0,18070.0,22988.768287,CRITICAL GAP,37067|Endocrinology,Forsyth County
48113,Texas,Cardiology,Heart Disease,8603,2,286,1140.6,4301.5,10823.136364,15071.056217,LOW GAP,48113|Cardiology,Dallas County
26163,Michigan,Rheumatology,Arthritis,20461,1,487,1101.8,20461.0,10453.0,13315.598761,HIGH GAP,26163|Rheumatology,Wayne County
37119,North Carolina,Endocrinology,Diabetes,5753,1,132,272.7,5753.0,18070.0,22988.768287,LOW GAP,37119|Endocrinology,Mecklenburg County
37067,North Carolina,Endocrinology,Diabetes,869,0,0,0.0,0.0,18070.0,22988.768287,NO PROVIDER,37067|Endocrinology,Forsyth County
26077,Michigan,Psychiatry,Mental Health Disorders,81887,3,2362,6186.2,27295.6667,3104.5,4291.159571,CRITICAL GAP,26077|Psychiatry,Kalamazoo County
48113,Texas,Pulmonary,Respiratory Disease,3843,1,150,332.3,3843.0,4251.578947,5741.879972,MODERATE GAP,48113|Pulmonary,Dallas County
37067,North Carolina,Endocrinology,Diabetes,19575,1,638,2197.2,19575.0,18070.0,22988.768287,HIGH GAP,37067|Endocrinology,Forsyth County
48113,Texas,Pulmonary,Respiratory Disease,13936,1,817,3485.1,13936.0,4251.578947,5741.879972,CRITICAL GAP,48113|Pulmonary,Dallas County
37067,North Carolina,Psychiatry,Mental Health Disorders,3497,1,289,1036.3,3497.0,3104.5,4291.159571,HIGH GAP,37067|Psychiatry,Forsyth County
26125,Michigan,Psychiatry,Mental Health Disorders,5161,1,286,720.4,5161.0,3104.5,4291.159571,HIGH GAP,26125|Psychiatry,Oakland County
37119,North Carolina,Endocrinology,Diabetes,17735,1,171,623.3,17735.0,18070.0,22988.768287,MODERATE GAP,37119|Endocrinology,Mecklenburg County
37051,North Carolina,Cardiology,Heart Disease,81853,1,889,1569.4,81853.0,10823.136364,15071.056217,CRITICAL GAP,37051|Cardiology,Cumberland County
37183,North Carolina,Cardiology,Heart Disease,2257,1,706,1861.4,2257.0,10823.136364,15071.056217,LOW GAP,37183|Cardiology,Wake County
26125,Michigan,Rheumatology,Arthritis,5650,3,464,1700.7,1883.3333,10453.0,13315.598761,LOW GAP,26125|Rheumatology,Oakland County
26163,Michigan,Pulmonary,Respiratory Disease,1453,0,0,0.0,0.0,4251.578947,5741.879972,NO PROVIDER,26163|Pulmonary,Wayne County
26163,Michigan,Psychiatry,Mental Health Disorders,29278,1,190,449.2,29278.0,3104.5,4291.159571,CRITICAL GAP,26163|Psychiatry,Wayne County
37067,North Carolina,Psychiatry,Mental Health Disorders,11749,4,2331,6485.5,2937.25,3104.5,4291.159571,MODERATE GAP,37067|Psychiatry,Forsyth County
26163,Michigan,Pulmonary,Respiratory Disease,1082,0,0,0.0,0.0,4251.578947,5741.879972,NO PROVIDER,26163|Pulmonary,Wayne County
48439,Texas,Endocrinology,Diabetes,39384,3,1328,4616.5,13128.0,18070.0,22988.768287,MODERATE GAP,48439|Endocrinology,Tarrant County
26099,Michigan,Psychiatry,Mental Health Disorders,6684,0,0,0.0,0.0,3104.5,4291.159571,NO PROVIDER,26099|Psychiatry,Macomb County
26077,Michigan,Rheumatology,Arthritis,17021,3,1975,4592.8,5673.6667,10453.0,13315.598761,MODERATE GAP,26077|Rheumatology,Kalamazoo County
26099,Michigan,Rheumatology,Arthritis,6881,1,255,935.6,6881.0,10453.0,13315.598761,MODERATE GAP,26099|Rheumatology,Macomb County
37051,North Carolina,Cardiology,Heart Disease,18779,1,770,2494.0,18779.0,10823.136364,15071.056217,HIGH GAP,37051|Cardiology,Cumberland County
48113,Texas,Pulmonary,Respiratory Disease,4935,0,0,0.0,0.0,4251.578947,5741.879972,NO PROVIDER,48113|Pulmonary,Dallas County
37119,North Carolina,Cardiology,Heart Disease,5765,1,889,1453.2,5765.0,10823.136364,15071.056217,MODERATE GAP,37119|Cardiology,Mecklenburg County
37183,North Carolina,Rheumatology,Arthritis,5823,0,0,0.0,0.0,10453.0,13315.598761,NO PROVIDER,37183|Rheumatology,Wake County
26125,Michigan,Rheumatology,Arthritis,7810,0,0,0.0,0.0,10453.0,13315.598761,NO PROVIDER,26125|Rheumatology,Oakland County
48085,Texas,Endocrinology,Diabetes,64686,2,1024,4297.5,32343.0,18070.0,22988.768287,HIGH GAP,48085|Endocrinology,Collin County
48085,Texas,Pulmonary,Respiratory Disease,12590,4,1815,3435.4,3147.5,4251.578947,5741.879972,MODERATE GAP,48085|Pulmonary,Collin County
37067,North Carolina,Rheumatology,Arthritis,1949,0,0,0.0,0.0,10453.0,13315.598761,NO PROVIDER,37067|Rheumatology,Forsyth County
26049,Michigan,Pulmonary,Respiratory Disease,349,0,0,0.0,0.0,4251.578947,5741.879972,NO PROVIDER,26049|Pulmonary,Genesee County
37119,North Carolina,Rheumatology,Arthritis,8337,0,0,0.0,0.0,10453.0,13315.598761,NO PROVIDER,37119|Rheumatology,Mecklenburg County
26099,Michigan,Rheumatology,Arthritis,14012,2,543,2300.4,7006.0,10453.0,13315.598761,MODERATE GAP,26099|Rheumatology,Macomb County
37067,North Carolina,Endocrinology,Diabetes,489,0,0,0.0,0.0,18070.0,22988.768287,NO PROVIDER,37067|Endocrinology,Forsyth County
37067,North Carolina,Endocrinology,Diabetes,11751,1,339,1344.2,11751.0,18070.0,22988.768287,MODERATE GAP,37067|Endocrinology,Forsyth County
48201,Texas,Endocrinology,Diabetes,280559,7,2594,9488.7,40079.8571,18070.0,22988.768287,CRITICAL GAP,48201|Endocrinology,Harris County
37081,North Carolina,Rheumatology,Arthritis,3019,0,0,0.0,0.0,10453.0,13315.598761,NO PROVIDER,37081|Rheumatology,Guilford County
48085,Texas,Endocrinology,Diabetes,4465,0,0,0.0,0.0,18070.0,22988.768287,NO PROVIDER,48085|Endocrinology,Collin County
37051,North Carolina,Psychiatry,Mental Health Disorders,11037,1,788,2451.5,11037.0,3104.5,4291.159571,CRITICAL GAP,37051|Psychiatry,Cumberland County
37183,North Carolina,Rheumatology,Arthritis,10826,1,322,700.4,10826.0,10453.0,13315.598761,HIGH GAP,37183|Rheumatology,Wake County
48113,Texas,Cardiology,Heart Disease,11615,2,191,625.2,5807.5,10823.136364,15071.056217,MODERATE GAP,48113|Cardiology,Dallas County
48113,Texas,Cardiology,Heart Disease,334095,3,876,1717.7,111365.0,10823.136364,15071.056217,CRITICAL GAP,48113|Cardiology,Dallas County
37067,North Carolina,Rheumatology,Arthritis,7867,1,281,1075.0,7867.0,10453.0,13315.598761,MODERATE GAP,37067|Rheumatology,Forsyth County
37183,North Carolina,Psychiatry,Mental Health Disorders,7765,0,0,0.0,0.0,3104.5,4291.159571,NO PROVIDER,37183|Psychiatry,Wake County
48085,Texas,Cardiology,Heart Disease,71828,1,75,202.8,71828.0,10823.136364,15071.056217,CRITICAL GAP,48085|Cardiology,Collin County
37067,North Carolina,Psychiatry,Mental Health Disorders,1291,1,475,1806.7,1291.0,3104.5,4291.159571,LOW GAP,37067|Psychiatry,Forsyth County
48085,Texas,Cardiology,Heart Disease,182309,2,1571,5841.4,91154.5,10823.136364,15071.056217,CRITICAL GAP,48085|Cardiology,Collin County
48029,Texas,Pulmonary,Respiratory Disease,1613,1,696,2030.7,1613.0,4251.578947,5741.879972,LOW GAP,48029|Pulmonary,Bexar County
37067,North Carolina,Rheumatology,Arthritis,8823,1,491,1553.2,8823.0,10453.0,13315.598761,MODERATE GAP,37067|Rheumatology,Forsyth County
37183,North Carolina,Psychiatry,Mental Health Disorders,4623,0,0,0.0,0.0,3104.5,4291.159571,NO PROVIDER,37183|Psychiatry,Wake County
37051,North Carolina,Endocrinology,Diabetes,167705,2,658,2578.0,83852.5,18070.0,22988.768287,CRITICAL GAP,37051|Endocrinology,Cumberland County
37081,North Carolina,Endocrinology,Diabetes,8064,1,831,1994.2,8064.0,18070.0,22988.768287,LOW GAP,37081|Endocrinology,Guilford County
48113,Texas,Endocrinology,Diabetes,4667,1,560,1634.3,4667.0,18070.0,22988.768287,LOW GAP,48113|Endocrinology,Dallas County
37081,North Carolina,Rheumatology,Arthritis,11851,1,790,3275.5,11851.0,10453.0,13315.598761,HIGH GAP,37081|Rheumatology,Guilford County
48201,Texas,Pulmonary,Respiratory Disease,66838,9,2537,4801.7,7426.4444,4251.578947,5741.879972,HIGH GAP,48201|Pulmonary,Harris County
48029,Texas,Cardiology,Heart Disease,38068,2,937,3091.0,19034.0,10823.136364,15071.056217,HIGH GAP,48029|Cardiology,Bexar County
26049,Michigan,Psychiatry,Mental Health Disorders,15531,1,177,759.0,15531.0,3104.5,4291.159571,CRITICAL GAP,26049|Psychiatry,Genesee County
26077,Michigan,Psychiatry,Mental Health Disorders,4806,1,818,1631.7,4806.0,3104.5,4291.159571,HIGH GAP,26077|Psychiatry,Kalamazoo County
26077,Michigan,Psychiatry,Mental Health Disorders,3069,1,135,511.7,3069.0,3104.5,4291.159571,MODERATE GAP,26077|Psychiatry,Kalamazoo County
48113,Texas,Cardiology,Heart Disease,21502,3,892,2716.3,7167.3333,10823.136364,15071.056217,MODERATE GAP,48113|Cardiology,Dallas County
48113,Texas,Cardiology,Heart Disease,4002,0,0,0.0,0.0,10823.136364,15071.056217,NO PROVIDER,48113|Cardiology,Dallas County
26049,Michigan,Rheumatology,Arthritis,3809,1,234,564.1,3809.0,10453.0,13315.598761,LOW GAP,26049|Rheumatology,Genesee County
37081,North Carolina,Psychiatry,Mental Health Disorders,2486,0,0,0.0,0.0,3104.5,4291.159571,NO PROVIDER,37081|Psychiatry,Guilford County
26125,Michigan,Rheumatology,Arthritis,19794,2,239,931.2,9897.0,10453.0,13315.598761,MODERATE GAP,26125|Rheumatology,Oakland County
37081,North Carolina,Rheumatology,Arthritis,5064,0,0,0.0,0.0,10453.0,13315.598761,NO PROVIDER,37081|Rheumatology,Guilford County
37081,North Carolina,Endocrinology,Diabetes,1612,0,0,0.0,0.0,18070.0,22988.768287,NO PROVIDER,37081|Endocrinology,Guilford County
48085,Texas,Pulmonary,Respiratory Disease,2048,0,0,0.0,0.0,4251.578947,5741.879972,NO PROVIDER,48085|Pulmonary,Collin County
48201,Texas,Cardiology,Heart Disease,6771,0,0,0.0,0.0,10823.136364,15071.056217,NO PROVIDER,48201|Cardiology,Harris County
48029,Texas,Endocrinology,Diabetes,6484,0,0,0.0,0.0,18070.0,22988.768287,NO PROVIDER,48029|Endocrinology,Bexar County
37183,North Carolina,Psychiatry,Mental Health Disorders,6537,0,0,0.0,0.0,3104.5,4291.159571,NO PROVIDER,37183|Psychiatry,Wake County
48201,Texas,Cardiology,Heart Disease,95290,6,1087,3857.9,15881.6667,10823.136364,15071.056217,HIGH GAP,48201|Cardiology,Harris County
37051,North Carolina,Psychiatry,Mental Health Disorders,41049,2,1486,5764.5,20524.5,3104.5,4291.159571,CRITICAL GAP,37051|Psychiatry,Cumberland County
37051,North Carolina,Cardiology,Heart Disease,260,0,0,0.0,0.0,10823.136364,15071.056217,NO PROVIDER,37051|Cardiology,Cumberland County
48201,Texas,Pulmonary,Respiratory Disease,7806,0,0,0.0,0.0,4251.578947,5741.879972,NO PROVIDER,48201|Pulmonary,Harris County
37119,North Carolina,Rheumatology,Arthritis,17442,1,480,2034.3,17442.0,10453.0,13315.598761,HIGH GAP,37119|Rheumatology,Mecklenburg County
37051,North Carolina,Cardiology,Heart Disease,165,0,0,0.0,0.0,10823.136364,15071.056217,NO PROVIDER,37051|Cardiology,Cumberland County
48085,Texas,Cardiology,Heart Disease,2147,0,0,0.0,0.0,10823.136364,15071.056217,NO PROVIDER,48085|Cardiology,Collin County
48439,Texas,Pulmonary,Respiratory Disease,2734,0,0,0.0,0.0,4251.578947,5741.879972,NO PROVIDER,48439|Pulmonary,Tarrant County
48085,Texas,Pulmonary,Respiratory Disease,608,0,0,0.0,0.0,4251.578947,5741.879972,NO PROVIDER,48085|Pulmonary,Collin County
37067,North Carolina,Rheumatology,Arthritis,16095,1,657,1526.8,16095.0,10453.0,13315.598761,HIGH GAP,37067|Rheumatology,Forsyth County
26099,Michigan,Rheumatology,Arthritis,3307,0,0,0.0,0.0,10453.0,13315.598761,NO PROVIDER,26099|Rheumatology,Macomb County
26163,Michigan,Psychiatry,Mental Health Disorders,5019,2,642,2753.1,2509.5,3104.5,4291.159571,MODERATE GAP,26163|Psychiatry,Wayne County
37183,North Carolina,Rheumatology,Arthritis,16541,1,751,2074.8,16541.0,10453.0,13315.598761,HIGH GAP,37183|Rheumatology,Wake County
26077,Michigan,Pulmonary,Respiratory Disease,6691,1,176,358.7,6691.0,4251.578947,5741.879972,HIGH GAP,26077|Pulmonary,Kalamazoo County
26099,Michigan,Rheumatology,Arthritis,12291,2,1181,5255.6,6145.5,10453.0,13315.598761,MODERATE GAP,26099|Rheumatology,Macomb County
26163,Michigan,Pulmonary,Respiratory Disease,5209,1,718,3219.9,5209.0,4251.578947,5741.879972,HIGH GAP,26163|Pulmonary,Wayne County
37081,North Carolina,Psychiatry,Mental Health Disorders,1911,0,0,0.0,0.0,3104.5,4291.159571,NO PROVIDER,37081|Psychiatry,Guilford County
37119,North Carolina,Psychiatry,Mental Health Disorders,1705,1,74,261.1,1705.0,3104.5,4291.159571,MODERATE GAP,37119|Psychiatry,Mecklenburg County
37183,North Carolina,Endocrinology,Diabetes,3235,0,0,0.0,0.0,18070.0,22988.768287,NO PROVIDER,37183|Endocrinology,Wake County
48029,Texas,Endocrinology,Diabetes,10020,1,677,1538.4,10020.0,18070.0,22988.768287,MODERATE GAP,48029|Endocrinology,Bexar County
37119,North Carolina,Rheumatology,Arthritis,1846,1,95,239.5,1846.0,10453.0,13315.598761,LOW GAP,37119|Rheumatology,Mecklenburg County
26099,Michigan,Pulmonary,Respiratory Disease,6317,1,434,1215.7,6317.0,4251.578947,5741.879972,HIGH GAP,26099|Pulmonary,Macomb County
48029,Texas,Pulmonary,Respiratory Disease,3148,0,0,0.0,0.0,4251.578947,5741.879972,NO PROVIDER,48029|Pulmonary,Bexar County
26125,Michigan,Rheumatology,Arthritis,24372,3,1739,7717.1,8124.0,10453.0,13315.598761,MODERATE GAP,26125|Rheumatology,Oakland County
26125,Michigan,Pulmonary,Respiratory Disease,35425,1,582,1083.4,35425.0,4251.578947,5741.879972,CRITICAL GAP,26125|Pulmonary,Oakland County
26077,Michigan,Psychiatry,Mental Health Disorders,2211,1,408,699.1,2211.0,3104.5,4291.159571,MODERATE GAP,26077|Psychiatry,Kalamazoo County
48439,Texas,Pulmonary,Respiratory Disease,3143,0,0,0.0,0.0,4251.578947,5741.879972,NO PROVIDER,48439|Pulmonary,Tarrant County
48085,Texas,Cardiology,Heart Disease,104785,1,552,1485.3,104785.0,10823.136364,15071.056217,CRITICAL GAP,48085|Cardiology,Collin County
37183,North Carolina,Psychiatry,Mental Health Disorders,3037,0,0,0.0,0.0,3104.5,4291.159571,NO PROVIDER,37183|Psychiatry,Wake County
48113,Texas,Endocrinology,Diabetes,4719,0,0,0.0,0.0,18070.0,22988.768287,NO PROVIDER,48113|Endocrinology,Dallas County
48439,Texas,Pulmonary,Respiratory Disease,2795,0,0,0.0,0.0,4251.578947,5741.879972,NO PROVIDER,48439|Pulmonary,Tarrant County
37119,North Carolina,Cardiology,Heart Disease,16037,1,92,249.6,16037.0,10823.136364,15071.056217,HIGH GAP,37119|Cardiology,Mecklenburg County
26163,Michigan,Pulmonary,Respiratory Disease,2690,0,0,0.0,0.0,4251.578947,5741.879972,NO PROVIDER,26163|Pulmonary,Wayne County
48113,Texas,Pulmonary,Respiratory Disease,6362,0,0,0.0,0.0,4251.578947,5741.879972,NO PROVIDER,48113|Pulmonary,Dallas County
37051,North Carolina,Endocrinology,Diabetes,65187,2,573,2508.1,32593.5,18070.0,22988.768287,HIGH GAP,37051|Endocrinology,Cumberland County
37183,North Carolina,Cardiology,Heart Disease,2152,0,0,0.0,0.0,10823.136364,15071.056217,NO PROVIDER,37183|Cardiology,Wake County
26099,Michigan,Pulmonary,Respiratory Disease,1430,0,0,0.0,0.0,4251.578947,5741.879972,NO PROVIDER,26099|Pulmonary,Macomb County
26163,Michigan,Pulmonary,Respiratory Disease,4276,0,0,0.0,0.0,4251.578947,5741.879972,NO PROVIDER,26163|Pulmonary,Wayne County
37183,North Carolina,Endocrinology,Diabetes,82392,1,326,1269.8,82392.0,18070.0,22988.768287,CRITICAL GAP,37183|Endocrinology,Wake County
48085,Texas,Pulmonary,Respiratory Disease,10769,4,2868,12627.2,2692.25,4251.578947,5741.879972,MODERATE GAP,48085|Pulmonary,Collin County
37183,North Carolina,Psychiatry,Mental Health Disorders,24269,2,1556,4718.2,12134.5,3104.5,4291.159571,CRITICAL GAP,37183|Psychiatry,Wake County
26077,Michigan,Psychiatry,Mental Health Disorders,17572,4,2295,5863.0,4393.0,3104.5,4291.159571,HIGH GAP,26077|Psychiatry,Kalamazoo County
37119,North Carolina,Rheumatology,Arthritis,13666,1,188,487.4,13666.0,10453.0,13315.598761,HIGH GAP,37119|Rheumatology,Mecklenburg County
37067,North Carolina,Cardiology,Heart Disease,5939,1,728,2991.4,5939.0,10823.136364,15071.056217,MODERATE GAP,37067|Cardiology,Forsyth County
48085,Texas,Pulmonary,Respiratory Disease,2040,1,306,487.5,2040.0,4251.578947,5741.879972,LOW GAP,48085|Pulmonary,Collin County
37051,North Carolina,Endocrinology,Diabetes,595164,3,2323,9503.5,198388.0,18070.0,22988.768287,CRITICAL GAP,37051|Endocrinology,Cumberland County
48113,Texas,Cardiology,Heart Disease,28608,2,1588,6436.8,14304.0,10823.136364,15071.056217,HIGH GAP,48113|Cardiology,Dallas County
48113,Texas,Cardiology,Heart Disease,52697,5,4215,16493.6,10539.4,10823.136364,15071.056217,MODERATE GAP,48113|Cardiology,Dallas County
26163,Michigan,Rheumatology,Arthritis,7032,1,135,231.7,7032.0,10453.0,13315.598761,MODERATE GAP,26163|Rheumatology,Wayne County
48439,Texas,Pulmonary,Respiratory Disease,73481,3,542,2015.9,24493.6667,4251.578947,5741.879972,CRITICAL GAP,48439|Pulmonary,Tarrant County
26077,Michigan,Rheumatology,Arthritis,29298,3,1916,5025.5,9766.0,10453.0,13315.598761,MODERATE GAP,26077|Rheumatology,Kalamazoo County
37183,North Carolina,Endocrinology,Diabetes,4282,0,0,0.0,0.0,18070.0,22988.768287,NO PROVIDER,37183|Endocrinology,Wake County
48113,Texas,Endocrinology,Diabetes,6997,0,0,0.0,0.0,18070.0,22988.768287,NO PROVIDER,48113|Endocrinology,Dallas County
37081,North Carolina,Psychiatry,Mental Health Disorders,614,2,835,1611.6,307.0,3104.5,4291.159571,LOW GAP,37081|Psychiatry,Guilford County
26163,Michigan,Psychiatry,Mental Health Disorders,10309,0,0,0.0,0.0,3104.5,4291.159571,NO PROVIDER,26163|Psychiatry,Wayne County
48029,Texas,Cardiology,Heart Disease,2176,0,0,0.0,0.0,10823.136364,15071.056217,NO PROVIDER,48029|Cardiology,Bexar County
37119,North Carolina,Cardiology,Heart Disease,287,0,0,0.0,0.0,10823.136364,15071.056217,NO PROVIDER,37119|Cardiology,Mecklenburg County
37119,North Carolina,Cardiology,Heart Disease,104813,1,516,1433.8,104813.0,10823.136364,15071.056217,CRITICAL GAP,37119|Cardiology,Mecklenburg County
37119,North Carolina,Rheumatology,Arthritis,3797,0,0,0.0,0.0,10453.0,13315.598761,NO PROVIDER,37119|Rheumatology,Mecklenburg County
37119,North Carolina,Cardiology,Heart Disease,14390,2,1727,5634.5,7195.0,10823.136364,15071.056217,MODERATE GAP,37119|Cardiology,Mecklenburg County
48029,Texas,Pulmonary,Respiratory Disease,16139,2,558,1374.1,8069.5,4251.578947,5741.879972,HIGH GAP,48029|Pulmonary,Bexar County
48439,Texas,Cardiology,Heart Disease,15522,2,713,2166.2,7761.0,10823.136364,15071.056217,MODERATE GAP,48439|Cardiology,Tarrant County
48113,Texas,Pulmonary,Respiratory Disease,6451,0,0,0.0,0.0,4251.578947,5741.879972,NO PROVIDER,48113|Pulmonary,Dallas County
37119,North Carolina,Endocrinology,Diabetes,5735,1,155,319.1,5735.0,18070.0,22988.768287,LOW GAP,37119|Endocrinology,Mecklenburg County
26077,Michigan,Rheumatology,Arthritis,25799,1,753,2364.5,25799.0,10453.0,13315.598761,CRITICAL GAP,26077|Rheumatology,Kalamazoo County
26077,Michigan,Pulmonary,Respiratory Disease,495,0,0,0.0,0.0,4251.578947,5741.879972,NO PROVIDER,26077|Pulmonary,Kalamazoo County
48113,Texas,Cardiology,Heart Disease,36732,3,1164,2796.9,12244.0,10823.136364,15071.056217,HIGH GAP,48113|Cardiology,Dallas County
26125,Michigan,Pulmonary,Respiratory Disease,820,1,182,544.7,820.0,4251.578947,5741.879972,LOW GAP,26125|Pulmonary,Oakland County
26049,Michigan,Psychiatry,Mental Health Disorders,1140,0,0,0.0,0.0,3104.5,4291.159571,NO PROVIDER,26049|Psychiatry,Genesee County
37067,North Carolina,Psychiatry,Mental Health Disorders,11119,1,396,1365.3,11119.0,3104.5,4291.159571,CRITICAL GAP,37067|Psychiatry,Forsyth County
48029,Texas,Cardiology,Heart Disease,107408,2,1543,5335.3,53704.0,10823.136364,15071.056217,CRITICAL GAP,48029|Cardiology,Bexar County
26099,Michigan,Rheumatology,Arthritis,4224,0,0,0.0,0.0,10453.0,13315.598761,NO PROVIDER,26099|Rheumatology,Macomb County
37051,North Carolina,Cardiology,Heart Disease,17753,1,280,732.2,17753.0,10823.136364,15071.056217,HIGH GAP,37051|Cardiology,Cumberland County
37183,North Carolina,Rheumatology,Arthritis,25956,2,613,994.7,12978.0,10453.0,13315.598761,HIGH GAP,37183|Rheumatology,Wake County
37081,North Carolina,Cardiology,Heart Disease,7511,2,1381,2202.3,3755.5,10823.136364,15071.056217,LOW GAP,37081|Cardiology,Guilford County
26049,Michigan,Psychiatry,Mental Health Disorders,2851,1,644,1709.0,2851.0,3104.5,4291.159571,MODERATE GAP,26049|Psychiatry,Genesee County
37067,North Carolina,Rheumatology,Arthritis,17334,2,799,2162.5,8667.0,10453.0,13315.598761,MODERATE GAP,37067|Rheumatology,Forsyth County
26049,Michigan,Psychiatry,Mental Health Disorders,2432,1,828,2269.7,2432.0,3104.5,4291.159571,MODERATE GAP,26049|Psychiatry,Genesee County
48439,Texas,Pulmonary,Respiratory Disease,5595,1,673,1754.5,5595.0,4251.578947,5741.879972,HIGH GAP,48439|Pulmonary,Tarrant County
26163,Michigan,Psychiatry,Mental Health Disorders,5315,1,762,1250.1,5315.0,3104.5,4291.159571,HIGH GAP,26163|Psychiatry,Wayne County
37051,North Carolina,Psychiatry,Mental Health Disorders,5320,1,776,1212.4,5320.0,3104.5,4291.159571,HIGH GAP,37051|Psychiatry,Cumberland County
26049,Michigan,Psychiatry,Mental Health Disorders,5150,1,215,889.6,5150.0,3104.5,4291.159571,HIGH GAP,26049|Psychiatry,Genesee County
37081,North Carolina,Rheumatology,Arthritis,29309,2,780,2289.7,14654.5,10453.0,13315.598761,HIGH GAP,37081|Rheumatology,Guilford County
48201,Texas,Pulmonary,Respiratory Disease,3832,1,747,1660.0,3832.0,4251.578947,5741.879972,MODERATE GAP,48201|Pulmonary,Harris County
26049,Michigan,Rheumatology,Arthritis,2849,0,0,0.0,0.0,10453.0,13315.598761,NO PROVIDER,26049|Rheumatology,Genesee County
26099,Michigan,Pulmonary,Respiratory Disease,1233,1,294,1006.5,1233.0,4251.578947,5741.879972,LOW GAP,26099|Pulmonary,Macomb County
26125,Michigan,Psychiatry,Mental Health Disorders,6530,0,0,0.0,0.0,3104.5,4291.159571,NO PROVIDER,26125|Psychiatry,Oakland County
37119,North Carolina,Endocrinology,Diabetes,280884,2,664,2283.7,140442.0,18070.0,22988.768287,CRITICAL GAP,37119|Endocrinology,Mecklenburg County
26049,Michigan,Pulmonary,Respiratory Disease,6979,1,870,1838.5,6979.0,4251.578947,5741.879972,HIGH GAP,26049|Pulmonary,Genesee County
26099,Michigan,Pulmonary,Respiratory Disease,7192,1,421,1193.1,7192.0,4251.578947,5741.879972,HIGH GAP,26099|Pulmonary,Macomb County
26125,Michigan,Pulmonary,Respiratory Disease,2032,0,0,0.0,0.0,4251.578947,5741.879972,NO PROVIDER,26125|Pulmonary,Oakland County
26049,Michigan,Pulmonary,Respiratory Disease,36335,1,831,3149.2,36335.0,4251.578947,5741.879972,CRITICAL GAP,26049|Pulmonary,Genesee County
26049,Michigan,Pulmonary,Respiratory Disease,1048,3,1945,4576.4,349.3333,4251.578947,5741.879972,LOW GAP,26049|Pulmonary,Genesee County
26099,Michigan,Pulmonary,Respiratory Disease,1103,0,0,0.0,0.0,4251.578947,5741.879972,NO PROVIDER,26099|Pulmonary,Macomb County
26077,Michigan,Pulmonary,Respiratory Disease,615,0,0,0.0,0.0,4251.578947,5741.879972,NO PROVIDER,26077|Pulmonary,Kalamazoo County
48029,Texas,Endocrinology,Diabetes,7065,0,0,0.0,0.0,18070.0,22988.768287,NO PROVIDER,48029|Endocrinology,Bexar County
26099,Michigan,Psychiatry,Mental Health Disorders,4131,0,0,0.0,0.0,3104.5,4291.159571,NO PROVIDER,26099|Psychiatry,Macomb County
48439,Texas,Endocrinology,Diabetes,4092,0,0,0.0,0.0,18070.0,22988.768287,NO PROVIDER,48439|Endocrinology,Tarrant County
37051,North Carolina,Endocrinology,Diabetes,14079,1,622,2132.3,14079.0,18070.0,22988.768287,MODERATE GAP,37051|Endocrinology,Cumberland County
48085,Texas,Pulmonary,Respiratory Disease,6166,2,1554,4148.7,3083.0,4251.578947,5741.879972,MODERATE GAP,48085|Pulmonary,Collin County
48029,Texas,Cardiology,Heart Disease,1771,0,0,0.0,0.0,10823.136364,15071.056217,NO PROVIDER,48029|Cardiology,Bexar County
37119,North Carolina,Endocrinology,Diabetes,19128,2,720,1089.4,9564.0,18070.0,22988.768287,MODERATE GAP,37119|Endocrinology,Mecklenburg County
26163,Michigan,Pulmonary,Respiratory Disease,8162,3,1329,5538.7,2720.6667,4251.578947,5741.879972,MODERATE GAP,26163|Pulmonary,Wayne County
26099,Michigan,Psychiatry,Mental Health Disorders,4873,0,0,0.0,0.0,3104.5,4291.159571,NO PROVIDER,26099|Psychiatry,Macomb County
37081,North Carolina,Cardiology,Heart Disease,1049,0,0,0.0,0.0,10823.136364,15071.056217,NO PROVIDER,37081|Cardiology,Guilford County
26049,Michigan,Pulmonary,Respiratory Disease,8330,1,807,2952.9,8330.0,4251.578947,5741.879972,HIGH GAP,26049|Pulmonary,Genesee County
26163,Michigan,Rheumatology,Arthritis,70355,1,370,1220.8,70355.0,10453.0,13315.598761,CRITICAL GAP,26163|Rheumatology,Wayne County
37051,North Carolina,Rheumatology,Arthritis,2735,0,0,0.0,0.0,10453.0,13315.598761,NO PROVIDER,37051|Rheumatology,Cumberland County
48201,Texas,Endocrinology,Diabetes,22743,1,521,1400.7,22743.0,18070.0,22988.768287,HIGH GAP,48201|Endocrinology,Harris County
48029,Texas,Endocrinology,Diabetes,1752,1,199,789.9,1752.0,18070.0,22988.768287,LOW GAP,48029|Endocrinology,Bexar County
26049,Michigan,Pulmonary,Respiratory Disease,6331,2,493,1299.3,3165.5,4251.578947,5741.879972,MODERATE GAP,26049|Pulmonary,Genesee County
37119,North Carolina,Endocrinology,Diabetes,10907,1,520,1871.9,10907.0,18070.0,22988.768287,MODERATE GAP,37119|Endocrinology,Mecklenburg County
26077,Michigan,Pulmonary,Respiratory Disease,3668,1,805,1822.2,3668.0,4251.578947,5741.879972,MODERATE GAP,26077|Pulmonary,Kalamazoo County
37183,North Carolina,Endocrinology,Diabetes,46369,2,1712,3038.3,23184.5,18070.0,22988.768287,HIGH GAP,37183|Endocrinology,Wake County
26077,Michigan,Rheumatology,Arthritis,8590,1,55,101.6,8590.0,10453.0,13315.598761,MODERATE GAP,26077|Rheumatology,Kalamazoo County
26125,Michigan,Psychiatry,Mental Health Disorders,32931,1,751,3063.4,32931.0,3104.5,4291.159571,CRITICAL GAP,26125|Psychiatry,Oakland County
48439,Texas,Cardiology,Heart Disease,102238,1,366,717.7,102238.0,10823.136364,15071.056217,CRITICAL GAP,48439|Cardiology,Tarrant County
48085,Texas,Cardiology,Heart Disease,1443,0,0,0.0,0.0,10823.136364,15071.056217,NO PROVIDER,48085|Cardiology,Collin County
26099,Michigan,Rheumatology,Arthritis,7110,1,87,299.8,7110.0,10453.0,13315.598761,MODERATE GAP,26099|Rheumatology,Macomb County
26099,Michigan,Pulmonary,Respiratory Disease,1512,0,0,0.0,0.0,4251.578947,5741.879972,NO PROVIDER,26099|Pulmonary,Macomb County
37051,North Carolina,Endocrinology,Diabetes,175371,1,160,631.9,175371.0,18070.0,22988.768287,CRITICAL GAP,37051|Endocrinology,Cumberland County
26099,Michigan,Pulmonary,Respiratory Disease,1136,0,0,0.0,0.0,4251.578947,5741.879972,NO PROVIDER,26099|Pulmonary,Macomb County
37183,North Carolina,Rheumatology,Arthritis,4017,0,0,0.0,0.0,10453.0,13315.598761,NO PROVIDER,37183|Rheumatology,Wake County
37051,North Carolina,Psychiatry,Mental Health Disorders,8250,3,1365,4131.0,2750.0,3104.5,4291.159571,MODERATE GAP,37051|Psychiatry,Cumberland County
26099,Michigan,Rheumatology,Arthritis,2486,0,0,0.0,0.0,10453.0,13315.598761,NO PROVIDER,26099|Rheumatology,Macomb County
26049,Michigan,Psychiatry,Mental Health Disorders,2516,1,390,1504.6,2516.0,3104.5,4291.159571,MODERATE GAP,26049|Psychiatry,Genesee County
26077,Michigan,Pulmonary,Respiratory Disease,3899,1,426,1242.3,3899.0,4251.578947,5741.879972,MODERATE GAP,26077|Pulmonary,Kalamazoo County
37183,North Carolina,Cardiology,Heart Disease,99451,2,1399,4181.4,49725.5,10823.136364,15071.056217,CRITICAL GAP,37183|Cardiology,Wake County
37051,North Carolina,Psychiatry,Mental Health Disorders,5760,1,86,233.4,5760.0,3104.5,4291.159571,HIGH GAP,37051|Psychiatry,Cumberland County
37119,North Carolina,Cardiology,Heart Disease,4594,3,1566,5151.1,1531.3333,10823.136364,15071.056217,LOW GAP,37119|Cardiology,Mecklenburg County
48201,Texas,Cardiology,Heart Disease,67707,4,2358,7453.0,16926.75,10823.136364,15071.056217,HIGH GAP,48201|Cardiology,Harris County
26163,Michigan,Pulmonary,Respiratory Disease,41554,1,264,430.3,41554.0,4251.578947,5741.879972,CRITICAL GAP,26163|Pulmonary,Wayne County
37067,North Carolina,Psychiatry,Mental Health Disorders,2000,1,150,623.1,2000.0,3104.5,4291.159571,MODERATE GAP,37067|Psychiatry,Forsyth County
48439,Texas,Cardiology,Heart Disease,1157,0,0,0.0,0.0,10823.136364,15071.056217,NO PROVIDER,48439|Cardiology,Tarrant County
37081,North Carolina,Rheumatology,Arthritis,1093,0,0,0.0,0.0,10453.0,13315.598761,NO PROVIDER,37081|Rheumatology,Guilford County
37081,North Carolina,Cardiology,Heart Disease,34966,2,1369,4175.1,17483.0,10823.136364,15071.056217,HIGH GAP,37081|Cardiology,Guilford County
37081,North Carolina,Psychiatry,Mental Health Disorders,11886,1,168,500.7,11886.0,3104.5,4291.159571,CRITICAL GAP,37081|Psychiatry,Guilford County
26163,Michigan,Pulmonary,Respiratory Disease,39887,1,163,300.3,39887.0,4251.578947,5741.879972,CRITICAL GAP,26163|Pulmonary,Wayne County
48113,Texas,Pulmonary,Respiratory Disease,2711,1,267,508.7,2711.0,4251.578947,5741.879972,MODERATE GAP,48113|Pulmonary,Dallas County
26099,Michigan,Rheumatology,Arthritis,134093,2,1076,3416.3,67046.5,10453.0,13315.598761,CRITICAL GAP,26099|Rheumatology,Macomb County
48439,Texas,Endocrinology,Diabetes,50150,2,987,2412.5,25075.0,18070.0,22988.768287,HIGH GAP,48439|Endocrinology,Tarrant County
48029,Texas,Endocrinology,Diabetes,63147,2,1375,3979.3,31573.5,18070.0,22988.768287,HIGH GAP,48029|Endocrinology,Bexar County
26125,Michigan,Rheumatology,Arthritis,8281,0,0,0.0,0.0,10453.0,13315.598761,NO PROVIDER,26125|Rheumatology,Oakland County
48439,Texas,Pulmonary,Respiratory Disease,6828,2,1478,5372.7,3414.0,4251.578947,5741.879972,MODERATE GAP,48439|Pulmonary,Tarrant County
48029,Texas,Cardiology,Heart Disease,9699,1,588,1390.3,9699.0,10823.136364,15071.056217,MODERATE GAP,48029|Cardiology,Bexar County
26163,Michigan,Pulmonary,Respiratory Disease,2506,1,566,1148.5,2506.0,4251.578947,5741.879972,MODERATE GAP,26163|Pulmonary,Wayne County
48439,Texas,Cardiology,Heart Disease,4520,0,0,0.0,0.0,10823.136364,15071.056217,NO PROVIDER,48439|Cardiology,Tarrant County
26163,Michigan,Pulmonary,Respiratory Disease,896,1,642,2591.5,896.0,4251.578947,5741.879972,LOW GAP,26163|Pulmonary,Wayne County
37051,North Carolina,Psychiatry,Mental Health Disorders,24547,1,809,2891.9,24547.0,3104.5,4291.159571,CRITICAL GAP,37051|Psychiatry,Cumberland County
26163,Michigan,Pulmonary,Respiratory Disease,4871,1,445,1844.2,4871.0,4251.578947,5741.879972,HIGH GAP,26163|Pulmonary,Wayne County
48085,Texas,Endocrinology,Diabetes,4159,0,0,0.0,0.0,18070.0,22988.768287,NO PROVIDER,48085|Endocrinology,Collin County
48085,Texas,Pulmonary,Respiratory Disease,7992,2,1404,5502.6,3996.0,4251.578947,5741.879972,MODERATE GAP,48085|Pulmonary,Collin County
26099,Michigan,Psychiatry,Mental Health Disorders,58106,2,1122,2885.7,29053.0,3104.5,4291.159571,CRITICAL GAP,26099|Psychiatry,Macomb County
48085,Texas,Cardiology,Heart Disease,655,1,466,1164.7,655.0,10823.136364,15071.056217,LOW GAP,48085|Cardiology,Collin County
26099,Michigan,Rheumatology,Arthritis,67253,3,1731,6463.7,22417.6667,10453.0,13315.598761,CRITICAL GAP,26099|Rheumatology,Macomb County
48085,Texas,Cardiology,Heart Disease,10191,2,836,1343.9,5095.5,10823.136364,15071.056217,LOW GAP,48085|Cardiology,Collin County
48201,Texas,Pulmonary,Respiratory Disease,15663,4,1382,4819.8,3915.75,4251.578947,5741.879972,MODERATE GAP,48201|Pulmonary,Harris County
26077,Michigan,Psychiatry,Mental Health Disorders,2422,1,727,2800.3,2422.0,3104.5,4291.159571,MODERATE GAP,26077|Psychiatry,Kalamazoo County
26077,Michigan,Rheumatology,Arthritis,107684,1,270,758.5,107684.0,10453.0,13315.598761,CRITICAL GAP,26077|Rheumatology,Kalamazoo County
48029,Texas,Pulmonary,Respiratory Disease,7970,1,494,1797.3,7970.0,4251.578947,5741.879972,HIGH GAP,48029|Pulmonary,Bexar County
26049,Michigan,Rheumatology,Arthritis,56986,1,169,549.6,56986.0,10453.0,13315.598761,CRITICAL GAP,26049|Rheumatology,Genesee County
37051,North Carolina,Cardiology,Heart Disease,233147,2,1159,3199.1,116573.5,10823.136364,15071.056217,CRITICAL GAP,37051|Cardiology,Cumberland County
37051,North Carolina,Cardiology,Heart Disease,613,0,0,0.0,0.0,10823.136364,15071.056217,NO PROVIDER,37051|Cardiology,Cumberland County
48085,Texas,Endocrinology,Diabetes,37747,2,450,1992.2,18873.5,18070.0,22988.768287,HIGH GAP,48085|Endocrinology,Collin County
37067,North Carolina,Cardiology,Heart Disease,33842,3,1996,8008.3,11280.6667,10823.136364,15071.056217,HIGH GAP,37067|Cardiology,Forsyth County
48201,Texas,Pulmonary,Respiratory Disease,5833,1,699,2998.7,5833.0,4251.578947,5741.879972,HIGH GAP,48201|Pulmonary,Harris County
48029,Texas,Endocrinology,Diabetes,41980,1,750,1503.0,41980.0,18070.0,22988.768287,CRITICAL GAP,48029|Endocrinology,Bexar County
37183,North Carolina,Psychiatry,Mental Health Disorders,4859,0,0,0.0,0.0,3104.5,4291.159571,NO PROVIDER,37183|Psychiatry,Wake County
48439,Texas,Pulmonary,Respiratory Disease,4922,1,623,1569.5,4922.0,4251.578947,5741.879972,HIGH GAP,48439|Pulmonary,Tarrant County
37081,North Carolina,Endocrinology,Diabetes,5743,1,843,3633.9,5743.0,18070.0,22988.768287,LOW GAP,37081|Endocrinology,Guilford County
37119,North Carolina,Cardiology,Heart Disease,33804,1,701,1255.4,33804.0,10823.136364,15071.056217,CRITICAL GAP,37119|Cardiology,Mecklenburg County
37081,North Carolina,Endocrinology,Diabetes,1059,0,0,0.0,0.0,18070.0,22988.768287,NO PROVIDER,37081|Endocrinology,Guilford County
37051,North Carolina,Rheumatology,Arthritis,16713,1,832,3344.5,16713.0,10453.0,13315.598761,HIGH GAP,37051|Rheumatology,Cumberland County
37081,North Carolina,Cardiology,Heart Disease,33377,1,248,994.5,33377.0,10823.136364,15071.056217,CRITICAL GAP,37081|Cardiology,Guilford County
26125,Michigan,Pulmonary,Respiratory Disease,2440,1,763,3138.4,2440.0,4251.578947,5741.879972,MODERATE GAP,26125|Pulmonary,Oakland County
48439,Texas,Cardiology,Heart Disease,10524,1,787,1449.9,10524.0,10823.136364,15071.056217,MODERATE GAP,48439|Cardiology,Tarrant County
37051,North Carolina,Endocrinology,Diabetes,22190,2,1008,2348.4,11095.0,18070.0,22988.768287,MODERATE GAP,37051|Endocrinology,Cumberland County
26077,Michigan,Psychiatry,Mental Health Disorders,10229,2,1641,3932.1,5114.5,3104.5,4291.159571,HIGH GAP,26077|Psychiatry,Kalamazoo County
26077,Michigan,Pulmonary,Respiratory Disease,10939,3,682,2351.1,3646.3333,4251.578947,5741.879972,MODERATE GAP,26077|Pulmonary,Kalamazoo County
48201,Texas,Endocrinology,Diabetes,52849,4,712,1169.2,13212.25,18070.0,22988.768287,MODERATE GAP,48201|Endocrinology,Harris County
37183,North Carolina,Psychiatry,Mental Health Disorders,1024,2,1263,2125.0,512.0,3104.5,4291.159571,LOW GAP,37183|Psychiatry,Wake County
26049,Michigan,Psychiatry,Mental Health Disorders,2129,1,826,3420.9,2129.0,3104.5,4291.159571,MODERATE GAP,26049|Psychiatry,Genesee County
37051,North Carolina,Psychiatry,Mental Health Disorders,42926,3,169,433.7,14308.6667,3104.5,4291.159571,CRITICAL GAP,37051|Psychiatry,Cumberland County
48029,Texas,Cardiology,Heart Disease,41180,2,161,244.1,20590.0,10823.136364,15071.056217,HIGH GAP,48029|Cardiology,Bexar County
26077,Michigan,Pulmonary,Respiratory Disease,8507,3,2388,9119.7,2835.6667,4251.578947,5741.879972,MODERATE GAP,26077|Pulmonary,Kalamazoo County
37183,North Carolina,Rheumatology,Arthritis,4726,1,439,1160.7,4726.0,10453.0,13315.598761,LOW GAP,37183|Rheumatology,Wake County
37051,North Carolina,Endocrinology,Diabetes,950,0,0,0.0,0.0,18070.0,22988.768287,NO PROVIDER,37051|Endocrinology,Cumberland County
37067,North Carolina,Endocrinology,Diabetes,28692,1,384,613.9,28692.0,18070.0,22988.768287,HIGH GAP,37067|Endocrinology,Forsyth County
26125,Michigan,Psychiatry,Mental Health Disorders,1178,1,187,481.2,1178.0,3104.5,4291.159571,LOW GAP,26125|Psychiatry,Oakland County
26077,Michigan,Psychiatry,Mental Health Disorders,691,0,0,0.0,0.0,3104.5,4291.159571,NO PROVIDER,26077|Psychiatry,Kalamazoo County
26163,Michigan,Psychiatry,Mental Health Disorders,5444,1,360,1614.4,5444.0,3104.5,4291.159571,HIGH GAP,26163|Psychiatry,Wayne County
26049,Michigan,Pulmonary,Respiratory Disease,10748,3,1041,3777.0,3582.6667,4251.578947,5741.879972,MODERATE GAP,26049|Pulmonary,Genesee County
37183,North Carolina,Endocrinology,Diabetes,338905,2,1307,4768.4,169452.5,18070.0,22988.768287,CRITICAL GAP,37183|Endocrinology,Wake County
26125,Michigan,Psychiatry,Mental Health Disorders,535,1,605,1832.0,535.0,3104.5,4291.159571,LOW GAP,26125|Psychiatry,Oakland County
26163,Michigan,Psychiatry,Mental Health Disorders,1382,1,810,1887.6,1382.0,3104.5,4291.159571,LOW GAP,26163|Psychiatry,Wayne County
37119,North Carolina,Cardiology,Heart Disease,101125,1,707,2763.0,101125.0,10823.136364,15071.056217,CRITICAL GAP,37119|Cardiology,Mecklenburg County
37081,North Carolina,Psychiatry,Mental Health Disorders,67689,2,280,752.6,33844.5,3104.5,4291.159571,CRITICAL GAP,37081|Psychiatry,Guilford County
48029,Texas,Cardiology,Heart Disease,4640,1,377,1288.8,4640.0,10823.136364,15071.056217,LOW GAP,48029|Cardiology,Bexar County
26049,Michigan,Pulmonary,Respiratory Disease,4953,2,1584,6679.4,2476.5,4251.578947,5741.879972,MODERATE GAP,26049|Pulmonary,Genesee County
37067,North Carolina,Rheumatology,Arthritis,3481,0,0,0.0,0.0,10453.0,13315.598761,NO PROVIDER,37067|Rheumatology,Forsyth County
26049,Michigan,Psychiatry,Mental Health Disorders,3072,1,50,127.6,3072.0,3104.5,4291.159571,MODERATE GAP,26049|Psychiatry,Genesee County
37067,North Carolina,Cardiology,Heart Disease,9022,1,605,2575.7,9022.0,10823.136364,15071.056217,MODERATE GAP,37067|Cardiology,Forsyth County
37067,North Carolina,Rheumatology,Arthritis,48580,1,426,1451.0,48580.0,10453.0,13315.598761,CRITICAL GAP,37067|Rheumatology,Forsyth County
37119,North Carolina,Psychiatry,Mental Health Disorders,5545,2,334,1066.2,2772.5,3104.5,4291.159571,MODERATE GAP,37119|Psychiatry,Mecklenburg County
48113,Texas,Endocrinology,Diabetes,9100,0,0,0.0,0.0,18070.0,22988.768287,NO PROVIDER,48113|Endocrinology,Dallas County
37067,North Carolina,Rheumatology,Arthritis,29597,2,1645,5397.0,14798.5,10453.0,13315.598761,HIGH GAP,37067|Rheumatology,Forsyth County
37119,North Carolina,Cardiology,Heart Disease,20080,1,126,198.0,20080.0,10823.136364,15071.056217,HIGH GAP,37119|Cardiology,Mecklenburg County
37081,North Carolina,Cardiology,Heart Disease,5650,1,444,707.3,5650.0,10823.136364,15071.056217,MODERATE GAP,37081|Cardiology,Guilford County
48201,Texas,Endocrinology,Diabetes,17185,1,563,2507.6,17185.0,18070.0,22988.768287,MODERATE GAP,48201|Endocrinology,Harris County
26077,Michigan,Rheumatology,Arthritis,4731,1,781,3323.2,4731.0,10453.0,13315.598761,LOW GAP,26077|Rheumatology,Kalamazoo County
37051,North Carolina,Cardiology,Heart Disease,603,0,0,0.0,0.0,10823.136364,15071.056217,NO PROVIDER,37051|Cardiology,Cumberland County
26049,Michigan,Pulmonary,Respiratory Disease,1111,0,0,0.0,0.0,4251.578947,5741.879972,NO PROVIDER,26049|Pulmonary,Genesee County
48201,Texas,Pulmonary,Respiratory Disease,19103,1,275,767.2,19103.0,4251.578947,5741.879972,CRITICAL GAP,48201|Pulmonary,Harris County
37119,North Carolina,Psychiatry,Mental Health Disorders,4986,1,672,2430.2,4986.0,3104.5,4291.159571,HIGH GAP,37119|Psychiatry,Mecklenburg County
37051,North Carolina,Endocrinology,Diabetes,11169,1,450,1323.1,11169.0,18070.0,22988.768287,MODERATE GAP,37051|Endocrinology,Cumberland County
48439,Texas,Pulmonary,Respiratory Disease,3358,0,0,0.0,0.0,4251.578947,5741.879972,NO PROVIDER,48439|Pulmonary,Tarrant County
37051,North Carolina,Rheumatology,Arthritis,22014,2,1416,4888.5,11007.0,10453.0,13315.598761,HIGH GAP,37051|Rheumatology,Cumberland County
26049,Michigan,Psychiatry,Mental Health Disorders,3031,1,620,1775.9,3031.0,3104.5,4291.159571,MODERATE GAP,26049|Psychiatry,Genesee County
37183,North Carolina,Psychiatry,Mental Health Disorders,10860,0,0,0.0,0.0,3104.5,4291.159571,NO PROVIDER,37183|Psychiatry,Wake County
26125,Michigan,Rheumatology,Arthritis,17875,1,587,1858.8,17875.0,10453.0,13315.598761,HIGH GAP,26125|Rheumatology,Oakland County
48113,Texas,Pulmonary,Respiratory Disease,6218,0,0,0.0,0.0,4251.578947,5741.879972,NO PROVIDER,48113|Pulmonary,Dallas County
26125,Michigan,Psychiatry,Mental Health Disorders,6215,0,0,0.0,0.0,3104.5,4291.159571,NO PROVIDER,26125|Psychiatry,Oakland County
37081,North Carolina,Rheumatology,Arthritis,8987,1,258,949.7,8987.0,10453.0,13315.598761,MODERATE GAP,37081|Rheumatology,Guilford County
48113,Texas,Endocrinology,Diabetes,153249,1,821,2264.2,153249.0,18070.0,22988.768287,CRITICAL GAP,48113|Endocrinology,Dallas County
37119,North Carolina,Psychiatry,Mental Health Disorders,1238,2,538,1807.9,619.0,3104.5,4291.159571,LOW GAP,37119|Psychiatry,Mecklenburg County
37183,North Carolina,Psychiatry,Mental Health Disorders,10708,0,0,0.0,0.0,3104.5,4291.159571,NO PROVIDER,37183|Psychiatry,Wake County
37081,North Carolina,Rheumatology,Arthritis,2597,0,0,0.0,0.0,10453.0,13315.598761,NO PROVIDER,37081|Rheumatology,Guilford County
37067,North Carolina,Cardiology,Heart Disease,1013,0,0,0.0,0.0,10823.136364,15071.056217,NO PROVIDER,37067|Cardiology,Forsyth County
26049,Michigan,Rheumatology,Arthritis,83049,1,123,270.1,83049.0,10453.0,13315.598761,CRITICAL GAP,26049|Rheumatology,Genesee County
37051,North Carolina,Cardiology,Heart Disease,6361,1,517,1285.9,6361.0,10823.136364,15071.056217,MODERATE GAP,37051|Cardiology,Cumberland County
26049,Michigan,Psychiatry,Mental Health Disorders,18119,3,1025,4124.9,6039.6667,3104.5,4291.159571,HIGH GAP,26049|Psychiatry,Genesee County
26125,Michigan,Pulmonary,Respiratory Disease,4355,4,3580,14785.3,1088.75,4251.578947,5741.879972,LOW GAP,26125|Pulmonary,Oakland County
37051,North Carolina,Rheumatology,Arthritis,195178,2,1665,4535.1,97589.0,10453.0,13315.598761,CRITICAL GAP,37051|Rheumatology,Cumberland County
37081,North Carolina,Rheumatology,Arthritis,1952,2,1392,5166.3,976.0,10453.0,13315.598761,LOW GAP,37081|Rheumatology,Guilford County
37081,North Carolina,Endocrinology,Diabetes,7201,2,1230,1969.0,3600.5,18070.0,22988.768287,LOW GAP,37081|Endocrinology,Guilford County
48085,Texas,Pulmonary,Respiratory Disease,2800,0,0,0.0,0.0,4251.578947,5741.879972,NO PROVIDER,48085|Pulmonary,Collin County
48085,Texas,Endocrinology,Diabetes,136037,2,1651,5137.3,68018.5,18070.0,22988.768287,CRITICAL GAP,48085|Endocrinology,Collin County
48201,Texas,Cardiology,Heart Disease,5706,4,506,1855.5,1426.5,10823.136364,15071.056217,LOW GAP,48201|Cardiology,Harris County
26049,Michigan,Rheumatology,Arthritis,1973,3,2365,5611.0,657.6667,10453.0,13315.598761,LOW GAP,26049|Rheumatology,Genesee County
48439,Texas,Cardiology,Heart Disease,1340,1,393,1148.5,1340.0,10823.136364,15071.056217,LOW GAP,48439|Cardiology,Tarrant County
26125,Michigan,Psychiatry,Mental Health Disorders,4854,1,299,722.9,4854.0,3104.5,4291.159571,HIGH GAP,26125|Psychiatry,Oakland County
37051,North Carolina,Cardiology,Heart Disease,386,0,0,0.0,0.0,10823.136364,15071.056217,NO PROVIDER,37051|Cardiology,Cumberland County
37081,North Carolina,Endocrinology,Diabetes,1772,0,0,0.0,0.0,18070.0,22988.768287,NO PROVIDER,37081|Endocrinology,Guilford County
37067,North Carolina,Psychiatry,Mental Health Disorders,2508,0,0,0.0,0.0,3104.5,4291.159571,NO PROVIDER,37067|Psychiatry,Forsyth County
37051,North Carolina,Psychiatry,Mental Health Disorders,11582,2,400,1268.0,5791.0,3104.5,4291.159571,HIGH GAP,37051|Psychiatry,Cumberland County
48113,Texas,Cardiology,Heart Disease,13015,1,711,3139.4,13015.0,10823.136364,15071.056217,HIGH GAP,48113|Cardiology,Dallas County
37051,North Carolina,Rheumatology,Arthritis,44053,3,1506,3182.3,14684.3333,10453.0,13315.598761,HIGH GAP,37051|Rheumatology,Cumberland County
26125,Michigan,Psychiatry,Mental Health Disorders,647,2,915,1543.1,323.5,3104.5,4291.159571,LOW GAP,26125|Psychiatry,Oakland County
37081,North Carolina,Psychiatry,Mental Health Disorders,11411,4,2031,4168.5,2852.75,3104.5,4291.159571,MODERATE GAP,37081|Psychiatry,Guilford County
37081,North Carolina,Cardiology,Heart Disease,657,0,0,0.0,0.0,10823.136364,15071.056217,NO PROVIDER,37081|Cardiology,Guilford County
48029,Texas,Pulmonary,Respiratory Disease,3563,0,0,0.0,0.0,4251.578947,5741.879972,NO PROVIDER,48029|Pulmonary,Bexar County
37067,North Carolina,Psychiatry,Mental Health Disorders,1638,2,111,468.8,819.0,3104.5,4291.159571,LOW GAP,37067|Psychiatry,Forsyth County
26099,Michigan,Rheumatology,Arthritis,14917,1,567,1919.1,14917.0,10453.0,13315.598761,HIGH GAP,26099|Rheumatology,Macomb County
48113,Texas,Cardiology,Heart Disease,2439,0,0,0.0,0.0,10823.136364,15071.056217,NO PROVIDER,48113|Cardiology,Dallas County
26099,Michigan,Pulmonary,Respiratory Disease,5106,1,88,241.7,5106.0,4251.578947,5741.879972,HIGH GAP,26099|Pulmonary,Macomb County
37067,North Carolina,Cardiology,Heart Disease,20993,1,794,3541.9,20993.0,10823.136364,15071.056217,HIGH GAP,37067|Cardiology,Forsyth County
26077,Michigan,Pulmonary,Respiratory Disease,25425,1,829,2733.6,25425.0,4251.578947,5741.879972,CRITICAL GAP,26077|Pulmonary,Kalamazoo County
37183,North Carolina,Endocrinology,Diabetes,15873,2,902,2223.2,7936.5,18070.0,22988.768287,LOW GAP,37183|Endocrinology,Wake County
26077,Michigan,Rheumatology,Arthritis,1580,0,0,0.0,0.0,10453.0,13315.598761,NO PROVIDER,26077|Rheumatology,Kalamazoo County
26049,Michigan,Pulmonary,Respiratory Disease,2588,1,647,2680.8,2588.0,4251.578947,5741.879972,MODERATE GAP,26049|Pulmonary,Genesee County
37081,North Carolina,Endocrinology,Diabetes,23213,2,424,1448.5,11606.5,18070.0,22988.768287,MODERATE GAP,37081|Endocrinology,Guilford County
48201,Texas,Cardiology,Heart Disease,12923,5,2349,5848.0,2584.6,10823.136364,15071.056217,LOW GAP,48201|Cardiology,Harris County
48201,Texas,Pulmonary,Respiratory Disease,9310,0,0,0.0,0.0,4251.578947,5741.879972,NO PROVIDER,48201|Pulmonary,Harris County
37081,North Carolina,Endocrinology,Diabetes,21108,2,1395,5954.2,10554.0,18070.0,22988.768287,MODERATE GAP,37081|Endocrinology,Guilford County
37183,North Carolina,Cardiology,Heart Disease,5929,1,204,521.5,5929.0,10823.136364,15071.056217,MODERATE GAP,37183|Cardiology,Wake County
26163,Michigan,Pulmonary,Respiratory Disease,3355,1,521,1176.1,3355.0,4251.578947,5741.879972,MODERATE GAP,26163|Pulmonary,Wayne County
26163,Michigan,Psychiatry,Mental Health Disorders,7914,0,0,0.0,0.0,3104.5,4291.159571,NO PROVIDER,26163|Psychiatry,Wayne County
48113,Texas,Cardiology,Heart Disease,80437,1,368,1022.2,80437.0,10823.136364,15071.056217,CRITICAL GAP,48113|Cardiology,Dallas County
26163,Michigan,Pulmonary,Respiratory Disease,2492,0,0,0.0,0.0,4251.578947,5741.879972,NO PROVIDER,26163|Pulmonary,Wayne County
26077,Michigan,Psychiatry,Mental Health Disorders,16914,1,690,1212.8,16914.0,3104.5,4291.159571,CRITICAL GAP,26077|Psychiatry,Kalamazoo County
48113,Texas,Cardiology,Heart Disease,4954,1,767,3227.5,4954.0,10823.136364,15071.056217,LOW GAP,48113|Cardiology,Dallas County
48029,Texas,Pulmonary,Respiratory Disease,3584,1,630,1085.0,3584.0,4251.578947,5741.879972,MODERATE GAP,48029|Pulmonary,Bexar County
26125,Michigan,Rheumatology,Arthritis,18955,1,346,1124.1,18955.0,10453.0,13315.598761,HIGH GAP,26125|Rheumatology,Oakland County
26099,Michigan,Psychiatry,Mental Health Disorders,2770,0,0,0.0,0.0,3104.5,4291.159571,NO PROVIDER,26099|Psychiatry,Macomb County
48439,Texas,Pulmonary,Respiratory Disease,4056,1,60,227.3,4056.0,4251.578947,5741.879972,MODERATE GAP,48439|Pulmonary,Tarrant County
48113,Texas,Cardiology,Heart Disease,85187,1,436,978.2,85187.0,10823.136364,15071.056217,CRITICAL GAP,48113|Cardiology,Dallas County
26125,Michigan,Pulmonary,Respiratory Disease,1684,0,0,0.0,0.0,4251.578947,5741.879972,NO PROVIDER,26125|Pulmonary,Oakland County
48029,Texas,Endocrinology,Diabetes,9281,1,728,2924.8,9281.0,18070.0,22988.768287,MODERATE GAP,48029|Endocrinology,Bexar County
48085,Texas,Pulmonary,Respiratory Disease,426,1,79,301.0,426.0,4251.578947,5741.879972,LOW GAP,48085|Pulmonary,Collin County
37051,North Carolina,Cardiology,Heart Disease,14030,2,192,838.6,7015.0,10823.136364,15071.056217,MODERATE GAP,37051|Cardiology,Cumberland County
37067,North Carolina,Cardiology,Heart Disease,60132,1,140,304.8,60132.0,10823.136364,15071.056217,CRITICAL GAP,37067|Cardiology,Forsyth County
26049,Michigan,Rheumatology,Arthritis,39353,2,1480,2459.1,19676.5,10453.0,13315.598761,HIGH GAP,26049|Rheumatology,Genesee County
37183,North Carolina,Cardiology,Heart Disease,13099,1,805,3053.1,13099.0,10823.136364,15071.056217,HIGH GAP,37183|Cardiology,Wake County
26049,Michigan,Rheumatology,Arthritis,170701,3,1451,3446.2,56900.3333,10453.0,13315.598761,CRITICAL GAP,26049|Rheumatology,Genesee County
26049,Michigan,Rheumatology,Arthritis,56865,1,73,230.7,56865.0,10453.0,13315.598761,CRITICAL GAP,26049|Rheumatology,Genesee County
37183,North Carolina,Rheumatology,Arthritis,74929,4,266,617.0,18732.25,10453.0,13315.598761,HIGH GAP,37183|Rheumatology,Wake County
26163,Michigan,Pulmonary,Respiratory Disease,648,2,1033,3793.0,324.0,4251.578947,5741.879972,LOW GAP,26163|Pulmonary,Wayne County
48113,Texas,Endocrinology,Diabetes,11295,0,0,0.0,0.0,18070.0,22988.768287,NO PROVIDER,48113|Endocrinology,Dallas County
26163,Michigan,Rheumatology,Arthritis,215493,2,540,2180.2,107746.5,10453.0,13315.598761,CRITICAL GAP,26163|Rheumatology,Wayne County
37081,North Carolina,Rheumatology,Arthritis,6672,1,110,276.1,6672.0,10453.0,13315.598761,MODERATE GAP,37081|Rheumatology,Guilford County
26099,Michigan,Rheumatology,Arthritis,5895,1,820,1439.6,5895.0,10453.0,13315.598761,MODERATE GAP,26099|Rheumatology,Macomb County
37051,North Carolina,Endocrinology,Diabetes,16329,1,683,1175.5,16329.0,18070.0,22988.768287,MODERATE GAP,37051|Endocrinology,Cumberland County
26077,Michigan,Pulmonary,Respiratory Disease,16253,1,582,1429.7,16253.0,4251.578947,5741.879972,CRITICAL GAP,26077|Pulmonary,Kalamazoo County
37081,North Carolina,Cardiology,Heart Disease,20619,1,396,1713.7,20619.0,10823.136364,15071.056217,HIGH GAP,37081|Cardiology,Guilford County
48029,Texas,Pulmonary,Respiratory Disease,1635,2,1271,5375.6,817.5,4251.578947,5741.879972,LOW GAP,48029|Pulmonary,Bexar County
48113,Texas,Endocrinology,Diabetes,35075,1,201,710.4,35075.0,18070.0,22988.768287,HIGH GAP,48113|Endocrinology,Dallas County
26099,Michigan,Psychiatry,Mental Health Disorders,455,1,175,552.7,455.0,3104.5,4291.159571,LOW GAP,26099|Psychiatry,Macomb County
26163,Michigan,Rheumatology,Arthritis,3794,1,431,868.4,3794.0,10453.0,13315.598761,LOW GAP,26163|Rheumatology,Wayne County
37051,North Carolina,Endocrinology,Diabetes,18262,1,660,2112.9,18262.0,18070.0,22988.768287,HIGH GAP,37051|Endocrinology,Cumberland County
37119,North Carolina,Endocrinology,Diabetes,3419,0,0,0.0,0.0,18070.0,22988.768287,NO PROVIDER,37119|Endocrinology,Mecklenburg County
26049,Michigan,Rheumatology,Arthritis,95711,1,588,2216.9,95711.0,10453.0,13315.598761,CRITICAL GAP,26049|Rheumatology,Genesee County
26163,Michigan,Rheumatology,Arthritis,41014,3,1294,2113.6,13671.3333,10453.0,13315.598761,HIGH GAP,26163|Rheumatology,Wayne County
48201,Texas,Pulmonary,Respiratory Disease,10014,0,0,0.0,0.0,4251.578947,5741.879972,NO PROVIDER,48201|Pulmonary,Harris County
37119,North Carolina,Cardiology,Heart Disease,18951,1,186,391.9,18951.0,10823.136364,15071.056217,HIGH GAP,37119|Cardiology,Mecklenburg County
37119,North Carolina,Rheumatology,Arthritis,27358,3,1562,5041.6,9119.3333,10453.0,13315.598761,MODERATE GAP,37119|Rheumatology,Mecklenburg County
48439,Texas,Cardiology,Heart Disease,8082,1,257,1035.9,8082.0,10823.136364,15071.056217,MODERATE GAP,48439|Cardiology,Tarrant County
37119,North Carolina,Cardiology,Heart Disease,211406,3,533,2127.8,70468.6667,10823.136364,15071.056217,CRITICAL GAP,37119|Cardiology,Mecklenburg County
26077,Michigan,Psychiatry,Mental Health Disorders,1967,0,0,0.0,0.0,3104.5,4291.159571,NO PROVIDER,26077|Psychiatry,Kalamazoo County
48201,Texas,Endocrinology,Diabetes,50555,3,1736,4026.8,16851.6667,18070.0,22988.768287,MODERATE GAP,48201|Endocrinology,Harris County
48201,Texas,Endocrinology,Diabetes,13531,0,0,0.0,0.0,18070.0,22988.768287,NO PROVIDER,48201|Endocrinology,Harris County
37067,North Carolina,Psychiatry,Mental Health Disorders,15082,3,2458,5862.6,5027.3333,3104.5,4291.159571,HIGH GAP,37067|Psychiatry,Forsyth County
37183,North Carolina,Rheumatology,Arthritis,21221,1,309,630.6,21221.0,10453.0,13315.598761,CRITICAL GAP,37183|Rheumatology,Wake County
37051,North Carolina,Cardiology,Heart Disease,599,0,0,0.0,0.0,10823.136364,15071.056217,NO PROVIDER,37051|Cardiology,Cumberland County
48085,Texas,Cardiology,Heart Disease,19285,1,528,953.4,19285.0,10823.136364,15071.056217,HIGH GAP,48085|Cardiology,Collin County
48439,Texas,Endocrinology,Diabetes,4906,0,0,0.0,0.0,18070.0,22988.768287,NO PROVIDER,48439|Endocrinology,Tarrant County
37081,North Carolina,Rheumatology,Arthritis,70797,1,460,1965.3,70797.0,10453.0,13315.598761,CRITICAL GAP,37081|Rheumatology,Guilford County
37081,North Carolina,Rheumatology,Arthritis,2891,1,481,1354.1,2891.0,10453.0,13315.598761,LOW GAP,37081|Rheumatology,Guilford County
37051,North Carolina,Endocrinology,Diabetes,50386,2,804,2582.1,25193.0,18070.0,22988.768287,HIGH GAP,37051|Endocrinology,Cumberland County
26099,Michigan,Psychiatry,Mental Health Disorders,7900,2,663,1369.9,3950.0,3104.5,4291.159571,HIGH GAP,26099|Psychiatry,Macomb County
26049,Michigan,Rheumatology,Arthritis,36619,1,137,509.0,36619.0,10453.0,13315.598761,CRITICAL GAP,26049|Rheumatology,Genesee County
26125,Michigan,Pulmonary,Respiratory Disease,2382,0,0,0.0,0.0,4251.578947,5741.879972,NO PROVIDER,26125|Pulmonary,Oakland County
26163,Michigan,Pulmonary,Respiratory Disease,3744,1,491,2072.9,3744.0,4251.578947,5741.879972,MODERATE GAP,26163|Pulmonary,Wayne County
48085,Texas,Pulmonary,Respiratory Disease,1003,0,0,0.0,0.0,4251.578947,5741.879972,NO PROVIDER,48085|Pulmonary,Collin County
26099,Michigan,Rheumatology,Arthritis,26921,1,388,1515.3,26921.0,10453.0,13315.598761,CRITICAL GAP,26099|Rheumatology,Macomb County
26125,Michigan,Pulmonary,Respiratory Disease,5731,1,616,1849.6,5731.0,4251.578947,5741.879972,HIGH GAP,26125|Pulmonary,Oakland County
37183,North Carolina,Endocrinology,Diabetes,11336,1,368,1044.4,11336.0,18070.0,22988.768287,MODERATE GAP,37183|Endocrinology,Wake County
37183,North Carolina,Cardiology,Heart Disease,13051,1,876,3175.1,13051.0,10823.136364,15071.056217,HIGH GAP,37183|Cardiology,Wake County
48439,Texas,Endocrinology,Diabetes,4131,0,0,0.0,0.0,18070.0,22988.768287,NO PROVIDER,48439|Endocrinology,Tarrant County
26163,Michigan,Pulmonary,Respiratory Disease,12031,5,2499,4206.8,2406.2,4251.578947,5741.879972,MODERATE GAP,26163|Pulmonary,Wayne County
37051,North Carolina,Psychiatry,Mental Health Disorders,5263,1,432,795.1,5263.0,3104.5,4291.159571,HIGH GAP,37051|Psychiatry,Cumberland County
37051,North Carolina,Cardiology,Heart Disease,15350,2,798,2530.3,7675.0,10823.136364,15071.056217,MODERATE GAP,37051|Cardiology,Cumberland County
37119,North Carolina,Psychiatry,Mental Health Disorders,2572,1,495,2115.6,2572.0,3104.5,4291.159571,MODERATE GAP,37119|Psychiatry,Mecklenburg County
37067,North Carolina,Endocrinology,Diabetes,10378,1,96,230.3,10378.0,18070.0,22988.768287,MODERATE GAP,37067|Endocrinology,Forsyth County
48201,Texas,Pulmonary,Respiratory Disease,1782,1,54,173.5,1782.0,4251.578947,5741.879972,LOW GAP,48201|Pulmonary,Harris County
48029,Texas,Cardiology,Heart Disease,34836,2,1148,1867.9,17418.0,10823.136364,15071.056217,HIGH GAP,48029|Cardiology,Bexar County
26077,Michigan,Rheumatology,Arthritis,75368,4,3110,13570.7,18842.0,10453.0,13315.598761,HIGH GAP,26077|Rheumatology,Kalamazoo County
26049,Michigan,Psychiatry,Mental Health Disorders,1915,0,0,0.0,0.0,3104.5,4291.159571,NO PROVIDER,26049|Psychiatry,Genesee County
37183,North Carolina,Psychiatry,Mental Health Disorders,10739,2,1389,6218.2,5369.5,3104.5,4291.159571,HIGH GAP,37183|Psychiatry,Wake County
37119,North Carolina,Rheumatology,Arthritis,3319,0,0,0.0,0.0,10453.0,13315.598761,NO PROVIDER,37119|Rheumatology,Mecklenburg County
37051,North Carolina,Rheumatology,Arthritis,8317,1,607,2169.1,8317.0,10453.0,13315.598761,MODERATE GAP,37051|Rheumatology,Cumberland County
48113,Texas,Cardiology,Heart Disease,26547,1,758,1255.2,26547.0,10823.136364,15071.056217,CRITICAL GAP,48113|Cardiology,Dallas County
37119,North Carolina,Psychiatry,Mental Health Disorders,426,2,1232,4174.9,213.0,3104.5,4291.159571,LOW GAP,37119|Psychiatry,Mecklenburg County
37081,North Carolina,Endocrinology,Diabetes,1301,0,0,0.0,0.0,18070.0,22988.768287,NO PROVIDER,37081|Endocrinology,Guilford County
48085,Texas,Endocrinology,Diabetes,183011,1,845,3390.5,183011.0,18070.0,22988.768287,CRITICAL GAP,48085|Endocrinology,Collin County
26125,Michigan,Rheumatology,Arthritis,3017,1,184,361.4,3017.0,10453.0,13315.598761,LOW GAP,26125|Rheumatology,Oakland County
26163,Michigan,Psychiatry,Mental Health Disorders,5771,1,501,2096.6,5771.0,3104.5,4291.159571,HIGH GAP,26163|Psychiatry,Wayne County
26077,Michigan,Rheumatology,Arthritis,6013,1,655,1289.5,6013.0,10453.0,13315.598761,MODERATE GAP,26077|Rheumatology,Kalamazoo County
37067,North Carolina,Endocrinology,Diabetes,1348,0,0,0.0,0.0,18070.0,22988.768287,NO PROVIDER,37067|Endocrinology,Forsyth County
48085,Texas,Pulmonary,Respiratory Disease,2014,0,0,0.0,0.0,4251.578947,5741.879972,NO PROVIDER,48085|Pulmonary,Collin County
37183,North Carolina,Endocrinology,Diabetes,4084,0,0,0.0,0.0,18070.0,22988.768287,NO PROVIDER,37183|Endocrinology,Wake County
26125,Michigan,Psychiatry,Mental Health Disorders,3588,3,1985,4036.2,1196.0,3104.5,4291.159571,LOW GAP,26125|Psychiatry,Oakland County
26099,Michigan,Psychiatry,Mental Health Disorders,5963,0,0,0.0,0.0,3104.5,4291.159571,NO PROVIDER,26099|Psychiatry,Macomb County
26049,Michigan,Pulmonary,Respiratory Disease,627,0,0,0.0,0.0,4251.578947,5741.879972,NO PROVIDER,26049|Pulmonary,Genesee County
37051,North Carolina,Rheumatology,Arthritis,12891,1,252,1119.4,12891.0,10453.0,13315.598761,HIGH GAP,37051|Rheumatology,Cumberland County
37081,North Carolina,Endocrinology,Diabetes,11649,1,283,1113.8,11649.0,18070.0,22988.768287,MODERATE GAP,37081|Endocrinology,Guilford County
37051,North Carolina,Endocrinology,Diabetes,77720,3,541,2171.0,25906.6667,18070.0,22988.768287,HIGH GAP,37051|Endocrinology,Cumberland County
26099,Michigan,Pulmonary,Respiratory Disease,910,1,409,732.6,910.0,4251.578947,5741.879972,LOW GAP,26099|Pulmonary,Macomb County
37051,North Carolina,Cardiology,Heart Disease,408,0,0,0.0,0.0,10823.136364,15071.056217,NO PROVIDER,37051|Cardiology,Cumberland County
26049,Michigan,Pulmonary,Respiratory Disease,28423,1,789,2033.3,28423.0,4251.578947,5741.879972,CRITICAL GAP,26049|Pulmonary,Genesee County
26099,Michigan,Pulmonary,Respiratory Disease,1777,0,0,0.0,0.0,4251.578947,5741.879972,NO PROVIDER,26099|Pulmonary,Macomb County
48029,Texas,Endocrinology,Diabetes,117477,2,560,2326.5,58738.5,18070.0,22988.768287,CRITICAL GAP,48029|Endocrinology,Bexar County
37081,North Carolina,Cardiology,Heart Disease,4850,1,587,1972.6,4850.0,10823.136364,15071.056217,LOW GAP,37081|Cardiology,Guilford County
37183,North Carolina,Endocrinology,Diabetes,56825,2,898,3100.3,28412.5,18070.0,22988.768287,HIGH GAP,37183|Endocrinology,Wake County
37119,North Carolina,Psychiatry,Mental Health Disorders,2016,1,633,1025.3,2016.0,3104.5,4291.159571,MODERATE GAP,37119|Psychiatry,Mecklenburg County
48201,Texas,Endocrinology,Diabetes,84540,4,1354,5909.8,21135.0,18070.0,22988.768287,HIGH GAP,48201|Endocrinology,Harris County
37081,North Carolina,Psychiatry,Mental Health Disorders,6151,3,1116,4424.6,2050.3333,3104.5,4291.159571,MODERATE GAP,37081|Psychiatry,Guilford County
37067,North Carolina,Rheumatology,Arthritis,2797,0,0,0.0,0.0,10453.0,13315.598761,NO PROVIDER,37067|Rheumatology,Forsyth County
48029,Texas,Pulmonary,Respiratory Disease,3114,0,0,0.0,0.0,4251.578947,5741.879972,NO PROVIDER,48029|Pulmonary,Bexar County
26125,Michigan,Pulmonary,Respiratory Disease,3694,0,0,0.0,0.0,4251.578947,5741.879972,NO PROVIDER,26125|Pulmonary,Oakland County
37119,North Carolina,Psychiatry,Mental Health Disorders,1268,1,501,1314.2,1268.0,3104.5,4291.159571,LOW GAP,37119|Psychiatry,Mecklenburg County
37067,North Carolina,Rheumatology,Arthritis,2707,1,670,1826.3,2707.0,10453.0,13315.598761,LOW GAP,37067|Rheumatology,Forsyth County
37051,North Carolina,Cardiology,Heart Disease,604,0,0,0.0,0.0,10823.136364,15071.056217,NO PROVIDER,37051|Cardiology,Cumberland County
26099,Michigan,Rheumatology,Arthritis,86497,1,651,2745.0,86497.0,10453.0,13315.598761,CRITICAL GAP,26099|Rheumatology,Macomb County
26049,Michigan,Psychiatry,Mental Health Disorders,1628,0,0,0.0,0.0,3104.5,4291.159571,NO PROVIDER,26049|Psychiatry,Genesee County
26099,Michigan,Rheumatology,Arthritis,71553,1,558,1786.8,71553.0,10453.0,13315.598761,CRITICAL GAP,26099|Rheumatology,Macomb County
37051,North Carolina,Endocrinology,Diabetes,20787,1,219,476.8,20787.0,18070.0,22988.768287,HIGH GAP,37051|Endocrinology,Cumberland County
37051,North Carolina,Rheumatology,Arthritis,4757,2,569,2355.3,2378.5,10453.0,13315.598761,LOW GAP,37051|Rheumatology,Cumberland County
37067,North Carolina,Endocrinology,Diabetes,8653,1,679,2906.7,8653.0,18070.0,22988.768287,LOW GAP,37067|Endocrinology,Forsyth County
48085,Texas,Endocrinology,Diabetes,2885,0,0,0.0,0.0,18070.0,22988.768287,NO PROVIDER,48085|Endocrinology,Collin County
26125,Michigan,Psychiatry,Mental Health Disorders,2325,2,615,2742.0,1162.5,3104.5,4291.159571,LOW GAP,26125|Psychiatry,Oakland County
48085,Texas,Endocrinology,Diabetes,129712,4,3138,13639.4,32428.0,18070.0,22988.768287,HIGH GAP,48085|Endocrinology,Collin County
37067,North Carolina,Cardiology,Heart Disease,522,0,0,0.0,0.0,10823.136364,15071.056217,NO PROVIDER,37067|Cardiology,Forsyth County
48439,Texas,Endocrinology,Diabetes,34612,1,54,87.2,34612.0,18070.0,22988.768287,HIGH GAP,48439|Endocrinology,Tarrant County
37183,North Carolina,Rheumatology,Arthritis,4457,0,0,0.0,0.0,10453.0,13315.598761,NO PROVIDER,37183|Rheumatology,Wake County
48201,Texas,Endocrinology,Diabetes,14426,0,0,0.0,0.0,18070.0,22988.768287,NO PROVIDER,48201|Endocrinology,Harris County
26099,Michigan,Pulmonary,Respiratory Disease,5088,1,428,885.1,5088.0,4251.578947,5741.879972,HIGH GAP,26099|Pulmonary,Macomb County
48029,Texas,Pulmonary,Respiratory Disease,6194,3,488,1943.1,2064.6667,4251.578947,5741.879972,LOW GAP,48029|Pulmonary,Bexar County
48085,Texas,Pulmonary,Respiratory Disease,2307,0,0,0.0,0.0,4251.578947,5741.879972,NO PROVIDER,48085|Pulmonary,Collin County
37067,North Carolina,Psychiatry,Mental Health Disorders,1276,0,0,0.0,0.0,3104.5,4291.159571,NO PROVIDER,37067|Psychiatry,Forsyth County
26125,Michigan,Pulmonary,Respiratory Disease,265,1,897,2768.2,265.0,4251.578947,5741.879972,LOW GAP,26125|Pulmonary,Oakland County
26125,Michigan,Rheumatology,Arthritis,9996,0,0,0.0,0.0,10453.0,13315.598761,NO PROVIDER,26125|Rheumatology,Oakland County
26049,Michigan,Psychiatry,Mental Health Disorders,4751,2,1625,6875.8,2375.5,3104.5,4291.159571,MODERATE GAP,26049|Psychiatry,Genesee County
48439,Texas,Cardiology,Heart Disease,6419,1,206,914.7,6419.0,10823.136364,15071.056217,MODERATE GAP,48439|Cardiology,Tarrant County
26099,Michigan,Pulmonary,Respiratory Disease,5218,2,348,1054.2,2609.0,4251.578947,5741.879972,MODERATE GAP,26099|Pulmonary,Macomb County
37183,North Carolina,Psychiatry,Mental Health Disorders,5260,0,0,0.0,0.0,3104.5,4291.159571,NO PROVIDER,37183|Psychiatry,Wake County
37081,North Carolina,Psychiatry,Mental Health Disorders,4919,1,81,242.3,4919.0,3104.5,4291.159571,HIGH GAP,37081|Psychiatry,Guilford County
37119,North Carolina,Rheumatology,Arthritis,8202,0,0,0.0,0.0,10453.0,13315.598761,NO PROVIDER,37119|Rheumatology,Mecklenburg County
37067,North Carolina,Endocrinology,Diabetes,1432,0,0,0.0,0.0,18070.0,22988.768287,NO PROVIDER,37067|Endocrinology,Forsyth County
48029,Texas,Pulmonary,Respiratory Disease,2727,0,0,0.0,0.0,4251.578947,5741.879972,NO PROVIDER,48029|Pulmonary,Bexar County
48201,Texas,Endocrinology,Diabetes,102702,4,242,940.9,25675.5,18070.0,22988.768287,HIGH GAP,48201|Endocrinology,Harris County
26125,Michigan,Psychiatry,Mental Health Disorders,13009,0,0,0.0,0.0,3104.5,4291.159571,NO PROVIDER,26125|Psychiatry,Oakland County
37183,North Carolina,Cardiology,Heart Disease,17884,1,857,3209.9,17884.0,10823.136364,15071.056217,HIGH GAP,37183|Cardiology,Wake County
37119,North Carolina,Endocrinology,Diabetes,29032,1,239,440.2,29032.0,18070.0,22988.768287,HIGH GAP,37119|Endocrinology,Mecklenburg County
37119,North Carolina,Rheumatology,Arthritis,4526,0,0,0.0,0.0,10453.0,13315.598761,NO PROVIDER,37119|Rheumatology,Mecklenburg County
48113,Texas,Cardiology,Heart Disease,4852,0,0,0.0,0.0,10823.136364,15071.056217,NO PROVIDER,48113|Cardiology,Dallas County
26163,Michigan,Rheumatology,Arthritis,9751,1,724,1657.0,9751.0,10453.0,13315.598761,MODERATE GAP,26163|Rheumatology,Wayne County
48029,Texas,Pulmonary,Respiratory Disease,732,1,259,1042.8,732.0,4251.578947,5741.879972,LOW GAP,48029|Pulmonary,Bexar County
26099,Michigan,Rheumatology,Arthritis,8351,1,356,1096.9,8351.0,10453.0,13315.598761,MODERATE GAP,26099|Rheumatology,Macomb County
37183,North Carolina,Endocrinology,Diabetes,135481,1,749,1819.0,135481.0,18070.0,22988.768287,CRITICAL GAP,37183|Endocrinology,Wake County
48439,Texas,Cardiology,Heart Disease,19326,3,639,1006.1,6442.0,10823.136364,15071.056217,MODERATE GAP,48439|Cardiology,Tarrant County
37051,North Carolina,Rheumatology,Arthritis,17978,1,210,855.8,17978.0,10453.0,13315.598761,HIGH GAP,37051|Rheumatology,Cumberland County
37183,North Carolina,Cardiology,Heart Disease,1875,1,148,472.4,1875.0,10823.136364,15071.056217,LOW GAP,37183|Cardiology,Wake County
26077,Michigan,Psychiatry,Mental Health Disorders,5532,1,628,1069.4,5532.0,3104.5,4291.159571,HIGH GAP,26077|Psychiatry,Kalamazoo County
48113,Texas,Endocrinology,Diabetes,29173,1,191,431.6,29173.0,18070.0,22988.768287,HIGH GAP,48113|Endocrinology,Dallas County
37051,North Carolina,Cardiology,Heart Disease,497,0,0,0.0,0.0,10823.136364,15071.056217,NO PROVIDER,37051|Cardiology,Cumberland County
26163,Michigan,Rheumatology,Arthritis,8568,1,418,1410.5,8568.0,10453.0,13315.598761,MODERATE GAP,26163|Rheumatology,Wayne County
37067,North Carolina,Psychiatry,Mental Health Disorders,1861,1,325,1063.8,1861.0,3104.5,4291.159571,MODERATE GAP,37067|Psychiatry,Forsyth County
48439,Texas,Pulmonary,Respiratory Disease,891,0,0,0.0,0.0,4251.578947,5741.879972,NO PROVIDER,48439|Pulmonary,Tarrant County
37051,North Carolina,Cardiology,Heart Disease,4032,3,1117,3849.5,1344.0,10823.136364,15071.056217,LOW GAP,37051|Cardiology,Cumberland County
37067,North Carolina,Psychiatry,Mental Health Disorders,28448,1,500,800.2,28448.0,3104.5,4291.159571,CRITICAL GAP,37067|Psychiatry,Forsyth County
26125,Michigan,Psychiatry,Mental Health Disorders,1137,1,207,377.4,1137.0,3104.5,4291.159571,LOW GAP,26125|Psychiatry,Oakland County
37183,North Carolina,Cardiology,Heart Disease,14236,2,167,615.5,7118.0,10823.136364,15071.056217,MODERATE GAP,37183|Cardiology,Wake County
48439,Texas,Cardiology,Heart Disease,84917,1,698,1168.7,84917.0,10823.136364,15071.056217,CRITICAL GAP,48439|Cardiology,Tarrant County
26125,Michigan,Pulmonary,Respiratory Disease,1009,2,186,286.2,504.5,4251.578947,5741.879972,LOW GAP,26125|Pulmonary,Oakland County
48029,Texas,Endocrinology,Diabetes,321081,2,917,2631.2,160540.5,18070.0,22988.768287,CRITICAL GAP,48029|Endocrinology,Bexar County
48085,Texas,Endocrinology,Diabetes,114774,1,378,977.1,114774.0,18070.0,22988.768287,CRITICAL GAP,48085|Endocrinology,Collin County
37081,North Carolina,Cardiology,Heart Disease,1704,1,233,463.6,1704.0,10823.136364,15071.056217,LOW GAP,37081|Cardiology,Guilford County
37051,North Carolina,Rheumatology,Arthritis,867,1,886,2741.7,867.0,10453.0,13315.598761,LOW GAP,37051|Rheumatology,Cumberland County
37183,North Carolina,Rheumatology,Arthritis,6737,0,0,0.0,0.0,10453.0,13315.598761,NO PROVIDER,37183|Rheumatology,Wake County
37081,North Carolina,Endocrinology,Diabetes,26619,1,520,1202.6,26619.0,18070.0,22988.768287,HIGH GAP,37081|Endocrinology,Guilford County
37119,North Carolina,Endocrinology,Diabetes,2978,0,0,0.0,0.0,18070.0,22988.768287,NO PROVIDER,37119|Endocrinology,Mecklenburg County
37119,North Carolina,Psychiatry,Mental Health Disorders,3072,1,52,226.7,3072.0,3104.5,4291.159571,MODERATE GAP,37119|Psychiatry,Mecklenburg County
26077,Michigan,Rheumatology,Arthritis,1574,0,0,0.0,0.0,10453.0,13315.598761,NO PROVIDER,26077|Rheumatology,Kalamazoo County
26099,Michigan,Psychiatry,Mental Health Disorders,4890,0,0,0.0,0.0,3104.5,4291.159571,NO PROVIDER,26099|Psychiatry,Macomb County
26125,Michigan,Pulmonary,Respiratory Disease,7919,1,242,572.7,7919.0,4251.578947,5741.879972,HIGH GAP,26125|Pulmonary,Oakland County
37081,North Carolina,Endocrinology,Diabetes,10640,1,861,2027.3,10640.0,18070.0,22988.768287,MODERATE GAP,37081|Endocrinology,Guilford County
26049,Michigan,Pulmonary,Respiratory Disease,4752,1,207,836.2,4752.0,4251.578947,5741.879972,HIGH GAP,26049|Pulmonary,Genesee County
26077,Michigan,Rheumatology,Arthritis,55703,3,1746,5144.0,18567.6667,10453.0,13315.598761,HIGH GAP,26077|Rheumatology,Kalamazoo County
37051,North Carolina,Rheumatology,Arthritis,1899,0,0,0.0,0.0,10453.0,13315.598761,NO PROVIDER,37051|Rheumatology,Cumberland County
37183,North Carolina,Cardiology,Heart Disease,50640,1,364,824.0,50640.0,10823.136364,15071.056217,CRITICAL GAP,37183|Cardiology,Wake County
48439,Texas,Cardiology,Heart Disease,12045,1,830,2815.8,12045.0,10823.136364,15071.056217,HIGH GAP,48439|Cardiology,Tarrant County
37051,North Carolina,Psychiatry,Mental Health Disorders,2088,0,0,0.0,0.0,3104.5,4291.159571,NO PROVIDER,37051|Psychiatry,Cumberland County
26099,Michigan,Pulmonary,Respiratory Disease,6804,1,644,2861.3,6804.0,4251.578947,5741.879972,HIGH GAP,26099|Pulmonary,Macomb County
26077,Michigan,Rheumatology,Arthritis,370,0,0,0.0,0.0,10453.0,13315.598761,NO PROVIDER,26077|Rheumatology,Kalamazoo County
26077,Michigan,Pulmonary,Respiratory Disease,4100,1,184,524.3,4100.0,4251.578947,5741.879972,MODERATE GAP,26077|Pulmonary,Kalamazoo County
48439,Texas,Endocrinology,Diabetes,14906,1,675,2159.5,14906.0,18070.0,22988.768287,MODERATE GAP,48439|Endocrinology,Tarrant County
26049,Michigan,Psychiatry,Mental Health Disorders,2487,1,51,223.7,2487.0,3104.5,4291.159571,MODERATE GAP,26049|Psychiatry,Genesee County
37081,North Carolina,Rheumatology,Arthritis,3509,0,0,0.0,0.0,10453.0,13315.598761,NO PROVIDER,37081|Rheumatology,Guilford County
48029,Texas,Cardiology,Heart Disease,22287,3,985,2598.8,7429.0,10823.136364,15071.056217,MODERATE GAP,48029|Cardiology,Bexar County
48029,Texas,Pulmonary,Respiratory Disease,1810,1,244,921.8,1810.0,4251.578947,5741.879972,LOW GAP,48029|Pulmonary,Bexar County
26099,Michigan,Psychiatry,Mental Health Disorders,5780,0,0,0.0,0.0,3104.5,4291.159571,NO PROVIDER,26099|Psychiatry,Macomb County
26125,Michigan,Psychiatry,Mental Health Disorders,7995,0,0,0.0,0.0,3104.5,4291.159571,NO PROVIDER,26125|Psychiatry,Oakland County
37067,North Carolina,Endocrinology,Diabetes,33266,2,962,2667.6,16633.0,18070.0,22988.768287,MODERATE GAP,37067|Endocrinology,Forsyth County
26163,Michigan,Pulmonary,Respiratory Disease,6801,1,599,2218.3,6801.0,4251.578947,5741.879972,HIGH GAP,26163|Pulmonary,Wayne County
37067,North Carolina,Rheumatology,Arthritis,2222,0,0,0.0,0.0,10453.0,13315.598761,NO PROVIDER,37067|Rheumatology,Forsyth County
48201,Texas,Cardiology,Heart Disease,102774,1,316,1263.0,102774.0,10823.136364,15071.056217,CRITICAL GAP,48201|Cardiology,Harris County
37183,North Carolina,Endocrinology,Diabetes,17233,1,430,1611.9,17233.0,18070.0,22988.768287,MODERATE GAP,37183|Endocrinology,Wake County
48201,Texas,Cardiology,Heart Disease,12028,1,195,833.7,12028.0,10823.136364,15071.056217,HIGH GAP,48201|Cardiology,Harris County
26049,Michigan,Pulmonary,Respiratory Disease,5596,3,874,2983.6,1865.3333,4251.578947,5741.879972,LOW GAP,26049|Pulmonary,Genesee County
48201,Texas,Pulmonary,Respiratory Disease,71225,2,708,2078.1,35612.5,4251.578947,5741.879972,CRITICAL GAP,48201|Pulmonary,Harris County
48085,Texas,Pulmonary,Respiratory Disease,5001,2,1007,2048.0,2500.5,4251.578947,5741.879972,MODERATE GAP,48085|Pulmonary,Collin County
26163,Michigan,Psychiatry,Mental Health Disorders,743,1,843,2310.5,743.0,3104.5,4291.159571,LOW GAP,26163|Psychiatry,Wayne County
26099,Michigan,Rheumatology,Arthritis,335666,3,1761,6429.0,111888.6667,10453.0,13315.598761,CRITICAL GAP,26099|Rheumatology,Macomb County
26077,Michigan,Psychiatry,Mental Health Disorders,337,1,273,992.1,337.0,3104.5,4291.159571,LOW GAP,26077|Psychiatry,Kalamazoo County
26099,Michigan,Rheumatology,Arthritis,8158,1,532,1496.9,8158.0,10453.0,13315.598761,MODERATE GAP,26099|Rheumatology,Macomb County
37183,North Carolina,Cardiology,Heart Disease,1285,1,363,1129.5,1285.0,10823.136364,15071.056217,LOW GAP,37183|Cardiology,Wake County
37119,North Carolina,Psychiatry,Mental Health Disorders,5130,3,2529,5509.6,1710.0,3104.5,4291.159571,MODERATE GAP,37119|Psychiatry,Mecklenburg County
26163,Michigan,Psychiatry,Mental Health Disorders,11335,0,0,0.0,0.0,3104.5,4291.159571,NO PROVIDER,26163|Psychiatry,Wayne County
37183,North Carolina,Psychiatry,Mental Health Disorders,4640,0,0,0.0,0.0,3104.5,4291.159571,NO PROVIDER,37183|Psychiatry,Wake County
48029,Texas,Cardiology,Heart Disease,18301,1,572,1021.2,18301.0,10823.136364,15071.056217,HIGH GAP,48029|Cardiology,Bexar County
26077,Michigan,Pulmonary,Respiratory Disease,652,0,0,0.0,0.0,4251.578947,5741.879972,NO PROVIDER,26077|Pulmonary,Kalamazoo County
37183,North Carolina,Cardiology,Heart Disease,9266,1,558,2202.8,9266.0,10823.136364,15071.056217,MODERATE GAP,37183|Cardiology,Wake County
37183,North Carolina,Rheumatology,Arthritis,8356,0,0,0.0,0.0,10453.0,13315.598761,NO PROVIDER,37183|Rheumatology,Wake County
26163,Michigan,Rheumatology,Arthritis,59109,4,1033,2376.8,14777.25,10453.0,13315.598761,HIGH GAP,26163|Rheumatology,Wayne County
48439,Texas,Cardiology,Heart Disease,38831,2,1524,4545.2,19415.5,10823.136364,15071.056217,HIGH GAP,48439|Cardiology,Tarrant County
37051,North Carolina,Rheumatology,Arthritis,6519,1,257,663.8,6519.0,10453.0,13315.598761,MODERATE GAP,37051|Rheumatology,Cumberland County
48439,Texas,Pulmonary,Respiratory Disease,3430,0,0,0.0,0.0,4251.578947,5741.879972,NO PROVIDER,48439|Pulmonary,Tarrant County
37183,North Carolina,Psychiatry,Mental Health Disorders,31551,1,542,1085.0,31551.0,3104.5,4291.159571,CRITICAL GAP,37183|Psychiatry,Wake County
26049,Michigan,Psychiatry,Mental Health Disorders,2413,1,558,1555.4,2413.0,3104.5,4291.159571,MODERATE GAP,26049|Psychiatry,Genesee County
48439,Texas,Endocrinology,Diabetes,20681,1,431,1154.5,20681.0,18070.0,22988.768287,HIGH GAP,48439|Endocrinology,Tarrant County
26049,Michigan,Pulmonary,Respiratory Disease,74662,2,1592,3704.8,37331.0,4251.578947,5741.879972,CRITICAL GAP,26049|Pulmonary,Genesee County
37183,North Carolina,Rheumatology,Arthritis,45167,3,2079,4097.8,15055.6667,10453.0,13315.598761,HIGH GAP,37183|Rheumatology,Wake County
26049,Michigan,Pulmonary,Respiratory Disease,38335,3,776,3224.1,12778.3333,4251.578947,5741.879972,CRITICAL GAP,26049|Pulmonary,Genesee County
37183,North Carolina,Cardiology,Heart Disease,5689,1,393,684.1,5689.0,10823.136364,15071.056217,MODERATE GAP,37183|Cardiology,Wake County
48439,Texas,Pulmonary,Respiratory Disease,1378,1,604,1102.9,1378.0,4251.578947,5741.879972,LOW GAP,48439|Pulmonary,Tarrant County
37067,North Carolina,Rheumatology,Arthritis,8236,1,629,1901.5,8236.0,10453.0,13315.598761,MODERATE GAP,37067|Rheumatology,Forsyth County
37119,North Carolina,Psychiatry,Mental Health Disorders,15918,2,763,2123.8,7959.0,3104.5,4291.159571,CRITICAL GAP,37119|Psychiatry,Mecklenburg County
26049,Michigan,Psychiatry,Mental Health Disorders,4122,1,659,2867.8,4122.0,3104.5,4291.159571,HIGH GAP,26049|Psychiatry,Genesee County
37051,North Carolina,Cardiology,Heart Disease,18038,2,363,810.3,9019.0,10823.136364,15071.056217,MODERATE GAP,37051|Cardiology,Cumberland County
26125,Michigan,Pulmonary,Respiratory Disease,2384,0,0,0.0,0.0,4251.578947,5741.879972,NO PROVIDER,26125|Pulmonary,Oakland County
37119,North Carolina,Rheumatology,Arthritis,1484,1,117,347.2,1484.0,10453.0,13315.598761,LOW GAP,37119|Rheumatology,Mecklenburg County
26099,Michigan,Pulmonary,Respiratory Disease,2256,1,842,3004.3,2256.0,4251.578947,5741.879972,MODERATE GAP,26099|Pulmonary,Macomb County
48085,Texas,Cardiology,Heart Disease,1582,0,0,0.0,0.0,10823.136364,15071.056217,NO PROVIDER,48085|Cardiology,Collin County
37051,North Carolina,Cardiology,Heart Disease,20963,3,1258,5371.6,6987.6667,10823.136364,15071.056217,MODERATE GAP,37051|Cardiology,Cumberland County
48113,Texas,Endocrinology,Diabetes,7188,0,0,0.0,0.0,18070.0,22988.768287,NO PROVIDER,48113|Endocrinology,Dallas County
37081,North Carolina,Psychiatry,Mental Health Disorders,2645,0,0,0.0,0.0,3104.5,4291.159571,NO PROVIDER,37081|Psychiatry,Guilford County
26049,Michigan,Pulmonary,Respiratory Disease,74873,3,2477,10550.4,24957.6667,4251.578947,5741.879972,CRITICAL GAP,26049|Pulmonary,Genesee County
48439,Texas,Cardiology,Heart Disease,49733,4,1535,2671.1,12433.25,10823.136364,15071.056217,HIGH GAP,48439|Cardiology,Tarrant County
48029,Texas,Cardiology,Heart Disease,5959,1,167,730.9,5959.0,10823.136364,15071.056217,MODERATE GAP,48029|Cardiology,Bexar County
26163,Michigan,Psychiatry,Mental Health Disorders,3804,2,1760,4222.1,1902.0,3104.5,4291.159571,MODERATE GAP,26163|Psychiatry,Wayne County
37081,North Carolina,Cardiology,Heart Disease,16220,1,631,2745.8,16220.0,10823.136364,15071.056217,HIGH GAP,37081|Cardiology,Guilford County
48029,Texas,Endocrinology,Diabetes,354222,4,2925,8698.3,88555.5,18070.0,22988.768287,CRITICAL GAP,48029|Endocrinology,Bexar County
37051,North Carolina,Rheumatology,Arthritis,4429,2,471,1643.2,2214.5,10453.0,13315.598761,LOW GAP,37051|Rheumatology,Cumberland County
48029,Texas,Cardiology,Heart Disease,115263,3,1610,4665.7,38421.0,10823.136364,15071.056217,CRITICAL GAP,48029|Cardiology,Bexar County
26049,Michigan,Psychiatry,Mental Health Disorders,71228,3,1273,5100.8,23742.6667,3104.5,4291.159571,CRITICAL GAP,26049|Psychiatry,Genesee County
37067,North Carolina,Endocrinology,Diabetes,910,0,0,0.0,0.0,18070.0,22988.768287,NO PROVIDER,37067|Endocrinology,Forsyth County
26125,Michigan,Pulmonary,Respiratory Disease,13881,2,363,981.6,6940.5,4251.578947,5741.879972,HIGH GAP,26125|Pulmonary,Oakland County
37183,North Carolina,Psychiatry,Mental Health Disorders,5808,0,0,0.0,0.0,3104.5,4291.159571,NO PROVIDER,37183|Psychiatry,Wake County
26163,Michigan,Psychiatry,Mental Health Disorders,1417,1,580,1492.0,1417.0,3104.5,4291.159571,LOW GAP,26163|Psychiatry,Wayne County
48113,Texas,Endocrinology,Diabetes,14875,1,144,325.1,14875.0,18070.0,22988.768287,MODERATE GAP,48113|Endocrinology,Dallas County
37081,North Carolina,Psychiatry,Mental Health Disorders,3420,0,0,0.0,0.0,3104.5,4291.159571,NO PROVIDER,37081|Psychiatry,Guilford County
48201,Texas,Endocrinology,Diabetes,14194,4,2219,4167.5,3548.5,18070.0,22988.768287,LOW GAP,48201|Endocrinology,Harris County
26077,Michigan,Rheumatology,Arthritis,10006,1,660,1379.7,10006.0,10453.0,13315.598761,MODERATE GAP,26077|Rheumatology,Kalamazoo County
37051,North Carolina,Psychiatry,Mental Health Disorders,1932,1,857,3255.0,1932.0,3104.5,4291.159571,MODERATE GAP,37051|Psychiatry,Cumberland County
37051,North Carolina,Endocrinology,Diabetes,12821,1,103,408.5,12821.0,18070.0,22988.768287,MODERATE GAP,37051|Endocrinology,Cumberland County
37119,North Carolina,Endocrinology,Diabetes,3029,0,0,0.0,0.0,18070.0,22988.768287,NO PROVIDER,37119|Endocrinology,Mecklenburg County
48201,Texas,Pulmonary,Respiratory Disease,9336,4,1822,5434.9,2334.0,4251.578947,5741.879972,MODERATE GAP,48201|Pulmonary,Harris County
26049,Michigan,Pulmonary,Respiratory Disease,50206,2,950,2360.3,25103.0,4251.578947,5741.879972,CRITICAL GAP,26049|Pulmonary,Genesee County
37067,North Carolina,Psychiatry,Mental Health Disorders,2524,0,0,0.0,0.0,3104.5,4291.159571,NO PROVIDER,37067|Psychiatry,Forsyth County
37067,North Carolina,Psychiatry,Mental Health Disorders,1054,2,1274,3573.9,527.0,3104.5,4291.159571,LOW GAP,37067|Psychiatry,Forsyth County
48201,Texas,Endocrinology,Diabetes,133848,4,921,2679.6,33462.0,18070.0,22988.768287,HIGH GAP,48201|Endocrinology,Harris County
26163,Michigan,Pulmonary,Respiratory Disease,53277,2,741,1851.4,26638.5,4251.578947,5741.879972,CRITICAL GAP,26163|Pulmonary,Wayne County
48201,Texas,Cardiology,Heart Disease,140268,7,910,4028.4,20038.2857,10823.136364,15071.056217,HIGH GAP,48201|Cardiology,Harris County
26163,Michigan,Psychiatry,Mental Health Disorders,7786,1,243,978.9,7786.0,3104.5,4291.159571,CRITICAL GAP,26163|Psychiatry,Wayne County
48201,Texas,Pulmonary,Respiratory Disease,9214,0,0,0.0,0.0,4251.578947,5741.879972,NO PROVIDER,48201|Pulmonary,Harris County
26163,Michigan,Psychiatry,Mental Health Disorders,3283,1,54,162.7,3283.0,3104.5,4291.159571,HIGH GAP,26163|Psychiatry,Wayne County
37081,North Carolina,Psychiatry,Mental Health Disorders,1172,0,0,0.0,0.0,3104.5,4291.159571,NO PROVIDER,37081|Psychiatry,Guilford County
48029,Texas,Cardiology,Heart Disease,4386,0,0,0.0,0.0,10823.136364,15071.056217,NO PROVIDER,48029|Cardiology,Bexar County
48085,Texas,Cardiology,Heart Disease,935,0,0,0.0,0.0,10823.136364,15071.056217,NO PROVIDER,48085|Cardiology,Collin County
48029,Texas,Cardiology,Heart Disease,19432,1,772,1290.5,19432.0,10823.136364,15071.056217,HIGH GAP,48029|Cardiology,Bexar County
37119,North Carolina,Cardiology,Heart Disease,1281,0,0,0.0,0.0,10823.136364,15071.056217,NO PROVIDER,37119|Cardiology,Mecklenburg County
37051,North Carolina,Psychiatry,Mental Health Disorders,2291,0,0,0.0,0.0,3104.5,4291.159571,NO PROVIDER,37051|Psychiatry,Cumberland County
26099,Michigan,Psychiatry,Mental Health Disorders,1249,1,491,878.8,1249.0,3104.5,4291.159571,LOW GAP,26099|Psychiatry,Macomb County
26099,Michigan,Psychiatry,Mental Health Disorders,4795,0,0,0.0,0.0,3104.5,4291.159571,NO PROVIDER,26099|Psychiatry,Macomb County
37051,North Carolina,Rheumatology,Arthritis,1995,0,0,0.0,0.0,10453.0,13315.598761,NO PROVIDER,37051|Rheumatology,Cumberland County
37081,North Carolina,Endocrinology,Diabetes,32556,1,216,744.0,32556.0,18070.0,22988.768287,HIGH GAP,37081|Endocrinology,Guilford County
26099,Michigan,Psychiatry,Mental Health Disorders,5017,0,0,0.0,0.0,3104.5,4291.159571,NO PROVIDER,26099|Psychiatry,Macomb County
37183,North Carolina,Cardiology,Heart Disease,169687,2,420,1057.2,84843.5,10823.136364,15071.056217,CRITICAL GAP,37183|Cardiology,Wake County
26049,Michigan,Rheumatology,Arthritis,3009,1,443,967.2,3009.0,10453.0,13315.598761,LOW GAP,26049|Rheumatology,Genesee County
37067,North Carolina,Endocrinology,Diabetes,810,0,0,0.0,0.0,18070.0,22988.768287,NO PROVIDER,37067|Endocrinology,Forsyth County
37183,North Carolina,Endocrinology,Diabetes,120450,1,183,281.0,120450.0,18070.0,22988.768287,CRITICAL GAP,37183|Endocrinology,Wake County
48113,Texas,Endocrinology,Diabetes,4896,1,506,1418.7,4896.0,18070.0,22988.768287,LOW GAP,48113|Endocrinology,Dallas County
37183,North Carolina,Cardiology,Heart Disease,5709,1,234,955.0,5709.0,10823.136364,15071.056217,MODERATE GAP,37183|Cardiology,Wake County
37183,North Carolina,Endocrinology,Diabetes,11251,1,681,1990.4,11251.0,18070.0,22988.768287,MODERATE GAP,37183|Endocrinology,Wake County
48201,Texas,Endocrinology,Diabetes,13288,0,0,0.0,0.0,18070.0,22988.768287,NO PROVIDER,48201|Endocrinology,Harris County
48439,Texas,Cardiology,Heart Disease,4450,0,0,0.0,0.0,10823.136364,15071.056217,NO PROVIDER,48439|Cardiology,Tarrant County
37183,North Carolina,Cardiology,Heart Disease,13020,1,583,1553.4,13020.0,10823.136364,15071.056217,HIGH GAP,37183|Cardiology,Wake County
26049,Michigan,Rheumatology,Arthritis,5911,1,738,2964.3,5911.0,10453.0,13315.598761,MODERATE GAP,26049|Rheumatology,Genesee County
37183,North Carolina,Endocrinology,Diabetes,4960,0,0,0.0,0.0,18070.0,22988.768287,NO PROVIDER,37183|Endocrinology,Wake County
37119,North Carolina,Endocrinology,Diabetes,16754,1,337,1123.2,16754.0,18070.0,22988.768287,MODERATE GAP,37119|Endocrinology,Mecklenburg County
37067,North Carolina,Endocrinology,Diabetes,90686,3,682,2042.7,30228.6667,18070.0,22988.768287,HIGH GAP,37067|Endocrinology,Forsyth County
48085,Texas,Pulmonary,Respiratory Disease,6804,1,133,309.6,6804.0,4251.578947,5741.879972,HIGH GAP,48085|Pulmonary,Collin County
37081,North Carolina,Rheumatology,Arthritis,10295,1,842,2530.2,10295.0,10453.0,13315.598761,MODERATE GAP,37081|Rheumatology,Guilford County
26049,Michigan,Psychiatry,Mental Health Disorders,3447,0,0,0.0,0.0,3104.5,4291.159571,NO PROVIDER,26049|Psychiatry,Genesee County
37081,North Carolina,Rheumatology,Arthritis,45648,3,1627,4434.5,15216.0,10453.0,13315.598761,HIGH GAP,37081|Rheumatology,Guilford County
48439,Texas,Endocrinology,Diabetes,14288,1,323,671.7,14288.0,18070.0,22988.768287,MODERATE GAP,48439|Endocrinology,Tarrant County
26077,Michigan,Rheumatology,Arthritis,303,0,0,0.0,0.0,10453.0,13315.598761,NO PROVIDER,26077|Rheumatology,Kalamazoo County
26077,Michigan,Psychiatry,Mental Health Disorders,1900,0,0,0.0,0.0,3104.5,4291.159571,NO PROVIDER,26077|Psychiatry,Kalamazoo County
48029,Texas,Endocrinology,Diabetes,5230,0,0,0.0,0.0,18070.0,22988.768287,NO PROVIDER,48029|Endocrinology,Bexar County
48085,Texas,Endocrinology,Diabetes,15013,1,576,933.3,15013.0,18070.0,22988.768287,MODERATE GAP,48085|Endocrinology,Collin County
48085,Texas,Cardiology,Heart Disease,24765,2,1796,6470.3,12382.5,10823.136364,15071.056217,HIGH GAP,48085|Cardiology,Collin County
37119,North Carolina,Cardiology,Heart Disease,1486,0,0,0.0,0.0,10823.136364,15071.056217,NO PROVIDER,37119|Cardiology,Mecklenburg County
37051,North Carolina,Endocrinology,Diabetes,1438,0,0,0.0,0.0,18070.0,22988.768287,NO PROVIDER,37051|Endocrinology,Cumberland County
48201,Texas,Cardiology,Heart Disease,5989,0,0,0.0,0.0,10823.136364,15071.056217,NO PROVIDER,48201|Cardiology,Harris County
37081,North Carolina,Psychiatry,Mental Health Disorders,26370,1,214,523.2,26370.0,3104.5,4291.159571,CRITICAL GAP,37081|Psychiatry,Guilford County
37051,North Carolina,Rheumatology,Arthritis,18319,2,356,871.7,9159.5,10453.0,13315.598761,MODERATE GAP,37051|Rheumatology,Cumberland County
48085,Texas,Cardiology,Heart Disease,28929,3,1566,6117.1,9643.0,10823.136364,15071.056217,MODERATE GAP,48085|Cardiology,Collin County
26125,Michigan,Rheumatology,Arthritis,112832,1,377,1012.2,112832.0,10453.0,13315.598761,CRITICAL GAP,26125|Rheumatology,Oakland County
37067,North Carolina,Rheumatology,Arthritis,2139,0,0,0.0,0.0,10453.0,13315.598761,NO PROVIDER,37067|Rheumatology,Forsyth County
48113,Texas,Cardiology,Heart Disease,20969,2,1672,2632.7,10484.5,10823.136364,15071.056217,MODERATE GAP,48113|Cardiology,Dallas County
37081,North Carolina,Cardiology,Heart Disease,5281,4,991,3466.7,1320.25,10823.136364,15071.056217,LOW GAP,37081|Cardiology,Guilford County
37119,North Carolina,Cardiology,Heart Disease,20097,1,492,1281.5,20097.0,10823.136364,15071.056217,HIGH GAP,37119|Cardiology,Mecklenburg County
37051,North Carolina,Rheumatology,Arthritis,19921,1,240,583.7,19921.0,10453.0,13315.598761,HIGH GAP,37051|Rheumatology,Cumberland County
37051,North Carolina,Cardiology,Heart Disease,806,0,0,0.0,0.0,10823.136364,15071.056217,NO PROVIDER,37051|Cardiology,Cumberland County
48201,Texas,Pulmonary,Respiratory Disease,11952,3,2168,6249.9,3984.0,4251.578947,5741.879972,MODERATE GAP,48201|Pulmonary,Harris County
48029,Texas,Endocrinology,Diabetes,59339,2,538,1752.7,29669.5,18070.0,22988.768287,HIGH GAP,48029|Endocrinology,Bexar County
37119,North Carolina,Psychiatry,Mental Health Disorders,5521,0,0,0.0,0.0,3104.5,4291.159571,NO PROVIDER,37119|Psychiatry,Mecklenburg County
26077,Michigan,Pulmonary,Respiratory Disease,273,0,0,0.0,0.0,4251.578947,5741.879972,NO PROVIDER,26077|Pulmonary,Kalamazoo County
48439,Texas,Endocrinology,Diabetes,33949,2,392,1635.0,16974.5,18070.0,22988.768287,MODERATE GAP,48439|Endocrinology,Tarrant County
48201,Texas,Pulmonary,Respiratory Disease,95158,3,1029,3263.0,31719.3333,4251.578947,5741.879972,CRITICAL GAP,48201|Pulmonary,Harris County
37183,North Carolina,Psychiatry,Mental Health Disorders,5035,0,0,0.0,0.0,3104.5,4291.159571,NO PROVIDER,37183|Psychiatry,Wake County
48113,Texas,Cardiology,Heart Disease,195195,2,1424,2710.8,97597.5,10823.136364,15071.056217,CRITICAL GAP,48113|Cardiology,Dallas County
37119,North Carolina,Psychiatry,Mental Health Disorders,7170,0,0,0.0,0.0,3104.5,4291.159571,NO PROVIDER,37119|Psychiatry,Mecklenburg County
37067,North Carolina,Endocrinology,Diabetes,809,0,0,0.0,0.0,18070.0,22988.768287,NO PROVIDER,37067|Endocrinology,Forsyth County
37183,North Carolina,Endocrinology,Diabetes,14840,1,572,1708.3,14840.0,18070.0,22988.768287,MODERATE GAP,37183|Endocrinology,Wake County
37067,North Carolina,Cardiology,Heart Disease,606,0,0,0.0,0.0,10823.136364,15071.056217,NO PROVIDER,37067|Cardiology,Forsyth County
37081,North Carolina,Endocrinology,Diabetes,22490,5,2453,4414.9,4498.0,18070.0,22988.768287,LOW GAP,37081|Endocrinology,Guilford County
48113,Texas,Endocrinology,Diabetes,9768,0,0,0.0,0.0,18070.0,22988.768287,NO PROVIDER,48113|Endocrinology,Dallas County
26049,Michigan,Pulmonary,Respiratory Disease,956,0,0,0.0,0.0,4251.578947,5741.879972,NO PROVIDER,26049|Pulmonary,Genesee County
26099,Michigan,Psychiatry,Mental Health Disorders,5960,1,404,1046.8,5960.0,3104.5,4291.159571,HIGH GAP,26099|Psychiatry,Macomb County
26049,Michigan,Rheumatology,Arthritis,4641,2,1323,5744.7,2320.5,10453.0,13315.598761,LOW GAP,26049|Rheumatology,Genesee County
26163,Michigan,Psychiatry,Mental Health Disorders,2751,1,847,2008.6,2751.0,3104.5,4291.159571,MODERATE GAP,26163|Psychiatry,Wayne County
37067,North Carolina,Rheumatology,Arthritis,3088,0,0,0.0,0.0,10453.0,13315.598761,NO PROVIDER,37067|Rheumatology,Forsyth County
37081,North Carolina,Psychiatry,Mental Health Disorders,2405,0,0,0.0,0.0,3104.5,4291.159571,NO PROVIDER,37081|Psychiatry,Guilford County
48439,Texas,Cardiology,Heart Disease,27815,2,394,962.0,13907.5,10823.136364,15071.056217,HIGH GAP,48439|Cardiology,Tarrant County
37067,North Carolina,Psychiatry,Mental Health Disorders,544,1,785,1926.4,544.0,3104.5,4291.159571,LOW GAP,37067|Psychiatry,Forsyth County
37183,North Carolina,Rheumatology,Arthritis,4998,0,0,0.0,0.0,10453.0,13315.598761,NO PROVIDER,37183|Rheumatology,Wake County
37119,North Carolina,Endocrinology,Diabetes,8370,1,267,970.1,8370.0,18070.0,22988.768287,LOW GAP,37119|Endocrinology,Mecklenburg County
37183,North Carolina,Rheumatology,Arthritis,3274,1,417,980.8,3274.0,10453.0,13315.598761,LOW GAP,37183|Rheumatology,Wake County
37067,North Carolina,Cardiology,Heart Disease,30776,2,1366,3904.9,15388.0,10823.136364,15071.056217,HIGH GAP,37067|Cardiology,Forsyth County
37119,North Carolina,Endocrinology,Diabetes,15191,1,413,1736.0,15191.0,18070.0,22988.768287,MODERATE GAP,37119|Endocrinology,Mecklenburg County
37051,North Carolina,Endocrinology,Diabetes,13417,1,64,186.9,13417.0,18070.0,22988.768287,MODERATE GAP,37051|Endocrinology,Cumberland County
48029,Texas,Pulmonary,Respiratory Disease,16269,2,896,3930.4,8134.5,4251.578947,5741.879972,HIGH GAP,48029|Pulmonary,Bexar County
37067,North Carolina,Endocrinology,Diabetes,955,0,0,0.0,0.0,18070.0,22988.768287,NO PROVIDER,37067|Endocrinology,Forsyth County
37183,North Carolina,Endocrinology,Diabetes,4463,0,0,0.0,0.0,18070.0,22988.768287,NO PROVIDER,37183|Endocrinology,Wake County
48439,Texas,Cardiology,Heart Disease,1699,1,531,1914.8,1699.0,10823.136364,15071.056217,LOW GAP,48439|Cardiology,Tarrant County
48439,Texas,Endocrinology,Diabetes,8308,1,141,260.3,8308.0,18070.0,22988.768287,LOW GAP,48439|Endocrinology,Tarrant County
26077,Michigan,Rheumatology,Arthritis,2560,0,0,0.0,0.0,10453.0,13315.598761,NO PROVIDER,26077|Rheumatology,Kalamazoo County
37183,North Carolina,Cardiology,Heart Disease,40372,2,1668,2941.1,20186.0,10823.136364,15071.056217,HIGH GAP,37183|Cardiology,Wake County
37067,North Carolina,Psychiatry,Mental Health Disorders,3988,1,387,1322.1,3988.0,3104.5,4291.159571,HIGH GAP,37067|Psychiatry,Forsyth County
48085,Texas,Cardiology,Heart Disease,1083,0,0,0.0,0.0,10823.136364,15071.056217,NO PROVIDER,48085|Cardiology,Collin County
37119,North Carolina,Rheumatology,Arthritis,7747,1,127,444.3,7747.0,10453.0,13315.598761,MODERATE GAP,37119|Rheumatology,Mecklenburg County
37081,North Carolina,Rheumatology,Arthritis,14077,2,621,996.5,7038.5,10453.0,13315.598761,MODERATE GAP,37081|Rheumatology,Guilford County
26077,Michigan,Rheumatology,Arthritis,53922,3,2098,7730.9,17974.0,10453.0,13315.598761,HIGH GAP,26077|Rheumatology,Kalamazoo County
37081,North Carolina,Endocrinology,Diabetes,19996,2,700,2563.0,9998.0,18070.0,22988.768287,MODERATE GAP,37081|Endocrinology,Guilford County
48085,Texas,Pulmonary,Respiratory Disease,315,1,214,564.1,315.0,4251.578947,5741.879972,LOW GAP,48085|Pulmonary,Collin County
48029,Texas,Cardiology,Heart Disease,2532,0,0,0.0,0.0,10823.136364,15071.056217,NO PROVIDER,48029|Cardiology,Bexar County
26163,Michigan,Rheumatology,Arthritis,18630,1,333,1382.1,18630.0,10453.0,13315.598761,HIGH GAP,26163|Rheumatology,Wayne County
26125,Michigan,Rheumatology,Arthritis,7283,0,0,0.0,0.0,10453.0,13315.598761,NO PROVIDER,26125|Rheumatology,Oakland County
37081,North Carolina,Cardiology,Heart Disease,9795,1,659,2491.0,9795.0,10823.136364,15071.056217,MODERATE GAP,37081|Cardiology,Guilford County
37081,North Carolina,Endocrinology,Diabetes,1767,0,0,0.0,0.0,18070.0,22988.768287,NO PROVIDER,37081|Endocrinology,Guilford County
37051,North Carolina,Cardiology,Heart Disease,10401,1,417,1561.0,10401.0,10823.136364,15071.056217,MODERATE GAP,37051|Cardiology,Cumberland County
26077,Michigan,Psychiatry,Mental Health Disorders,11903,1,730,1386.8,11903.0,3104.5,4291.159571,CRITICAL GAP,26077|Psychiatry,Kalamazoo County
37119,North Carolina,Endocrinology,Diabetes,1630,0,0,0.0,0.0,18070.0,22988.768287,NO PROVIDER,37119|Endocrinology,Mecklenburg County
37081,North Carolina,Endocrinology,Diabetes,2041,0,0,0.0,0.0,18070.0,22988.768287,NO PROVIDER,37081|Endocrinology,Guilford County
48201,Texas,Endocrinology,Diabetes,4579,0,0,0.0,0.0,18070.0,22988.768287,NO PROVIDER,48201|Endocrinology,Harris County
26125,Michigan,Rheumatology,Arthritis,11605,0,0,0.0,0.0,10453.0,13315.598761,NO PROVIDER,26125|Rheumatology,Oakland County
37067,North Carolina,Rheumatology,Arthritis,100196,1,421,895.1,100196.0,10453.0,13315.598761,CRITICAL GAP,37067|Rheumatology,Forsyth County
37081,North Carolina,Rheumatology,Arthritis,140675,2,1762,4991.9,70337.5,10453.0,13315.598761,CRITICAL GAP,37081|Rheumatology,Guilford County
48439,Texas,Cardiology,Heart Disease,17388,2,800,2181.1,8694.0,10823.136364,15071.056217,MODERATE GAP,48439|Cardiology,Tarrant County
48201,Texas,Pulmonary,Respiratory Disease,7079,2,731,2028.7,3539.5,4251.578947,5741.879972,MODERATE GAP,48201|Pulmonary,Harris County
37051,North Carolina,Cardiology,Heart Disease,7495,1,743,1829.6,7495.0,10823.136364,15071.056217,MODERATE GAP,37051|Cardiology,Cumberland County
37183,North Carolina,Endocrinology,Diabetes,20133,2,1110,2480.4,10066.5,18070.0,22988.768287,MODERATE GAP,37183|Endocrinology,Wake County
37081,North Carolina,Cardiology,Heart Disease,4462,1,707,1635.6,4462.0,10823.136364,15071.056217,LOW GAP,37081|Cardiology,Guilford County
26125,Michigan,Rheumatology,Arthritis,7027,1,477,990.6,7027.0,10453.0,13315.598761,MODERATE GAP,26125|Rheumatology,Oakland County
37119,North Carolina,Psychiatry,Mental Health Disorders,11462,5,2008,5844.4,2292.4,3104.5,4291.159571,MODERATE GAP,37119|Psychiatry,Mecklenburg County
37051,North Carolina,Psychiatry,Mental Health Disorders,2104,0,0,0.0,0.0,3104.5,4291.159571,NO PROVIDER,37051|Psychiatry,Cumberland County
48029,Texas,Endocrinology,Diabetes,98981,3,1230,3882.6,32993.6667,18070.0,22988.768287,HIGH GAP,48029|Endocrinology,Bexar County
48113,Texas,Endocrinology,Diabetes,13015,1,52,233.0,13015.0,18070.0,22988.768287,MODERATE GAP,48113|Endocrinology,Dallas County
26049,Michigan,Psychiatry,Mental Health Disorders,5280,2,1309,3090.1,2640.0,3104.5,4291.159571,MODERATE GAP,26049|Psychiatry,Genesee County
48439,Texas,Pulmonary,Respiratory Disease,2901,0,0,0.0,0.0,4251.578947,5741.879972,NO PROVIDER,48439|Pulmonary,Tarrant County
48201,Texas,Endocrinology,Diabetes,47883,4,301,764.4,11970.75,18070.0,22988.768287,MODERATE GAP,48201|Endocrinology,Harris County
37081,North Carolina,Endocrinology,Diabetes,1508,0,0,0.0,0.0,18070.0,22988.768287,NO PROVIDER,37081|Endocrinology,Guilford County
26099,Michigan,Psychiatry,Mental Health Disorders,4243,0,0,0.0,0.0,3104.5,4291.159571,NO PROVIDER,26099|Psychiatry,Macomb County
37183,North Carolina,Rheumatology,Arthritis,57473,4,2129,8486.6,14368.25,10453.0,13315.598761,HIGH GAP,37183|Rheumatology,Wake County
37081,North Carolina,Endocrinology,Diabetes,151283,1,564,2278.9,151283.0,18070.0,22988.768287,CRITICAL GAP,37081|Endocrinology,Guilford County
26049,Michigan,Psychiatry,Mental Health Disorders,6938,3,1238,4795.3,2312.6667,3104.5,4291.159571,MODERATE GAP,26049|Psychiatry,Genesee County
37119,North Carolina,Cardiology,Heart Disease,59123,3,1658,4171.2,19707.6667,10823.136364,15071.056217,HIGH GAP,37119|Cardiology,Mecklenburg County
37081,North Carolina,Rheumatology,Arthritis,2373,0,0,0.0,0.0,10453.0,13315.598761,NO PROVIDER,37081|Rheumatology,Guilford County
37183,North Carolina,Endocrinology,Diabetes,3212,0,0,0.0,0.0,18070.0,22988.768287,NO PROVIDER,37183|Endocrinology,Wake County
37119,North Carolina,Rheumatology,Arthritis,22658,2,1444,5847.6,11329.0,10453.0,13315.598761,HIGH GAP,37119|Rheumatology,Mecklenburg County
48439,Texas,Endocrinology,Diabetes,4920,1,374,1007.0,4920.0,18070.0,22988.768287,LOW GAP,48439|Endocrinology,Tarrant County
48439,Texas,Pulmonary,Respiratory Disease,4401,0,0,0.0,0.0,4251.578947,5741.879972,NO PROVIDER,48439|Pulmonary,Tarrant County
26163,Michigan,Psychiatry,Mental Health Disorders,43920,2,139,464.7,21960.0,3104.5,4291.159571,CRITICAL GAP,26163|Psychiatry,Wayne County
37183,North Carolina,Rheumatology,Arthritis,5447,4,378,1409.0,1361.75,10453.0,13315.598761,LOW GAP,37183|Rheumatology,Wake County
37051,North Carolina,Endocrinology,Diabetes,270644,2,1024,3887.2,135322.0,18070.0,22988.768287,CRITICAL GAP,37051|Endocrinology,Cumberland County
37183,North Carolina,Rheumatology,Arthritis,9968,2,357,712.8,4984.0,10453.0,13315.598761,LOW GAP,37183|Rheumatology,Wake County
48029,Texas,Endocrinology,Diabetes,7717,0,0,0.0,0.0,18070.0,22988.768287,NO PROVIDER,48029|Endocrinology,Bexar County
37081,North Carolina,Cardiology,Heart Disease,655,0,0,0.0,0.0,10823.136364,15071.056217,NO PROVIDER,37081|Cardiology,Guilford County
26125,Michigan,Psychiatry,Mental Health Disorders,2553,1,182,756.6,2553.0,3104.5,4291.159571,MODERATE GAP,26125|Psychiatry,Oakland County
48113,Texas,Cardiology,Heart Disease,5363,0,0,0.0,0.0,10823.136364,15071.056217,NO PROVIDER,48113|Cardiology,Dallas County
37183,North Carolina,Cardiology,Heart Disease,20870,1,208,513.7,20870.0,10823.136364,15071.056217,HIGH GAP,37183|Cardiology,Wake County
48029,Texas,Cardiology,Heart Disease,7880,1,301,865.6,7880.0,10823.136364,15071.056217,MODERATE GAP,48029|Cardiology,Bexar County
37119,North Carolina,Cardiology,Heart Disease,17366,3,2410,8424.5,5788.6667,10823.136364,15071.056217,MODERATE GAP,37119|Cardiology,Mecklenburg County
26163,Michigan,Psychiatry,Mental Health Disorders,2310,1,347,1267.2,2310.0,3104.5,4291.159571,MODERATE GAP,26163|Psychiatry,Wayne County
26049,Michigan,Rheumatology,Arthritis,9190,1,274,804.6,9190.0,10453.0,13315.598761,MODERATE GAP,26049|Rheumatology,Genesee County
37119,North Carolina,Psychiatry,Mental Health Disorders,264,1,486,1220.3,264.0,3104.5,4291.159571,LOW GAP,37119|Psychiatry,Mecklenburg County
48201,Texas,Pulmonary,Respiratory Disease,47796,4,2740,7164.1,11949.0,4251.578947,5741.879972,CRITICAL GAP,48201|Pulmonary,Harris County
37183,North Carolina,Psychiatry,Mental Health Disorders,17630,2,1378,3818.1,8815.0,3104.5,4291.159571,CRITICAL GAP,37183|Psychiatry,Wake County
48029,Texas,Cardiology,Heart Disease,77704,4,2861,11116.0,19426.0,10823.136364,15071.056217,HIGH GAP,48029|Cardiology,Bexar County
37081,North Carolina,Psychiatry,Mental Health Disorders,12033,2,1227,3607.5,6016.5,3104.5,4291.159571,HIGH GAP,37081|Psychiatry,Guilford County
26049,Michigan,Pulmonary,Respiratory Disease,718,0,0,0.0,0.0,4251.578947,5741.879972,NO PROVIDER,26049|Pulmonary,Genesee County
37081,North Carolina,Endocrinology,Diabetes,1854,0,0,0.0,0.0,18070.0,22988.768287,NO PROVIDER,37081|Endocrinology,Guilford County
26125,Michigan,Psychiatry,Mental Health Disorders,5827,0,0,0.0,0.0,3104.5,4291.159571,NO PROVIDER,26125|Psychiatry,Oakland County
48029,Texas,Cardiology,Heart Disease,4707,0,0,0.0,0.0,10823.136364,15071.056217,NO PROVIDER,48029|Cardiology,Bexar County
48201,Texas,Endocrinology,Diabetes,12876,0,0,0.0,0.0,18070.0,22988.768287,NO PROVIDER,48201|Endocrinology,Harris County
26163,Michigan,Rheumatology,Arthritis,73589,1,288,1178.1,73589.0,10453.0,13315.598761,CRITICAL GAP,26163|Rheumatology,Wayne County
37067,North Carolina,Endocrinology,Diabetes,14932,1,181,558.6,14932.0,18070.0,22988.768287,MODERATE GAP,37067|Endocrinology,Forsyth County
37119,North Carolina,Rheumatology,Arthritis,5062,1,645,1590.2,5062.0,10453.0,13315.598761,LOW GAP,37119|Rheumatology,Mecklenburg County
37067,North Carolina,Endocrinology,Diabetes,3040,1,136,472.8,3040.0,18070.0,22988.768287,LOW GAP,37067|Endocrinology,Forsyth County
26099,Michigan,Pulmonary,Respiratory Disease,9130,2,1185,2273.8,4565.0,4251.578947,5741.879972,HIGH GAP,26099|Pulmonary,Macomb County
37051,North Carolina,Psychiatry,Mental Health Disorders,23419,1,812,1598.7,23419.0,3104.5,4291.159571,CRITICAL GAP,37051|Psychiatry,Cumberland County
26099,Michigan,Psychiatry,Mental Health Disorders,18602,1,413,1526.0,18602.0,3104.5,4291.159571,CRITICAL GAP,26099|Psychiatry,Macomb County
48201,Texas,Cardiology,Heart Disease,58893,8,6473,24824.9,7361.625,10823.136364,15071.056217,MODERATE GAP,48201|Cardiology,Harris County
26163,Michigan,Rheumatology,Arthritis,3814,0,0,0.0,0.0,10453.0,13315.598761,NO PROVIDER,26163|Rheumatology,Wayne County
37051,North Carolina,Endocrinology,Diabetes,15350,1,876,3728.9,15350.0,18070.0,22988.768287,MODERATE GAP,37051|Endocrinology,Cumberland County
48201,Texas,Cardiology,Heart Disease,61504,1,249,417.1,61504.0,10823.136364,15071.056217,CRITICAL GAP,48201|Cardiology,Harris County
26163,Michigan,Psychiatry,Mental Health Disorders,700,1,623,1036.0,700.0,3104.5,4291.159571,LOW GAP,26163|Psychiatry,Wayne County
48439,Texas,Cardiology,Heart Disease,31590,2,1182,3802.8,15795.0,10823.136364,15071.056217,HIGH GAP,48439|Cardiology,Tarrant County
37119,North Carolina,Cardiology,Heart Disease,18232,3,1495,2544.7,6077.3333,10823.136364,15071.056217,MODERATE GAP,37119|Cardiology,Mecklenburg County
26125,Michigan,Pulmonary,Respiratory Disease,2267,0,0,0.0,0.0,4251.578947,5741.879972,NO PROVIDER,26125|Pulmonary,Oakland County
48113,Texas,Endocrinology,Diabetes,42860,1,809,3032.8,42860.0,18070.0,22988.768287,CRITICAL GAP,48113|Endocrinology,Dallas County
48201,Texas,Pulmonary,Respiratory Disease,30562,6,4441,10188.3,5093.6667,4251.578947,5741.879972,HIGH GAP,48201|Pulmonary,Harris County
37183,North Carolina,Endocrinology,Diabetes,4092,0,0,0.0,0.0,18070.0,22988.768287,NO PROVIDER,37183|Endocrinology,Wake County
37081,North Carolina,Rheumatology,Arthritis,14385,1,302,531.3,14385.0,10453.0,13315.598761,HIGH GAP,37081|Rheumatology,Guilford County
37067,North Carolina,Rheumatology,Arthritis,13961,1,113,173.1,13961.0,10453.0,13315.598761,HIGH GAP,37067|Rheumatology,Forsyth County
26125,Michigan,Rheumatology,Arthritis,2854,0,0,0.0,0.0,10453.0,13315.598761,NO PROVIDER,26125|Rheumatology,Oakland County
26099,Michigan,Rheumatology,Arthritis,6518,0,0,0.0,0.0,10453.0,13315.598761,NO PROVIDER,26099|Rheumatology,Macomb County
26077,Michigan,Psychiatry,Mental Health Disorders,4409,1,499,943.2,4409.0,3104.5,4291.159571,HIGH GAP,26077|Psychiatry,Kalamazoo County
48085,Texas,Cardiology,Heart Disease,1179,0,0,0.0,0.0,10823.136364,15071.056217,NO PROVIDER,48085|Cardiology,Collin County
48085,Texas,Cardiology,Heart Disease,10242,1,681,2228.4,10242.0,10823.136364,15071.056217,MODERATE GAP,48085|Cardiology,Collin County
48201,Texas,Pulmonary,Respiratory Disease,3200,1,441,946.6,3200.0,4251.578947,5741.879972,MODERATE GAP,48201|Pulmonary,Harris County
37119,North Carolina,Endocrinology,Diabetes,62536,2,1559,3198.1,31268.0,18070.0,22988.768287,HIGH GAP,37119|Endocrinology,Mecklenburg County
26163,Michigan,Pulmonary,Respiratory Disease,6451,1,73,279.7,6451.0,4251.578947,5741.879972,HIGH GAP,26163|Pulmonary,Wayne County
48439,Texas,Pulmonary,Respiratory Disease,2191,1,818,2575.5,2191.0,4251.578947,5741.879972,MODERATE GAP,48439|Pulmonary,Tarrant County
37183,North Carolina,Psychiatry,Mental Health Disorders,7256,0,0,0.0,0.0,3104.5,4291.159571,NO PROVIDER,37183|Psychiatry,Wake County
48085,Texas,Endocrinology,Diabetes,4440,0,0,0.0,0.0,18070.0,22988.768287,NO PROVIDER,48085|Endocrinology,Collin County
26163,Michigan,Psychiatry,Mental Health Disorders,4787,1,196,394.1,4787.0,3104.5,4291.159571,HIGH GAP,26163|Psychiatry,Wayne County
26125,Michigan,Pulmonary,Respiratory Disease,68783,3,2231,9110.8,22927.6667,4251.578947,5741.879972,CRITICAL GAP,26125|Pulmonary,Oakland County
37051,North Carolina,Rheumatology,Arthritis,760,0,0,0.0,0.0,10453.0,13315.598761,NO PROVIDER,37051|Rheumatology,Cumberland County
26163,Michigan,Psychiatry,Mental Health Disorders,1947,2,613,2742.3,973.5,3104.5,4291.159571,LOW GAP,26163|Psychiatry,Wayne County
26163,Michigan,Pulmonary,Respiratory Disease,7570,3,554,1972.3,2523.3333,4251.578947,5741.879972,MODERATE GAP,26163|Pulmonary,Wayne County
48201,Texas,Pulmonary,Respiratory Disease,4001,6,4624,20736.2,666.8333,4251.578947,5741.879972,LOW GAP,48201|Pulmonary,Harris County
48113,Texas,Cardiology,Heart Disease,3306,0,0,0.0,0.0,10823.136364,15071.056217,NO PROVIDER,48113|Cardiology,Dallas County
26077,Michigan,Psychiatry,Mental Health Disorders,3405,2,1366,5867.6,1702.5,3104.5,4291.159571,MODERATE GAP,26077|Psychiatry,Kalamazoo County
37183,North Carolina,Psychiatry,Mental Health Disorders,3721,0,0,0.0,0.0,3104.5,4291.159571,NO PROVIDER,37183|Psychiatry,Wake County
26077,Michigan,Rheumatology,Arthritis,256517,4,1236,3524.6,64129.25,10453.0,13315.598761,CRITICAL GAP,26077|Rheumatology,Kalamazoo County
26125,Michigan,Pulmonary,Respiratory Disease,2580,0,0,0.0,0.0,4251.578947,5741.879972,NO PROVIDER,26125|Pulmonary,Oakland County
37183,North Carolina,Cardiology,Heart Disease,7819,1,139,625.4,7819.0,10823.136364,15071.056217,MODERATE GAP,37183|Cardiology,Wake County
26077,Michigan,Pulmonary,Respiratory Disease,112,0,0,0.0,0.0,4251.578947,5741.879972,NO PROVIDER,26077|Pulmonary,Kalamazoo County
26077,Michigan,Rheumatology,Arthritis,9280,1,561,2213.6,9280.0,10453.0,13315.598761,MODERATE GAP,26077|Rheumatology,Kalamazoo County
26163,Michigan,Rheumatology,Arthritis,219499,2,1274,4109.7,109749.5,10453.0,13315.598761,CRITICAL GAP,26163|Rheumatology,Wayne County
37119,North Carolina,Psychiatry,Mental Health Disorders,11276,0,0,0.0,0.0,3104.5,4291.159571,NO PROVIDER,37119|Psychiatry,Mecklenburg County
26125,Michigan,Psychiatry,Mental Health Disorders,1655,2,334,505.5,827.5,3104.5,4291.159571,LOW GAP,26125|Psychiatry,Oakland County
26099,Michigan,Psychiatry,Mental Health Disorders,6104,0,0,0.0,0.0,3104.5,4291.159571,NO PROVIDER,26099|Psychiatry,Macomb County
26077,Michigan,Psychiatry,Mental Health Disorders,6663,2,1611,6285.1,3331.5,3104.5,4291.159571,HIGH GAP,26077|Psychiatry,Kalamazoo County
37081,North Carolina,Psychiatry,Mental Health Disorders,8783,1,301,835.7,8783.0,3104.5,4291.159571,CRITICAL GAP,37081|Psychiatry,Guilford County
26077,Michigan,Psychiatry,Mental Health Disorders,1210,0,0,0.0,0.0,3104.5,4291.159571,NO PROVIDER,26077|Psychiatry,Kalamazoo County
37081,North Carolina,Psychiatry,Mental Health Disorders,33581,1,119,294.0,33581.0,3104.5,4291.159571,CRITICAL GAP,37081|Psychiatry,Guilford County
37067,North Carolina,Psychiatry,Mental Health Disorders,1692,1,136,516.0,1692.0,3104.5,4291.159571,MODERATE GAP,37067|Psychiatry,Forsyth County
37183,North Carolina,Rheumatology,Arthritis,5567,0,0,0.0,0.0,10453.0,13315.598761,NO PROVIDER,37183|Rheumatology,Wake County
26049,Michigan,Pulmonary,Respiratory Disease,2773,1,298,860.8,2773.0,4251.578947,5741.879972,MODERATE GAP,26049|Pulmonary,Genesee County
37067,North Carolina,Endocrinology,Diabetes,7598,1,645,2418.2,7598.0,18070.0,22988.768287,LOW GAP,37067|Endocrinology,Forsyth County
26125,Michigan,Pulmonary,Respiratory Disease,2360,0,0,0.0,0.0,4251.578947,5741.879972,NO PROVIDER,26125|Pulmonary,Oakland County
48439,Texas,Pulmonary,Respiratory Disease,13161,3,2098,4939.6,4387.0,4251.578947,5741.879972,HIGH GAP,48439|Pulmonary,Tarrant County
37119,North Carolina,Endocrinology,Diabetes,34526,1,870,2520.0,34526.0,18070.0,22988.768287,HIGH GAP,37119|Endocrinology,Mecklenburg County
37081,North Carolina,Cardiology,Heart Disease,9107,1,864,2813.9,9107.0,10823.136364,15071.056217,MODERATE GAP,37081|Cardiology,Guilford County
26099,Michigan,Psychiatry,Mental Health Disorders,5060,1,853,1811.1,5060.0,3104.5,4291.159571,HIGH GAP,26099|Psychiatry,Macomb County
26049,Michigan,Rheumatology,Arthritis,19074,2,765,3130.1,9537.0,10453.0,13315.598761,MODERATE GAP,26049|Rheumatology,Genesee County
26125,Michigan,Rheumatology,Arthritis,2417,2,762,1222.0,1208.5,10453.0,13315.598761,LOW GAP,26125|Rheumatology,Oakland County
48201,Texas,Pulmonary,Respiratory Disease,54651,3,2118,5580.8,18217.0,4251.578947,5741.879972,CRITICAL GAP,48201|Pulmonary,Harris County
48029,Texas,Pulmonary,Respiratory Disease,5568,4,2320,4420.2,1392.0,4251.578947,5741.879972,LOW GAP,48029|Pulmonary,Bexar County
26077,Michigan,Rheumatology,Arthritis,17278,2,146,358.8,8639.0,10453.0,13315.598761,MODERATE GAP,26077|Rheumatology,Kalamazoo County
26163,Michigan,Rheumatology,Arthritis,640,1,61,258.0,640.0,10453.0,13315.598761,LOW GAP,26163|Rheumatology,Wayne County
26163,Michigan,Pulmonary,Respiratory Disease,4293,0,0,0.0,0.0,4251.578947,5741.879972,NO PROVIDER,26163|Pulmonary,Wayne County
37051,North Carolina,Rheumatology,Arthritis,17997,1,298,899.9,17997.0,10453.0,13315.598761,HIGH GAP,37051|Rheumatology,Cumberland County
48113,Texas,Cardiology,Heart Disease,2592,0,0,0.0,0.0,10823.136364,15071.056217,NO PROVIDER,48113|Cardiology,Dallas County
26077,Michigan,Psychiatry,Mental Health Disorders,1297,1,789,2039.6,1297.0,3104.5,4291.159571,LOW GAP,26077|Psychiatry,Kalamazoo County
37183,North Carolina,Endocrinology,Diabetes,8186,1,874,1575.2,8186.0,18070.0,22988.768287,LOW GAP,37183|Endocrinology,Wake County
37051,North Carolina,Psychiatry,Mental Health Disorders,780,1,503,1792.8,780.0,3104.5,4291.159571,LOW GAP,37051|Psychiatry,Cumberland County
48201,Texas,Cardiology,Heart Disease,21974,5,1475,5232.5,4394.8,10823.136364,15071.056217,LOW GAP,48201|Cardiology,Harris County
48439,Texas,Cardiology,Heart Disease,5253,1,763,3411.3,5253.0,10823.136364,15071.056217,LOW GAP,48439|Cardiology,Tarrant County
37081,North Carolina,Endocrinology,Diabetes,12728,3,1442,3127.9,4242.6667,18070.0,22988.768287,LOW GAP,37081|Endocrinology,Guilford County
26049,Michigan,Psychiatry,Mental Health Disorders,2001,0,0,0.0,0.0,3104.5,4291.159571,NO PROVIDER,26049|Psychiatry,Genesee County
26125,Michigan,Psychiatry,Mental Health Disorders,5800,1,409,1137.0,5800.0,3104.5,4291.159571,HIGH GAP,26125|Psychiatry,Oakland County
37183,North Carolina,Cardiology,Heart Disease,1942,2,218,803.0,971.0,10823.136364,15071.056217,LOW GAP,37183|Cardiology,Wake County
48085,Texas,Cardiology,Heart Disease,14558,1,736,3309.2,14558.0,10823.136364,15071.056217,HIGH GAP,48085|Cardiology,Collin County
37051,North Carolina,Endocrinology,Diabetes,23245,2,1520,5328.1,11622.5,18070.0,22988.768287,MODERATE GAP,37051|Endocrinology,Cumberland County
48113,Texas,Pulmonary,Respiratory Disease,3883,0,0,0.0,0.0,4251.578947,5741.879972,NO PROVIDER,48113|Pulmonary,Dallas County
48439,Texas,Pulmonary,Respiratory Disease,42841,3,1833,6735.3,14280.3333,4251.578947,5741.879972,CRITICAL GAP,48439|Pulmonary,Tarrant County
26077,Michigan,Rheumatology,Arthritis,916,0,0,0.0,0.0,10453.0,13315.598761,NO PROVIDER,26077|Rheumatology,Kalamazoo County
26049,Michigan,Rheumatology,Arthritis,1909,0,0,0.0,0.0,10453.0,13315.598761,NO PROVIDER,26049|Rheumatology,Genesee County
26099,Michigan,Pulmonary,Respiratory Disease,17829,3,230,928.8,5943.0,4251.578947,5741.879972,HIGH GAP,26099|Pulmonary,Macomb County
37183,North Carolina,Psychiatry,Mental Health Disorders,29742,2,640,1119.2,14871.0,3104.5,4291.159571,CRITICAL GAP,37183|Psychiatry,Wake County
37119,North Carolina,Rheumatology,Arthritis,5032,1,667,1568.3,5032.0,10453.0,13315.598761,LOW GAP,37119|Rheumatology,Mecklenburg County
37183,North Carolina,Rheumatology,Arthritis,98866,1,440,1499.4,98866.0,10453.0,13315.598761,CRITICAL GAP,37183|Rheumatology,Wake County
26125,Michigan,Pulmonary,Respiratory Disease,4946,1,682,2964.2,4946.0,4251.578947,5741.879972,HIGH GAP,26125|Pulmonary,Oakland County
48439,Texas,Cardiology,Heart Disease,26298,2,378,755.1,13149.0,10823.136364,15071.056217,HIGH GAP,48439|Cardiology,Tarrant County
37067,North Carolina,Cardiology,Heart Disease,11998,1,112,485.5,11998.0,10823.136364,15071.056217,HIGH GAP,37067|Cardiology,Forsyth County
48029,Texas,Pulmonary,Respiratory Disease,13643,2,853,1463.2,6821.5,4251.578947,5741.879972,HIGH GAP,48029|Pulmonary,Bexar County
26077,Michigan,Rheumatology,Arthritis,37234,2,1009,3069.2,18617.0,10453.0,13315.598761,HIGH GAP,26077|Rheumatology,Kalamazoo County
37067,North Carolina,Rheumatology,Arthritis,4529,1,687,1312.5,4529.0,10453.0,13315.598761,LOW GAP,37067|Rheumatology,Forsyth County
37183,North Carolina,Endocrinology,Diabetes,4777,0,0,0.0,0.0,18070.0,22988.768287,NO PROVIDER,37183|Endocrinology,Wake County
48201,Texas,Pulmonary,Respiratory Disease,48011,6,2348,5410.4,8001.8333,4251.578947,5741.879972,HIGH GAP,48201|Pulmonary,Harris County
37183,North Carolina,Cardiology,Heart Disease,3031,0,0,0.0,0.0,10823.136364,15071.056217,NO PROVIDER,37183|Cardiology,Wake County
26099,Michigan,Psychiatry,Mental Health Disorders,2811,0,0,0.0,0.0,3104.5,4291.159571,NO PROVIDER,26099|Psychiatry,Macomb County
37183,North Carolina,Psychiatry,Mental Health Disorders,11734,3,2179,6152.7,3911.3333,3104.5,4291.159571,HIGH GAP,37183|Psychiatry,Wake County
48439,Texas,Cardiology,Heart Disease,15697,2,1117,1700.0,7848.5,10823.136364,15071.056217,MODERATE GAP,48439|Cardiology,Tarrant County
48439,Texas,Pulmonary,Respiratory Disease,2525,1,444,1921.5,2525.0,4251.578947,5741.879972,MODERATE GAP,48439|Pulmonary,Tarrant County
26049,Michigan,Psychiatry,Mental Health Disorders,4768,2,656,1200.8,2384.0,3104.5,4291.159571,MODERATE GAP,26049|Psychiatry,Genesee County
26125,Michigan,Psychiatry,Mental Health Disorders,3060,0,0,0.0,0.0,3104.5,4291.159571,NO PROVIDER,26125|Psychiatry,Oakland County
37081,North Carolina,Rheumatology,Arthritis,3500,0,0,0.0,0.0,10453.0,13315.598761,NO PROVIDER,37081|Rheumatology,Guilford County
48113,Texas,Pulmonary,Respiratory Disease,3791,1,664,2824.4,3791.0,4251.578947,5741.879972,MODERATE GAP,48113|Pulmonary,Dallas County
48085,Texas,Pulmonary,Respiratory Disease,19065,3,758,2835.9,6355.0,4251.578947,5741.879972,HIGH GAP,48085|Pulmonary,Collin County
37051,North Carolina,Rheumatology,Arthritis,14054,1,462,1686.3,14054.0,10453.0,13315.598761,HIGH GAP,37051|Rheumatology,Cumberland County
48113,Texas,Endocrinology,Diabetes,10201,0,0,0.0,0.0,18070.0,22988.768287,NO PROVIDER,48113|Endocrinology,Dallas County
37051,North Carolina,Endocrinology,Diabetes,65267,2,921,3694.7,32633.5,18070.0,22988.768287,HIGH GAP,37051|Endocrinology,Cumberland County
37051,North Carolina,Psychiatry,Mental Health Disorders,1632,2,1795,4578.9,816.0,3104.5,4291.159571,LOW GAP,37051|Psychiatry,Cumberland County
37183,North Carolina,Psychiatry,Mental Health Disorders,30785,1,231,976.0,30785.0,3104.5,4291.159571,CRITICAL GAP,37183|Psychiatry,Wake County
26049,Michigan,Psychiatry,Mental Health Disorders,2240,0,0,0.0,0.0,3104.5,4291.159571,NO PROVIDER,26049|Psychiatry,Genesee County
26099,Michigan,Pulmonary,Respiratory Disease,37696,1,162,662.5,37696.0,4251.578947,5741.879972,CRITICAL GAP,26099|Pulmonary,Macomb County
48085,Texas,Pulmonary,Respiratory Disease,16258,4,344,975.2,4064.5,4251.578947,5741.879972,MODERATE GAP,48085|Pulmonary,Collin County
48201,Texas,Endocrinology,Diabetes,21255,2,1554,3516.4,10627.5,18070.0,22988.768287,MODERATE GAP,48201|Endocrinology,Harris County
37081,North Carolina,Endocrinology,Diabetes,53911,2,1743,6569.2,26955.5,18070.0,22988.768287,HIGH GAP,37081|Endocrinology,Guilford County
37081,North Carolina,Rheumatology,Arthritis,2134,0,0,0.0,0.0,10453.0,13315.598761,NO PROVIDER,37081|Rheumatology,Guilford County
48201,Texas,Cardiology,Heart Disease,16767,4,636,1813.3,4191.75,10823.136364,15071.056217,LOW GAP,48201|Cardiology,Harris County
37051,North Carolina,Rheumatology,Arthritis,2044,0,0,0.0,0.0,10453.0,13315.598761,NO PROVIDER,37051|Rheumatology,Cumberland County
48113,Texas,Endocrinology,Diabetes,9608,0,0,0.0,0.0,18070.0,22988.768287,NO PROVIDER,48113|Endocrinology,Dallas County
48113,Texas,Endocrinology,Diabetes,6030,0,0,0.0,0.0,18070.0,22988.768287,NO PROVIDER,48113|Endocrinology,Dallas County
37081,North Carolina,Endocrinology,Diabetes,29128,2,209,775.9,14564.0,18070.0,22988.768287,MODERATE GAP,37081|Endocrinology,Guilford County
48201,Texas,Endocrinology,Diabetes,64768,2,447,1667.7,32384.0,18070.0,22988.768287,HIGH GAP,48201|Endocrinology,Harris County
26077,Michigan,Rheumatology,Arthritis,44642,3,2102,3751.3,14880.6667,10453.0,13315.598761,HIGH GAP,26077|Rheumatology,Kalamazoo County
37081,North Carolina,Psychiatry,Mental Health Disorders,5171,1,431,1717.4,5171.0,3104.5,4291.159571,HIGH GAP,37081|Psychiatry,Guilford County
26049,Michigan,Rheumatology,Arthritis,8793,1,604,1629.3,8793.0,10453.0,13315.598761,MODERATE GAP,26049|Rheumatology,Genesee County
37119,North Carolina,Endocrinology,Diabetes,3333,0,0,0.0,0.0,18070.0,22988.768287,NO PROVIDER,37119|Endocrinology,Mecklenburg County
37119,North Carolina,Psychiatry,Mental Health Disorders,960,2,844,3054.2,480.0,3104.5,4291.159571,LOW GAP,37119|Psychiatry,Mecklenburg County
37119,North Carolina,Endocrinology,Diabetes,3750,0,0,0.0,0.0,18070.0,22988.768287,NO PROVIDER,37119|Endocrinology,Mecklenburg County
26077,Michigan,Pulmonary,Respiratory Disease,658,0,0,0.0,0.0,4251.578947,5741.879972,NO PROVIDER,26077|Pulmonary,Kalamazoo County
48085,Texas,Endocrinology,Diabetes,13722,1,421,1888.0,13722.0,18070.0,22988.768287,MODERATE GAP,48085|Endocrinology,Collin County
26163,Michigan,Rheumatology,Arthritis,10319,0,0,0.0,0.0,10453.0,13315.598761,NO PROVIDER,26163|Rheumatology,Wayne County
26125,Michigan,Pulmonary,Respiratory Disease,1591,0,0,0.0,0.0,4251.578947,5741.879972,NO PROVIDER,26125|Pulmonary,Oakland County
48113,Texas,Cardiology,Heart Disease,23996,5,4036,16871.9,4799.2,10823.136364,15071.056217,LOW GAP,48113|Cardiology,Dallas County
48085,Texas,Cardiology,Heart Disease,7963,4,2750,6983.6,1990.75,10823.136364,15071.056217,LOW GAP,48085|Cardiology,Collin County
37051,North Carolina,Endocrinology,Diabetes,1045,0,0,0.0,0.0,18070.0,22988.768287,NO PROVIDER,37051|Endocrinology,Cumberland County
37067,North Carolina,Cardiology,Heart Disease,20341,2,1077,3125.3,10170.5,10823.136364,15071.056217,MODERATE GAP,37067|Cardiology,Forsyth County
37183,North Carolina,Cardiology,Heart Disease,5744,1,670,2912.2,5744.0,10823.136364,15071.056217,MODERATE GAP,37183|Cardiology,Wake County
48029,Texas,Endocrinology,Diabetes,25070,3,972,3045.9,8356.6667,18070.0,22988.768287,LOW GAP,48029|Endocrinology,Bexar County
26163,Michigan,Pulmonary,Respiratory Disease,5328,1,723,2539.8,5328.0,4251.578947,5741.879972,HIGH GAP,26163|Pulmonary,Wayne County
37119,North Carolina,Psychiatry,Mental Health Disorders,4794,1,329,1416.9,4794.0,3104.5,4291.159571,HIGH GAP,37119|Psychiatry,Mecklenburg County
26049,Michigan,Rheumatology,Arthritis,41799,1,415,778.2,41799.0,10453.0,13315.598761,CRITICAL GAP,26049|Rheumatology,Genesee County
48085,Texas,Pulmonary,Respiratory Disease,1200,0,0,0.0,0.0,4251.578947,5741.879972,NO PROVIDER,48085|Pulmonary,Collin County
37119,North Carolina,Endocrinology,Diabetes,3404,0,0,0.0,0.0,18070.0,22988.768287,NO PROVIDER,37119|Endocrinology,Mecklenburg County
37067,North Carolina,Rheumatology,Arthritis,1247,1,166,635.2,1247.0,10453.0,13315.598761,LOW GAP,37067|Rheumatology,Forsyth County
37081,North Carolina,Endocrinology,Diabetes,13526,1,73,315.9,13526.0,18070.0,22988.768287,MODERATE GAP,37081|Endocrinology,Guilford County
37119,North Carolina,Rheumatology,Arthritis,7255,0,0,0.0,0.0,10453.0,13315.598761,NO PROVIDER,37119|Rheumatology,Mecklenburg County
26049,Michigan,Pulmonary,Respiratory Disease,963,0,0,0.0,0.0,4251.578947,5741.879972,NO PROVIDER,26049|Pulmonary,Genesee County
26163,Michigan,Rheumatology,Arthritis,15294,0,0,0.0,0.0,10453.0,13315.598761,NO PROVIDER,26163|Rheumatology,Wayne County
26049,Michigan,Pulmonary,Respiratory Disease,4063,1,892,1690.4,4063.0,4251.578947,5741.879972,MODERATE GAP,26049|Pulmonary,Genesee County
37067,North Carolina,Endocrinology,Diabetes,28091,2,1265,3980.9,14045.5,18070.0,22988.768287,MODERATE GAP,37067|Endocrinology,Forsyth County
37081,North Carolina,Psychiatry,Mental Health Disorders,4400,0,0,0.0,0.0,3104.5,4291.159571,NO PROVIDER,37081|Psychiatry,Guilford County
26125,Michigan,Pulmonary,Respiratory Disease,453,1,869,3670.5,453.0,4251.578947,5741.879972,LOW GAP,26125|Pulmonary,Oakland County
37183,North Carolina,Rheumatology,Arthritis,65328,1,828,1995.3,65328.0,10453.0,13315.598761,CRITICAL GAP,37183|Rheumatology,Wake County
48113,Texas,Endocrinology,Diabetes,176115,3,1560,2793.9,58705.0,18070.0,22988.768287,CRITICAL GAP,48113|Endocrinology,Dallas County
48113,Texas,Pulmonary,Respiratory Disease,4908,4,1728,5912.0,1227.0,4251.578947,5741.879972,LOW GAP,48113|Pulmonary,Dallas County
26099,Michigan,Pulmonary,Respiratory Disease,737,1,260,1136.4,737.0,4251.578947,5741.879972,LOW GAP,26099|Pulmonary,Macomb County
48029,Texas,Cardiology,Heart Disease,3629,0,0,0.0,0.0,10823.136364,15071.056217,NO PROVIDER,48029|Cardiology,Bexar County
48113,Texas,Pulmonary,Respiratory Disease,15797,2,774,3355.6,7898.5,4251.578947,5741.879972,HIGH GAP,48113|Pulmonary,Dallas County
48201,Texas,Endocrinology,Diabetes,60545,4,3469,7060.5,15136.25,18070.0,22988.768287,MODERATE GAP,48201|Endocrinology,Harris County
37051,North Carolina,Cardiology,Heart Disease,3463,2,1405,3694.3,1731.5,10823.136364,15071.056217,LOW GAP,37051|Cardiology,Cumberland County
48439,Texas,Endocrinology,Diabetes,34660,2,466,1517.9,17330.0,18070.0,22988.768287,MODERATE GAP,48439|Endocrinology,Tarrant County
48201,Texas,Endocrinology,Diabetes,513926,5,4225,12264.8,102785.2,18070.0,22988.768287,CRITICAL GAP,48201|Endocrinology,Harris County
48085,Texas,Pulmonary,Respiratory Disease,11210,2,1400,5645.9,5605.0,4251.578947,5741.879972,HIGH GAP,48085|Pulmonary,Collin County
48113,Texas,Pulmonary,Respiratory Disease,4848,0,0,0.0,0.0,4251.578947,5741.879972,NO PROVIDER,48113|Pulmonary,Dallas County
37081,North Carolina,Rheumatology,Arthritis,10197,2,466,1132.4,5098.5,10453.0,13315.598761,LOW GAP,37081|Rheumatology,Guilford County
26125,Michigan,Rheumatology,Arthritis,48350,3,2180,3912.8,16116.6667,10453.0,13315.598761,HIGH GAP,26125|Rheumatology,Oakland County
48085,Texas,Pulmonary,Respiratory Disease,7786,1,497,998.9,7786.0,4251.578947,5741.879972,HIGH GAP,48085|Pulmonary,Collin County
48201,Texas,Pulmonary,Respiratory Disease,9969,0,0,0.0,0.0,4251.578947,5741.879972,NO PROVIDER,48201|Pulmonary,Harris County
26099,Michigan,Pulmonary,Respiratory Disease,12741,2,416,807.7,6370.5,4251.578947,5741.879972,HIGH GAP,26099|Pulmonary,Macomb County
48085,Texas,Cardiology,Heart Disease,55157,1,865,3248.8,55157.0,10823.136364,15071.056217,CRITICAL GAP,48085|Cardiology,Collin County
37051,North Carolina,Endocrinology,Diabetes,1065,0,0,0.0,0.0,18070.0,22988.768287,NO PROVIDER,37051|Endocrinology,Cumberland County
37183,North Carolina,Psychiatry,Mental Health Disorders,4122,0,0,0.0,0.0,3104.5,4291.159571,NO PROVIDER,37183|Psychiatry,Wake County
26125,Michigan,Pulmonary,Respiratory Disease,1619,0,0,0.0,0.0,4251.578947,5741.879972,NO PROVIDER,26125|Pulmonary,Oakland County
37067,North Carolina,Rheumatology,Arthritis,6234,1,654,2103.6,6234.0,10453.0,13315.598761,MODERATE GAP,37067|Rheumatology,Forsyth County
26125,Michigan,Psychiatry,Mental Health Disorders,4156,2,1567,5491.6,2078.0,3104.5,4291.159571,MODERATE GAP,26125|Psychiatry,Oakland County
48113,Texas,Cardiology,Heart Disease,39493,2,405,1335.8,19746.5,10823.136364,15071.056217,HIGH GAP,48113|Cardiology,Dallas County
26099,Michigan,Rheumatology,Arthritis,16648,1,722,1993.0,16648.0,10453.0,13315.598761,HIGH GAP,26099|Rheumatology,Macomb County
37183,North Carolina,Psychiatry,Mental Health Disorders,5725,1,747,2911.9,5725.0,3104.5,4291.159571,HIGH GAP,37183|Psychiatry,Wake County
48439,Texas,Pulmonary,Respiratory Disease,1720,0,0,0.0,0.0,4251.578947,5741.879972,NO PROVIDER,48439|Pulmonary,Tarrant County
37119,North Carolina,Rheumatology,Arthritis,6587,1,704,2585.3,6587.0,10453.0,13315.598761,MODERATE GAP,37119|Rheumatology,Mecklenburg County
48029,Texas,Pulmonary,Respiratory Disease,7153,1,116,440.2,7153.0,4251.578947,5741.879972,HIGH GAP,48029|Pulmonary,Bexar County
26049,Michigan,Rheumatology,Arthritis,3222,0,0,0.0,0.0,10453.0,13315.598761,NO PROVIDER,26049|Rheumatology,Genesee County
48029,Texas,Pulmonary,Respiratory Disease,3088,1,234,417.8,3088.0,4251.578947,5741.879972,MODERATE GAP,48029|Pulmonary,Bexar County
26125,Michigan,Pulmonary,Respiratory Disease,11480,2,879,1438.7,5740.0,4251.578947,5741.879972,HIGH GAP,26125|Pulmonary,Oakland County
48029,Texas,Cardiology,Heart Disease,3568,0,0,0.0,0.0,10823.136364,15071.056217,NO PROVIDER,48029|Cardiology,Bexar County
48113,Texas,Pulmonary,Respiratory Disease,47925,2,518,1911.1,23962.5,4251.578947,5741.879972,CRITICAL GAP,48113|Pulmonary,Dallas County
26099,Michigan,Psychiatry,Mental Health Disorders,64484,2,403,1385.5,32242.0,3104.5,4291.159571,CRITICAL GAP,26099|Psychiatry,Macomb County
37119,North Carolina,Cardiology,Heart Disease,94751,2,723,2215.5,47375.5,10823.136364,15071.056217,CRITICAL GAP,37119|Cardiology,Mecklenburg County
37183,North Carolina,Psychiatry,Mental Health Disorders,14880,1,122,370.2,14880.0,3104.5,4291.159571,CRITICAL GAP,37183|Psychiatry,Wake County
26077,Michigan,Pulmonary,Respiratory Disease,3305,1,187,397.0,3305.0,4251.578947,5741.879972,MODERATE GAP,26077|Pulmonary,Kalamazoo County
37067,North Carolina,Cardiology,Heart Disease,376,0,0,0.0,0.0,10823.136364,15071.056217,NO PROVIDER,37067|Cardiology,Forsyth County
48085,Texas,Cardiology,Heart Disease,1397,0,0,0.0,0.0,10823.136364,15071.056217,NO PROVIDER,48085|Cardiology,Collin County
26077,Michigan,Pulmonary,Respiratory Disease,309,0,0,0.0,0.0,4251.578947,5741.879972,NO PROVIDER,26077|Pulmonary,Kalamazoo County
48029,Texas,Endocrinology,Diabetes,76394,1,160,372.1,76394.0,18070.0,22988.768287,CRITICAL GAP,48029|Endocrinology,Bexar County
48201,Texas,Cardiology,Heart Disease,38954,1,695,2542.6,38954.0,10823.136364,15071.056217,CRITICAL GAP,48201|Cardiology,Harris County
48085,Texas,Cardiology,Heart Disease,19426,1,249,838.1,19426.0,10823.136364,15071.056217,HIGH GAP,48085|Cardiology,Collin County
37183,North Carolina,Psychiatry,Mental Health Disorders,3293,1,348,928.5,3293.0,3104.5,4291.159571,HIGH GAP,37183|Psychiatry,Wake County
37183,North Carolina,Rheumatology,Arthritis,10975,0,0,0.0,0.0,10453.0,13315.598761,NO PROVIDER,37183|Rheumatology,Wake County
48029,Texas,Cardiology,Heart Disease,5761,2,1777,6491.9,2880.5,10823.136364,15071.056217,LOW GAP,48029|Cardiology,Bexar County
48085,Texas,Cardiology,Heart Disease,4967,2,103,189.1,2483.5,10823.136364,15071.056217,LOW GAP,48085|Cardiology,Collin County
48029,Texas,Pulmonary,Respiratory Disease,10191,3,333,1014.7,3397.0,4251.578947,5741.879972,MODERATE GAP,48029|Pulmonary,Bexar County
26049,Michigan,Pulmonary,Respiratory Disease,30678,1,262,736.4,30678.0,4251.578947,5741.879972,CRITICAL GAP,26049|Pulmonary,Genesee County
37119,North Carolina,Cardiology,Heart Disease,47502,3,929,2092.6,15834.0,10823.136364,15071.056217,HIGH GAP,37119|Cardiology,Mecklenburg County
37051,North Carolina,Endocrinology,Diabetes,1036,0,0,0.0,0.0,18070.0,22988.768287,NO PROVIDER,37051|Endocrinology,Cumberland County
48113,Texas,Cardiology,Heart Disease,2188,0,0,0.0,0.0,10823.136364,15071.056217,NO PROVIDER,48113|Cardiology,Dallas County
26049,Michigan,Rheumatology,Arthritis,10611,1,159,361.4,10611.0,10453.0,13315.598761,HIGH GAP,26049|Rheumatology,Genesee County
37081,North Carolina,Cardiology,Heart Disease,780,0,0,0.0,0.0,10823.136364,15071.056217,NO PROVIDER,37081|Cardiology,Guilford County
48085,Texas,Endocrinology,Diabetes,2555,0,0,0.0,0.0,18070.0,22988.768287,NO PROVIDER,48085|Endocrinology,Collin County
37119,North Carolina,Cardiology,Heart Disease,283624,4,560,1408.4,70906.0,10823.136364,15071.056217,CRITICAL GAP,37119|Cardiology,Mecklenburg County
48085,Texas,Pulmonary,Respiratory Disease,2380,0,0,0.0,0.0,4251.578947,5741.879972,NO PROVIDER,48085|Pulmonary,Collin County
26125,Michigan,Pulmonary,Respiratory Disease,2089,2,1543,3357.1,1044.5,4251.578947,5741.879972,LOW GAP,26125|Pulmonary,Oakland County
26163,Michigan,Rheumatology,Arthritis,13061,1,129,346.0,13061.0,10453.0,13315.598761,HIGH GAP,26163|Rheumatology,Wayne County
37119,North Carolina,Endocrinology,Diabetes,9627,1,382,868.3,9627.0,18070.0,22988.768287,MODERATE GAP,37119|Endocrinology,Mecklenburg County
48113,Texas,Pulmonary,Respiratory Disease,2085,0,0,0.0,0.0,4251.578947,5741.879972,NO PROVIDER,48113|Pulmonary,Dallas County
26163,Michigan,Psychiatry,Mental Health Disorders,33108,1,394,1121.4,33108.0,3104.5,4291.159571,CRITICAL GAP,26163|Psychiatry,Wayne County
37067,North Carolina,Psychiatry,Mental Health Disorders,2295,0,0,0.0,0.0,3104.5,4291.159571,NO PROVIDER,37067|Psychiatry,Forsyth County
48201,Texas,Cardiology,Heart Disease,75662,1,621,1455.4,75662.0,10823.136364,15071.056217,CRITICAL GAP,48201|Cardiology,Harris County
48201,Texas,Pulmonary,Respiratory Disease,27798,2,1485,3275.6,13899.0,4251.578947,5741.879972,CRITICAL GAP,48201|Pulmonary,Harris County
37051,North Carolina,Endocrinology,Diabetes,1170,0,0,0.0,0.0,18070.0,22988.768287,NO PROVIDER,37051|Endocrinology,Cumberland County
37183,North Carolina,Rheumatology,Arthritis,20078,3,1371,4088.0,6692.6667,10453.0,13315.598761,MODERATE GAP,37183|Rheumatology,Wake County
37183,North Carolina,Psychiatry,Mental Health Disorders,2749,2,509,1404.6,1374.5,3104.5,4291.159571,LOW GAP,37183|Psychiatry,Wake County
26077,Michigan,Psychiatry,Mental Health Disorders,5400,2,311,1306.8,2700.0,3104.5,4291.159571,MODERATE GAP,26077|Psychiatry,Kalamazoo County
26077,Michigan,Psychiatry,Mental Health Disorders,1206,0,0,0.0,0.0,3104.5,4291.159571,NO PROVIDER,26077|Psychiatry,Kalamazoo County
26077,Michigan,Pulmonary,Respiratory Disease,19988,3,266,1029.7,6662.6667,4251.578947,5741.879972,HIGH GAP,26077|Pulmonary,Kalamazoo County
26099,Michigan,Psychiatry,Mental Health Disorders,9122,2,1732,3365.7,4561.0,3104.5,4291.159571,HIGH GAP,26099|Psychiatry,Macomb County
48113,Texas,Pulmonary,Respiratory Disease,2241,0,0,0.0,0.0,4251.578947,5741.879972,NO PROVIDER,48113|Pulmonary,Dallas County
26163,Michigan,Rheumatology,Arthritis,9190,0,0,0.0,0.0,10453.0,13315.598761,NO PROVIDER,26163|Rheumatology,Wayne County
48113,Texas,Endocrinology,Diabetes,42295,2,453,1023.6,21147.5,18070.0,22988.768287,HIGH GAP,48113|Endocrinology,Dallas County
26125,Michigan,Rheumatology,Arthritis,117240,3,1087,2676.2,39080.0,10453.0,13315.598761,CRITICAL GAP,26125|Rheumatology,Oakland County
48201,Texas,Cardiology,Heart Disease,30045,7,3246,9647.5,4292.1429,10823.136364,15071.056217,LOW GAP,48201|Cardiology,Harris County
37183,North Carolina,Endocrinology,Diabetes,11038,2,340,782.3,5519.0,18070.0,22988.768287,LOW GAP,37183|Endocrinology,Wake County
48029,Texas,Endocrinology,Diabetes,11489,3,2272,9005.5,3829.6667,18070.0,22988.768287,LOW GAP,48029|Endocrinology,Bexar County
48113,Texas,Endocrinology,Diabetes,11792,3,1178,3752.5,3930.6667,18070.0,22988.768287,LOW GAP,48113|Endocrinology,Dallas County
37183,North Carolina,Cardiology,Heart Disease,531,0,0,0.0,0.0,10823.136364,15071.056217,NO PROVIDER,37183|Cardiology,Wake County
37119,North Carolina,Cardiology,Heart Disease,22095,2,1785,4057.0,11047.5,10823.136364,15071.056217,HIGH GAP,37119|Cardiology,Mecklenburg County
37183,North Carolina,Cardiology,Heart Disease,835,0,0,0.0,0.0,10823.136364,15071.056217,NO PROVIDER,37183|Cardiology,Wake County
26125,Michigan,Rheumatology,Arthritis,20566,1,557,2159.8,20566.0,10453.0,13315.598761,HIGH GAP,26125|Rheumatology,Oakland County
37119,North Carolina,Endocrinology,Diabetes,2649,0,0,0.0,0.0,18070.0,22988.768287,NO PROVIDER,37119|Endocrinology,Mecklenburg County
48085,Texas,Endocrinology,Diabetes,4190,0,0,0.0,0.0,18070.0,22988.768287,NO PROVIDER,48085|Endocrinology,Collin County
26077,Michigan,Pulmonary,Respiratory Disease,626,1,637,1607.6,626.0,4251.578947,5741.879972,LOW GAP,26077|Pulmonary,Kalamazoo County
48029,Texas,Cardiology,Heart Disease,4285,1,897,3711.4,4285.0,10823.136364,15071.056217,LOW GAP,48029|Cardiology,Bexar County
48439,Texas,Endocrinology,Diabetes,21312,2,761,1631.3,10656.0,18070.0,22988.768287,MODERATE GAP,48439|Endocrinology,Tarrant County
48439,Texas,Pulmonary,Respiratory Disease,17942,4,2619,4073.4,4485.5,4251.578947,5741.879972,HIGH GAP,48439|Pulmonary,Tarrant County
37051,North Carolina,Cardiology,Heart Disease,428,0,0,0.0,0.0,10823.136364,15071.056217,NO PROVIDER,37051|Cardiology,Cumberland County
48113,Texas,Cardiology,Heart Disease,9530,1,368,656.3,9530.0,10823.136364,15071.056217,MODERATE GAP,48113|Cardiology,Dallas County
48201,Texas,Endocrinology,Diabetes,12281,0,0,0.0,0.0,18070.0,22988.768287,NO PROVIDER,48201|Endocrinology,Harris County
26077,Michigan,Rheumatology,Arthritis,10787,1,96,236.3,10787.0,10453.0,13315.598761,HIGH GAP,26077|Rheumatology,Kalamazoo County
26125,Michigan,Pulmonary,Respiratory Disease,19622,3,1008,3529.3,6540.6667,4251.578947,5741.879972,HIGH GAP,26125|Pulmonary,Oakland County
48201,Texas,Cardiology,Heart Disease,6393,0,0,0.0,0.0,10823.136364,15071.056217,NO PROVIDER,48201|Cardiology,Harris County
48201,Texas,Pulmonary,Respiratory Disease,9376,3,1363,2291.2,3125.3333,4251.578947,5741.879972,MODERATE GAP,48201|Pulmonary,Harris County
37081,North Carolina,Psychiatry,Mental Health Disorders,1824,1,274,552.7,1824.0,3104.5,4291.159571,MODERATE GAP,37081|Psychiatry,Guilford County
37067,North Carolina,Psychiatry,Mental Health Disorders,8183,1,119,436.9,8183.0,3104.5,4291.159571,CRITICAL GAP,37067|Psychiatry,Forsyth County
26163,Michigan,Psychiatry,Mental Health Disorders,1732,3,411,1308.0,577.3333,3104.5,4291.159571,LOW GAP,26163|Psychiatry,Wayne County
37051,North Carolina,Endocrinology,Diabetes,2095,1,237,1020.7,2095.0,18070.0,22988.768287,LOW GAP,37051|Endocrinology,Cumberland County
26125,Michigan,Rheumatology,Arthritis,87758,2,1105,4673.7,43879.0,10453.0,13315.598761,CRITICAL GAP,26125|Rheumatology,Oakland County
37067,North Carolina,Cardiology,Heart Disease,435,0,0,0.0,0.0,10823.136364,15071.056217,NO PROVIDER,37067|Cardiology,Forsyth County
26049,Michigan,Pulmonary,Respiratory Disease,581,0,0,0.0,0.0,4251.578947,5741.879972,NO PROVIDER,26049|Pulmonary,Genesee County
37081,North Carolina,Rheumatology,Arthritis,5514,1,575,2361.3,5514.0,10453.0,13315.598761,MODERATE GAP,37081|Rheumatology,Guilford County
37067,North Carolina,Psychiatry,Mental Health Disorders,1501,0,0,0.0,0.0,3104.5,4291.159571,NO PROVIDER,37067|Psychiatry,Forsyth County
48201,Texas,Cardiology,Heart Disease,6191,0,0,0.0,0.0,10823.136364,15071.056217,NO PROVIDER,48201|Cardiology,Harris County
37051,North Carolina,Cardiology,Heart Disease,650,0,0,0.0,0.0,10823.136364,15071.056217,NO PROVIDER,37051|Cardiology,Cumberland County
26049,Michigan,Psychiatry,Mental Health Disorders,16072,2,399,1391.0,8036.0,3104.5,4291.159571,CRITICAL GAP,26049|Psychiatry,Genesee County
37067,North Carolina,Endocrinology,Diabetes,20307,1,330,985.5,20307.0,18070.0,22988.768287,HIGH GAP,37067|Endocrinology,Forsyth County
37119,North Carolina,Psychiatry,Mental Health Disorders,3016,1,745,2888.6,3016.0,3104.5,4291.159571,MODERATE GAP,37119|Psychiatry,Mecklenburg County
26049,Michigan,Rheumatology,Arthritis,1714,0,0,0.0,0.0,10453.0,13315.598761,NO PROVIDER,26049|Rheumatology,Genesee County
37119,North Carolina,Rheumatology,Arthritis,3275,1,796,1485.4,3275.0,10453.0,13315.598761,LOW GAP,37119|Rheumatology,Mecklenburg County
26099,Michigan,Rheumatology,Arthritis,7725,1,518,1343.8,7725.0,10453.0,13315.598761,MODERATE GAP,26099|Rheumatology,Macomb County
48085,Texas,Pulmonary,Respiratory Disease,6821,1,657,2942.3,6821.0,4251.578947,5741.879972,HIGH GAP,48085|Pulmonary,Collin County
48029,Texas,Pulmonary,Respiratory Disease,2865,0,0,0.0,0.0,4251.578947,5741.879972,NO PROVIDER,48029|Pulmonary,Bexar County
37067,North Carolina,Endocrinology,Diabetes,2203,0,0,0.0,0.0,18070.0,22988.768287,NO PROVIDER,37067|Endocrinology,Forsyth County
48439,Texas,Endocrinology,Diabetes,193848,2,560,1109.8,96924.0,18070.0,22988.768287,CRITICAL GAP,48439|Endocrinology,Tarrant County
26099,Michigan,Pulmonary,Respiratory Disease,2532,2,1536,6152.4,1266.0,4251.578947,5741.879972,LOW GAP,26099|Pulmonary,Macomb County
37119,North Carolina,Rheumatology,Arthritis,4915,0,0,0.0,0.0,10453.0,13315.598761,NO PROVIDER,37119|Rheumatology,Mecklenburg County
37067,North Carolina,Cardiology,Heart Disease,543,0,0,0.0,0.0,10823.136364,15071.056217,NO PROVIDER,37067|Cardiology,Forsyth County
48029,Texas,Cardiology,Heart Disease,46409,1,131,438.7,46409.0,10823.136364,15071.056217,CRITICAL GAP,48029|Cardiology,Bexar County
37051,North Carolina,Psychiatry,Mental Health Disorders,3228,1,863,2016.9,3228.0,3104.5,4291.159571,HIGH GAP,37051|Psychiatry,Cumberland County
26163,Michigan,Psychiatry,Mental Health Disorders,4449,1,520,845.3,4449.0,3104.5,4291.159571,HIGH GAP,26163|Psychiatry,Wayne County
37067,North Carolina,Rheumatology,Arthritis,1912,0,0,0.0,0.0,10453.0,13315.598761,NO PROVIDER,37067|Rheumatology,Forsyth County
26125,Michigan,Psychiatry,Mental Health Disorders,380,1,562,2396.2,380.0,3104.5,4291.159571,LOW GAP,26125|Psychiatry,Oakland County
37183,North Carolina,Endocrinology,Diabetes,2590,0,0,0.0,0.0,18070.0,22988.768287,NO PROVIDER,37183|Endocrinology,Wake County
37067,North Carolina,Cardiology,Heart Disease,675,0,0,0.0,0.0,10823.136364,15071.056217,NO PROVIDER,37067|Cardiology,Forsyth County
26049,Michigan,Psychiatry,Mental Health Disorders,4661,1,327,616.2,4661.0,3104.5,4291.159571,HIGH GAP,26049|Psychiatry,Genesee County
48113,Texas,Endocrinology,Diabetes,25512,2,314,557.4,12756.0,18070.0,22988.768287,MODERATE GAP,48113|Endocrinology,Dallas County
26163,Michigan,Pulmonary,Respiratory Disease,6645,1,668,2415.4,6645.0,4251.578947,5741.879972,HIGH GAP,26163|Pulmonary,Wayne County
37051,North Carolina,Cardiology,Heart Disease,18635,2,382,624.5,9317.5,10823.136364,15071.056217,MODERATE GAP,37051|Cardiology,Cumberland County
37183,North Carolina,Cardiology,Heart Disease,1224,0,0,0.0,0.0,10823.136364,15071.056217,NO PROVIDER,37183|Cardiology,Wake County
26077,Michigan,Rheumatology,Arthritis,31210,2,1725,3263.7,15605.0,10453.0,13315.598761,HIGH GAP,26077|Rheumatology,Kalamazoo County
37051,North Carolina,Rheumatology,Arthritis,1250,0,0,0.0,0.0,10453.0,13315.598761,NO PROVIDER,37051|Rheumatology,Cumberland County
37051,North Carolina,Rheumatology,Arthritis,2099,0,0,0.0,0.0,10453.0,13315.598761,NO PROVIDER,37051|Rheumatology,Cumberland County
48201,Texas,Pulmonary,Respiratory Disease,7943,0,0,0.0,0.0,4251.578947,5741.879972,NO PROVIDER,48201|Pulmonary,Harris County
26049,Michigan,Pulmonary,Respiratory Disease,392,1,82,129.9,392.0,4251.578947,5741.879972,LOW GAP,26049|Pulmonary,Genesee County
48113,Texas,Endocrinology,Diabetes,62516,1,805,3084.8,62516.0,18070.0,22988.768287,CRITICAL GAP,48113|Endocrinology,Dallas County
37067,North Carolina,Endocrinology,Diabetes,28125,1,261,451.0,28125.0,18070.0,22988.768287,HIGH GAP,37067|Endocrinology,Forsyth County
26125,Michigan,Rheumatology,Arthritis,17359,1,373,1549.8,17359.0,10453.0,13315.598761,HIGH GAP,26125|Rheumatology,Oakland County
37081,North Carolina,Psychiatry,Mental Health Disorders,1799,1,217,375.2,1799.0,3104.5,4291.159571,MODERATE GAP,37081|Psychiatry,Guilford County
37183,North Carolina,Rheumatology,Arthritis,6903,0,0,0.0,0.0,10453.0,13315.598761,NO PROVIDER,37183|Rheumatology,Wake County
26099,Michigan,Psychiatry,Mental Health Disorders,29535,3,2238,8317.0,9845.0,3104.5,4291.159571,CRITICAL GAP,26099|Psychiatry,Macomb County
26125,Michigan,Rheumatology,Arthritis,7548,0,0,0.0,0.0,10453.0,13315.598761,NO PROVIDER,26125|Rheumatology,Oakland County
37051,North Carolina,Psychiatry,Mental Health Disorders,1260,0,0,0.0,0.0,3104.5,4291.159571,NO PROVIDER,37051|Psychiatry,Cumberland County
48029,Texas,Pulmonary,Respiratory Disease,3433,1,468,1444.2,3433.0,4251.578947,5741.879972,MODERATE GAP,48029|Pulmonary,Bexar County
37051,North Carolina,Cardiology,Heart Disease,19216,2,845,1889.5,9608.0,10823.136364,15071.056217,MODERATE GAP,37051|Cardiology,Cumberland County
48439,Texas,Pulmonary,Respiratory Disease,2454,1,402,1232.4,2454.0,4251.578947,5741.879972,MODERATE GAP,48439|Pulmonary,Tarrant County
26099,Michigan,Psychiatry,Mental Health Disorders,4953,1,630,1428.1,4953.0,3104.5,4291.159571,HIGH GAP,26099|Psychiatry,Macomb County
48201,Texas,Endocrinology,Diabetes,16675,0,0,0.0,0.0,18070.0,22988.768287,NO PROVIDER,48201|Endocrinology,Harris County
48029,Texas,Endocrinology,Diabetes,5232,1,95,142.6,5232.0,18070.0,22988.768287,LOW GAP,48029|Endocrinology,Bexar County
48029,Texas,Endocrinology,Diabetes,8263,1,881,3290.5,8263.0,18070.0,22988.768287,LOW GAP,48029|Endocrinology,Bexar County
37183,North Carolina,Rheumatology,Arthritis,15355,1,831,2182.9,15355.0,10453.0,13315.598761,HIGH GAP,37183|Rheumatology,Wake County
37051,North Carolina,Cardiology,Heart Disease,1869,2,302,674.8,934.5,10823.136364,15071.056217,LOW GAP,37051|Cardiology,Cumberland County
37067,North Carolina,Psychiatry,Mental Health Disorders,6001,2,1608,4270.4,3000.5,3104.5,4291.159571,MODERATE GAP,37067|Psychiatry,Forsyth County
37067,North Carolina,Endocrinology,Diabetes,6460,1,51,81.9,6460.0,18070.0,22988.768287,LOW GAP,37067|Endocrinology,Forsyth County
48085,Texas,Cardiology,Heart Disease,8330,1,812,1790.7,8330.0,10823.136364,15071.056217,MODERATE GAP,48085|Cardiology,Collin County
37051,North Carolina,Psychiatry,Mental Health Disorders,2906,1,744,2646.9,2906.0,3104.5,4291.159571,MODERATE GAP,37051|Psychiatry,Cumberland County
26125,Michigan,Rheumatology,Arthritis,4308,0,0,0.0,0.0,10453.0,13315.598761,NO PROVIDER,26125|Rheumatology,Oakland County
37067,North Carolina,Rheumatology,Arthritis,1449,0,0,0.0,0.0,10453.0,13315.598761,NO PROVIDER,37067|Rheumatology,Forsyth County
26049,Michigan,Pulmonary,Respiratory Disease,4871,1,649,1856.0,4871.0,4251.578947,5741.879972,HIGH GAP,26049|Pulmonary,Genesee County
37119,North Carolina,Psychiatry,Mental Health Disorders,3798,0,0,0.0,0.0,3104.5,4291.159571,NO PROVIDER,37119|Psychiatry,Mecklenburg County
26125,Michigan,Psychiatry,Mental Health Disorders,28208,2,527,1339.0,14104.0,3104.5,4291.159571,CRITICAL GAP,26125|Psychiatry,Oakland County
26163,Michigan,Rheumatology,Arthritis,12196,1,776,1500.6,12196.0,10453.0,13315.598761,HIGH GAP,26163|Rheumatology,Wayne County
37183,North Carolina,Psychiatry,Mental Health Disorders,39562,3,2080,8962.4,13187.3333,3104.5,4291.159571,CRITICAL GAP,37183|Psychiatry,Wake County
48113,Texas,Endocrinology,Diabetes,49650,2,1392,5313.3,24825.0,18070.0,22988.768287,HIGH GAP,48113|Endocrinology,Dallas County
37183,North Carolina,Endocrinology,Diabetes,31965,1,144,250.3,31965.0,18070.0,22988.768287,HIGH GAP,37183|Endocrinology,Wake County
37081,North Carolina,Psychiatry,Mental Health Disorders,4268,1,237,687.4,4268.0,3104.5,4291.159571,HIGH GAP,37081|Psychiatry,Guilford County
26049,Michigan,Psychiatry,Mental Health Disorders,4191,1,689,1649.2,4191.0,3104.5,4291.159571,HIGH GAP,26049|Psychiatry,Genesee County
37067,North Carolina,Endocrinology,Diabetes,14594,1,99,401.0,14594.0,18070.0,22988.768287,MODERATE GAP,37067|Endocrinology,Forsyth County
48085,Texas,Endocrinology,Diabetes,4595,0,0,0.0,0.0,18070.0,22988.768287,NO PROVIDER,48085|Endocrinology,Collin County
26099,Michigan,Rheumatology,Arthritis,9213,1,261,1136.3,9213.0,10453.0,13315.598761,MODERATE GAP,26099|Rheumatology,Macomb County
26125,Michigan,Psychiatry,Mental Health Disorders,9873,0,0,0.0,0.0,3104.5,4291.159571,NO PROVIDER,26125|Psychiatry,Oakland County
37081,North Carolina,Psychiatry,Mental Health Disorders,1447,1,109,357.5,1447.0,3104.5,4291.159571,LOW GAP,37081|Psychiatry,Guilford County
37051,North Carolina,Psychiatry,Mental Health Disorders,5017,1,221,696.8,5017.0,3104.5,4291.159571,HIGH GAP,37051|Psychiatry,Cumberland County
37081,North Carolina,Endocrinology,Diabetes,4347,2,1111,3805.2,2173.5,18070.0,22988.768287,LOW GAP,37081|Endocrinology,Guilford County
37067,North Carolina,Cardiology,Heart Disease,439,0,0,0.0,0.0,10823.136364,15071.056217,NO PROVIDER,37067|Cardiology,Forsyth County
48439,Texas,Pulmonary,Respiratory Disease,6200,2,1478,3892.3,3100.0,4251.578947,5741.879972,MODERATE GAP,48439|Pulmonary,Tarrant County
48085,Texas,Endocrinology,Diabetes,71138,1,210,531.8,71138.0,18070.0,22988.768287,CRITICAL GAP,48085|Endocrinology,Collin County
48439,Texas,Endocrinology,Diabetes,8074,0,0,0.0,0.0,18070.0,22988.768287,NO PROVIDER,48439|Endocrinology,Tarrant County
26163,Michigan,Pulmonary,Respiratory Disease,4555,1,487,839.6,4555.0,4251.578947,5741.879972,HIGH GAP,26163|Pulmonary,Wayne County
48439,Texas,Pulmonary,Respiratory Disease,59160,2,1545,5162.6,29580.0,4251.578947,5741.879972,CRITICAL GAP,48439|Pulmonary,Tarrant County
26163,Michigan,Psychiatry,Mental Health Disorders,2973,0,0,0.0,0.0,3104.5,4291.159571,NO PROVIDER,26163|Psychiatry,Wayne County
37183,North Carolina,Rheumatology,Arthritis,7636,0,0,0.0,0.0,10453.0,13315.598761,NO PROVIDER,37183|Rheumatology,Wake County
37051,North Carolina,Rheumatology,Arthritis,2052,0,0,0.0,0.0,10453.0,13315.598761,NO PROVIDER,37051|Rheumatology,Cumberland County
26163,Michigan,Pulmonary,Respiratory Disease,6786,3,782,1898.9,2262.0,4251.578947,5741.879972,MODERATE GAP,26163|Pulmonary,Wayne County
37081,North Carolina,Endocrinology,Diabetes,40577,1,362,924.6,40577.0,18070.0,22988.768287,CRITICAL GAP,37081|Endocrinology,Guilford County
48201,Texas,Endocrinology,Diabetes,17791,5,2803,6023.8,3558.2,18070.0,22988.768287,LOW GAP,48201|Endocrinology,Harris County
26163,Michigan,Pulmonary,Respiratory Disease,36737,1,742,2920.0,36737.0,4251.578947,5741.879972,CRITICAL GAP,26163|Pulmonary,Wayne County
48029,Texas,Pulmonary,Respiratory Disease,1644,1,820,2460.5,1644.0,4251.578947,5741.879972,LOW GAP,48029|Pulmonary,Bexar County
48439,Texas,Pulmonary,Respiratory Disease,6964,3,2315,6753.8,2321.3333,4251.578947,5741.879972,MODERATE GAP,48439|Pulmonary,Tarrant County
37183,North Carolina,Rheumatology,Arthritis,6024,1,75,181.8,6024.0,10453.0,13315.598761,MODERATE GAP,37183|Rheumatology,Wake County
48085,Texas,Cardiology,Heart Disease,1034,0,0,0.0,0.0,10823.136364,15071.056217,NO PROVIDER,48085|Cardiology,Collin County
