NPI,SERVICE_AREA_STATE,COUNTY,ISSUERID,SERVICEAREAID,SERVICE_AREA_ZIP,SPECIALTY,SERVICE_AREA_COVERAGE_PROVIDER_COUNT,MULTI_PROVIDER_AREA_FLAG,PROVIDER_COVERAGE_SHARE,SERVICE_AREA_PROVIDER_DENSITY_SCORE,SERVICE_AREA_ACCESS_LEVEL
1800000001,MI,Genesee,MI29698,MI26049-CAR,48550,Cardiology,7,1,0.142857,4.7,CRITICAL COVERAGE
1800000002,MI,Genesee,MI29698,MI26049-CAR,48550,Cardiology,7,1,0.142857,4.7,CRITICAL COVERAGE
1800000003,MI,Genesee,MI29698,MI26049-CAR,48550,Cardiology,7,1,0.142857,4.7,CRITICAL COVERAGE
1800000004,MI,Genesee,MI29698,MI26049-CAR,48550,Cardiology,7,1,0.142857,4.7,CRITICAL COVERAGE
1800000005,MI,Genesee,MI29698,MI26049-CAR,48550,Cardiology,7,1,0.142857,4.7,CRITICAL COVERAGE
1800000006,MI,Genesee,MI29698,MI26049-CAR,48550,Cardiology,7,1,0.142857,4.7,CRITICAL COVERAGE
1800000007,MI,Genesee,MI29698,MI26049-CAR,48550,Cardiology,7,1,0.142857,4.7,CRITICAL COVERAGE
1800000008,MI,Genesee,MI29698,MI26049-END,48550,Endocrinology,7,1,0.142857,4.7,CRITICAL COVERAGE
1800000009,MI,Genesee,MI29698,MI26049-END,48550,Endocrinology,7,1,0.142857,4.7,CRITICAL COVERAGE
1800000010,MI,Genesee,MI29698,MI26049-END,48550,Endocrinology,7,1,0.142857,4.7,CRITICAL COVERAGE
1800000011,MI,Genesee,MI29698,MI26049-END,48550,Endocrinology,7,1,0.142857,4.7,CRITICAL COVERAGE
1800000012,MI,Genesee,MI29698,MI26049-END,48550,Endocrinology,7,1,0.142857,4.7,CRITICAL COVERAGE
1800000013,MI,Genesee,MI29698,MI26049-END,48550,Endocrinology,7,1,0.142857,4.7,CRITICAL COVERAGE
1800000014,MI,Genesee,MI29698,MI26049-END,48550,Endocrinology,7,1,0.142857,4.7,CRITICAL COVERAGE
1800000015,MI,Genesee,MI29698,MI26049-PSY,48550,Psychiatry,6,1,0.166667,2.43,CRITICAL COVERAGE
1800000016,MI,Genesee,MI29698,MI26049-PSY,48550,Psychiatry,6,1,0.166667,2.43,CRITICAL COVERAGE
1800000017,MI,Genesee,MI29698,MI26049-PSY,48550,Psychiatry,6,1,0.166667,2.43,CRITICAL COVERAGE
1800000018,MI,Genesee,MI29698,MI26049-PSY,48550,Psychiatry,6,1,0.166667,2.43,CRITICAL COVERAGE
1800000019,MI,Genesee,MI29698,MI26049-PSY,48550,Psychiatry,6,1,0.166667,2.43,CRITICAL COVERAGE
1800000020,MI,Genesee,MI29698,MI26049-PSY,48550,Psychiatry,6,1,0.166667,2.43,CRITICAL COVERAGE
1800000021,MI,Genesee,MI29698,MI26049-PUL,48550,Pulmonary,7,1,0.142857,4.7,CRITICAL COVERAGE
1800000022,MI,Genesee,MI29698,MI26049-PUL,48550,Pulmonary,7,1,0.142857,4.7,CRITICAL COVERAGE
1800000023,MI,Genesee,MI29698,MI26049-PUL,48550,Pulmonary,7,1,0.142857,4.7,CRITICAL COVERAGE
1800000024,MI,Genesee,MI29698,MI26049-PUL,48550,Pulmonary,7,1,0.142857,4.7,CRITICAL COVERAGE
1800000025,MI,Genesee,MI29698,MI26049-PUL,48550,Pulmonary,7,1,0.142857,4.7,CRITICAL COVERAGE
1800000026,MI,Genesee,MI29698,MI26049-PUL,48550,Pulmonary,7,1,0.142857,4.7,CRITICAL COVERAGE
1800000027,MI,Genesee,MI29698,MI26049-PUL,48550,Pulmonary,7,1,0.142857,4.7,CRITICAL COVERAGE
1800000028,MI,Genesee,MI29698,MI26049-RHE,48550,Rheumatology,6,1,0.166667,2.43,CRITICAL COVERAGE
1800000029,MI,Genesee,MI29698,MI26049-RHE,48550,Rheumatology,6,1,0.166667,2.43,CRITICAL COVERAGE
1800000030,MI,Genesee,MI29698,MI26049-RHE,48550,Rheumatology,6,1,0.166667,2.43,CRITICAL COVERAGE
1800000031,MI,Genesee,MI29698,MI26049-RHE,48550,Rheumatology,6,1,0.166667,2.43,CRITICAL COVERAGE
1800000032,MI,Genesee,MI29698,MI26049-RHE,48550,Rheumatology,6,1,0.166667,2.43,CRITICAL COVERAGE
1800000033,MI,Genesee,MI29698,MI26049-RHE,48550,Rheumatology,6,1,0.166667,2.43,CRITICAL COVERAGE
1800000034,MI,Kalamazoo,MI29698,MI26077-CAR,49050,Cardiology,5,1,0.2,1.0,CRITICAL COVERAGE
1800000035,MI,Kalamazoo,MI29698,MI26077-CAR,49050,Cardiology,5,1,0.2,1.0,CRITICAL COVERAGE
1800000036,MI,Kalamazoo,MI29698,MI26077-CAR,49050,Cardiology,5,1,0.2,1.0,CRITICAL COVERAGE
1800000037,MI,Kalamazoo,MI29698,MI26077-CAR,49050,Cardiology,5,1,0.2,1.0,CRITICAL COVERAGE
1800000038,MI,Kalamazoo,MI29698,MI26077-CAR,49050,Cardiology,5,1,0.2,1.0,CRITICAL COVERAGE
1800000039,MI,Kalamazoo,MI29698,MI26077-END,49050,Endocrinology,5,1,0.2,1.0,CRITICAL COVERAGE
1800000040,MI,Kalamazoo,MI29698,MI26077-END,49050,Endocrinology,5,1,0.2,1.0,CRITICAL COVERAGE
1800000041,MI,Kalamazoo,MI29698,MI26077-END,49050,Endocrinology,5,1,0.2,1.0,CRITICAL COVERAGE
1800000042,MI,Kalamazoo,MI29698,MI26077-END,49050,Endocrinology,5,1,0.2,1.0,CRITICAL COVERAGE
1800000043,MI,Kalamazoo,MI29698,MI26077-END,49050,Endocrinology,5,1,0.2,1.0,CRITICAL COVERAGE
1800000044,MI,Kalamazoo,MI29698,MI26077-PSY,49050,Psychiatry,4,1,0.25,0.32,CRITICAL COVERAGE
1800000045,MI,Kalamazoo,MI29698,MI26077-PSY,49050,Psychiatry,4,1,0.25,0.32,CRITICAL COVERAGE
1800000046,MI,Kalamazoo,MI29698,MI26077-PSY,49050,Psychiatry,4,1,0.25,0.32,CRITICAL COVERAGE
1800000047,MI,Kalamazoo,MI29698,MI26077-PSY,49050,Psychiatry,4,1,0.25,0.32,CRITICAL COVERAGE
1800000048,MI,Kalamazoo,MI29698,MI26077-PUL,49050,Pulmonary,4,1,0.25,0.32,CRITICAL COVERAGE
1800000049,MI,Kalamazoo,MI29698,MI26077-PUL,49050,Pulmonary,4,1,0.25,0.32,CRITICAL COVERAGE
1800000050,MI,Kalamazoo,MI29698,MI26077-PUL,49050,Pulmonary,4,1,0.25,0.32,CRITICAL COVERAGE
1800000051,MI,Kalamazoo,MI29698,MI26077-PUL,49050,Pulmonary,4,1,0.25,0.32,CRITICAL COVERAGE
1800000052,MI,Kalamazoo,MI29698,MI26077-RHE,49050,Rheumatology,4,1,0.25,0.32,CRITICAL COVERAGE
1800000053,MI,Kalamazoo,MI29698,MI26077-RHE,49050,Rheumatology,4,1,0.25,0.32,CRITICAL COVERAGE
1800000054,MI,Kalamazoo,MI29698,MI26077-RHE,49050,Rheumatology,4,1,0.25,0.32,CRITICAL COVERAGE
1800000055,MI,Kalamazoo,MI29698,MI26077-RHE,49050,Rheumatology,4,1,0.25,0.32,CRITICAL COVERAGE
1800000056,MI,Macomb,MI29698,MI26099-CAR,48050,Cardiology,16,1,0.0625,11.22,CRITICAL COVERAGE
1800000057,MI,Macomb,MI29698,MI26099-CAR,48050,Cardiology,16,1,0.0625,11.22,CRITICAL COVERAGE
1800000058,MI,Macomb,MI29698,MI26099-CAR,48050,Cardiology,16,1,0.0625,11.22,CRITICAL COVERAGE
1800000059,MI,Macomb,MI29698,MI26099-CAR,48050,Cardiology,16,1,0.0625,11.22,CRITICAL COVERAGE
1800000060,MI,Macomb,MI29698,MI26099-CAR,48050,Cardiology,16,1,0.0625,11.22,CRITICAL COVERAGE
1800000061,MI,Macomb,MI29698,MI26099-CAR,48050,Cardiology,16,1,0.0625,11.22,CRITICAL COVERAGE
1800000062,MI,Macomb,MI29698,MI26099-CAR,48050,Cardiology,16,1,0.0625,11.22,CRITICAL COVERAGE
1800000063,MI,Macomb,MI29698,MI26099-CAR,48050,Cardiology,16,1,0.0625,11.22,CRITICAL COVERAGE
1800000064,MI,Macomb,MI29698,MI26099-CAR,48050,Cardiology,16,1,0.0625,11.22,CRITICAL COVERAGE
1800000065,MI,Macomb,MI29698,MI26099-CAR,48050,Cardiology,16,1,0.0625,11.22,CRITICAL COVERAGE
1800000066,MI,Macomb,MI29698,MI26099-CAR,48050,Cardiology,16,1,0.0625,11.22,CRITICAL COVERAGE
1800000067,MI,Macomb,MI29698,MI26099-CAR,48050,Cardiology,16,1,0.0625,11.22,CRITICAL COVERAGE
1800000068,MI,Macomb,MI29698,MI26099-CAR,48050,Cardiology,16,1,0.0625,11.22,CRITICAL COVERAGE
1800000069,MI,Macomb,MI29698,MI26099-CAR,48050,Cardiology,16,1,0.0625,11.22,CRITICAL COVERAGE
1800000070,MI,Macomb,MI29698,MI26099-CAR,48050,Cardiology,16,1,0.0625,11.22,CRITICAL COVERAGE
1800000071,MI,Macomb,MI29698,MI26099-CAR,48050,Cardiology,16,1,0.0625,11.22,CRITICAL COVERAGE
1800000072,MI,Macomb,MI29698,MI26099-END,48050,Endocrinology,16,1,0.0625,11.22,CRITICAL COVERAGE
1800000073,MI,Macomb,MI29698,MI26099-END,48050,Endocrinology,16,1,0.0625,11.22,CRITICAL COVERAGE
1800000074,MI,Macomb,MI29698,MI26099-END,48050,Endocrinology,16,1,0.0625,11.22,CRITICAL COVERAGE
1800000075,MI,Macomb,MI29698,MI26099-END,48050,Endocrinology,16,1,0.0625,11.22,CRITICAL COVERAGE
1800000076,MI,Macomb,MI29698,MI26099-END,48050,Endocrinology,16,1,0.0625,11.22,CRITICAL COVERAGE
1800000077,MI,Macomb,MI29698,MI26099-END,48050,Endocrinology,16,1,0.0625,11.22,CRITICAL COVERAGE
1800000078,MI,Macomb,MI29698,MI26099-END,48050,Endocrinology,16,1,0.0625,11.22,CRITICAL COVERAGE
1800000079,MI,Macomb,MI29698,MI26099-END,48050,Endocrinology,16,1,0.0625,11.22,CRITICAL COVERAGE
1800000080,MI,Macomb,MI29698,MI26099-END,48050,Endocrinology,16,1,0.0625,11.22,CRITICAL COVERAGE
1800000081,MI,Macomb,MI29698,MI26099-END,48050,Endocrinology,16,1,0.0625,11.22,CRITICAL COVERAGE
1800000082,MI,Macomb,MI29698,MI26099-END,48050,Endocrinology,16,1,0.0625,11.22,CRITICAL COVERAGE
1800000083,MI,Macomb,MI29698,MI26099-END,48050,Endocrinology,16,1,0.0625,11.22,CRITICAL COVERAGE
1800000084,MI,Macomb,MI29698,MI26099-END,48050,Endocrinology,16,1,0.0625,11.22,CRITICAL COVERAGE
1800000085,MI,Macomb,MI29698,MI26099-END,48050,Endocrinology,16,1,0.0625,11.22,CRITICAL COVERAGE
1800000086,MI,Macomb,MI29698,MI26099-END,48050,Endocrinology,16,1,0.0625,11.22,CRITICAL COVERAGE
1800000087,MI,Macomb,MI29698,MI26099-END,48050,Endocrinology,16,1,0.0625,11.22,CRITICAL COVERAGE
1800000088,MI,Macomb,MI29698,MI26099-PSY,48050,Psychiatry,13,1,0.076923,8.65,CRITICAL COVERAGE
1800000089,MI,Macomb,MI29698,MI26099-PSY,48050,Psychiatry,13,1,0.076923,8.65,CRITICAL COVERAGE
1800000090,MI,Macomb,MI29698,MI26099-PSY,48050,Psychiatry,13,1,0.076923,8.65,CRITICAL COVERAGE
1800000091,MI,Macomb,MI29698,MI26099-PSY,48050,Psychiatry,13,1,0.076923,8.65,CRITICAL COVERAGE
1800000092,MI,Macomb,MI29698,MI26099-PSY,48050,Psychiatry,13,1,0.076923,8.65,CRITICAL COVERAGE
1800000093,MI,Macomb,MI29698,MI26099-PSY,48050,Psychiatry,13,1,0.076923,8.65,CRITICAL COVERAGE
1800000094,MI,Macomb,MI29698,MI26099-PSY,48050,Psychiatry,13,1,0.076923,8.65,CRITICAL COVERAGE
1800000095,MI,Macomb,MI29698,MI26099-PSY,48050,Psychiatry,13,1,0.076923,8.65,CRITICAL COVERAGE
1800000096,MI,Macomb,MI29698,MI26099-PSY,48050,Psychiatry,13,1,0.076923,8.65,CRITICAL COVERAGE
1800000097,MI,Macomb,MI29698,MI26099-PSY,48050,Psychiatry,13,1,0.076923,8.65,CRITICAL COVERAGE
1800000098,MI,Macomb,MI29698,MI26099-PSY,48050,Psychiatry,13,1,0.076923,8.65,CRITICAL COVERAGE
1800000099,MI,Macomb,MI29698,MI26099-PSY,48050,Psychiatry,13,1,0.076923,8.65,CRITICAL COVERAGE
1800000100,MI,Macomb,MI29698,MI26099-PSY,48050,Psychiatry,13,1,0.076923,8.65,CRITICAL COVERAGE
1800000101,MI,Macomb,MI29698,MI26099-PUL,48050,Pulmonary,15,1,0.066667,10.05,CRITICAL COVERAGE
1800000102,MI,Macomb,MI29698,MI26099-PUL,48050,Pulmonary,15,1,0.066667,10.05,CRITICAL COVERAGE
1800000103,MI,Macomb,MI29698,MI26099-PUL,48050,Pulmonary,15,1,0.066667,10.05,CRITICAL COVERAGE
1800000104,MI,Macomb,MI29698,MI26099-PUL,48050,Pulmonary,15,1,0.066667,10.05,CRITICAL COVERAGE
1800000105,MI,Macomb,MI29698,MI26099-PUL,48050,Pulmonary,15,1,0.066667,10.05,CRITICAL COVERAGE
1800000106,MI,Macomb,MI29698,MI26099-PUL,48050,Pulmonary,15,1,0.066667,10.05,CRITICAL COVERAGE
1800000107,MI,Macomb,MI29698,MI26099-PUL,48050,Pulmonary,15,1,0.066667,10.05,CRITICAL COVERAGE
1800000108,MI,Macomb,MI29698,MI26099-PUL,48050,Pulmonary,15,1,0.066667,10.05,CRITICAL COVERAGE
1800000109,MI,Macomb,MI29698,MI26099-PUL,48050,Pulmonary,15,1,0.066667,10.05,CRITICAL COVERAGE
1800000110,MI,Macomb,MI29698,MI26099-PUL,48050,Pulmonary,15,1,0.066667,10.05,CRITICAL COVERAGE
1800000111,MI,Macomb,MI29698,MI26099-PUL,48050,Pulmonary,15,1,0.066667,10.05,CRITICAL COVERAGE
1800000112,MI,Macomb,MI29698,MI26099-PUL,48050,Pulmonary,15,1,0.066667,10.05,CRITICAL COVERAGE
1800000113,MI,Macomb,MI29698,MI26099-PUL,48050,Pulmonary,15,1,0.066667,10.05,CRITICAL COVERAGE
1800000114,MI,Macomb,MI29698,MI26099-PUL,48050,Pulmonary,15,1,0.066667,10.05,CRITICAL COVERAGE
1800000115,MI,Macomb,MI29698,MI26099-PUL,48050,Pulmonary,15,1,0.066667,10.05,CRITICAL COVERAGE
1800000116,MI,Macomb,MI29698,MI26099-RHE,48050,Rheumatology,14,1,0.071429,9.32,CRITICAL COVERAGE
1800000117,MI,Macomb,MI29698,MI26099-RHE,48050,Rheumatology,14,1,0.071429,9.32,CRITICAL COVERAGE
1800000118,MI,Macomb,MI29698,MI26099-RHE,48050,Rheumatology,14,1,0.071429,9.32,CRITICAL COVERAGE
1800000119,MI,Macomb,MI29698,MI26099-RHE,48050,Rheumatology,14,1,0.071429,9.32,CRITICAL COVERAGE
1800000120,MI,Macomb,MI29698,MI26099-RHE,48050,Rheumatology,14,1,0.071429,9.32,CRITICAL COVERAGE
1800000121,MI,Macomb,MI29698,MI26099-RHE,48050,Rheumatology,14,1,0.071429,9.32,CRITICAL COVERAGE
1800000122,MI,Macomb,MI29698,MI26099-RHE,48050,Rheumatology,14,1,0.071429,9.32,CRITICAL COVERAGE
1800000123,MI,Macomb,MI29698,MI26099-RHE,48050,Rheumatology,14,1,0.071429,9.32,CRITICAL COVERAGE
1800000124,MI,Macomb,MI29698,MI26099-RHE,48050,Rheumatology,14,1,0.071429,9.32,CRITICAL COVERAGE
1800000125,MI,Macomb,MI29698,MI26099-RHE,48050,Rheumatology,14,1,0.071429,9.32,CRITICAL COVERAGE
1800000126,MI,Macomb,MI29698,MI26099-RHE,48050,Rheumatology,14,1,0.071429,9.32,CRITICAL COVERAGE
1800000127,MI,Macomb,MI29698,MI26099-RHE,48050,Rheumatology,14,1,0.071429,9.32,CRITICAL COVERAGE
1800000128,MI,Macomb,MI29698,MI26099-RHE,48050,Rheumatology,14,1,0.071429,9.32,CRITICAL COVERAGE
1800000129,MI,Macomb,MI29698,MI26099-RHE,48050,Rheumatology,14,1,0.071429,9.32,CRITICAL COVERAGE
1800000130,MI,Oakland,MI29698,MI26125-CAR,48350,Cardiology,24,1,0.041667,31.37,CRITICAL COVERAGE
1800000131,MI,Oakland,MI29698,MI26125-CAR,48350,Cardiology,24,1,0.041667,31.37,CRITICAL COVERAGE
1800000132,MI,Oakland,MI29698,MI26125-CAR,48350,Cardiology,24,1,0.041667,31.37,CRITICAL COVERAGE
1800000133,MI,Oakland,MI29698,MI26125-CAR,48350,Cardiology,24,1,0.041667,31.37,CRITICAL COVERAGE
1800000134,MI,Oakland,MI29698,MI26125-CAR,48350,Cardiology,24,1,0.041667,31.37,CRITICAL COVERAGE
1800000135,MI,Oakland,MI29698,MI26125-CAR,48350,Cardiology,24,1,0.041667,31.37,CRITICAL COVERAGE
1800000136,MI,Oakland,MI29698,MI26125-CAR,48350,Cardiology,24,1,0.041667,31.37,CRITICAL COVERAGE
1800000137,MI,Oakland,MI29698,MI26125-CAR,48350,Cardiology,24,1,0.041667,31.37,CRITICAL COVERAGE
1800000138,MI,Oakland,MI29698,MI26125-CAR,48350,Cardiology,24,1,0.041667,31.37,CRITICAL COVERAGE
1800000139,MI,Oakland,MI29698,MI26125-CAR,48350,Cardiology,24,1,0.041667,31.37,CRITICAL COVERAGE
1800000140,MI,Oakland,MI29698,MI26125-CAR,48350,Cardiology,24,1,0.041667,31.37,CRITICAL COVERAGE
1800000141,MI,Oakland,MI29698,MI26125-CAR,48350,Cardiology,24,1,0.041667,31.37,CRITICAL COVERAGE
1800000142,MI,Oakland,MI29698,MI26125-CAR,48350,Cardiology,24,1,0.041667,31.37,CRITICAL COVERAGE
1800000143,MI,Oakland,MI29698,MI26125-CAR,48350,Cardiology,24,1,0.041667,31.37,CRITICAL COVERAGE
1800000144,MI,Oakland,MI29698,MI26125-CAR,48350,Cardiology,24,1,0.041667,31.37,CRITICAL COVERAGE
1800000145,MI,Oakland,MI29698,MI26125-CAR,48350,Cardiology,24,1,0.041667,31.37,CRITICAL COVERAGE
1800000146,MI,Oakland,MI29698,MI26125-CAR,48350,Cardiology,24,1,0.041667,31.37,CRITICAL COVERAGE
1800000147,MI,Oakland,MI29698,MI26125-CAR,48350,Cardiology,24,1,0.041667,31.37,CRITICAL COVERAGE
1800000148,MI,Oakland,MI29698,MI26125-CAR,48350,Cardiology,24,1,0.041667,31.37,CRITICAL COVERAGE
1800000149,MI,Oakland,MI29698,MI26125-CAR,48350,Cardiology,24,1,0.041667,31.37,CRITICAL COVERAGE
1800000150,MI,Oakland,MI29698,MI26125-CAR,48350,Cardiology,24,1,0.041667,31.37,CRITICAL COVERAGE
1800000151,MI,Oakland,MI29698,MI26125-CAR,48350,Cardiology,24,1,0.041667,31.37,CRITICAL COVERAGE
1800000152,MI,Oakland,MI29698,MI26125-CAR,48350,Cardiology,24,1,0.041667,31.37,CRITICAL COVERAGE
1800000153,MI,Oakland,MI29698,MI26125-CAR,48350,Cardiology,24,1,0.041667,31.37,CRITICAL COVERAGE
1800000154,MI,Oakland,MI29698,MI26125-END,48350,Endocrinology,23,1,0.043478,27.88,CRITICAL COVERAGE
1800000155,MI,Oakland,MI29698,MI26125-END,48350,Endocrinology,23,1,0.043478,27.88,CRITICAL COVERAGE
1800000156,MI,Oakland,MI29698,MI26125-END,48350,Endocrinology,23,1,0.043478,27.88,CRITICAL COVERAGE
1800000157,MI,Oakland,MI29698,MI26125-END,48350,Endocrinology,23,1,0.043478,27.88,CRITICAL COVERAGE
1800000158,MI,Oakland,MI29698,MI26125-END,48350,Endocrinology,23,1,0.043478,27.88,CRITICAL COVERAGE
1800000159,MI,Oakland,MI29698,MI26125-END,48350,Endocrinology,23,1,0.043478,27.88,CRITICAL COVERAGE
1800000160,MI,Oakland,MI29698,MI26125-END,48350,Endocrinology,23,1,0.043478,27.88,CRITICAL COVERAGE
1800000161,MI,Oakland,MI29698,MI26125-END,48350,Endocrinology,23,1,0.043478,27.88,CRITICAL COVERAGE
1800000162,MI,Oakland,MI29698,MI26125-END,48350,Endocrinology,23,1,0.043478,27.88,CRITICAL COVERAGE
1800000163,MI,Oakland,MI29698,MI26125-END,48350,Endocrinology,23,1,0.043478,27.88,CRITICAL COVERAGE
1800000164,MI,Oakland,MI29698,MI26125-END,48350,Endocrinology,23,1,0.043478,27.88,CRITICAL COVERAGE
1800000165,MI,Oakland,MI29698,MI26125-END,48350,Endocrinology,23,1,0.043478,27.88,CRITICAL COVERAGE
1800000166,MI,Oakland,MI29698,MI26125-END,48350,Endocrinology,23,1,0.043478,27.88,CRITICAL COVERAGE
1800000167,MI,Oakland,MI29698,MI26125-END,48350,Endocrinology,23,1,0.043478,27.88,CRITICAL COVERAGE
1800000168,MI,Oakland,MI29698,MI26125-END,48350,Endocrinology,23,1,0.043478,27.88,CRITICAL COVERAGE
1800000169,MI,Oakland,MI29698,MI26125-END,48350,Endocrinology,23,1,0.043478,27.88,CRITICAL COVERAGE
1800000170,MI,Oakland,MI29698,MI26125-END,48350,Endocrinology,23,1,0.043478,27.88,CRITICAL COVERAGE
1800000171,MI,Oakland,MI29698,MI26125-END,48350,Endocrinology,23,1,0.043478,27.88,CRITICAL COVERAGE
1800000172,MI,Oakland,MI29698,MI26125-END,48350,Endocrinology,23,1,0.043478,27.88,CRITICAL COVERAGE
1800000173,MI,Oakland,MI29698,MI26125-END,48350,Endocrinology,23,1,0.043478,27.88,CRITICAL COVERAGE
1800000174,MI,Oakland,MI29698,MI26125-END,48350,Endocrinology,23,1,0.043478,27.88,CRITICAL COVERAGE
1800000175,MI,Oakland,MI29698,MI26125-END,48350,Endocrinology,23,1,0.043478,27.88,CRITICAL COVERAGE
1800000176,MI,Oakland,MI29698,MI26125-END,48350,Endocrinology,23,1,0.043478,27.88,CRITICAL COVERAGE
1800000177,MI,Oakland,MI29698,MI26125-PSY,48350,Psychiatry,19,1,0.052632,13.45,CRITICAL COVERAGE
1800000178,MI,Oakland,MI29698,MI26125-PSY,48350,Psychiatry,19,1,0.052632,13.45,CRITICAL COVERAGE
1800000179,MI,Oakland,MI29698,MI26125-PSY,48350,Psychiatry,19,1,0.052632,13.45,CRITICAL COVERAGE
1800000180,MI,Oakland,MI29698,MI26125-PSY,48350,Psychiatry,19,1,0.052632,13.45,CRITICAL COVERAGE
1800000181,MI,Oakland,MI29698,MI26125-PSY,48350,Psychiatry,19,1,0.052632,13.45,CRITICAL COVERAGE
1800000182,MI,Oakland,MI29698,MI26125-PSY,48350,Psychiatry,19,1,0.052632,13.45,CRITICAL COVERAGE
1800000183,MI,Oakland,MI29698,MI26125-PSY,48350,Psychiatry,19,1,0.052632,13.45,CRITICAL COVERAGE
1800000184,MI,Oakland,MI29698,MI26125-PSY,48350,Psychiatry,19,1,0.052632,13.45,CRITICAL COVERAGE
1800000185,MI,Oakland,MI29698,MI26125-PSY,48350,Psychiatry,19,1,0.052632,13.45,CRITICAL COVERAGE
1800000186,MI,Oakland,MI29698,MI26125-PSY,48350,Psychiatry,19,1,0.052632,13.45,CRITICAL COVERAGE
1800000187,MI,Oakland,MI29698,MI26125-PSY,48350,Psychiatry,19,1,0.052632,13.45,CRITICAL COVERAGE
1800000188,MI,Oakland,MI29698,MI26125-PSY,48350,Psychiatry,19,1,0.052632,13.45,CRITICAL COVERAGE
1800000189,MI,Oakland,MI29698,MI26125-PSY,48350,Psychiatry,19,1,0.052632,13.45,CRITICAL COVERAGE
1800000190,MI,Oakland,MI29698,MI26125-PSY,48350,Psychiatry,19,1,0.052632,13.45,CRITICAL COVERAGE
1800000191,MI,Oakland,MI29698,MI26125-PSY,48350,Psychiatry,19,1,0.052632,13.45,CRITICAL COVERAGE
1800000192,MI,Oakland,MI29698,MI26125-PSY,48350,Psychiatry,19,1,0.052632,13.45,CRITICAL COVERAGE
1800000193,MI,Oakland,MI29698,MI26125-PSY,48350,Psychiatry,19,1,0.052632,13.45,CRITICAL COVERAGE
1800000194,MI,Oakland,MI29698,MI26125-PSY,48350,Psychiatry,19,1,0.052632,13.45,CRITICAL COVERAGE
1800000195,MI,Oakland,MI29698,MI26125-PSY,48350,Psychiatry,19,1,0.052632,13.45,CRITICAL COVERAGE
1800000196,MI,Oakland,MI29698,MI26125-PUL,48350,Pulmonary,22,1,0.045455,22.82,CRITICAL COVERAGE
1800000197,MI,Oakland,MI29698,MI26125-PUL,48350,Pulmonary,22,1,0.045455,22.82,CRITICAL COVERAGE
1800000198,MI,Oakland,MI29698,MI26125-PUL,48350,Pulmonary,22,1,0.045455,22.82,CRITICAL COVERAGE
1800000199,MI,Oakland,MI29698,MI26125-PUL,48350,Pulmonary,22,1,0.045455,22.82,CRITICAL COVERAGE
1800000200,MI,Oakland,MI29698,MI26125-PUL,48350,Pulmonary,22,1,0.045455,22.82,CRITICAL COVERAGE
1800000201,MI,Oakland,MI29698,MI26125-PUL,48350,Pulmonary,22,1,0.045455,22.82,CRITICAL COVERAGE
1800000202,MI,Oakland,MI29698,MI26125-PUL,48350,Pulmonary,22,1,0.045455,22.82,CRITICAL COVERAGE
1800000203,MI,Oakland,MI29698,MI26125-PUL,48350,Pulmonary,22,1,0.045455,22.82,CRITICAL COVERAGE
1800000204,MI,Oakland,MI29698,MI26125-PUL,48350,Pulmonary,22,1,0.045455,22.82,CRITICAL COVERAGE
1800000205,MI,Oakland,MI29698,MI26125-PUL,48350,Pulmonary,22,1,0.045455,22.82,CRITICAL COVERAGE
1800000206,MI,Oakland,MI29698,MI26125-PUL,48350,Pulmonary,22,1,0.045455,22.82,CRITICAL COVERAGE
1800000207,MI,Oakland,MI29698,MI26125-PUL,48350,Pulmonary,22,1,0.045455,22.82,CRITICAL COVERAGE
1800000208,MI,Oakland,MI29698,MI26125-PUL,48350,Pulmonary,22,1,0.045455,22.82,CRITICAL COVERAGE
1800000209,MI,Oakland,MI29698,MI26125-PUL,48350,Pulmonary,22,1,0.045455,22.82,CRITICAL COVERAGE
1800000210,MI,Oakland,MI29698,MI26125-PUL,48350,Pulmonary,22,1,0.045455,22.82,CRITICAL COVERAGE
1800000211,MI,Oakland,MI29698,MI26125-PUL,48350,Pulmonary,22,1,0.045455,22.82,CRITICAL COVERAGE
1800000212,MI,Oakland,MI29698,MI26125-PUL,48350,Pulmonary,22,1,0.045455,22.82,CRITICAL COVERAGE
1800000213,MI,Oakland,MI29698,MI26125-PUL,48350,Pulmonary,22,1,0.045455,22.82,CRITICAL COVERAGE
1800000214,MI,Oakland,MI29698,MI26125-PUL,48350,Pulmonary,22,1,0.045455,22.82,CRITICAL COVERAGE
1800000215,MI,Oakland,MI29698,MI26125-PUL,48350,Pulmonary,22,1,0.045455,22.82,CRITICAL COVERAGE
1800000216,MI,Oakland,MI29698,MI26125-PUL,48350,Pulmonary,22,1,0.045455,22.82,CRITICAL COVERAGE
1800000217,MI,Oakland,MI29698,MI26125-PUL,48350,Pulmonary,22,1,0.045455,22.82,CRITICAL COVERAGE
1800000218,MI,Oakland,MI29698,MI26125-RHE,48350,Rheumatology,21,1,0.047619,17.97,CRITICAL COVERAGE
1800000219,MI,Oakland,MI29698,MI26125-RHE,48350,Rheumatology,21,1,0.047619,17.97,CRITICAL COVERAGE
1800000220,MI,Oakland,MI29698,MI26125-RHE,48350,Rheumatology,21,1,0.047619,17.97,CRITICAL COVERAGE
1800000221,MI,Oakland,MI29698,MI26125-RHE,48350,Rheumatology,21,1,0.047619,17.97,CRITICAL COVERAGE
1800000222,MI,Oakland,MI29698,MI26125-RHE,48350,Rheumatology,21,1,0.047619,17.97,CRITICAL COVERAGE
1800000223,MI,Oakland,MI29698,MI26125-RHE,48350,Rheumatology,21,1,0.047619,17.97,CRITICAL COVERAGE
1800000224,MI,Oakland,MI29698,MI26125-RHE,48350,Rheumatology,21,1,0.047619,17.97,CRITICAL COVERAGE
1800000225,MI,Oakland,MI29698,MI26125-RHE,48350,Rheumatology,21,1,0.047619,17.97,CRITICAL COVERAGE
1800000226,MI,Oakland,MI29698,MI26125-RHE,48350,Rheumatology,21,1,0.047619,17.97,CRITICAL COVERAGE
1800000227,MI,Oakland,MI29698,MI26125-RHE,48350,Rheumatology,21,1,0.047619,17.97,CRITICAL COVERAGE
1800000228,MI,Oakland,MI29698,MI26125-RHE,48350,Rheumatology,21,1,0.047619,17.97,CRITICAL COVERAGE
1800000229,MI,Oakland,MI29698,MI26125-RHE,48350,Rheumatology,21,1,0.047619,17.97,CRITICAL COVERAGE
1800000230,MI,Oakland,MI29698,MI26125-RHE,48350,Rheumatology,21,1,0.047619,17.97,CRITICAL COVERAGE
1800000231,MI,Oakland,MI29698,MI26125-RHE,48350,Rheumatology,21,1,0.047619,17.97,CRITICAL COVERAGE
1800000232,MI,Oakland,MI29698,MI26125-RHE,48350,Rheumatology,21,1,0.047619,17.97,CRITICAL COVERAGE
1800000233,MI,Oakland,MI29698,MI26125-RHE,48350,Rheumatology,21,1,0.047619,17.97,CRITICAL COVERAGE
1800000234,MI,Oakland,MI29698,MI26125-RHE,48350,Rheumatology,21,1,0.047619,17.97,CRITICAL COVERAGE
1800000235,MI,Oakland,MI29698,MI26125-RHE,48350,Rheumatology,21,1,0.047619,17.97,CRITICAL COVERAGE
1800000236,MI,Oakland,MI29698,MI26125-RHE,48350,Rheumatology,21,1,0.047619,17.97,CRITICAL COVERAGE
1800000237,MI,Oakland,MI29698,MI26125-RHE,48350,Rheumatology,21,1,0.047619,17.97,CRITICAL COVERAGE
1800000238,MI,Oakland,MI29698,MI26125-RHE,48350,Rheumatology,21,1,0.047619,17.97,CRITICAL COVERAGE
1800000239,MI,Wayne,MI29698,MI26163-CAR,48250,Cardiology,33,1,0.030303,40.6,HIGH COVERAGE
1800000240,MI,Wayne,MI29698,MI26163-CAR,48250,Cardiology,33,1,0.030303,40.6,HIGH COVERAGE
1800000241,MI,Wayne,MI29698,MI26163-CAR,48250,Cardiology,33,1,0.030303,40.6,HIGH COVERAGE
1800000242,MI,Wayne,MI29698,MI26163-CAR,48250,Cardiology,33,1,0.030303,40.6,HIGH COVERAGE
1800000243,MI,Wayne,MI29698,MI26163-CAR,48250,Cardiology,33,1,0.030303,40.6,HIGH COVERAGE
1800000244,MI,Wayne,MI29698,MI26163-CAR,48250,Cardiology,33,1,0.030303,40.6,HIGH COVERAGE
1800000245,MI,Wayne,MI29698,MI26163-CAR,48250,Cardiology,33,1,0.030303,40.6,HIGH COVERAGE
1800000246,MI,Wayne,MI29698,MI26163-CAR,48250,Cardiology,33,1,0.030303,40.6,HIGH COVERAGE
1800000247,MI,Wayne,MI29698,MI26163-CAR,48250,Cardiology,33,1,0.030303,40.6,HIGH COVERAGE
1800000248,MI,Wayne,MI29698,MI26163-CAR,48250,Cardiology,33,1,0.030303,40.6,HIGH COVERAGE
1800000249,MI,Wayne,MI29698,MI26163-CAR,48250,Cardiology,33,1,0.030303,40.6,HIGH COVERAGE
1800000250,MI,Wayne,MI29698,MI26163-CAR,48250,Cardiology,33,1,0.030303,40.6,HIGH COVERAGE
1800000251,MI,Wayne,MI29698,MI26163-CAR,48250,Cardiology,33,1,0.030303,40.6,HIGH COVERAGE
1800000252,MI,Wayne,MI29698,MI26163-CAR,48250,Cardiology,33,1,0.030303,40.6,HIGH COVERAGE
1800000253,MI,Wayne,MI29698,MI26163-CAR,48250,Cardiology,33,1,0.030303,40.6,HIGH COVERAGE
1800000254,MI,Wayne,MI29698,MI26163-CAR,48250,Cardiology,33,1,0.030303,40.6,HIGH COVERAGE
1800000255,MI,Wayne,MI29698,MI26163-CAR,48250,Cardiology,33,1,0.030303,40.6,HIGH COVERAGE
1800000256,MI,Wayne,MI29698,MI26163-CAR,48250,Cardiology,33,1,0.030303,40.6,HIGH COVERAGE
1800000257,MI,Wayne,MI29698,MI26163-CAR,48250,Cardiology,33,1,0.030303,40.6,HIGH COVERAGE
1800000258,MI,Wayne,MI29698,MI26163-CAR,48250,Cardiology,33,1,0.030303,40.6,HIGH COVERAGE
1800000259,MI,Wayne,MI29698,MI26163-CAR,48250,Cardiology,33,1,0.030303,40.6,HIGH COVERAGE
1800000260,MI,Wayne,MI29698,MI26163-CAR,48250,Cardiology,33,1,0.030303,40.6,HIGH COVERAGE
1800000261,MI,Wayne,MI29698,MI26163-CAR,48250,Cardiology,33,1,0.030303,40.6,HIGH COVERAGE
1800000262,MI,Wayne,MI29698,MI26163-CAR,48250,Cardiology,33,1,0.030303,40.6,HIGH COVERAGE
1800000263,MI,Wayne,MI29698,MI26163-CAR,48250,Cardiology,33,1,0.030303,40.6,HIGH COVERAGE
1800000264,MI,Wayne,MI29698,MI26163-CAR,48250,Cardiology,33,1,0.030303,40.6,HIGH COVERAGE
1800000265,MI,Wayne,MI29698,MI26163-CAR,48250,Cardiology,33,1,0.030303,40.6,HIGH COVERAGE
1800000266,MI,Wayne,MI29698,MI26163-CAR,48250,Cardiology,33,1,0.030303,40.6,HIGH COVERAGE
1800000267,MI,Wayne,MI29698,MI26163-CAR,48250,Cardiology,33,1,0.030303,40.6,HIGH COVERAGE
1800000268,MI,Wayne,MI29698,MI26163-CAR,48250,Cardiology,33,1,0.030303,40.6,HIGH COVERAGE
1800000269,MI,Wayne,MI29698,MI26163-CAR,48250,Cardiology,33,1,0.030303,40.6,HIGH COVERAGE
1800000270,MI,Wayne,MI29698,MI26163-CAR,48250,Cardiology,33,1,0.030303,40.6,HIGH COVERAGE
1800000271,MI,Wayne,MI29698,MI26163-CAR,48250,Cardiology,33,1,0.030303,40.6,HIGH COVERAGE
1800000272,MI,Wayne,MI29698,MI26163-END,48250,Endocrinology,32,1,0.03125,38.98,HIGH COVERAGE
1800000273,MI,Wayne,MI29698,MI26163-END,48250,Endocrinology,32,1,0.03125,38.98,HIGH COVERAGE
1800000274,MI,Wayne,MI29698,MI26163-END,48250,Endocrinology,32,1,0.03125,38.98,HIGH COVERAGE
1800000275,MI,Wayne,MI29698,MI26163-END,48250,Endocrinology,32,1,0.03125,38.98,HIGH COVERAGE
1800000276,MI,Wayne,MI29698,MI26163-END,48250,Endocrinology,32,1,0.03125,38.98,HIGH COVERAGE
1800000277,MI,Wayne,MI29698,MI26163-END,48250,Endocrinology,32,1,0.03125,38.98,HIGH COVERAGE
1800000278,MI,Wayne,MI29698,MI26163-END,48250,Endocrinology,32,1,0.03125,38.98,HIGH COVERAGE
1800000279,MI,Wayne,MI29698,MI26163-END,48250,Endocrinology,32,1,0.03125,38.98,HIGH COVERAGE
1800000280,MI,Wayne,MI29698,MI26163-END,48250,Endocrinology,32,1,0.03125,38.98,HIGH COVERAGE
1800000281,MI,Wayne,MI29698,MI26163-END,48250,Endocrinology,32,1,0.03125,38.98,HIGH COVERAGE
1800000282,MI,Wayne,MI29698,MI26163-END,48250,Endocrinology,32,1,0.03125,38.98,HIGH COVERAGE
1800000283,MI,Wayne,MI29698,MI26163-END,48250,Endocrinology,32,1,0.03125,38.98,HIGH COVERAGE
1800000284,MI,Wayne,MI29698,MI26163-END,48250,Endocrinology,32,1,0.03125,38.98,HIGH COVERAGE
1800000285,MI,Wayne,MI29698,MI26163-END,48250,Endocrinology,32,1,0.03125,38.98,HIGH COVERAGE
1800000286,MI,Wayne,MI29698,MI26163-END,48250,Endocrinology,32,1,0.03125,38.98,HIGH COVERAGE
1800000287,MI,Wayne,MI29698,MI26163-END,48250,Endocrinology,32,1,0.03125,38.98,HIGH COVERAGE
1800000288,MI,Wayne,MI29698,MI26163-END,48250,Endocrinology,32,1,0.03125,38.98,HIGH COVERAGE
1800000289,MI,Wayne,MI29698,MI26163-END,48250,Endocrinology,32,1,0.03125,38.98,HIGH COVERAGE
1800000290,MI,Wayne,MI29698,MI26163-END,48250,Endocrinology,32,1,0.03125,38.98,HIGH COVERAGE
1800000291,MI,Wayne,MI29698,MI26163-END,48250,Endocrinology,32,1,0.03125,38.98,HIGH COVERAGE
1800000292,MI,Wayne,MI29698,MI26163-END,48250,Endocrinology,32,1,0.03125,38.98,HIGH COVERAGE
1800000293,MI,Wayne,MI29698,MI26163-END,48250,Endocrinology,32,1,0.03125,38.98,HIGH COVERAGE
1800000294,MI,Wayne,MI29698,MI26163-END,48250,Endocrinology,32,1,0.03125,38.98,HIGH COVERAGE
1800000295,MI,Wayne,MI29698,MI26163-END,48250,Endocrinology,32,1,0.03125,38.98,HIGH COVERAGE
1800000296,MI,Wayne,MI29698,MI26163-END,48250,Endocrinology,32,1,0.03125,38.98,HIGH COVERAGE
1800000297,MI,Wayne,MI29698,MI26163-END,48250,Endocrinology,32,1,0.03125,38.98,HIGH COVERAGE
1800000298,MI,Wayne,MI29698,MI26163-END,48250,Endocrinology,32,1,0.03125,38.98,HIGH COVERAGE
1800000299,MI,Wayne,MI29698,MI26163-END,48250,Endocrinology,32,1,0.03125,38.98,HIGH COVERAGE
1800000300,MI,Wayne,MI29698,MI26163-END,48250,Endocrinology,32,1,0.03125,38.98,HIGH COVERAGE
1800000301,MI,Wayne,MI29698,MI26163-END,48250,Endocrinology,32,1,0.03125,38.98,HIGH COVERAGE
1800000302,MI,Wayne,MI29698,MI26163-END,48250,Endocrinology,32,1,0.03125,38.98,HIGH COVERAGE
1800000303,MI,Wayne,MI29698,MI26163-END,48250,Endocrinology,32,1,0.03125,38.98,HIGH COVERAGE
1800000304,MI,Wayne,MI29698,MI26163-PSY,48250,Psychiatry,27,1,0.037037,34.5,HIGH COVERAGE
1800000305,MI,Wayne,MI29698,MI26163-PSY,48250,Psychiatry,27,1,0.037037,34.5,HIGH COVERAGE
1800000306,MI,Wayne,MI29698,MI26163-PSY,48250,Psychiatry,27,1,0.037037,34.5,HIGH COVERAGE
1800000307,MI,Wayne,MI29698,MI26163-PSY,48250,Psychiatry,27,1,0.037037,34.5,HIGH COVERAGE
1800000308,MI,Wayne,MI29698,MI26163-PSY,48250,Psychiatry,27,1,0.037037,34.5,HIGH COVERAGE
1800000309,MI,Wayne,MI29698,MI26163-PSY,48250,Psychiatry,27,1,0.037037,34.5,HIGH COVERAGE
1800000310,MI,Wayne,MI29698,MI26163-PSY,48250,Psychiatry,27,1,0.037037,34.5,HIGH COVERAGE
1800000311,MI,Wayne,MI29698,MI26163-PSY,48250,Psychiatry,27,1,0.037037,34.5,HIGH COVERAGE
1800000312,MI,Wayne,MI29698,MI26163-PSY,48250,Psychiatry,27,1,0.037037,34.5,HIGH COVERAGE
1800000313,MI,Wayne,MI29698,MI26163-PSY,48250,Psychiatry,27,1,0.037037,34.5,HIGH COVERAGE
1800000314,MI,Wayne,MI29698,MI26163-PSY,48250,Psychiatry,27,1,0.037037,34.5,HIGH COVERAGE
1800000315,MI,Wayne,MI29698,MI26163-PSY,48250,Psychiatry,27,1,0.037037,34.5,HIGH COVERAGE
1800000316,MI,Wayne,MI29698,MI26163-PSY,48250,Psychiatry,27,1,0.037037,34.5,HIGH COVERAGE
1800000317,MI,Wayne,MI29698,MI26163-PSY,48250,Psychiatry,27,1,0.037037,34.5,HIGH COVERAGE
1800000318,MI,Wayne,MI29698,MI26163-PSY,48250,Psychiatry,27,1,0.037037,34.5,HIGH COVERAGE
1800000319,MI,Wayne,MI29698,MI26163-PSY,48250,Psychiatry,27,1,0.037037,34.5,HIGH COVERAGE
1800000320,MI,Wayne,MI29698,MI26163-PSY,48250,Psychiatry,27,1,0.037037,34.5,HIGH COVERAGE
1800000321,MI,Wayne,MI29698,MI26163-PSY,48250,Psychiatry,27,1,0.037037,34.5,HIGH COVERAGE
1800000322,MI,Wayne,MI29698,MI26163-PSY,48250,Psychiatry,27,1,0.037037,34.5,HIGH COVERAGE
1800000323,MI,Wayne,MI29698,MI26163-PSY,48250,Psychiatry,27,1,0.037037,34.5,HIGH COVERAGE
1800000324,MI,Wayne,MI29698,MI26163-PSY,48250,Psychiatry,27,1,0.037037,34.5,HIGH COVERAGE
1800000325,MI,Wayne,MI29698,MI26163-PSY,48250,Psychiatry,27,1,0.037037,34.5,HIGH COVERAGE
1800000326,MI,Wayne,MI29698,MI26163-PSY,48250,Psychiatry,27,1,0.037037,34.5,HIGH COVERAGE
1800000327,MI,Wayne,MI29698,MI26163-PSY,48250,Psychiatry,27,1,0.037037,34.5,HIGH COVERAGE
1800000328,MI,Wayne,MI29698,MI26163-PSY,48250,Psychiatry,27,1,0.037037,34.5,HIGH COVERAGE
1800000329,MI,Wayne,MI29698,MI26163-PSY,48250,Psychiatry,27,1,0.037037,34.5,HIGH COVERAGE
1800000330,MI,Wayne,MI29698,MI26163-PSY,48250,Psychiatry,27,1,0.037037,34.5,HIGH COVERAGE
1800000331,MI,Wayne,MI29698,MI26163-PUL,48250,Pulmonary,31,1,0.032258,37.4,HIGH COVERAGE
1800000332,MI,Wayne,MI29698,MI26163-PUL,48250,Pulmonary,31,1,0.032258,37.4,HIGH COVERAGE
1800000333,MI,Wayne,MI29698,MI26163-PUL,48250,Pulmonary,31,1,0.032258,37.4,HIGH COVERAGE
1800000334,MI,Wayne,MI29698,MI26163-PUL,48250,Pulmonary,31,1,0.032258,37.4,HIGH COVERAGE
1800000335,MI,Wayne,MI29698,MI26163-PUL,48250,Pulmonary,31,1,0.032258,37.4,HIGH COVERAGE
1800000336,MI,Wayne,MI29698,MI26163-PUL,48250,Pulmonary,31,1,0.032258,37.4,HIGH COVERAGE
1800000337,MI,Wayne,MI29698,MI26163-PUL,48250,Pulmonary,31,1,0.032258,37.4,HIGH COVERAGE
1800000338,MI,Wayne,MI29698,MI26163-PUL,48250,Pulmonary,31,1,0.032258,37.4,HIGH COVERAGE
1800000339,MI,Wayne,MI29698,MI26163-PUL,48250,Pulmonary,31,1,0.032258,37.4,HIGH COVERAGE
1800000340,MI,Wayne,MI29698,MI26163-PUL,48250,Pulmonary,31,1,0.032258,37.4,HIGH COVERAGE
1800000341,MI,Wayne,MI29698,MI26163-PUL,48250,Pulmonary,31,1,0.032258,37.4,HIGH COVERAGE
1800000342,MI,Wayne,MI29698,MI26163-PUL,48250,Pulmonary,31,1,0.032258,37.4,HIGH COVERAGE
1800000343,MI,Wayne,MI29698,MI26163-PUL,48250,Pulmonary,31,1,0.032258,37.4,HIGH COVERAGE
1800000344,MI,Wayne,MI29698,MI26163-PUL,48250,Pulmonary,31,1,0.032258,37.4,HIGH COVERAGE
1800000345,MI,Wayne,MI29698,MI26163-PUL,48250,Pulmonary,31,1,0.032258,37.4,HIGH COVERAGE
1800000346,MI,Wayne,MI29698,MI26163-PUL,48250,Pulmonary,31,1,0.032258,37.4,HIGH COVERAGE
1800000347,MI,Wayne,MI29698,MI26163-PUL,48250,Pulmonary,31,1,0.032258,37.4,HIGH COVERAGE
1800000348,MI,Wayne,MI29698,MI26163-PUL,48250,Pulmonary,31,1,0.032258,37.4,HIGH COVERAGE
1800000349,MI,Wayne,MI29698,MI26163-PUL,48250,Pulmonary,31,1,0.032258,37.4,HIGH COVERAGE
1800000350,MI,Wayne,MI29698,MI26163-PUL,48250,Pulmonary,31,1,0.032258,37.4,HIGH COVERAGE
1800000351,MI,Wayne,MI29698,MI26163-PUL,48250,Pulmonary,31,1,0.032258,37.4,HIGH COVERAGE
1800000352,MI,Wayne,MI29698,MI26163-PUL,48250,Pulmonary,31,1,0.032258,37.4,HIGH COVERAGE
1800000353,MI,Wayne,MI29698,MI26163-PUL,48250,Pulmonary,31,1,0.032258,37.4,HIGH COVERAGE
1800000354,MI,Wayne,MI29698,MI26163-PUL,48250,Pulmonary,31,1,0.032258,37.4,HIGH COVERAGE
1800000355,MI,Wayne,MI29698,MI26163-PUL,48250,Pulmonary,31,1,0.032258,37.4,HIGH COVERAGE
1800000356,MI,Wayne,MI29698,MI26163-PUL,48250,Pulmonary,31,1,0.032258,37.4,HIGH COVERAGE
1800000357,MI,Wayne,MI29698,MI26163-PUL,48250,Pulmonary,31,1,0.032258,37.4,HIGH COVERAGE
1800000358,MI,Wayne,MI29698,MI26163-PUL,48250,Pulmonary,31,1,0.032258,37.4,HIGH COVERAGE
1800000359,MI,Wayne,MI29698,MI26163-PUL,48250,Pulmonary,31,1,0.032258,37.4,HIGH COVERAGE
1800000360,MI,Wayne,MI29698,MI26163-PUL,48250,Pulmonary,31,1,0.032258,37.4,HIGH COVERAGE
1800000361,MI,Wayne,MI29698,MI26163-PUL,48250,Pulmonary,31,1,0.032258,37.4,HIGH COVERAGE
1800000362,MI,Wayne,MI29698,MI26163-RHE,48250,Rheumatology,29,1,0.034483,35.9,HIGH COVERAGE
1800000363,MI,Wayne,MI29698,MI26163-RHE,48250,Rheumatology,29,1,0.034483,35.9,HIGH COVERAGE
1800000364,MI,Wayne,MI29698,MI26163-RHE,48250,Rheumatology,29,1,0.034483,35.9,HIGH COVERAGE
1800000365,MI,Wayne,MI29698,MI26163-RHE,48250,Rheumatology,29,1,0.034483,35.9,HIGH COVERAGE
1800000366,MI,Wayne,MI29698,MI26163-RHE,48250,Rheumatology,29,1,0.034483,35.9,HIGH COVERAGE
1800000367,MI,Wayne,MI29698,MI26163-RHE,48250,Rheumatology,29,1,0.034483,35.9,HIGH COVERAGE
1800000368,MI,Wayne,MI29698,MI26163-RHE,48250,Rheumatology,29,1,0.034483,35.9,HIGH COVERAGE
1800000369,MI,Wayne,MI29698,MI26163-RHE,48250,Rheumatology,29,1,0.034483,35.9,HIGH COVERAGE
1800000370,MI,Wayne,MI29698,MI26163-RHE,48250,Rheumatology,29,1,0.034483,35.9,HIGH COVERAGE
1800000371,MI,Wayne,MI29698,MI26163-RHE,48250,Rheumatology,29,1,0.034483,35.9,HIGH COVERAGE
1800000372,MI,Wayne,MI29698,MI26163-RHE,48250,Rheumatology,29,1,0.034483,35.9,HIGH COVERAGE
1800000373,MI,Wayne,MI29698,MI26163-RHE,48250,Rheumatology,29,1,0.034483,35.9,HIGH COVERAGE
1800000374,MI,Wayne,MI29698,MI26163-RHE,48250,Rheumatology,29,1,0.034483,35.9,HIGH COVERAGE
1800000375,MI,Wayne,MI29698,MI26163-RHE,48250,Rheumatology,29,1,0.034483,35.9,HIGH COVERAGE
1800000376,MI,Wayne,MI29698,MI26163-RHE,48250,Rheumatology,29,1,0.034483,35.9,HIGH COVERAGE
1800000377,MI,Wayne,MI29698,MI26163-RHE,48250,Rheumatology,29,1,0.034483,35.9,HIGH COVERAGE
1800000378,MI,Wayne,MI29698,MI26163-RHE,48250,Rheumatology,29,1,0.034483,35.9,HIGH COVERAGE
1800000379,MI,Wayne,MI29698,MI26163-RHE,48250,Rheumatology,29,1,0.034483,35.9,HIGH COVERAGE
1800000380,MI,Wayne,MI29698,MI26163-RHE,48250,Rheumatology,29,1,0.034483,35.9,HIGH COVERAGE
1800000381,MI,Wayne,MI29698,MI26163-RHE,48250,Rheumatology,29,1,0.034483,35.9,HIGH COVERAGE
1800000382,MI,Wayne,MI29698,MI26163-RHE,48250,Rheumatology,29,1,0.034483,35.9,HIGH COVERAGE
1800000383,MI,Wayne,MI29698,MI26163-RHE,48250,Rheumatology,29,1,0.034483,35.9,HIGH COVERAGE
1800000384,MI,Wayne,MI29698,MI26163-RHE,48250,Rheumatology,29,1,0.034483,35.9,HIGH COVERAGE
1800000385,MI,Wayne,MI29698,MI26163-RHE,48250,Rheumatology,29,1,0.034483,35.9,HIGH COVERAGE
1800000386,MI,Wayne,MI29698,MI26163-RHE,48250,Rheumatology,29,1,0.034483,35.9,HIGH COVERAGE
1800000387,MI,Wayne,MI29698,MI26163-RHE,48250,Rheumatology,29,1,0.034483,35.9,HIGH COVERAGE
1800000388,MI,Wayne,MI29698,MI26163-RHE,48250,Rheumatology,29,1,0.034483,35.9,HIGH COVERAGE
1800000389,MI,Wayne,MI29698,MI26163-RHE,48250,Rheumatology,29,1,0.034483,35.9,HIGH COVERAGE
1800000390,MI,Wayne,MI29698,MI26163-RHE,48250,Rheumatology,29,1,0.034483,35.9,HIGH COVERAGE
1800000391,TX,Bexar,TX48201,TX48029-CAR,78250,Cardiology,45,1,0.022222,59.72,HIGH COVERAGE
1800000392,TX,Bexar,TX48201,TX48029-CAR,78250,Cardiology,45,1,0.022222,59.72,HIGH COVERAGE
1800000393,TX,Bexar,TX48201,TX48029-CAR,78250,Cardiology,45,1,0.022222,59.72,HIGH COVERAGE
1800000394,TX,Bexar,TX48201,TX48029-CAR,78250,Cardiology,45,1,0.022222,59.72,HIGH COVERAGE
1800000395,TX,Bexar,TX48201,TX48029-CAR,78250,Cardiology,45,1,0.022222,59.72,HIGH COVERAGE
1800000396,TX,Bexar,TX48201,TX48029-CAR,78250,Cardiology,45,1,0.022222,59.72,HIGH COVERAGE
1800000397,TX,Bexar,TX48201,TX48029-CAR,78250,Cardiology,45,1,0.022222,59.72,HIGH COVERAGE
1800000398,TX,Bexar,TX48201,TX48029-CAR,78250,Cardiology,45,1,0.022222,59.72,HIGH COVERAGE
1800000399,TX,Bexar,TX48201,TX48029-CAR,78250,Cardiology,45,1,0.022222,59.72,HIGH COVERAGE
1800000400,TX,Bexar,TX48201,TX48029-CAR,78250,Cardiology,45,1,0.022222,59.72,HIGH COVERAGE
1800000401,TX,Bexar,TX48201,TX48029-CAR,78250,Cardiology,45,1,0.022222,59.72,HIGH COVERAGE
1800000402,TX,Bexar,TX48201,TX48029-CAR,78250,Cardiology,45,1,0.022222,59.72,HIGH COVERAGE
1800000403,TX,Bexar,TX48201,TX48029-CAR,78250,Cardiology,45,1,0.022222,59.72,HIGH COVERAGE
1800000404,TX,Bexar,TX48201,TX48029-CAR,78250,Cardiology,45,1,0.022222,59.72,HIGH COVERAGE
1800000405,TX,Bexar,TX48201,TX48029-CAR,78250,Cardiology,45,1,0.022222,59.72,HIGH COVERAGE
1800000406,TX,Bexar,TX48201,TX48029-CAR,78250,Cardiology,45,1,0.022222,59.72,HIGH COVERAGE
1800000407,TX,Bexar,TX48201,TX48029-CAR,78250,Cardiology,45,1,0.022222,59.72,HIGH COVERAGE
1800000408,TX,Bexar,TX48201,TX48029-CAR,78250,Cardiology,45,1,0.022222,59.72,HIGH COVERAGE
1800000409,TX,Bexar,TX48201,TX48029-CAR,78250,Cardiology,45,1,0.022222,59.72,HIGH COVERAGE
1800000410,TX,Bexar,TX48201,TX48029-CAR,78250,Cardiology,45,1,0.022222,59.72,HIGH COVERAGE
1800000411,TX,Bexar,TX48201,TX48029-CAR,78250,Cardiology,45,1,0.022222,59.72,HIGH COVERAGE
1800000412,TX,Bexar,TX48201,TX48029-CAR,78250,Cardiology,45,1,0.022222,59.72,HIGH COVERAGE
1800000413,TX,Bexar,TX48201,TX48029-CAR,78250,Cardiology,45,1,0.022222,59.72,HIGH COVERAGE
1800000414,TX,Bexar,TX48201,TX48029-CAR,78250,Cardiology,45,1,0.022222,59.72,HIGH COVERAGE
1800000415,TX,Bexar,TX48201,TX48029-CAR,78250,Cardiology,45,1,0.022222,59.72,HIGH COVERAGE
1800000416,TX,Bexar,TX48201,TX48029-CAR,78250,Cardiology,45,1,0.022222,59.72,HIGH COVERAGE
1800000417,TX,Bexar,TX48201,TX48029-CAR,78250,Cardiology,45,1,0.022222,59.72,HIGH COVERAGE
1800000418,TX,Bexar,TX48201,TX48029-CAR,78250,Cardiology,45,1,0.022222,59.72,HIGH COVERAGE
1800000419,TX,Bexar,TX48201,TX48029-CAR,78250,Cardiology,45,1,0.022222,59.72,HIGH COVERAGE
1800000420,TX,Bexar,TX48201,TX48029-CAR,78250,Cardiology,45,1,0.022222,59.72,HIGH COVERAGE
1800000421,TX,Bexar,TX48201,TX48029-CAR,78250,Cardiology,45,1,0.022222,59.72,HIGH COVERAGE
1800000422,TX,Bexar,TX48201,TX48029-CAR,78250,Cardiology,45,1,0.022222,59.72,HIGH COVERAGE
1800000423,TX,Bexar,TX48201,TX48029-CAR,78250,Cardiology,45,1,0.022222,59.72,HIGH COVERAGE
1800000424,TX,Bexar,TX48201,TX48029-CAR,78250,Cardiology,45,1,0.022222,59.72,HIGH COVERAGE
1800000425,TX,Bexar,TX48201,TX48029-CAR,78250,Cardiology,45,1,0.022222,59.72,HIGH COVERAGE
1800000426,TX,Bexar,TX48201,TX48029-CAR,78250,Cardiology,45,1,0.022222,59.72,HIGH COVERAGE
1800000427,TX,Bexar,TX48201,TX48029-CAR,78250,Cardiology,45,1,0.022222,59.72,HIGH COVERAGE
1800000428,TX,Bexar,TX48201,TX48029-CAR,78250,Cardiology,45,1,0.022222,59.72,HIGH COVERAGE
1800000429,TX,Bexar,TX48201,TX48029-CAR,78250,Cardiology,45,1,0.022222,59.72,HIGH COVERAGE
1800000430,TX,Bexar,TX48201,TX48029-CAR,78250,Cardiology,45,1,0.022222,59.72,HIGH COVERAGE
1800000431,TX,Bexar,TX48201,TX48029-CAR,78250,Cardiology,45,1,0.022222,59.72,HIGH COVERAGE
1800000432,TX,Bexar,TX48201,TX48029-CAR,78250,Cardiology,45,1,0.022222,59.72,HIGH COVERAGE
1800000433,TX,Bexar,TX48201,TX48029-CAR,78250,Cardiology,45,1,0.022222,59.72,HIGH COVERAGE
1800000434,TX,Bexar,TX48201,TX48029-CAR,78250,Cardiology,45,1,0.022222,59.72,HIGH COVERAGE
1800000435,TX,Bexar,TX48201,TX48029-CAR,78250,Cardiology,45,1,0.022222,59.72,HIGH COVERAGE
1800000436,TX,Bexar,TX48201,TX48029-END,78250,Endocrinology,43,1,0.023256,55.32,HIGH COVERAGE
1800000437,TX,Bexar,TX48201,TX48029-END,78250,Endocrinology,43,1,0.023256,55.32,HIGH COVERAGE
1800000438,TX,Bexar,TX48201,TX48029-END,78250,Endocrinology,43,1,0.023256,55.32,HIGH COVERAGE
1800000439,TX,Bexar,TX48201,TX48029-END,78250,Endocrinology,43,1,0.023256,55.32,HIGH COVERAGE
1800000440,TX,Bexar,TX48201,TX48029-END,78250,Endocrinology,43,1,0.023256,55.32,HIGH COVERAGE
1800000441,TX,Bexar,TX48201,TX48029-END,78250,Endocrinology,43,1,0.023256,55.32,HIGH COVERAGE
1800000442,TX,Bexar,TX48201,TX48029-END,78250,Endocrinology,43,1,0.023256,55.32,HIGH COVERAGE
1800000443,TX,Bexar,TX48201,TX48029-END,78250,Endocrinology,43,1,0.023256,55.32,HIGH COVERAGE
1800000444,TX,Bexar,TX48201,TX48029-END,78250,Endocrinology,43,1,0.023256,55.32,HIGH COVERAGE
1800000445,TX,Bexar,TX48201,TX48029-END,78250,Endocrinology,43,1,0.023256,55.32,HIGH COVERAGE
1800000446,TX,Bexar,TX48201,TX48029-END,78250,Endocrinology,43,1,0.023256,55.32,HIGH COVERAGE
1800000447,TX,Bexar,TX48201,TX48029-END,78250,Endocrinology,43,1,0.023256,55.32,HIGH COVERAGE
1800000448,TX,Bexar,TX48201,TX48029-END,78250,Endocrinology,43,1,0.023256,55.32,HIGH COVERAGE
1800000449,TX,Bexar,TX48201,TX48029-END,78250,Endocrinology,43,1,0.023256,55.32,HIGH COVERAGE
1800000450,TX,Bexar,TX48201,TX48029-END,78250,Endocrinology,43,1,0.023256,55.32,HIGH COVERAGE
1800000451,TX,Bexar,TX48201,TX48029-END,78250,Endocrinology,43,1,0.023256,55.32,HIGH COVERAGE
1800000452,TX,Bexar,TX48201,TX48029-END,78250,Endocrinology,43,1,0.023256,55.32,HIGH COVERAGE
1800000453,TX,Bexar,TX48201,TX48029-END,78250,Endocrinology,43,1,0.023256,55.32,HIGH COVERAGE
1800000454,TX,Bexar,TX48201,TX48029-END,78250,Endocrinology,43,1,0.023256,55.32,HIGH COVERAGE
1800000455,TX,Bexar,TX48201,TX48029-END,78250,Endocrinology,43,1,0.023256,55.32,HIGH COVERAGE
1800000456,TX,Bexar,TX48201,TX48029-END,78250,Endocrinology,43,1,0.023256,55.32,HIGH COVERAGE
1800000457,TX,Bexar,TX48201,TX48029-END,78250,Endocrinology,43,1,0.023256,55.32,HIGH COVERAGE
1800000458,TX,Bexar,TX48201,TX48029-END,78250,Endocrinology,43,1,0.023256,55.32,HIGH COVERAGE
1800000459,TX,Bexar,TX48201,TX48029-END,78250,Endocrinology,43,1,0.023256,55.32,HIGH COVERAGE
1800000460,TX,Bexar,TX48201,TX48029-END,78250,Endocrinology,43,1,0.023256,55.32,HIGH COVERAGE
1800000461,TX,Bexar,TX48201,TX48029-END,78250,Endocrinology,43,1,0.023256,55.32,HIGH COVERAGE
1800000462,TX,Bexar,TX48201,TX48029-END,78250,Endocrinology,43,1,0.023256,55.32,HIGH COVERAGE
1800000463,TX,Bexar,TX48201,TX48029-END,78250,Endocrinology,43,1,0.023256,55.32,HIGH COVERAGE
1800000464,TX,Bexar,TX48201,TX48029-END,78250,Endocrinology,43,1,0.023256,55.32,HIGH COVERAGE
1800000465,TX,Bexar,TX48201,TX48029-END,78250,Endocrinology,43,1,0.023256,55.32,HIGH COVERAGE
1800000466,TX,Bexar,TX48201,TX48029-END,78250,Endocrinology,43,1,0.023256,55.32,HIGH COVERAGE
1800000467,TX,Bexar,TX48201,TX48029-END,78250,Endocrinology,43,1,0.023256,55.32,HIGH COVERAGE
1800000468,TX,Bexar,TX48201,TX48029-END,78250,Endocrinology,43,1,0.023256,55.32,HIGH COVERAGE
1800000469,TX,Bexar,TX48201,TX48029-END,78250,Endocrinology,43,1,0.023256,55.32,HIGH COVERAGE
1800000470,TX,Bexar,TX48201,TX48029-END,78250,Endocrinology,43,1,0.023256,55.32,HIGH COVERAGE
1800000471,TX,Bexar,TX48201,TX48029-END,78250,Endocrinology,43,1,0.023256,55.32,HIGH COVERAGE
1800000472,TX,Bexar,TX48201,TX48029-END,78250,Endocrinology,43,1,0.023256,55.32,HIGH COVERAGE
1800000473,TX,Bexar,TX48201,TX48029-END,78250,Endocrinology,43,1,0.023256,55.32,HIGH COVERAGE
1800000474,TX,Bexar,TX48201,TX48029-END,78250,Endocrinology,43,1,0.023256,55.32,HIGH COVERAGE
1800000475,TX,Bexar,TX48201,TX48029-END,78250,Endocrinology,43,1,0.023256,55.32,HIGH COVERAGE
1800000476,TX,Bexar,TX48201,TX48029-END,78250,Endocrinology,43,1,0.023256,55.32,HIGH COVERAGE
1800000477,TX,Bexar,TX48201,TX48029-END,78250,Endocrinology,43,1,0.023256,55.32,HIGH COVERAGE
1800000478,TX,Bexar,TX48201,TX48029-END,78250,Endocrinology,43,1,0.023256,55.32,HIGH COVERAGE
1800000479,TX,Bexar,TX48201,TX48029-PSY,78250,Psychiatry,36,1,0.027778,43.22,HIGH COVERAGE
1800000480,TX,Bexar,TX48201,TX48029-PSY,78250,Psychiatry,36,1,0.027778,43.22,HIGH COVERAGE
1800000481,TX,Bexar,TX48201,TX48029-PSY,78250,Psychiatry,36,1,0.027778,43.22,HIGH COVERAGE
1800000482,TX,Bexar,TX48201,TX48029-PSY,78250,Psychiatry,36,1,0.027778,43.22,HIGH COVERAGE
1800000483,TX,Bexar,TX48201,TX48029-PSY,78250,Psychiatry,36,1,0.027778,43.22,HIGH COVERAGE
1800000484,TX,Bexar,TX48201,TX48029-PSY,78250,Psychiatry,36,1,0.027778,43.22,HIGH COVERAGE
1800000485,TX,Bexar,TX48201,TX48029-PSY,78250,Psychiatry,36,1,0.027778,43.22,HIGH COVERAGE
1800000486,TX,Bexar,TX48201,TX48029-PSY,78250,Psychiatry,36,1,0.027778,43.22,HIGH COVERAGE
1800000487,TX,Bexar,TX48201,TX48029-PSY,78250,Psychiatry,36,1,0.027778,43.22,HIGH COVERAGE
1800000488,TX,Bexar,TX48201,TX48029-PSY,78250,Psychiatry,36,1,0.027778,43.22,HIGH COVERAGE
1800000489,TX,Bexar,TX48201,TX48029-PSY,78250,Psychiatry,36,1,0.027778,43.22,HIGH COVERAGE
1800000490,TX,Bexar,TX48201,TX48029-PSY,78250,Psychiatry,36,1,0.027778,43.22,HIGH COVERAGE
1800000491,TX,Bexar,TX48201,TX48029-PSY,78250,Psychiatry,36,1,0.027778,43.22,HIGH COVERAGE
1800000492,TX,Bexar,TX48201,TX48029-PSY,78250,Psychiatry,36,1,0.027778,43.22,HIGH COVERAGE
1800000493,TX,Bexar,TX48201,TX48029-PSY,78250,Psychiatry,36,1,0.027778,43.22,HIGH COVERAGE
1800000494,TX,Bexar,TX48201,TX48029-PSY,78250,Psychiatry,36,1,0.027778,43.22,HIGH COVERAGE
1800000495,TX,Bexar,TX48201,TX48029-PSY,78250,Psychiatry,36,1,0.027778,43.22,HIGH COVERAGE
1800000496,TX,Bexar,TX48201,TX48029-PSY,78250,Psychiatry,36,1,0.027778,43.22,HIGH COVERAGE
1800000497,TX,Bexar,TX48201,TX48029-PSY,78250,Psychiatry,36,1,0.027778,43.22,HIGH COVERAGE
1800000498,TX,Bexar,TX48201,TX48029-PSY,78250,Psychiatry,36,1,0.027778,43.22,HIGH COVERAGE
1800000499,TX,Bexar,TX48201,TX48029-PSY,78250,Psychiatry,36,1,0.027778,43.22,HIGH COVERAGE
1800000500,TX,Bexar,TX48201,TX48029-PSY,78250,Psychiatry,36,1,0.027778,43.22,HIGH COVERAGE
1800000501,TX,Bexar,TX48201,TX48029-PSY,78250,Psychiatry,36,1,0.027778,43.22,HIGH COVERAGE
1800000502,TX,Bexar,TX48201,TX48029-PSY,78250,Psychiatry,36,1,0.027778,43.22,HIGH COVERAGE
1800000503,TX,Bexar,TX48201,TX48029-PSY,78250,Psychiatry,36,1,0.027778,43.22,HIGH COVERAGE
1800000504,TX,Bexar,TX48201,TX48029-PSY,78250,Psychiatry,36,1,0.027778,43.22,HIGH COVERAGE
1800000505,TX,Bexar,TX48201,TX48029-PSY,78250,Psychiatry,36,1,0.027778,43.22,HIGH COVERAGE
1800000506,TX,Bexar,TX48201,TX48029-PSY,78250,Psychiatry,36,1,0.027778,43.22,HIGH COVERAGE
1800000507,TX,Bexar,TX48201,TX48029-PSY,78250,Psychiatry,36,1,0.027778,43.22,HIGH COVERAGE
1800000508,TX,Bexar,TX48201,TX48029-PSY,78250,Psychiatry,36,1,0.027778,43.22,HIGH COVERAGE
1800000509,TX,Bexar,TX48201,TX48029-PSY,78250,Psychiatry,36,1,0.027778,43.22,HIGH COVERAGE
1800000510,TX,Bexar,TX48201,TX48029-PSY,78250,Psychiatry,36,1,0.027778,43.22,HIGH COVERAGE
1800000511,TX,Bexar,TX48201,TX48029-PSY,78250,Psychiatry,36,1,0.027778,43.22,HIGH COVERAGE
1800000512,TX,Bexar,TX48201,TX48029-PSY,78250,Psychiatry,36,1,0.027778,43.22,HIGH COVERAGE
1800000513,TX,Bexar,TX48201,TX48029-PSY,78250,Psychiatry,36,1,0.027778,43.22,HIGH COVERAGE
1800000514,TX,Bexar,TX48201,TX48029-PSY,78250,Psychiatry,36,1,0.027778,43.22,HIGH COVERAGE
1800000515,TX,Bexar,TX48201,TX48029-PUL,78250,Pulmonary,41,1,0.02439,50.05,HIGH COVERAGE
1800000516,TX,Bexar,TX48201,TX48029-PUL,78250,Pulmonary,41,1,0.02439,50.05,HIGH COVERAGE
1800000517,TX,Bexar,TX48201,TX48029-PUL,78250,Pulmonary,41,1,0.02439,50.05,HIGH COVERAGE
1800000518,TX,Bexar,TX48201,TX48029-PUL,78250,Pulmonary,41,1,0.02439,50.05,HIGH COVERAGE
1800000519,TX,Bexar,TX48201,TX48029-PUL,78250,Pulmonary,41,1,0.02439,50.05,HIGH COVERAGE
1800000520,TX,Bexar,TX48201,TX48029-PUL,78250,Pulmonary,41,1,0.02439,50.05,HIGH COVERAGE
1800000521,TX,Bexar,TX48201,TX48029-PUL,78250,Pulmonary,41,1,0.02439,50.05,HIGH COVERAGE
1800000522,TX,Bexar,TX48201,TX48029-PUL,78250,Pulmonary,41,1,0.02439,50.05,HIGH COVERAGE
1800000523,TX,Bexar,TX48201,TX48029-PUL,78250,Pulmonary,41,1,0.02439,50.05,HIGH COVERAGE
1800000524,TX,Bexar,TX48201,TX48029-PUL,78250,Pulmonary,41,1,0.02439,50.05,HIGH COVERAGE
1800000525,TX,Bexar,TX48201,TX48029-PUL,78250,Pulmonary,41,1,0.02439,50.05,HIGH COVERAGE
1800000526,TX,Bexar,TX48201,TX48029-PUL,78250,Pulmonary,41,1,0.02439,50.05,HIGH COVERAGE
1800000527,TX,Bexar,TX48201,TX48029-PUL,78250,Pulmonary,41,1,0.02439,50.05,HIGH COVERAGE
1800000528,TX,Bexar,TX48201,TX48029-PUL,78250,Pulmonary,41,1,0.02439,50.05,HIGH COVERAGE
1800000529,TX,Bexar,TX48201,TX48029-PUL,78250,Pulmonary,41,1,0.02439,50.05,HIGH COVERAGE
1800000530,TX,Bexar,TX48201,TX48029-PUL,78250,Pulmonary,41,1,0.02439,50.05,HIGH COVERAGE
1800000531,TX,Bexar,TX48201,TX48029-PUL,78250,Pulmonary,41,1,0.02439,50.05,HIGH COVERAGE
1800000532,TX,Bexar,TX48201,TX48029-PUL,78250,Pulmonary,41,1,0.02439,50.05,HIGH COVERAGE
1800000533,TX,Bexar,TX48201,TX48029-PUL,78250,Pulmonary,41,1,0.02439,50.05,HIGH COVERAGE
1800000534,TX,Bexar,TX48201,TX48029-PUL,78250,Pulmonary,41,1,0.02439,50.05,HIGH COVERAGE
1800000535,TX,Bexar,TX48201,TX48029-PUL,78250,Pulmonary,41,1,0.02439,50.05,HIGH COVERAGE
1800000536,TX,Bexar,TX48201,TX48029-PUL,78250,Pulmonary,41,1,0.02439,50.05,HIGH COVERAGE
1800000537,TX,Bexar,TX48201,TX48029-PUL,78250,Pulmonary,41,1,0.02439,50.05,HIGH COVERAGE
1800000538,TX,Bexar,TX48201,TX48029-PUL,78250,Pulmonary,41,1,0.02439,50.05,HIGH COVERAGE
1800000539,TX,Bexar,TX48201,TX48029-PUL,78250,Pulmonary,41,1,0.02439,50.05,HIGH COVERAGE
1800000540,TX,Bexar,TX48201,TX48029-PUL,78250,Pulmonary,41,1,0.02439,50.05,HIGH COVERAGE
1800000541,TX,Bexar,TX48201,TX48029-PUL,78250,Pulmonary,41,1,0.02439,50.05,HIGH COVERAGE
1800000542,TX,Bexar,TX48201,TX48029-PUL,78250,Pulmonary,41,1,0.02439,50.05,HIGH COVERAGE
1800000543,TX,Bexar,TX48201,TX48029-PUL,78250,Pulmonary,41,1,0.02439,50.05,HIGH COVERAGE
1800000544,TX,Bexar,TX48201,TX48029-PUL,78250,Pulmonary,41,1,0.02439,50.05,HIGH COVERAGE
1800000545,TX,Bexar,TX48201,TX48029-PUL,78250,Pulmonary,41,1,0.02439,50.05,HIGH COVERAGE
1800000546,TX,Bexar,TX48201,TX48029-PUL,78250,Pulmonary,41,1,0.02439,50.05,HIGH COVERAGE
1800000547,TX,Bexar,TX48201,TX48029-PUL,78250,Pulmonary,41,1,0.02439,50.05,HIGH COVERAGE
1800000548,TX,Bexar,TX48201,TX48029-PUL,78250,Pulmonary,41,1,0.02439,50.05,HIGH COVERAGE
1800000549,TX,Bexar,TX48201,TX48029-PUL,78250,Pulmonary,41,1,0.02439,50.05,HIGH COVERAGE
1800000550,TX,Bexar,TX48201,TX48029-PUL,78250,Pulmonary,41,1,0.02439,50.05,HIGH COVERAGE
1800000551,TX,Bexar,TX48201,TX48029-PUL,78250,Pulmonary,41,1,0.02439,50.05,HIGH COVERAGE
1800000552,TX,Bexar,TX48201,TX48029-PUL,78250,Pulmonary,41,1,0.02439,50.05,HIGH COVERAGE
1800000553,TX,Bexar,TX48201,TX48029-PUL,78250,Pulmonary,41,1,0.02439,50.05,HIGH COVERAGE
1800000554,TX,Bexar,TX48201,TX48029-PUL,78250,Pulmonary,41,1,0.02439,50.05,HIGH COVERAGE
1800000555,TX,Bexar,TX48201,TX48029-PUL,78250,Pulmonary,41,1,0.02439,50.05,HIGH COVERAGE
1800000556,TX,Bexar,TX48201,TX48029-RHE,78250,Rheumatology,40,1,0.025,47.02,HIGH COVERAGE
1800000557,TX,Bexar,TX48201,TX48029-RHE,78250,Rheumatology,40,1,0.025,47.02,HIGH COVERAGE
1800000558,TX,Bexar,TX48201,TX48029-RHE,78250,Rheumatology,40,1,0.025,47.02,HIGH COVERAGE
1800000559,TX,Bexar,TX48201,TX48029-RHE,78250,Rheumatology,40,1,0.025,47.02,HIGH COVERAGE
1800000560,TX,Bexar,TX48201,TX48029-RHE,78250,Rheumatology,40,1,0.025,47.02,HIGH COVERAGE
1800000561,TX,Bexar,TX48201,TX48029-RHE,78250,Rheumatology,40,1,0.025,47.02,HIGH COVERAGE
1800000562,TX,Bexar,TX48201,TX48029-RHE,78250,Rheumatology,40,1,0.025,47.02,HIGH COVERAGE
1800000563,TX,Bexar,TX48201,TX48029-RHE,78250,Rheumatology,40,1,0.025,47.02,HIGH COVERAGE
1800000564,TX,Bexar,TX48201,TX48029-RHE,78250,Rheumatology,40,1,0.025,47.02,HIGH COVERAGE
1800000565,TX,Bexar,TX48201,TX48029-RHE,78250,Rheumatology,40,1,0.025,47.02,HIGH COVERAGE
1800000566,TX,Bexar,TX48201,TX48029-RHE,78250,Rheumatology,40,1,0.025,47.02,HIGH COVERAGE
1800000567,TX,Bexar,TX48201,TX48029-RHE,78250,Rheumatology,40,1,0.025,47.02,HIGH COVERAGE
1800000568,TX,Bexar,TX48201,TX48029-RHE,78250,Rheumatology,40,1,0.025,47.02,HIGH COVERAGE
1800000569,TX,Bexar,TX48201,TX48029-RHE,78250,Rheumatology,40,1,0.025,47.02,HIGH COVERAGE
1800000570,TX,Bexar,TX48201,TX48029-RHE,78250,Rheumatology,40,1,0.025,47.02,HIGH COVERAGE
1800000571,TX,Bexar,TX48201,TX48029-RHE,78250,Rheumatology,40,1,0.025,47.02,HIGH COVERAGE
1800000572,TX,Bexar,TX48201,TX48029-RHE,78250,Rheumatology,40,1,0.025,47.02,HIGH COVERAGE
1800000573,TX,Bexar,TX48201,TX48029-RHE,78250,Rheumatology,40,1,0.025,47.02,HIGH COVERAGE
1800000574,TX,Bexar,TX48201,TX48029-RHE,78250,Rheumatology,40,1,0.025,47.02,HIGH COVERAGE
1800000575,TX,Bexar,TX48201,TX48029-RHE,78250,Rheumatology,40,1,0.025,47.02,HIGH COVERAGE
1800000576,TX,Bexar,TX48201,TX48029-RHE,78250,Rheumatology,40,1,0.025,47.02,HIGH COVERAGE
1800000577,TX,Bexar,TX48201,TX48029-RHE,78250,Rheumatology,40,1,0.025,47.02,HIGH COVERAGE
1800000578,TX,Bexar,TX48201,TX48029-RHE,78250,Rheumatology,40,1,0.025,47.02,HIGH COVERAGE
1800000579,TX,Bexar,TX48201,TX48029-RHE,78250,Rheumatology,40,1,0.025,47.02,HIGH COVERAGE
1800000580,TX,Bexar,TX48201,TX48029-RHE,78250,Rheumatology,40,1,0.025,47.02,HIGH COVERAGE
1800000581,TX,Bexar,TX48201,TX48029-RHE,78250,Rheumatology,40,1,0.025,47.02,HIGH COVERAGE
1800000582,TX,Bexar,TX48201,TX48029-RHE,78250,Rheumatology,40,1,0.025,47.02,HIGH COVERAGE
1800000583,TX,Bexar,TX48201,TX48029-RHE,78250,Rheumatology,40,1,0.025,47.02,HIGH COVERAGE
1800000584,TX,Bexar,TX48201,TX48029-RHE,78250,Rheumatology,40,1,0.025,47.02,HIGH COVERAGE
1800000585,TX,Bexar,TX48201,TX48029-RHE,78250,Rheumatology,40,1,0.025,47.02,HIGH COVERAGE
1800000586,TX,Bexar,TX48201,TX48029-RHE,78250,Rheumatology,40,1,0.025,47.02,HIGH COVERAGE
1800000587,TX,Bexar,TX48201,TX48029-RHE,78250,Rheumatology,40,1,0.025,47.02,HIGH COVERAGE
1800000588,TX,Bexar,TX48201,TX48029-RHE,78250,Rheumatology,40,1,0.025,47.02,HIGH COVERAGE
1800000589,TX,Bexar,TX48201,TX48029-RHE,78250,Rheumatology,40,1,0.025,47.02,HIGH COVERAGE
1800000590,TX,Bexar,TX48201,TX48029-RHE,78250,Rheumatology,40,1,0.025,47.02,HIGH COVERAGE
1800000591,TX,Bexar,TX48201,TX48029-RHE,78250,Rheumatology,40,1,0.025,47.02,HIGH COVERAGE
1800000592,TX,Bexar,TX48201,TX48029-RHE,78250,Rheumatology,40,1,0.025,47.02,HIGH COVERAGE
1800000593,TX,Bexar,TX48201,TX48029-RHE,78250,Rheumatology,40,1,0.025,47.02,HIGH COVERAGE
1800000594,TX,Bexar,TX48201,TX48029-RHE,78250,Rheumatology,40,1,0.025,47.02,HIGH COVERAGE
1800000595,TX,Bexar,TX48201,TX48029-RHE,78250,Rheumatology,40,1,0.025,47.02,HIGH COVERAGE
1800000596,TX,Collin,TX48201,TX48085-CAR,75050,Cardiology,25,1,0.04,33.2,HIGH COVERAGE
1800000597,TX,Collin,TX48201,TX48085-CAR,75050,Cardiology,25,1,0.04,33.2,HIGH COVERAGE
1800000598,TX,Collin,TX48201,TX48085-CAR,75050,Cardiology,25,1,0.04,33.2,HIGH COVERAGE
1800000599,TX,Collin,TX48201,TX48085-CAR,75050,Cardiology,25,1,0.04,33.2,HIGH COVERAGE
1800000600,TX,Collin,TX48201,TX48085-CAR,75050,Cardiology,25,1,0.04,33.2,HIGH COVERAGE
1800000601,TX,Collin,TX48201,TX48085-CAR,75050,Cardiology,25,1,0.04,33.2,HIGH COVERAGE
1800000602,TX,Collin,TX48201,TX48085-CAR,75050,Cardiology,25,1,0.04,33.2,HIGH COVERAGE
1800000603,TX,Collin,TX48201,TX48085-CAR,75050,Cardiology,25,1,0.04,33.2,HIGH COVERAGE
1800000604,TX,Collin,TX48201,TX48085-CAR,75050,Cardiology,25,1,0.04,33.2,HIGH COVERAGE
1800000605,TX,Collin,TX48201,TX48085-CAR,75050,Cardiology,25,1,0.04,33.2,HIGH COVERAGE
1800000606,TX,Collin,TX48201,TX48085-CAR,75050,Cardiology,25,1,0.04,33.2,HIGH COVERAGE
1800000607,TX,Collin,TX48201,TX48085-CAR,75050,Cardiology,25,1,0.04,33.2,HIGH COVERAGE
1800000608,TX,Collin,TX48201,TX48085-CAR,75050,Cardiology,25,1,0.04,33.2,HIGH COVERAGE
1800000609,TX,Collin,TX48201,TX48085-CAR,75050,Cardiology,25,1,0.04,33.2,HIGH COVERAGE
1800000610,TX,Collin,TX48201,TX48085-CAR,75050,Cardiology,25,1,0.04,33.2,HIGH COVERAGE
1800000611,TX,Collin,TX48201,TX48085-CAR,75050,Cardiology,25,1,0.04,33.2,HIGH COVERAGE
1800000612,TX,Collin,TX48201,TX48085-CAR,75050,Cardiology,25,1,0.04,33.2,HIGH COVERAGE
1800000613,TX,Collin,TX48201,TX48085-CAR,75050,Cardiology,25,1,0.04,33.2,HIGH COVERAGE
1800000614,TX,Collin,TX48201,TX48085-CAR,75050,Cardiology,25,1,0.04,33.2,HIGH COVERAGE
1800000615,TX,Collin,TX48201,TX48085-CAR,75050,Cardiology,25,1,0.04,33.2,HIGH COVERAGE
1800000616,TX,Collin,TX48201,TX48085-CAR,75050,Cardiology,25,1,0.04,33.2,HIGH COVERAGE
1800000617,TX,Collin,TX48201,TX48085-CAR,75050,Cardiology,25,1,0.04,33.2,HIGH COVERAGE
1800000618,TX,Collin,TX48201,TX48085-CAR,75050,Cardiology,25,1,0.04,33.2,HIGH COVERAGE
1800000619,TX,Collin,TX48201,TX48085-CAR,75050,Cardiology,25,1,0.04,33.2,HIGH COVERAGE
1800000620,TX,Collin,TX48201,TX48085-CAR,75050,Cardiology,25,1,0.04,33.2,HIGH COVERAGE
1800000621,TX,Collin,TX48201,TX48085-END,75050,Endocrinology,24,1,0.041667,31.37,CRITICAL COVERAGE
1800000622,TX,Collin,TX48201,TX48085-END,75050,Endocrinology,24,1,0.041667,31.37,CRITICAL COVERAGE
1800000623,TX,Collin,TX48201,TX48085-END,75050,Endocrinology,24,1,0.041667,31.37,CRITICAL COVERAGE
1800000624,TX,Collin,TX48201,TX48085-END,75050,Endocrinology,24,1,0.041667,31.37,CRITICAL COVERAGE
1800000625,TX,Collin,TX48201,TX48085-END,75050,Endocrinology,24,1,0.041667,31.37,CRITICAL COVERAGE
1800000626,TX,Collin,TX48201,TX48085-END,75050,Endocrinology,24,1,0.041667,31.37,CRITICAL COVERAGE
1800000627,TX,Collin,TX48201,TX48085-END,75050,Endocrinology,24,1,0.041667,31.37,CRITICAL COVERAGE
1800000628,TX,Collin,TX48201,TX48085-END,75050,Endocrinology,24,1,0.041667,31.37,CRITICAL COVERAGE
1800000629,TX,Collin,TX48201,TX48085-END,75050,Endocrinology,24,1,0.041667,31.37,CRITICAL COVERAGE
1800000630,TX,Collin,TX48201,TX48085-END,75050,Endocrinology,24,1,0.041667,31.37,CRITICAL COVERAGE
1800000631,TX,Collin,TX48201,TX48085-END,75050,Endocrinology,24,1,0.041667,31.37,CRITICAL COVERAGE
1800000632,TX,Collin,TX48201,TX48085-END,75050,Endocrinology,24,1,0.041667,31.37,CRITICAL COVERAGE
1800000633,TX,Collin,TX48201,TX48085-END,75050,Endocrinology,24,1,0.041667,31.37,CRITICAL COVERAGE
1800000634,TX,Collin,TX48201,TX48085-END,75050,Endocrinology,24,1,0.041667,31.37,CRITICAL COVERAGE
1800000635,TX,Collin,TX48201,TX48085-END,75050,Endocrinology,24,1,0.041667,31.37,CRITICAL COVERAGE
1800000636,TX,Collin,TX48201,TX48085-END,75050,Endocrinology,24,1,0.041667,31.37,CRITICAL COVERAGE
1800000637,TX,Collin,TX48201,TX48085-END,75050,Endocrinology,24,1,0.041667,31.37,CRITICAL COVERAGE
1800000638,TX,Collin,TX48201,TX48085-END,75050,Endocrinology,24,1,0.041667,31.37,CRITICAL COVERAGE
1800000639,TX,Collin,TX48201,TX48085-END,75050,Endocrinology,24,1,0.041667,31.37,CRITICAL COVERAGE
1800000640,TX,Collin,TX48201,TX48085-END,75050,Endocrinology,24,1,0.041667,31.37,CRITICAL COVERAGE
1800000641,TX,Collin,TX48201,TX48085-END,75050,Endocrinology,24,1,0.041667,31.37,CRITICAL COVERAGE
1800000642,TX,Collin,TX48201,TX48085-END,75050,Endocrinology,24,1,0.041667,31.37,CRITICAL COVERAGE
1800000643,TX,Collin,TX48201,TX48085-END,75050,Endocrinology,24,1,0.041667,31.37,CRITICAL COVERAGE
1800000644,TX,Collin,TX48201,TX48085-END,75050,Endocrinology,24,1,0.041667,31.37,CRITICAL COVERAGE
1800000645,TX,Collin,TX48201,TX48085-PSY,75050,Psychiatry,20,1,0.05,15.38,CRITICAL COVERAGE
1800000646,TX,Collin,TX48201,TX48085-PSY,75050,Psychiatry,20,1,0.05,15.38,CRITICAL COVERAGE
1800000647,TX,Collin,TX48201,TX48085-PSY,75050,Psychiatry,20,1,0.05,15.38,CRITICAL COVERAGE
1800000648,TX,Collin,TX48201,TX48085-PSY,75050,Psychiatry,20,1,0.05,15.38,CRITICAL COVERAGE
1800000649,TX,Collin,TX48201,TX48085-PSY,75050,Psychiatry,20,1,0.05,15.38,CRITICAL COVERAGE
1800000650,TX,Collin,TX48201,TX48085-PSY,75050,Psychiatry,20,1,0.05,15.38,CRITICAL COVERAGE
1800000651,TX,Collin,TX48201,TX48085-PSY,75050,Psychiatry,20,1,0.05,15.38,CRITICAL COVERAGE
1800000652,TX,Collin,TX48201,TX48085-PSY,75050,Psychiatry,20,1,0.05,15.38,CRITICAL COVERAGE
1800000653,TX,Collin,TX48201,TX48085-PSY,75050,Psychiatry,20,1,0.05,15.38,CRITICAL COVERAGE
1800000654,TX,Collin,TX48201,TX48085-PSY,75050,Psychiatry,20,1,0.05,15.38,CRITICAL COVERAGE
1800000655,TX,Collin,TX48201,TX48085-PSY,75050,Psychiatry,20,1,0.05,15.38,CRITICAL COVERAGE
1800000656,TX,Collin,TX48201,TX48085-PSY,75050,Psychiatry,20,1,0.05,15.38,CRITICAL COVERAGE
1800000657,TX,Collin,TX48201,TX48085-PSY,75050,Psychiatry,20,1,0.05,15.38,CRITICAL COVERAGE
1800000658,TX,Collin,TX48201,TX48085-PSY,75050,Psychiatry,20,1,0.05,15.38,CRITICAL COVERAGE
1800000659,TX,Collin,TX48201,TX48085-PSY,75050,Psychiatry,20,1,0.05,15.38,CRITICAL COVERAGE
1800000660,TX,Collin,TX48201,TX48085-PSY,75050,Psychiatry,20,1,0.05,15.38,CRITICAL COVERAGE
1800000661,TX,Collin,TX48201,TX48085-PSY,75050,Psychiatry,20,1,0.05,15.38,CRITICAL COVERAGE
1800000662,TX,Collin,TX48201,TX48085-PSY,75050,Psychiatry,20,1,0.05,15.38,CRITICAL COVERAGE
1800000663,TX,Collin,TX48201,TX48085-PSY,75050,Psychiatry,20,1,0.05,15.38,CRITICAL COVERAGE
1800000664,TX,Collin,TX48201,TX48085-PSY,75050,Psychiatry,20,1,0.05,15.38,CRITICAL COVERAGE
1800000665,TX,Collin,TX48201,TX48085-PUL,75050,Pulmonary,23,1,0.043478,27.88,CRITICAL COVERAGE
1800000666,TX,Collin,TX48201,TX48085-PUL,75050,Pulmonary,23,1,0.043478,27.88,CRITICAL COVERAGE
1800000667,TX,Collin,TX48201,TX48085-PUL,75050,Pulmonary,23,1,0.043478,27.88,CRITICAL COVERAGE
1800000668,TX,Collin,TX48201,TX48085-PUL,75050,Pulmonary,23,1,0.043478,27.88,CRITICAL COVERAGE
1800000669,TX,Collin,TX48201,TX48085-PUL,75050,Pulmonary,23,1,0.043478,27.88,CRITICAL COVERAGE
1800000670,TX,Collin,TX48201,TX48085-PUL,75050,Pulmonary,23,1,0.043478,27.88,CRITICAL COVERAGE
1800000671,TX,Collin,TX48201,TX48085-PUL,75050,Pulmonary,23,1,0.043478,27.88,CRITICAL COVERAGE
1800000672,TX,Collin,TX48201,TX48085-PUL,75050,Pulmonary,23,1,0.043478,27.88,CRITICAL COVERAGE
1800000673,TX,Collin,TX48201,TX48085-PUL,75050,Pulmonary,23,1,0.043478,27.88,CRITICAL COVERAGE
1800000674,TX,Collin,TX48201,TX48085-PUL,75050,Pulmonary,23,1,0.043478,27.88,CRITICAL COVERAGE
1800000675,TX,Collin,TX48201,TX48085-PUL,75050,Pulmonary,23,1,0.043478,27.88,CRITICAL COVERAGE
1800000676,TX,Collin,TX48201,TX48085-PUL,75050,Pulmonary,23,1,0.043478,27.88,CRITICAL COVERAGE
1800000677,TX,Collin,TX48201,TX48085-PUL,75050,Pulmonary,23,1,0.043478,27.88,CRITICAL COVERAGE
1800000678,TX,Collin,TX48201,TX48085-PUL,75050,Pulmonary,23,1,0.043478,27.88,CRITICAL COVERAGE
1800000679,TX,Collin,TX48201,TX48085-PUL,75050,Pulmonary,23,1,0.043478,27.88,CRITICAL COVERAGE
1800000680,TX,Collin,TX48201,TX48085-PUL,75050,Pulmonary,23,1,0.043478,27.88,CRITICAL COVERAGE
1800000681,TX,Collin,TX48201,TX48085-PUL,75050,Pulmonary,23,1,0.043478,27.88,CRITICAL COVERAGE
1800000682,TX,Collin,TX48201,TX48085-PUL,75050,Pulmonary,23,1,0.043478,27.88,CRITICAL COVERAGE
1800000683,TX,Collin,TX48201,TX48085-PUL,75050,Pulmonary,23,1,0.043478,27.88,CRITICAL COVERAGE
1800000684,TX,Collin,TX48201,TX48085-PUL,75050,Pulmonary,23,1,0.043478,27.88,CRITICAL COVERAGE
1800000685,TX,Collin,TX48201,TX48085-PUL,75050,Pulmonary,23,1,0.043478,27.88,CRITICAL COVERAGE
1800000686,TX,Collin,TX48201,TX48085-PUL,75050,Pulmonary,23,1,0.043478,27.88,CRITICAL COVERAGE
1800000687,TX,Collin,TX48201,TX48085-PUL,75050,Pulmonary,23,1,0.043478,27.88,CRITICAL COVERAGE
1800000688,TX,Collin,TX48201,TX48085-RHE,75050,Rheumatology,22,1,0.045455,22.82,CRITICAL COVERAGE
1800000689,TX,Collin,TX48201,TX48085-RHE,75050,Rheumatology,22,1,0.045455,22.82,CRITICAL COVERAGE
1800000690,TX,Collin,TX48201,TX48085-RHE,75050,Rheumatology,22,1,0.045455,22.82,CRITICAL COVERAGE
1800000691,TX,Collin,TX48201,TX48085-RHE,75050,Rheumatology,22,1,0.045455,22.82,CRITICAL COVERAGE
1800000692,TX,Collin,TX48201,TX48085-RHE,75050,Rheumatology,22,1,0.045455,22.82,CRITICAL COVERAGE
1800000693,TX,Collin,TX48201,TX48085-RHE,75050,Rheumatology,22,1,0.045455,22.82,CRITICAL COVERAGE
1800000694,TX,Collin,TX48201,TX48085-RHE,75050,Rheumatology,22,1,0.045455,22.82,CRITICAL COVERAGE
1800000695,TX,Collin,TX48201,TX48085-RHE,75050,Rheumatology,22,1,0.045455,22.82,CRITICAL COVERAGE
1800000696,TX,Collin,TX48201,TX48085-RHE,75050,Rheumatology,22,1,0.045455,22.82,CRITICAL COVERAGE
1800000697,TX,Collin,TX48201,TX48085-RHE,75050,Rheumatology,22,1,0.045455,22.82,CRITICAL COVERAGE
1800000698,TX,Collin,TX48201,TX48085-RHE,75050,Rheumatology,22,1,0.045455,22.82,CRITICAL COVERAGE
1800000699,TX,Collin,TX48201,TX48085-RHE,75050,Rheumatology,22,1,0.045455,22.82,CRITICAL COVERAGE
1800000700,TX,Collin,TX48201,TX48085-RHE,75050,Rheumatology,22,1,0.045455,22.82,CRITICAL COVERAGE
1800000701,TX,Collin,TX48201,TX48085-RHE,75050,Rheumatology,22,1,0.045455,22.82,CRITICAL COVERAGE
1800000702,TX,Collin,TX48201,TX48085-RHE,75050,Rheumatology,22,1,0.045455,22.82,CRITICAL COVERAGE
1800000703,TX,Collin,TX48201,TX48085-RHE,75050,Rheumatology,22,1,0.045455,22.82,CRITICAL COVERAGE
1800000704,TX,Collin,TX48201,TX48085-RHE,75050,Rheumatology,22,1,0.045455,22.82,CRITICAL COVERAGE
1800000705,TX,Collin,TX48201,TX48085-RHE,75050,Rheumatology,22,1,0.045455,22.82,CRITICAL COVERAGE
1800000706,TX,Collin,TX48201,TX48085-RHE,75050,Rheumatology,22,1,0.045455,22.82,CRITICAL COVERAGE
1800000707,TX,Collin,TX48201,TX48085-RHE,75050,Rheumatology,22,1,0.045455,22.82,CRITICAL COVERAGE
1800000708,TX,Collin,TX48201,TX48085-RHE,75050,Rheumatology,22,1,0.045455,22.82,CRITICAL COVERAGE
1800000709,TX,Collin,TX48201,TX48085-RHE,75050,Rheumatology,22,1,0.045455,22.82,CRITICAL COVERAGE
1800000710,TX,Dallas,TX48201,TX48113-CAR,75250,Cardiology,60,1,0.016667,74.08,MODERATE COVERAGE
1800000711,TX,Dallas,TX48201,TX48113-CAR,75250,Cardiology,60,1,0.016667,74.08,MODERATE COVERAGE
1800000712,TX,Dallas,TX48201,TX48113-CAR,75250,Cardiology,60,1,0.016667,74.08,MODERATE COVERAGE
1800000713,TX,Dallas,TX48201,TX48113-CAR,75250,Cardiology,60,1,0.016667,74.08,MODERATE COVERAGE
1800000714,TX,Dallas,TX48201,TX48113-CAR,75250,Cardiology,60,1,0.016667,74.08,MODERATE COVERAGE
1800000715,TX,Dallas,TX48201,TX48113-CAR,75250,Cardiology,60,1,0.016667,74.08,MODERATE COVERAGE
1800000716,TX,Dallas,TX48201,TX48113-CAR,75250,Cardiology,60,1,0.016667,74.08,MODERATE COVERAGE
1800000717,TX,Dallas,TX48201,TX48113-CAR,75250,Cardiology,60,1,0.016667,74.08,MODERATE COVERAGE
1800000718,TX,Dallas,TX48201,TX48113-CAR,75250,Cardiology,60,1,0.016667,74.08,MODERATE COVERAGE
1800000719,TX,Dallas,TX48201,TX48113-CAR,75250,Cardiology,60,1,0.016667,74.08,MODERATE COVERAGE
1800000720,TX,Dallas,TX48201,TX48113-CAR,75250,Cardiology,60,1,0.016667,74.08,MODERATE COVERAGE
1800000721,TX,Dallas,TX48201,TX48113-CAR,75250,Cardiology,60,1,0.016667,74.08,MODERATE COVERAGE
1800000722,TX,Dallas,TX48201,TX48113-CAR,75250,Cardiology,60,1,0.016667,74.08,MODERATE COVERAGE
1800000723,TX,Dallas,TX48201,TX48113-CAR,75250,Cardiology,60,1,0.016667,74.08,MODERATE COVERAGE
1800000724,TX,Dallas,TX48201,TX48113-CAR,75250,Cardiology,60,1,0.016667,74.08,MODERATE COVERAGE
1800000725,TX,Dallas,TX48201,TX48113-CAR,75250,Cardiology,60,1,0.016667,74.08,MODERATE COVERAGE
1800000726,TX,Dallas,TX48201,TX48113-CAR,75250,Cardiology,60,1,0.016667,74.08,MODERATE COVERAGE
1800000727,TX,Dallas,TX48201,TX48113-CAR,75250,Cardiology,60,1,0.016667,74.08,MODERATE COVERAGE
1800000728,TX,Dallas,TX48201,TX48113-CAR,75250,Cardiology,60,1,0.016667,74.08,MODERATE COVERAGE
1800000729,TX,Dallas,TX48201,TX48113-CAR,75250,Cardiology,60,1,0.016667,74.08,MODERATE COVERAGE
1800000730,TX,Dallas,TX48201,TX48113-CAR,75250,Cardiology,60,1,0.016667,74.08,MODERATE COVERAGE
1800000731,TX,Dallas,TX48201,TX48113-CAR,75250,Cardiology,60,1,0.016667,74.08,MODERATE COVERAGE
1800000732,TX,Dallas,TX48201,TX48113-CAR,75250,Cardiology,60,1,0.016667,74.08,MODERATE COVERAGE
1800000733,TX,Dallas,TX48201,TX48113-CAR,75250,Cardiology,60,1,0.016667,74.08,MODERATE COVERAGE
1800000734,TX,Dallas,TX48201,TX48113-CAR,75250,Cardiology,60,1,0.016667,74.08,MODERATE COVERAGE
1800000735,TX,Dallas,TX48201,TX48113-CAR,75250,Cardiology,60,1,0.016667,74.08,MODERATE COVERAGE
1800000736,TX,Dallas,TX48201,TX48113-CAR,75250,Cardiology,60,1,0.016667,74.08,MODERATE COVERAGE
1800000737,TX,Dallas,TX48201,TX48113-CAR,75250,Cardiology,60,1,0.016667,74.08,MODERATE COVERAGE
1800000738,TX,Dallas,TX48201,TX48113-CAR,75250,Cardiology,60,1,0.016667,74.08,MODERATE COVERAGE
1800000739,TX,Dallas,TX48201,TX48113-CAR,75250,Cardiology,60,1,0.016667,74.08,MODERATE COVERAGE
1800000740,TX,Dallas,TX48201,TX48113-CAR,75250,Cardiology,60,1,0.016667,74.08,MODERATE COVERAGE
1800000741,TX,Dallas,TX48201,TX48113-CAR,75250,Cardiology,60,1,0.016667,74.08,MODERATE COVERAGE
1800000742,TX,Dallas,TX48201,TX48113-CAR,75250,Cardiology,60,1,0.016667,74.08,MODERATE COVERAGE
1800000743,TX,Dallas,TX48201,TX48113-CAR,75250,Cardiology,60,1,0.016667,74.08,MODERATE COVERAGE
1800000744,TX,Dallas,TX48201,TX48113-CAR,75250,Cardiology,60,1,0.016667,74.08,MODERATE COVERAGE
1800000745,TX,Dallas,TX48201,TX48113-CAR,75250,Cardiology,60,1,0.016667,74.08,MODERATE COVERAGE
1800000746,TX,Dallas,TX48201,TX48113-CAR,75250,Cardiology,60,1,0.016667,74.08,MODERATE COVERAGE
1800000747,TX,Dallas,TX48201,TX48113-CAR,75250,Cardiology,60,1,0.016667,74.08,MODERATE COVERAGE
1800000748,TX,Dallas,TX48201,TX48113-CAR,75250,Cardiology,60,1,0.016667,74.08,MODERATE COVERAGE
1800000749,TX,Dallas,TX48201,TX48113-CAR,75250,Cardiology,60,1,0.016667,74.08,MODERATE COVERAGE
1800000750,TX,Dallas,TX48201,TX48113-CAR,75250,Cardiology,60,1,0.016667,74.08,MODERATE COVERAGE
1800000751,TX,Dallas,TX48201,TX48113-CAR,75250,Cardiology,60,1,0.016667,74.08,MODERATE COVERAGE
1800000752,TX,Dallas,TX48201,TX48113-CAR,75250,Cardiology,60,1,0.016667,74.08,MODERATE COVERAGE
1800000753,TX,Dallas,TX48201,TX48113-CAR,75250,Cardiology,60,1,0.016667,74.08,MODERATE COVERAGE
1800000754,TX,Dallas,TX48201,TX48113-CAR,75250,Cardiology,60,1,0.016667,74.08,MODERATE COVERAGE
1800000755,TX,Dallas,TX48201,TX48113-CAR,75250,Cardiology,60,1,0.016667,74.08,MODERATE COVERAGE
1800000756,TX,Dallas,TX48201,TX48113-CAR,75250,Cardiology,60,1,0.016667,74.08,MODERATE COVERAGE
1800000757,TX,Dallas,TX48201,TX48113-CAR,75250,Cardiology,60,1,0.016667,74.08,MODERATE COVERAGE
1800000758,TX,Dallas,TX48201,TX48113-CAR,75250,Cardiology,60,1,0.016667,74.08,MODERATE COVERAGE
1800000759,TX,Dallas,TX48201,TX48113-CAR,75250,Cardiology,60,1,0.016667,74.08,MODERATE COVERAGE
1800000760,TX,Dallas,TX48201,TX48113-CAR,75250,Cardiology,60,1,0.016667,74.08,MODERATE COVERAGE
1800000761,TX,Dallas,TX48201,TX48113-CAR,75250,Cardiology,60,1,0.016667,74.08,MODERATE COVERAGE
1800000762,TX,Dallas,TX48201,TX48113-CAR,75250,Cardiology,60,1,0.016667,74.08,MODERATE COVERAGE
1800000763,TX,Dallas,TX48201,TX48113-CAR,75250,Cardiology,60,1,0.016667,74.08,MODERATE COVERAGE
1800000764,TX,Dallas,TX48201,TX48113-CAR,75250,Cardiology,60,1,0.016667,74.08,MODERATE COVERAGE
1800000765,TX,Dallas,TX48201,TX48113-CAR,75250,Cardiology,60,1,0.016667,74.08,MODERATE COVERAGE
1800000766,TX,Dallas,TX48201,TX48113-CAR,75250,Cardiology,60,1,0.016667,74.08,MODERATE COVERAGE
1800000767,TX,Dallas,TX48201,TX48113-CAR,75250,Cardiology,60,1,0.016667,74.08,MODERATE COVERAGE
1800000768,TX,Dallas,TX48201,TX48113-CAR,75250,Cardiology,60,1,0.016667,74.08,MODERATE COVERAGE
1800000769,TX,Dallas,TX48201,TX48113-CAR,75250,Cardiology,60,1,0.016667,74.08,MODERATE COVERAGE
1800000770,TX,Dallas,TX48201,TX48113-END,75250,Endocrinology,57,1,0.017544,71.15,MODERATE COVERAGE
1800000771,TX,Dallas,TX48201,TX48113-END,75250,Endocrinology,57,1,0.017544,71.15,MODERATE COVERAGE
1800000772,TX,Dallas,TX48201,TX48113-END,75250,Endocrinology,57,1,0.017544,71.15,MODERATE COVERAGE
1800000773,TX,Dallas,TX48201,TX48113-END,75250,Endocrinology,57,1,0.017544,71.15,MODERATE COVERAGE
1800000774,TX,Dallas,TX48201,TX48113-END,75250,Endocrinology,57,1,0.017544,71.15,MODERATE COVERAGE
1800000775,TX,Dallas,TX48201,TX48113-END,75250,Endocrinology,57,1,0.017544,71.15,MODERATE COVERAGE
1800000776,TX,Dallas,TX48201,TX48113-END,75250,Endocrinology,57,1,0.017544,71.15,MODERATE COVERAGE
1800000777,TX,Dallas,TX48201,TX48113-END,75250,Endocrinology,57,1,0.017544,71.15,MODERATE COVERAGE
1800000778,TX,Dallas,TX48201,TX48113-END,75250,Endocrinology,57,1,0.017544,71.15,MODERATE COVERAGE
1800000779,TX,Dallas,TX48201,TX48113-END,75250,Endocrinology,57,1,0.017544,71.15,MODERATE COVERAGE
1800000780,TX,Dallas,TX48201,TX48113-END,75250,Endocrinology,57,1,0.017544,71.15,MODERATE COVERAGE
1800000781,TX,Dallas,TX48201,TX48113-END,75250,Endocrinology,57,1,0.017544,71.15,MODERATE COVERAGE
1800000782,TX,Dallas,TX48201,TX48113-END,75250,Endocrinology,57,1,0.017544,71.15,MODERATE COVERAGE
1800000783,TX,Dallas,TX48201,TX48113-END,75250,Endocrinology,57,1,0.017544,71.15,MODERATE COVERAGE
1800000784,TX,Dallas,TX48201,TX48113-END,75250,Endocrinology,57,1,0.017544,71.15,MODERATE COVERAGE
1800000785,TX,Dallas,TX48201,TX48113-END,75250,Endocrinology,57,1,0.017544,71.15,MODERATE COVERAGE
1800000786,TX,Dallas,TX48201,TX48113-END,75250,Endocrinology,57,1,0.017544,71.15,MODERATE COVERAGE
1800000787,TX,Dallas,TX48201,TX48113-END,75250,Endocrinology,57,1,0.017544,71.15,MODERATE COVERAGE
1800000788,TX,Dallas,TX48201,TX48113-END,75250,Endocrinology,57,1,0.017544,71.15,MODERATE COVERAGE
1800000789,TX,Dallas,TX48201,TX48113-END,75250,Endocrinology,57,1,0.017544,71.15,MODERATE COVERAGE
1800000790,TX,Dallas,TX48201,TX48113-END,75250,Endocrinology,57,1,0.017544,71.15,MODERATE COVERAGE
1800000791,TX,Dallas,TX48201,TX48113-END,75250,Endocrinology,57,1,0.017544,71.15,MODERATE COVERAGE
1800000792,TX,Dallas,TX48201,TX48113-END,75250,Endocrinology,57,1,0.017544,71.15,MODERATE COVERAGE
1800000793,TX,Dallas,TX48201,TX48113-END,75250,Endocrinology,57,1,0.017544,71.15,MODERATE COVERAGE
1800000794,TX,Dallas,TX48201,TX48113-END,75250,Endocrinology,57,1,0.017544,71.15,MODERATE COVERAGE
1800000795,TX,Dallas,TX48201,TX48113-END,75250,Endocrinology,57,1,0.017544,71.15,MODERATE COVERAGE
1800000796,TX,Dallas,TX48201,TX48113-END,75250,Endocrinology,57,1,0.017544,71.15,MODERATE COVERAGE
1800000797,TX,Dallas,TX48201,TX48113-END,75250,Endocrinology,57,1,0.017544,71.15,MODERATE COVERAGE
1800000798,TX,Dallas,TX48201,TX48113-END,75250,Endocrinology,57,1,0.017544,71.15,MODERATE COVERAGE
1800000799,TX,Dallas,TX48201,TX48113-END,75250,Endocrinology,57,1,0.017544,71.15,MODERATE COVERAGE
1800000800,TX,Dallas,TX48201,TX48113-END,75250,Endocrinology,57,1,0.017544,71.15,MODERATE COVERAGE
1800000801,TX,Dallas,TX48201,TX48113-END,75250,Endocrinology,57,1,0.017544,71.15,MODERATE COVERAGE
1800000802,TX,Dallas,TX48201,TX48113-END,75250,Endocrinology,57,1,0.017544,71.15,MODERATE COVERAGE
1800000803,TX,Dallas,TX48201,TX48113-END,75250,Endocrinology,57,1,0.017544,71.15,MODERATE COVERAGE
1800000804,TX,Dallas,TX48201,TX48113-END,75250,Endocrinology,57,1,0.017544,71.15,MODERATE COVERAGE
1800000805,TX,Dallas,TX48201,TX48113-END,75250,Endocrinology,57,1,0.017544,71.15,MODERATE COVERAGE
1800000806,TX,Dallas,TX48201,TX48113-END,75250,Endocrinology,57,1,0.017544,71.15,MODERATE COVERAGE
1800000807,TX,Dallas,TX48201,TX48113-END,75250,Endocrinology,57,1,0.017544,71.15,MODERATE COVERAGE
1800000808,TX,Dallas,TX48201,TX48113-END,75250,Endocrinology,57,1,0.017544,71.15,MODERATE COVERAGE
1800000809,TX,Dallas,TX48201,TX48113-END,75250,Endocrinology,57,1,0.017544,71.15,MODERATE COVERAGE
1800000810,TX,Dallas,TX48201,TX48113-END,75250,Endocrinology,57,1,0.017544,71.15,MODERATE COVERAGE
1800000811,TX,Dallas,TX48201,TX48113-END,75250,Endocrinology,57,1,0.017544,71.15,MODERATE COVERAGE
1800000812,TX,Dallas,TX48201,TX48113-END,75250,Endocrinology,57,1,0.017544,71.15,MODERATE COVERAGE
1800000813,TX,Dallas,TX48201,TX48113-END,75250,Endocrinology,57,1,0.017544,71.15,MODERATE COVERAGE
1800000814,TX,Dallas,TX48201,TX48113-END,75250,Endocrinology,57,1,0.017544,71.15,MODERATE COVERAGE
1800000815,TX,Dallas,TX48201,TX48113-END,75250,Endocrinology,57,1,0.017544,71.15,MODERATE COVERAGE
1800000816,TX,Dallas,TX48201,TX48113-END,75250,Endocrinology,57,1,0.017544,71.15,MODERATE COVERAGE
1800000817,TX,Dallas,TX48201,TX48113-END,75250,Endocrinology,57,1,0.017544,71.15,MODERATE COVERAGE
1800000818,TX,Dallas,TX48201,TX48113-END,75250,Endocrinology,57,1,0.017544,71.15,MODERATE COVERAGE
1800000819,TX,Dallas,TX48201,TX48113-END,75250,Endocrinology,57,1,0.017544,71.15,MODERATE COVERAGE
1800000820,TX,Dallas,TX48201,TX48113-END,75250,Endocrinology,57,1,0.017544,71.15,MODERATE COVERAGE
1800000821,TX,Dallas,TX48201,TX48113-END,75250,Endocrinology,57,1,0.017544,71.15,MODERATE COVERAGE
1800000822,TX,Dallas,TX48201,TX48113-END,75250,Endocrinology,57,1,0.017544,71.15,MODERATE COVERAGE
1800000823,TX,Dallas,TX48201,TX48113-END,75250,Endocrinology,57,1,0.017544,71.15,MODERATE COVERAGE
1800000824,TX,Dallas,TX48201,TX48113-END,75250,Endocrinology,57,1,0.017544,71.15,MODERATE COVERAGE
1800000825,TX,Dallas,TX48201,TX48113-END,75250,Endocrinology,57,1,0.017544,71.15,MODERATE COVERAGE
1800000826,TX,Dallas,TX48201,TX48113-END,75250,Endocrinology,57,1,0.017544,71.15,MODERATE COVERAGE
1800000827,TX,Dallas,TX48201,TX48113-PSY,75250,Psychiatry,48,1,0.020833,63.18,MODERATE COVERAGE
1800000828,TX,Dallas,TX48201,TX48113-PSY,75250,Psychiatry,48,1,0.020833,63.18,MODERATE COVERAGE
1800000829,TX,Dallas,TX48201,TX48113-PSY,75250,Psychiatry,48,1,0.020833,63.18,MODERATE COVERAGE
1800000830,TX,Dallas,TX48201,TX48113-PSY,75250,Psychiatry,48,1,0.020833,63.18,MODERATE COVERAGE
1800000831,TX,Dallas,TX48201,TX48113-PSY,75250,Psychiatry,48,1,0.020833,63.18,MODERATE COVERAGE
1800000832,TX,Dallas,TX48201,TX48113-PSY,75250,Psychiatry,48,1,0.020833,63.18,MODERATE COVERAGE
1800000833,TX,Dallas,TX48201,TX48113-PSY,75250,Psychiatry,48,1,0.020833,63.18,MODERATE COVERAGE
1800000834,TX,Dallas,TX48201,TX48113-PSY,75250,Psychiatry,48,1,0.020833,63.18,MODERATE COVERAGE
1800000835,TX,Dallas,TX48201,TX48113-PSY,75250,Psychiatry,48,1,0.020833,63.18,MODERATE COVERAGE
1800000836,TX,Dallas,TX48201,TX48113-PSY,75250,Psychiatry,48,1,0.020833,63.18,MODERATE COVERAGE
1800000837,TX,Dallas,TX48201,TX48113-PSY,75250,Psychiatry,48,1,0.020833,63.18,MODERATE COVERAGE
1800000838,TX,Dallas,TX48201,TX48113-PSY,75250,Psychiatry,48,1,0.020833,63.18,MODERATE COVERAGE
1800000839,TX,Dallas,TX48201,TX48113-PSY,75250,Psychiatry,48,1,0.020833,63.18,MODERATE COVERAGE
1800000840,TX,Dallas,TX48201,TX48113-PSY,75250,Psychiatry,48,1,0.020833,63.18,MODERATE COVERAGE
1800000841,TX,Dallas,TX48201,TX48113-PSY,75250,Psychiatry,48,1,0.020833,63.18,MODERATE COVERAGE
1800000842,TX,Dallas,TX48201,TX48113-PSY,75250,Psychiatry,48,1,0.020833,63.18,MODERATE COVERAGE
1800000843,TX,Dallas,TX48201,TX48113-PSY,75250,Psychiatry,48,1,0.020833,63.18,MODERATE COVERAGE
1800000844,TX,Dallas,TX48201,TX48113-PSY,75250,Psychiatry,48,1,0.020833,63.18,MODERATE COVERAGE
1800000845,TX,Dallas,TX48201,TX48113-PSY,75250,Psychiatry,48,1,0.020833,63.18,MODERATE COVERAGE
1800000846,TX,Dallas,TX48201,TX48113-PSY,75250,Psychiatry,48,1,0.020833,63.18,MODERATE COVERAGE
1800000847,TX,Dallas,TX48201,TX48113-PSY,75250,Psychiatry,48,1,0.020833,63.18,MODERATE COVERAGE
1800000848,TX,Dallas,TX48201,TX48113-PSY,75250,Psychiatry,48,1,0.020833,63.18,MODERATE COVERAGE
1800000849,TX,Dallas,TX48201,TX48113-PSY,75250,Psychiatry,48,1,0.020833,63.18,MODERATE COVERAGE
1800000850,TX,Dallas,TX48201,TX48113-PSY,75250,Psychiatry,48,1,0.020833,63.18,MODERATE COVERAGE
1800000851,TX,Dallas,TX48201,TX48113-PSY,75250,Psychiatry,48,1,0.020833,63.18,MODERATE COVERAGE
1800000852,TX,Dallas,TX48201,TX48113-PSY,75250,Psychiatry,48,1,0.020833,63.18,MODERATE COVERAGE
1800000853,TX,Dallas,TX48201,TX48113-PSY,75250,Psychiatry,48,1,0.020833,63.18,MODERATE COVERAGE
1800000854,TX,Dallas,TX48201,TX48113-PSY,75250,Psychiatry,48,1,0.020833,63.18,MODERATE COVERAGE
1800000855,TX,Dallas,TX48201,TX48113-PSY,75250,Psychiatry,48,1,0.020833,63.18,MODERATE COVERAGE
1800000856,TX,Dallas,TX48201,TX48113-PSY,75250,Psychiatry,48,1,0.020833,63.18,MODERATE COVERAGE
1800000857,TX,Dallas,TX48201,TX48113-PSY,75250,Psychiatry,48,1,0.020833,63.18,MODERATE COVERAGE
1800000858,TX,Dallas,TX48201,TX48113-PSY,75250,Psychiatry,48,1,0.020833,63.18,MODERATE COVERAGE
1800000859,TX,Dallas,TX48201,TX48113-PSY,75250,Psychiatry,48,1,0.020833,63.18,MODERATE COVERAGE
1800000860,TX,Dallas,TX48201,TX48113-PSY,75250,Psychiatry,48,1,0.020833,63.18,MODERATE COVERAGE
1800000861,TX,Dallas,TX48201,TX48113-PSY,75250,Psychiatry,48,1,0.020833,63.18,MODERATE COVERAGE
1800000862,TX,Dallas,TX48201,TX48113-PSY,75250,Psychiatry,48,1,0.020833,63.18,MODERATE COVERAGE
1800000863,TX,Dallas,TX48201,TX48113-PSY,75250,Psychiatry,48,1,0.020833,63.18,MODERATE COVERAGE
1800000864,TX,Dallas,TX48201,TX48113-PSY,75250,Psychiatry,48,1,0.020833,63.18,MODERATE COVERAGE
1800000865,TX,Dallas,TX48201,TX48113-PSY,75250,Psychiatry,48,1,0.020833,63.18,MODERATE COVERAGE
1800000866,TX,Dallas,TX48201,TX48113-PSY,75250,Psychiatry,48,1,0.020833,63.18,MODERATE COVERAGE
1800000867,TX,Dallas,TX48201,TX48113-PSY,75250,Psychiatry,48,1,0.020833,63.18,MODERATE COVERAGE
1800000868,TX,Dallas,TX48201,TX48113-PSY,75250,Psychiatry,48,1,0.020833,63.18,MODERATE COVERAGE
1800000869,TX,Dallas,TX48201,TX48113-PSY,75250,Psychiatry,48,1,0.020833,63.18,MODERATE COVERAGE
1800000870,TX,Dallas,TX48201,TX48113-PSY,75250,Psychiatry,48,1,0.020833,63.18,MODERATE COVERAGE
1800000871,TX,Dallas,TX48201,TX48113-PSY,75250,Psychiatry,48,1,0.020833,63.18,MODERATE COVERAGE
1800000872,TX,Dallas,TX48201,TX48113-PSY,75250,Psychiatry,48,1,0.020833,63.18,MODERATE COVERAGE
1800000873,TX,Dallas,TX48201,TX48113-PSY,75250,Psychiatry,48,1,0.020833,63.18,MODERATE COVERAGE
1800000874,TX,Dallas,TX48201,TX48113-PSY,75250,Psychiatry,48,1,0.020833,63.18,MODERATE COVERAGE
1800000875,TX,Dallas,TX48201,TX48113-PUL,75250,Pulmonary,55,1,0.018182,68.35,MODERATE COVERAGE
1800000876,TX,Dallas,TX48201,TX48113-PUL,75250,Pulmonary,55,1,0.018182,68.35,MODERATE COVERAGE
1800000877,TX,Dallas,TX48201,TX48113-PUL,75250,Pulmonary,55,1,0.018182,68.35,MODERATE COVERAGE
1800000878,TX,Dallas,TX48201,TX48113-PUL,75250,Pulmonary,55,1,0.018182,68.35,MODERATE COVERAGE
1800000879,TX,Dallas,TX48201,TX48113-PUL,75250,Pulmonary,55,1,0.018182,68.35,MODERATE COVERAGE
1800000880,TX,Dallas,TX48201,TX48113-PUL,75250,Pulmonary,55,1,0.018182,68.35,MODERATE COVERAGE
1800000881,TX,Dallas,TX48201,TX48113-PUL,75250,Pulmonary,55,1,0.018182,68.35,MODERATE COVERAGE
1800000882,TX,Dallas,TX48201,TX48113-PUL,75250,Pulmonary,55,1,0.018182,68.35,MODERATE COVERAGE
1800000883,TX,Dallas,TX48201,TX48113-PUL,75250,Pulmonary,55,1,0.018182,68.35,MODERATE COVERAGE
1800000884,TX,Dallas,TX48201,TX48113-PUL,75250,Pulmonary,55,1,0.018182,68.35,MODERATE COVERAGE
1800000885,TX,Dallas,TX48201,TX48113-PUL,75250,Pulmonary,55,1,0.018182,68.35,MODERATE COVERAGE
1800000886,TX,Dallas,TX48201,TX48113-PUL,75250,Pulmonary,55,1,0.018182,68.35,MODERATE COVERAGE
1800000887,TX,Dallas,TX48201,TX48113-PUL,75250,Pulmonary,55,1,0.018182,68.35,MODERATE COVERAGE
1800000888,TX,Dallas,TX48201,TX48113-PUL,75250,Pulmonary,55,1,0.018182,68.35,MODERATE COVERAGE
1800000889,TX,Dallas,TX48201,TX48113-PUL,75250,Pulmonary,55,1,0.018182,68.35,MODERATE COVERAGE
1800000890,TX,Dallas,TX48201,TX48113-PUL,75250,Pulmonary,55,1,0.018182,68.35,MODERATE COVERAGE
1800000891,TX,Dallas,TX48201,TX48113-PUL,75250,Pulmonary,55,1,0.018182,68.35,MODERATE COVERAGE
1800000892,TX,Dallas,TX48201,TX48113-PUL,75250,Pulmonary,55,1,0.018182,68.35,MODERATE COVERAGE
1800000893,TX,Dallas,TX48201,TX48113-PUL,75250,Pulmonary,55,1,0.018182,68.35,MODERATE COVERAGE
1800000894,TX,Dallas,TX48201,TX48113-PUL,75250,Pulmonary,55,1,0.018182,68.35,MODERATE COVERAGE
1800000895,TX,Dallas,TX48201,TX48113-PUL,75250,Pulmonary,55,1,0.018182,68.35,MODERATE COVERAGE
1800000896,TX,Dallas,TX48201,TX48113-PUL,75250,Pulmonary,55,1,0.018182,68.35,MODERATE COVERAGE
1800000897,TX,Dallas,TX48201,TX48113-PUL,75250,Pulmonary,55,1,0.018182,68.35,MODERATE COVERAGE
1800000898,TX,Dallas,TX48201,TX48113-PUL,75250,Pulmonary,55,1,0.018182,68.35,MODERATE COVERAGE
1800000899,TX,Dallas,TX48201,TX48113-PUL,75250,Pulmonary,55,1,0.018182,68.35,MODERATE COVERAGE
1800000900,TX,Dallas,TX48201,TX48113-PUL,75250,Pulmonary,55,1,0.018182,68.35,MODERATE COVERAGE
1800000901,TX,Dallas,TX48201,TX48113-PUL,75250,Pulmonary,55,1,0.018182,68.35,MODERATE COVERAGE
1800000902,TX,Dallas,TX48201,TX48113-PUL,75250,Pulmonary,55,1,0.018182,68.35,MODERATE COVERAGE
1800000903,TX,Dallas,TX48201,TX48113-PUL,75250,Pulmonary,55,1,0.018182,68.35,MODERATE COVERAGE
1800000904,TX,Dallas,TX48201,TX48113-PUL,75250,Pulmonary,55,1,0.018182,68.35,MODERATE COVERAGE
1800000905,TX,Dallas,TX48201,TX48113-PUL,75250,Pulmonary,55,1,0.018182,68.35,MODERATE COVERAGE
1800000906,TX,Dallas,TX48201,TX48113-PUL,75250,Pulmonary,55,1,0.018182,68.35,MODERATE COVERAGE
1800000907,TX,Dallas,TX48201,TX48113-PUL,75250,Pulmonary,55,1,0.018182,68.35,MODERATE COVERAGE
1800000908,TX,Dallas,TX48201,TX48113-PUL,75250,Pulmonary,55,1,0.018182,68.35,MODERATE COVERAGE
1800000909,TX,Dallas,TX48201,TX48113-PUL,75250,Pulmonary,55,1,0.018182,68.35,MODERATE COVERAGE
1800000910,TX,Dallas,TX48201,TX48113-PUL,75250,Pulmonary,55,1,0.018182,68.35,MODERATE COVERAGE
1800000911,TX,Dallas,TX48201,TX48113-PUL,75250,Pulmonary,55,1,0.018182,68.35,MODERATE COVERAGE
1800000912,TX,Dallas,TX48201,TX48113-PUL,75250,Pulmonary,55,1,0.018182,68.35,MODERATE COVERAGE
1800000913,TX,Dallas,TX48201,TX48113-PUL,75250,Pulmonary,55,1,0.018182,68.35,MODERATE COVERAGE
1800000914,TX,Dallas,TX48201,TX48113-PUL,75250,Pulmonary,55,1,0.018182,68.35,MODERATE COVERAGE
1800000915,TX,Dallas,TX48201,TX48113-PUL,75250,Pulmonary,55,1,0.018182,68.35,MODERATE COVERAGE
1800000916,TX,Dallas,TX48201,TX48113-PUL,75250,Pulmonary,55,1,0.018182,68.35,MODERATE COVERAGE
1800000917,TX,Dallas,TX48201,TX48113-PUL,75250,Pulmonary,55,1,0.018182,68.35,MODERATE COVERAGE
1800000918,TX,Dallas,TX48201,TX48113-PUL,75250,Pulmonary,55,1,0.018182,68.35,MODERATE COVERAGE
1800000919,TX,Dallas,TX48201,TX48113-PUL,75250,Pulmonary,55,1,0.018182,68.35,MODERATE COVERAGE
1800000920,TX,Dallas,TX48201,TX48113-PUL,75250,Pulmonary,55,1,0.018182,68.35,MODERATE COVERAGE
1800000921,TX,Dallas,TX48201,TX48113-PUL,75250,Pulmonary,55,1,0.018182,68.35,MODERATE COVERAGE
1800000922,TX,Dallas,TX48201,TX48113-PUL,75250,Pulmonary,55,1,0.018182,68.35,MODERATE COVERAGE
1800000923,TX,Dallas,TX48201,TX48113-PUL,75250,Pulmonary,55,1,0.018182,68.35,MODERATE COVERAGE
1800000924,TX,Dallas,TX48201,TX48113-PUL,75250,Pulmonary,55,1,0.018182,68.35,MODERATE COVERAGE
1800000925,TX,Dallas,TX48201,TX48113-PUL,75250,Pulmonary,55,1,0.018182,68.35,MODERATE COVERAGE
1800000926,TX,Dallas,TX48201,TX48113-PUL,75250,Pulmonary,55,1,0.018182,68.35,MODERATE COVERAGE
1800000927,TX,Dallas,TX48201,TX48113-PUL,75250,Pulmonary,55,1,0.018182,68.35,MODERATE COVERAGE
1800000928,TX,Dallas,TX48201,TX48113-PUL,75250,Pulmonary,55,1,0.018182,68.35,MODERATE COVERAGE
1800000929,TX,Dallas,TX48201,TX48113-PUL,75250,Pulmonary,55,1,0.018182,68.35,MODERATE COVERAGE
1800000930,TX,Dallas,TX48201,TX48113-RHE,75250,Rheumatology,52,1,0.019231,65.68,MODERATE COVERAGE
1800000931,TX,Dallas,TX48201,TX48113-RHE,75250,Rheumatology,52,1,0.019231,65.68,MODERATE COVERAGE
1800000932,TX,Dallas,TX48201,TX48113-RHE,75250,Rheumatology,52,1,0.019231,65.68,MODERATE COVERAGE
1800000933,TX,Dallas,TX48201,TX48113-RHE,75250,Rheumatology,52,1,0.019231,65.68,MODERATE COVERAGE
1800000934,TX,Dallas,TX48201,TX48113-RHE,75250,Rheumatology,52,1,0.019231,65.68,MODERATE COVERAGE
1800000935,TX,Dallas,TX48201,TX48113-RHE,75250,Rheumatology,52,1,0.019231,65.68,MODERATE COVERAGE
1800000936,TX,Dallas,TX48201,TX48113-RHE,75250,Rheumatology,52,1,0.019231,65.68,MODERATE COVERAGE
1800000937,TX,Dallas,TX48201,TX48113-RHE,75250,Rheumatology,52,1,0.019231,65.68,MODERATE COVERAGE
1800000938,TX,Dallas,TX48201,TX48113-RHE,75250,Rheumatology,52,1,0.019231,65.68,MODERATE COVERAGE
1800000939,TX,Dallas,TX48201,TX48113-RHE,75250,Rheumatology,52,1,0.019231,65.68,MODERATE COVERAGE
1800000940,TX,Dallas,TX48201,TX48113-RHE,75250,Rheumatology,52,1,0.019231,65.68,MODERATE COVERAGE
1800000941,TX,Dallas,TX48201,TX48113-RHE,75250,Rheumatology,52,1,0.019231,65.68,MODERATE COVERAGE
1800000942,TX,Dallas,TX48201,TX48113-RHE,75250,Rheumatology,52,1,0.019231,65.68,MODERATE COVERAGE
1800000943,TX,Dallas,TX48201,TX48113-RHE,75250,Rheumatology,52,1,0.019231,65.68,MODERATE COVERAGE
1800000944,TX,Dallas,TX48201,TX48113-RHE,75250,Rheumatology,52,1,0.019231,65.68,MODERATE COVERAGE
1800000945,TX,Dallas,TX48201,TX48113-RHE,75250,Rheumatology,52,1,0.019231,65.68,MODERATE COVERAGE
1800000946,TX,Dallas,TX48201,TX48113-RHE,75250,Rheumatology,52,1,0.019231,65.68,MODERATE COVERAGE
1800000947,TX,Dallas,TX48201,TX48113-RHE,75250,Rheumatology,52,1,0.019231,65.68,MODERATE COVERAGE
1800000948,TX,Dallas,TX48201,TX48113-RHE,75250,Rheumatology,52,1,0.019231,65.68,MODERATE COVERAGE
1800000949,TX,Dallas,TX48201,TX48113-RHE,75250,Rheumatology,52,1,0.019231,65.68,MODERATE COVERAGE
1800000950,TX,Dallas,TX48201,TX48113-RHE,75250,Rheumatology,52,1,0.019231,65.68,MODERATE COVERAGE
1800000951,TX,Dallas,TX48201,TX48113-RHE,75250,Rheumatology,52,1,0.019231,65.68,MODERATE COVERAGE
1800000952,TX,Dallas,TX48201,TX48113-RHE,75250,Rheumatology,52,1,0.019231,65.68,MODERATE COVERAGE
1800000953,TX,Dallas,TX48201,TX48113-RHE,75250,Rheumatology,52,1,0.019231,65.68,MODERATE COVERAGE
1800000954,TX,Dallas,TX48201,TX48113-RHE,75250,Rheumatology,52,1,0.019231,65.68,MODERATE COVERAGE
1800000955,TX,Dallas,TX48201,TX48113-RHE,75250,Rheumatology,52,1,0.019231,65.68,MODERATE COVERAGE
1800000956,TX,Dallas,TX48201,TX48113-RHE,75250,Rheumatology,52,1,0.019231,65.68,MODERATE COVERAGE
1800000957,TX,Dallas,TX48201,TX48113-RHE,75250,Rheumatology,52,1,0.019231,65.68,MODERATE COVERAGE
1800000958,TX,Dallas,TX48201,TX48113-RHE,75250,Rheumatology,52,1,0.019231,65.68,MODERATE COVERAGE
1800000959,TX,Dallas,TX48201,TX48113-RHE,75250,Rheumatology,52,1,0.019231,65.68,MODERATE COVERAGE
1800000960,TX,Dallas,TX48201,TX48113-RHE,75250,Rheumatology,52,1,0.019231,65.68,MODERATE COVERAGE
1800000961,TX,Dallas,TX48201,TX48113-RHE,75250,Rheumatology,52,1,0.019231,65.68,MODERATE COVERAGE
1800000962,TX,Dallas,TX48201,TX48113-RHE,75250,Rheumatology,52,1,0.019231,65.68,MODERATE COVERAGE
1800000963,TX,Dallas,TX48201,TX48113-RHE,75250,Rheumatology,52,1,0.019231,65.68,MODERATE COVERAGE
1800000964,TX,Dallas,TX48201,TX48113-RHE,75250,Rheumatology,52,1,0.019231,65.68,MODERATE COVERAGE
1800000965,TX,Dallas,TX48201,TX48113-RHE,75250,Rheumatology,52,1,0.019231,65.68,MODERATE COVERAGE
1800000966,TX,Dallas,TX48201,TX48113-RHE,75250,Rheumatology,52,1,0.019231,65.68,MODERATE COVERAGE
1800000967,TX,Dallas,TX48201,TX48113-RHE,75250,Rheumatology,52,1,0.019231,65.68,MODERATE COVERAGE
1800000968,TX,Dallas,TX48201,TX48113-RHE,75250,Rheumatology,52,1,0.019231,65.68,MODERATE COVERAGE
1800000969,TX,Dallas,TX48201,TX48113-RHE,75250,Rheumatology,52,1,0.019231,65.68,MODERATE COVERAGE
1800000970,TX,Dallas,TX48201,TX48113-RHE,75250,Rheumatology,52,1,0.019231,65.68,MODERATE COVERAGE
1800000971,TX,Dallas,TX48201,TX48113-RHE,75250,Rheumatology,52,1,0.019231,65.68,MODERATE COVERAGE
1800000972,TX,Dallas,TX48201,TX48113-RHE,75250,Rheumatology,52,1,0.019231,65.68,MODERATE COVERAGE
1800000973,TX,Dallas,TX48201,TX48113-RHE,75250,Rheumatology,52,1,0.019231,65.68,MODERATE COVERAGE
1800000974,TX,Dallas,TX48201,TX48113-RHE,75250,Rheumatology,52,1,0.019231,65.68,MODERATE COVERAGE
1800000975,TX,Dallas,TX48201,TX48113-RHE,75250,Rheumatology,52,1,0.019231,65.68,MODERATE COVERAGE
1800000976,TX,Dallas,TX48201,TX48113-RHE,75250,Rheumatology,52,1,0.019231,65.68,MODERATE COVERAGE
1800000977,TX,Dallas,TX48201,TX48113-RHE,75250,Rheumatology,52,1,0.019231,65.68,MODERATE COVERAGE
1800000978,TX,Dallas,TX48201,TX48113-RHE,75250,Rheumatology,52,1,0.019231,65.68,MODERATE COVERAGE
1800000979,TX,Dallas,TX48201,TX48113-RHE,75250,Rheumatology,52,1,0.019231,65.68,MODERATE COVERAGE
1800000980,TX,Dallas,TX48201,TX48113-RHE,75250,Rheumatology,52,1,0.019231,65.68,MODERATE COVERAGE
1800000981,TX,Dallas,TX48201,TX48113-RHE,75250,Rheumatology,52,1,0.019231,65.68,MODERATE COVERAGE
1800000982,TX,Harris,TX48201,TX48201-CAR,77050,Cardiology,107,1,0.009346,97.35,ADEQUATE
1800000983,TX,Harris,TX48201,TX48201-CAR,77050,Cardiology,107,1,0.009346,97.35,ADEQUATE
1800000984,TX,Harris,TX48201,TX48201-CAR,77050,Cardiology,107,1,0.009346,97.35,ADEQUATE
1800000985,TX,Harris,TX48201,TX48201-CAR,77050,Cardiology,107,1,0.009346,97.35,ADEQUATE
1800000986,TX,Harris,TX48201,TX48201-CAR,77050,Cardiology,107,1,0.009346,97.35,ADEQUATE
1800000987,TX,Harris,TX48201,TX48201-CAR,77050,Cardiology,107,1,0.009346,97.35,ADEQUATE
1800000988,TX,Harris,TX48201,TX48201-CAR,77050,Cardiology,107,1,0.009346,97.35,ADEQUATE
1800000989,TX,Harris,TX48201,TX48201-CAR,77050,Cardiology,107,1,0.009346,97.35,ADEQUATE
1800000990,TX,Harris,TX48201,TX48201-CAR,77050,Cardiology,107,1,0.009346,97.35,ADEQUATE
1800000991,TX,Harris,TX48201,TX48201-CAR,77050,Cardiology,107,1,0.009346,97.35,ADEQUATE
1800000992,TX,Harris,TX48201,TX48201-CAR,77050,Cardiology,107,1,0.009346,97.35,ADEQUATE
1800000993,TX,Harris,TX48201,TX48201-CAR,77050,Cardiology,107,1,0.009346,97.35,ADEQUATE
1800000994,TX,Harris,TX48201,TX48201-CAR,77050,Cardiology,107,1,0.009346,97.35,ADEQUATE
1800000995,TX,Harris,TX48201,TX48201-CAR,77050,Cardiology,107,1,0.009346,97.35,ADEQUATE
1800000996,TX,Harris,TX48201,TX48201-CAR,77050,Cardiology,107,1,0.009346,97.35,ADEQUATE
1800000997,TX,Harris,TX48201,TX48201-CAR,77050,Cardiology,107,1,0.009346,97.35,ADEQUATE
1800000998,TX,Harris,TX48201,TX48201-CAR,77050,Cardiology,107,1,0.009346,97.35,ADEQUATE
1800000999,TX,Harris,TX48201,TX48201-CAR,77050,Cardiology,107,1,0.009346,97.35,ADEQUATE
1800001000,TX,Harris,TX48201,TX48201-CAR,77050,Cardiology,107,1,0.009346,97.35,ADEQUATE
1800001001,TX,Harris,TX48201,TX48201-CAR,77050,Cardiology,107,1,0.009346,97.35,ADEQUATE
1800001002,TX,Harris,TX48201,TX48201-CAR,77050,Cardiology,107,1,0.009346,97.35,ADEQUATE
1800001003,TX,Harris,TX48201,TX48201-CAR,77050,Cardiology,107,1,0.009346,97.35,ADEQUATE
1800001004,TX,Harris,TX48201,TX48201-CAR,77050,Cardiology,107,1,0.009346,97.35,ADEQUATE
1800001005,TX,Harris,TX48201,TX48201-CAR,77050,Cardiology,107,1,0.009346,97.35,ADEQUATE
1800001006,TX,Harris,TX48201,TX48201-CAR,77050,Cardiology,107,1,0.009346,97.35,ADEQUATE
1800001007,TX,Harris,TX48201,TX48201-CAR,77050,Cardiology,107,1,0.009346,97.35,ADEQUATE
1800001008,TX,Harris,TX48201,TX48201-CAR,77050,Cardiology,107,1,0.009346,97.35,ADEQUATE
1800001009,TX,Harris,TX48201,TX48201-CAR,77050,Cardiology,107,1,0.009346,97.35,ADEQUATE
1800001010,TX,Harris,TX48201,TX48201-CAR,77050,Cardiology,107,1,0.009346,97.35,ADEQUATE
1800001011,TX,Harris,TX48201,TX48201-CAR,77050,Cardiology,107,1,0.009346,97.35,ADEQUATE
1800001012,TX,Harris,TX48201,TX48201-CAR,77050,Cardiology,107,1,0.009346,97.35,ADEQUATE
1800001013,TX,Harris,TX48201,TX48201-CAR,77050,Cardiology,107,1,0.009346,97.35,ADEQUATE
1800001014,TX,Harris,TX48201,TX48201-CAR,77050,Cardiology,107,1,0.009346,97.35,ADEQUATE
1800001015,TX,Harris,TX48201,TX48201-CAR,77050,Cardiology,107,1,0.009346,97.35,ADEQUATE
1800001016,TX,Harris,TX48201,TX48201-CAR,77050,Cardiology,107,1,0.009346,97.35,ADEQUATE
1800001017,TX,Harris,TX48201,TX48201-CAR,77050,Cardiology,107,1,0.009346,97.35,ADEQUATE
1800001018,TX,Harris,TX48201,TX48201-CAR,77050,Cardiology,107,1,0.009346,97.35,ADEQUATE
1800001019,TX,Harris,TX48201,TX48201-CAR,77050,Cardiology,107,1,0.009346,97.35,ADEQUATE
1800001020,TX,Harris,TX48201,TX48201-CAR,77050,Cardiology,107,1,0.009346,97.35,ADEQUATE
1800001021,TX,Harris,TX48201,TX48201-CAR,77050,Cardiology,107,1,0.009346,97.35,ADEQUATE
1800001022,TX,Harris,TX48201,TX48201-CAR,77050,Cardiology,107,1,0.009346,97.35,ADEQUATE
1800001023,TX,Harris,TX48201,TX48201-CAR,77050,Cardiology,107,1,0.009346,97.35,ADEQUATE
1800001024,TX,Harris,TX48201,TX48201-CAR,77050,Cardiology,107,1,0.009346,97.35,ADEQUATE
1800001025,TX,Harris,TX48201,TX48201-CAR,77050,Cardiology,107,1,0.009346,97.35,ADEQUATE
1800001026,TX,Harris,TX48201,TX48201-CAR,77050,Cardiology,107,1,0.009346,97.35,ADEQUATE
1800001027,TX,Harris,TX48201,TX48201-CAR,77050,Cardiology,107,1,0.009346,97.35,ADEQUATE
1800001028,TX,Harris,TX48201,TX48201-CAR,77050,Cardiology,107,1,0.009346,97.35,ADEQUATE
1800001029,TX,Harris,TX48201,TX48201-CAR,77050,Cardiology,107,1,0.009346,97.35,ADEQUATE
1800001030,TX,Harris,TX48201,TX48201-CAR,77050,Cardiology,107,1,0.009346,97.35,ADEQUATE
1800001031,TX,Harris,TX48201,TX48201-CAR,77050,Cardiology,107,1,0.009346,97.35,ADEQUATE
1800001032,TX,Harris,TX48201,TX48201-CAR,77050,Cardiology,107,1,0.009346,97.35,ADEQUATE
1800001033,TX,Harris,TX48201,TX48201-CAR,77050,Cardiology,107,1,0.009346,97.35,ADEQUATE
1800001034,TX,Harris,TX48201,TX48201-CAR,77050,Cardiology,107,1,0.009346,97.35,ADEQUATE
1800001035,TX,Harris,TX48201,TX48201-CAR,77050,Cardiology,107,1,0.009346,97.35,ADEQUATE
1800001036,TX,Harris,TX48201,TX48201-CAR,77050,Cardiology,107,1,0.009346,97.35,ADEQUATE
1800001037,TX,Harris,TX48201,TX48201-CAR,77050,Cardiology,107,1,0.009346,97.35,ADEQUATE
1800001038,TX,Harris,TX48201,TX48201-CAR,77050,Cardiology,107,1,0.009346,97.35,ADEQUATE
1800001039,TX,Harris,TX48201,TX48201-CAR,77050,Cardiology,107,1,0.009346,97.35,ADEQUATE
1800001040,TX,Harris,TX48201,TX48201-CAR,77050,Cardiology,107,1,0.009346,97.35,ADEQUATE
1800001041,TX,Harris,TX48201,TX48201-CAR,77050,Cardiology,107,1,0.009346,97.35,ADEQUATE
1800001042,TX,Harris,TX48201,TX48201-CAR,77050,Cardiology,107,1,0.009346,97.35,ADEQUATE
1800001043,TX,Harris,TX48201,TX48201-CAR,77050,Cardiology,107,1,0.009346,97.35,ADEQUATE
1800001044,TX,Harris,TX48201,TX48201-CAR,77050,Cardiology,107,1,0.009346,97.35,ADEQUATE
1800001045,TX,Harris,TX48201,TX48201-CAR,77050,Cardiology,107,1,0.009346,97.35,ADEQUATE
1800001046,TX,Harris,TX48201,TX48201-CAR,77050,Cardiology,107,1,0.009346,97.35,ADEQUATE
1800001047,TX,Harris,TX48201,TX48201-CAR,77050,Cardiology,107,1,0.009346,97.35,ADEQUATE
1800001048,TX,Harris,TX48201,TX48201-CAR,77050,Cardiology,107,1,0.009346,97.35,ADEQUATE
1800001049,TX,Harris,TX48201,TX48201-CAR,77050,Cardiology,107,1,0.009346,97.35,ADEQUATE
1800001050,TX,Harris,TX48201,TX48201-CAR,77050,Cardiology,107,1,0.009346,97.35,ADEQUATE
1800001051,TX,Harris,TX48201,TX48201-CAR,77050,Cardiology,107,1,0.009346,97.35,ADEQUATE
1800001052,TX,Harris,TX48201,TX48201-CAR,77050,Cardiology,107,1,0.009346,97.35,ADEQUATE
1800001053,TX,Harris,TX48201,TX48201-CAR,77050,Cardiology,107,1,0.009346,97.35,ADEQUATE
1800001054,TX,Harris,TX48201,TX48201-CAR,77050,Cardiology,107,1,0.009346,97.35,ADEQUATE
1800001055,TX,Harris,TX48201,TX48201-CAR,77050,Cardiology,107,1,0.009346,97.35,ADEQUATE
1800001056,TX,Harris,TX48201,TX48201-CAR,77050,Cardiology,107,1,0.009346,97.35,ADEQUATE
1800001057,TX,Harris,TX48201,TX48201-CAR,77050,Cardiology,107,1,0.009346,97.35,ADEQUATE
1800001058,TX,Harris,TX48201,TX48201-CAR,77050,Cardiology,107,1,0.009346,97.35,ADEQUATE
1800001059,TX,Harris,TX48201,TX48201-CAR,77050,Cardiology,107,1,0.009346,97.35,ADEQUATE
1800001060,TX,Harris,TX48201,TX48201-CAR,77050,Cardiology,107,1,0.009346,97.35,ADEQUATE
1800001061,TX,Harris,TX48201,TX48201-CAR,77050,Cardiology,107,1,0.009346,97.35,ADEQUATE
1800001062,TX,Harris,TX48201,TX48201-CAR,77050,Cardiology,107,1,0.009346,97.35,ADEQUATE
1800001063,TX,Harris,TX48201,TX48201-CAR,77050,Cardiology,107,1,0.009346,97.35,ADEQUATE
1800001064,TX,Harris,TX48201,TX48201-CAR,77050,Cardiology,107,1,0.009346,97.35,ADEQUATE
1800001065,TX,Harris,TX48201,TX48201-CAR,77050,Cardiology,107,1,0.009346,97.35,ADEQUATE
1800001066,TX,Harris,TX48201,TX48201-CAR,77050,Cardiology,107,1,0.009346,97.35,ADEQUATE
1800001067,TX,Harris,TX48201,TX48201-CAR,77050,Cardiology,107,1,0.009346,97.35,ADEQUATE
1800001068,TX,Harris,TX48201,TX48201-CAR,77050,Cardiology,107,1,0.009346,97.35,ADEQUATE
1800001069,TX,Harris,TX48201,TX48201-CAR,77050,Cardiology,107,1,0.009346,97.35,ADEQUATE
1800001070,TX,Harris,TX48201,TX48201-CAR,77050,Cardiology,107,1,0.009346,97.35,ADEQUATE
1800001071,TX,Harris,TX48201,TX48201-CAR,77050,Cardiology,107,1,0.009346,97.35,ADEQUATE
1800001072,TX,Harris,TX48201,TX48201-CAR,77050,Cardiology,107,1,0.009346,97.35,ADEQUATE
1800001073,TX,Harris,TX48201,TX48201-CAR,77050,Cardiology,107,1,0.009346,97.35,ADEQUATE
1800001074,TX,Harris,TX48201,TX48201-CAR,77050,Cardiology,107,1,0.009346,97.35,ADEQUATE
1800001075,TX,Harris,TX48201,TX48201-CAR,77050,Cardiology,107,1,0.009346,97.35,ADEQUATE
1800001076,TX,Harris,TX48201,TX48201-CAR,77050,Cardiology,107,1,0.009346,97.35,ADEQUATE
1800001077,TX,Harris,TX48201,TX48201-CAR,77050,Cardiology,107,1,0.009346,97.35,ADEQUATE
1800001078,TX,Harris,TX48201,TX48201-CAR,77050,Cardiology,107,1,0.009346,97.35,ADEQUATE
1800001079,TX,Harris,TX48201,TX48201-CAR,77050,Cardiology,107,1,0.009346,97.35,ADEQUATE
1800001080,TX,Harris,TX48201,TX48201-CAR,77050,Cardiology,107,1,0.009346,97.35,ADEQUATE
1800001081,TX,Harris,TX48201,TX48201-CAR,77050,Cardiology,107,1,0.009346,97.35,ADEQUATE
1800001082,TX,Harris,TX48201,TX48201-CAR,77050,Cardiology,107,1,0.009346,97.35,ADEQUATE
1800001083,TX,Harris,TX48201,TX48201-CAR,77050,Cardiology,107,1,0.009346,97.35,ADEQUATE
1800001084,TX,Harris,TX48201,TX48201-CAR,77050,Cardiology,107,1,0.009346,97.35,ADEQUATE
1800001085,TX,Harris,TX48201,TX48201-CAR,77050,Cardiology,107,1,0.009346,97.35,ADEQUATE
1800001086,TX,Harris,TX48201,TX48201-CAR,77050,Cardiology,107,1,0.009346,97.35,ADEQUATE
1800001087,TX,Harris,TX48201,TX48201-CAR,77050,Cardiology,107,1,0.009346,97.35,ADEQUATE
1800001088,TX,Harris,TX48201,TX48201-CAR,77050,Cardiology,107,1,0.009346,97.35,ADEQUATE
1800001089,TX,Harris,TX48201,TX48201-END,77050,Endocrinology,102,1,0.009804,92.12,ADEQUATE
1800001090,TX,Harris,TX48201,TX48201-END,77050,Endocrinology,102,1,0.009804,92.12,ADEQUATE
1800001091,TX,Harris,TX48201,TX48201-END,77050,Endocrinology,102,1,0.009804,92.12,ADEQUATE
1800001092,TX,Harris,TX48201,TX48201-END,77050,Endocrinology,102,1,0.009804,92.12,ADEQUATE
1800001093,TX,Harris,TX48201,TX48201-END,77050,Endocrinology,102,1,0.009804,92.12,ADEQUATE
1800001094,TX,Harris,TX48201,TX48201-END,77050,Endocrinology,102,1,0.009804,92.12,ADEQUATE
1800001095,TX,Harris,TX48201,TX48201-END,77050,Endocrinology,102,1,0.009804,92.12,ADEQUATE
1800001096,TX,Harris,TX48201,TX48201-END,77050,Endocrinology,102,1,0.009804,92.12,ADEQUATE
1800001097,TX,Harris,TX48201,TX48201-END,77050,Endocrinology,102,1,0.009804,92.12,ADEQUATE
1800001098,TX,Harris,TX48201,TX48201-END,77050,Endocrinology,102,1,0.009804,92.12,ADEQUATE
1800001099,TX,Harris,TX48201,TX48201-END,77050,Endocrinology,102,1,0.009804,92.12,ADEQUATE
1800001100,TX,Harris,TX48201,TX48201-END,77050,Endocrinology,102,1,0.009804,92.12,ADEQUATE
1800001101,TX,Harris,TX48201,TX48201-END,77050,Endocrinology,102,1,0.009804,92.12,ADEQUATE
1800001102,TX,Harris,TX48201,TX48201-END,77050,Endocrinology,102,1,0.009804,92.12,ADEQUATE
1800001103,TX,Harris,TX48201,TX48201-END,77050,Endocrinology,102,1,0.009804,92.12,ADEQUATE
1800001104,TX,Harris,TX48201,TX48201-END,77050,Endocrinology,102,1,0.009804,92.12,ADEQUATE
1800001105,TX,Harris,TX48201,TX48201-END,77050,Endocrinology,102,1,0.009804,92.12,ADEQUATE
1800001106,TX,Harris,TX48201,TX48201-END,77050,Endocrinology,102,1,0.009804,92.12,ADEQUATE
1800001107,TX,Harris,TX48201,TX48201-END,77050,Endocrinology,102,1,0.009804,92.12,ADEQUATE
1800001108,TX,Harris,TX48201,TX48201-END,77050,Endocrinology,102,1,0.009804,92.12,ADEQUATE
1800001109,TX,Harris,TX48201,TX48201-END,77050,Endocrinology,102,1,0.009804,92.12,ADEQUATE
1800001110,TX,Harris,TX48201,TX48201-END,77050,Endocrinology,102,1,0.009804,92.12,ADEQUATE
1800001111,TX,Harris,TX48201,TX48201-END,77050,Endocrinology,102,1,0.009804,92.12,ADEQUATE
1800001112,TX,Harris,TX48201,TX48201-END,77050,Endocrinology,102,1,0.009804,92.12,ADEQUATE
1800001113,TX,Harris,TX48201,TX48201-END,77050,Endocrinology,102,1,0.009804,92.12,ADEQUATE
1800001114,TX,Harris,TX48201,TX48201-END,77050,Endocrinology,102,1,0.009804,92.12,ADEQUATE
1800001115,TX,Harris,TX48201,TX48201-END,77050,Endocrinology,102,1,0.009804,92.12,ADEQUATE
1800001116,TX,Harris,TX48201,TX48201-END,77050,Endocrinology,102,1,0.009804,92.12,ADEQUATE
1800001117,TX,Harris,TX48201,TX48201-END,77050,Endocrinology,102,1,0.009804,92.12,ADEQUATE
1800001118,TX,Harris,TX48201,TX48201-END,77050,Endocrinology,102,1,0.009804,92.12,ADEQUATE
1800001119,TX,Harris,TX48201,TX48201-END,77050,Endocrinology,102,1,0.009804,92.12,ADEQUATE
1800001120,TX,Harris,TX48201,TX48201-END,77050,Endocrinology,102,1,0.009804,92.12,ADEQUATE
1800001121,TX,Harris,TX48201,TX48201-END,77050,Endocrinology,102,1,0.009804,92.12,ADEQUATE
1800001122,TX,Harris,TX48201,TX48201-END,77050,Endocrinology,102,1,0.009804,92.12,ADEQUATE
1800001123,TX,Harris,TX48201,TX48201-END,77050,Endocrinology,102,1,0.009804,92.12,ADEQUATE
1800001124,TX,Harris,TX48201,TX48201-END,77050,Endocrinology,102,1,0.009804,92.12,ADEQUATE
1800001125,TX,Harris,TX48201,TX48201-END,77050,Endocrinology,102,1,0.009804,92.12,ADEQUATE
1800001126,TX,Harris,TX48201,TX48201-END,77050,Endocrinology,102,1,0.009804,92.12,ADEQUATE
1800001127,TX,Harris,TX48201,TX48201-END,77050,Endocrinology,102,1,0.009804,92.12,ADEQUATE
1800001128,TX,Harris,TX48201,TX48201-END,77050,Endocrinology,102,1,0.009804,92.12,ADEQUATE
1800001129,TX,Harris,TX48201,TX48201-END,77050,Endocrinology,102,1,0.009804,92.12,ADEQUATE
1800001130,TX,Harris,TX48201,TX48201-END,77050,Endocrinology,102,1,0.009804,92.12,ADEQUATE
1800001131,TX,Harris,TX48201,TX48201-END,77050,Endocrinology,102,1,0.009804,92.12,ADEQUATE
1800001132,TX,Harris,TX48201,TX48201-END,77050,Endocrinology,102,1,0.009804,92.12,ADEQUATE
1800001133,TX,Harris,TX48201,TX48201-END,77050,Endocrinology,102,1,0.009804,92.12,ADEQUATE
1800001134,TX,Harris,TX48201,TX48201-END,77050,Endocrinology,102,1,0.009804,92.12,ADEQUATE
1800001135,TX,Harris,TX48201,TX48201-END,77050,Endocrinology,102,1,0.009804,92.12,ADEQUATE
1800001136,TX,Harris,TX48201,TX48201-END,77050,Endocrinology,102,1,0.009804,92.12,ADEQUATE
1800001137,TX,Harris,TX48201,TX48201-END,77050,Endocrinology,102,1,0.009804,92.12,ADEQUATE
1800001138,TX,Harris,TX48201,TX48201-END,77050,Endocrinology,102,1,0.009804,92.12,ADEQUATE
1800001139,TX,Harris,TX48201,TX48201-END,77050,Endocrinology,102,1,0.009804,92.12,ADEQUATE
1800001140,TX,Harris,TX48201,TX48201-END,77050,Endocrinology,102,1,0.009804,92.12,ADEQUATE
1800001141,TX,Harris,TX48201,TX48201-END,77050,Endocrinology,102,1,0.009804,92.12,ADEQUATE
1800001142,TX,Harris,TX48201,TX48201-END,77050,Endocrinology,102,1,0.009804,92.12,ADEQUATE
1800001143,TX,Harris,TX48201,TX48201-END,77050,Endocrinology,102,1,0.009804,92.12,ADEQUATE
1800001144,TX,Harris,TX48201,TX48201-END,77050,Endocrinology,102,1,0.009804,92.12,ADEQUATE
1800001145,TX,Harris,TX48201,TX48201-END,77050,Endocrinology,102,1,0.009804,92.12,ADEQUATE
1800001146,TX,Harris,TX48201,TX48201-END,77050,Endocrinology,102,1,0.009804,92.12,ADEQUATE
1800001147,TX,Harris,TX48201,TX48201-END,77050,Endocrinology,102,1,0.009804,92.12,ADEQUATE
1800001148,TX,Harris,TX48201,TX48201-END,77050,Endocrinology,102,1,0.009804,92.12,ADEQUATE
1800001149,TX,Harris,TX48201,TX48201-END,77050,Endocrinology,102,1,0.009804,92.12,ADEQUATE
1800001150,TX,Harris,TX48201,TX48201-END,77050,Endocrinology,102,1,0.009804,92.12,ADEQUATE
1800001151,TX,Harris,TX48201,TX48201-END,77050,Endocrinology,102,1,0.009804,92.12,ADEQUATE
1800001152,TX,Harris,TX48201,TX48201-END,77050,Endocrinology,102,1,0.009804,92.12,ADEQUATE
1800001153,TX,Harris,TX48201,TX48201-END,77050,Endocrinology,102,1,0.009804,92.12,ADEQUATE
1800001154,TX,Harris,TX48201,TX48201-END,77050,Endocrinology,102,1,0.009804,92.12,ADEQUATE
1800001155,TX,Harris,TX48201,TX48201-END,77050,Endocrinology,102,1,0.009804,92.12,ADEQUATE
1800001156,TX,Harris,TX48201,TX48201-END,77050,Endocrinology,102,1,0.009804,92.12,ADEQUATE
1800001157,TX,Harris,TX48201,TX48201-END,77050,Endocrinology,102,1,0.009804,92.12,ADEQUATE
1800001158,TX,Harris,TX48201,TX48201-END,77050,Endocrinology,102,1,0.009804,92.12,ADEQUATE
1800001159,TX,Harris,TX48201,TX48201-END,77050,Endocrinology,102,1,0.009804,92.12,ADEQUATE
1800001160,TX,Harris,TX48201,TX48201-END,77050,Endocrinology,102,1,0.009804,92.12,ADEQUATE
1800001161,TX,Harris,TX48201,TX48201-END,77050,Endocrinology,102,1,0.009804,92.12,ADEQUATE
1800001162,TX,Harris,TX48201,TX48201-END,77050,Endocrinology,102,1,0.009804,92.12,ADEQUATE
1800001163,TX,Harris,TX48201,TX48201-END,77050,Endocrinology,102,1,0.009804,92.12,ADEQUATE
1800001164,TX,Harris,TX48201,TX48201-END,77050,Endocrinology,102,1,0.009804,92.12,ADEQUATE
1800001165,TX,Harris,TX48201,TX48201-END,77050,Endocrinology,102,1,0.009804,92.12,ADEQUATE
1800001166,TX,Harris,TX48201,TX48201-END,77050,Endocrinology,102,1,0.009804,92.12,ADEQUATE
1800001167,TX,Harris,TX48201,TX48201-END,77050,Endocrinology,102,1,0.009804,92.12,ADEQUATE
1800001168,TX,Harris,TX48201,TX48201-END,77050,Endocrinology,102,1,0.009804,92.12,ADEQUATE
1800001169,TX,Harris,TX48201,TX48201-END,77050,Endocrinology,102,1,0.009804,92.12,ADEQUATE
1800001170,TX,Harris,TX48201,TX48201-END,77050,Endocrinology,102,1,0.009804,92.12,ADEQUATE
1800001171,TX,Harris,TX48201,TX48201-END,77050,Endocrinology,102,1,0.009804,92.12,ADEQUATE
1800001172,TX,Harris,TX48201,TX48201-END,77050,Endocrinology,102,1,0.009804,92.12,ADEQUATE
1800001173,TX,Harris,TX48201,TX48201-END,77050,Endocrinology,102,1,0.009804,92.12,ADEQUATE
1800001174,TX,Harris,TX48201,TX48201-END,77050,Endocrinology,102,1,0.009804,92.12,ADEQUATE
1800001175,TX,Harris,TX48201,TX48201-END,77050,Endocrinology,102,1,0.009804,92.12,ADEQUATE
1800001176,TX,Harris,TX48201,TX48201-END,77050,Endocrinology,102,1,0.009804,92.12,ADEQUATE
1800001177,TX,Harris,TX48201,TX48201-END,77050,Endocrinology,102,1,0.009804,92.12,ADEQUATE
1800001178,TX,Harris,TX48201,TX48201-END,77050,Endocrinology,102,1,0.009804,92.12,ADEQUATE
1800001179,TX,Harris,TX48201,TX48201-END,77050,Endocrinology,102,1,0.009804,92.12,ADEQUATE
1800001180,TX,Harris,TX48201,TX48201-END,77050,Endocrinology,102,1,0.009804,92.12,ADEQUATE
1800001181,TX,Harris,TX48201,TX48201-END,77050,Endocrinology,102,1,0.009804,92.12,ADEQUATE
1800001182,TX,Harris,TX48201,TX48201-END,77050,Endocrinology,102,1,0.009804,92.12,ADEQUATE
1800001183,TX,Harris,TX48201,TX48201-END,77050,Endocrinology,102,1,0.009804,92.12,ADEQUATE
1800001184,TX,Harris,TX48201,TX48201-END,77050,Endocrinology,102,1,0.009804,92.12,ADEQUATE
1800001185,TX,Harris,TX48201,TX48201-END,77050,Endocrinology,102,1,0.009804,92.12,ADEQUATE
1800001186,TX,Harris,TX48201,TX48201-END,77050,Endocrinology,102,1,0.009804,92.12,ADEQUATE
1800001187,TX,Harris,TX48201,TX48201-END,77050,Endocrinology,102,1,0.009804,92.12,ADEQUATE
1800001188,TX,Harris,TX48201,TX48201-END,77050,Endocrinology,102,1,0.009804,92.12,ADEQUATE
1800001189,TX,Harris,TX48201,TX48201-END,77050,Endocrinology,102,1,0.009804,92.12,ADEQUATE
1800001190,TX,Harris,TX48201,TX48201-END,77050,Endocrinology,102,1,0.009804,92.12,ADEQUATE
1800001191,TX,Harris,TX48201,TX48201-PSY,77050,Psychiatry,86,1,0.011628,77.72,LOW COVERAGE
1800001192,TX,Harris,TX48201,TX48201-PSY,77050,Psychiatry,86,1,0.011628,77.72,LOW COVERAGE
1800001193,TX,Harris,TX48201,TX48201-PSY,77050,Psychiatry,86,1,0.011628,77.72,LOW COVERAGE
1800001194,TX,Harris,TX48201,TX48201-PSY,77050,Psychiatry,86,1,0.011628,77.72,LOW COVERAGE
1800001195,TX,Harris,TX48201,TX48201-PSY,77050,Psychiatry,86,1,0.011628,77.72,LOW COVERAGE
1800001196,TX,Harris,TX48201,TX48201-PSY,77050,Psychiatry,86,1,0.011628,77.72,LOW COVERAGE
1800001197,TX,Harris,TX48201,TX48201-PSY,77050,Psychiatry,86,1,0.011628,77.72,LOW COVERAGE
1800001198,TX,Harris,TX48201,TX48201-PSY,77050,Psychiatry,86,1,0.011628,77.72,LOW COVERAGE
1800001199,TX,Harris,TX48201,TX48201-PSY,77050,Psychiatry,86,1,0.011628,77.72,LOW COVERAGE
1800001200,TX,Harris,TX48201,TX48201-PSY,77050,Psychiatry,86,1,0.011628,77.72,LOW COVERAGE
1800001201,TX,Harris,TX48201,TX48201-PSY,77050,Psychiatry,86,1,0.011628,77.72,LOW COVERAGE
1800001202,TX,Harris,TX48201,TX48201-PSY,77050,Psychiatry,86,1,0.011628,77.72,LOW COVERAGE
1800001203,TX,Harris,TX48201,TX48201-PSY,77050,Psychiatry,86,1,0.011628,77.72,LOW COVERAGE
1800001204,TX,Harris,TX48201,TX48201-PSY,77050,Psychiatry,86,1,0.011628,77.72,LOW COVERAGE
1800001205,TX,Harris,TX48201,TX48201-PSY,77050,Psychiatry,86,1,0.011628,77.72,LOW COVERAGE
1800001206,TX,Harris,TX48201,TX48201-PSY,77050,Psychiatry,86,1,0.011628,77.72,LOW COVERAGE
1800001207,TX,Harris,TX48201,TX48201-PSY,77050,Psychiatry,86,1,0.011628,77.72,LOW COVERAGE
1800001208,TX,Harris,TX48201,TX48201-PSY,77050,Psychiatry,86,1,0.011628,77.72,LOW COVERAGE
1800001209,TX,Harris,TX48201,TX48201-PSY,77050,Psychiatry,86,1,0.011628,77.72,LOW COVERAGE
1800001210,TX,Harris,TX48201,TX48201-PSY,77050,Psychiatry,86,1,0.011628,77.72,LOW COVERAGE
1800001211,TX,Harris,TX48201,TX48201-PSY,77050,Psychiatry,86,1,0.011628,77.72,LOW COVERAGE
1800001212,TX,Harris,TX48201,TX48201-PSY,77050,Psychiatry,86,1,0.011628,77.72,LOW COVERAGE
1800001213,TX,Harris,TX48201,TX48201-PSY,77050,Psychiatry,86,1,0.011628,77.72,LOW COVERAGE
1800001214,TX,Harris,TX48201,TX48201-PSY,77050,Psychiatry,86,1,0.011628,77.72,LOW COVERAGE
1800001215,TX,Harris,TX48201,TX48201-PSY,77050,Psychiatry,86,1,0.011628,77.72,LOW COVERAGE
1800001216,TX,Harris,TX48201,TX48201-PSY,77050,Psychiatry,86,1,0.011628,77.72,LOW COVERAGE
1800001217,TX,Harris,TX48201,TX48201-PSY,77050,Psychiatry,86,1,0.011628,77.72,LOW COVERAGE
1800001218,TX,Harris,TX48201,TX48201-PSY,77050,Psychiatry,86,1,0.011628,77.72,LOW COVERAGE
1800001219,TX,Harris,TX48201,TX48201-PSY,77050,Psychiatry,86,1,0.011628,77.72,LOW COVERAGE
1800001220,TX,Harris,TX48201,TX48201-PSY,77050,Psychiatry,86,1,0.011628,77.72,LOW COVERAGE
1800001221,TX,Harris,TX48201,TX48201-PSY,77050,Psychiatry,86,1,0.011628,77.72,LOW COVERAGE
1800001222,TX,Harris,TX48201,TX48201-PSY,77050,Psychiatry,86,1,0.011628,77.72,LOW COVERAGE
1800001223,TX,Harris,TX48201,TX48201-PSY,77050,Psychiatry,86,1,0.011628,77.72,LOW COVERAGE
1800001224,TX,Harris,TX48201,TX48201-PSY,77050,Psychiatry,86,1,0.011628,77.72,LOW COVERAGE
1800001225,TX,Harris,TX48201,TX48201-PSY,77050,Psychiatry,86,1,0.011628,77.72,LOW COVERAGE
1800001226,TX,Harris,TX48201,TX48201-PSY,77050,Psychiatry,86,1,0.011628,77.72,LOW COVERAGE
1800001227,TX,Harris,TX48201,TX48201-PSY,77050,Psychiatry,86,1,0.011628,77.72,LOW COVERAGE
1800001228,TX,Harris,TX48201,TX48201-PSY,77050,Psychiatry,86,1,0.011628,77.72,LOW COVERAGE
1800001229,TX,Harris,TX48201,TX48201-PSY,77050,Psychiatry,86,1,0.011628,77.72,LOW COVERAGE
1800001230,TX,Harris,TX48201,TX48201-PSY,77050,Psychiatry,86,1,0.011628,77.72,LOW COVERAGE
1800001231,TX,Harris,TX48201,TX48201-PSY,77050,Psychiatry,86,1,0.011628,77.72,LOW COVERAGE
1800001232,TX,Harris,TX48201,TX48201-PSY,77050,Psychiatry,86,1,0.011628,77.72,LOW COVERAGE
1800001233,TX,Harris,TX48201,TX48201-PSY,77050,Psychiatry,86,1,0.011628,77.72,LOW COVERAGE
1800001234,TX,Harris,TX48201,TX48201-PSY,77050,Psychiatry,86,1,0.011628,77.72,LOW COVERAGE
1800001235,TX,Harris,TX48201,TX48201-PSY,77050,Psychiatry,86,1,0.011628,77.72,LOW COVERAGE
1800001236,TX,Harris,TX48201,TX48201-PSY,77050,Psychiatry,86,1,0.011628,77.72,LOW COVERAGE
1800001237,TX,Harris,TX48201,TX48201-PSY,77050,Psychiatry,86,1,0.011628,77.72,LOW COVERAGE
1800001238,TX,Harris,TX48201,TX48201-PSY,77050,Psychiatry,86,1,0.011628,77.72,LOW COVERAGE
1800001239,TX,Harris,TX48201,TX48201-PSY,77050,Psychiatry,86,1,0.011628,77.72,LOW COVERAGE
1800001240,TX,Harris,TX48201,TX48201-PSY,77050,Psychiatry,86,1,0.011628,77.72,LOW COVERAGE
1800001241,TX,Harris,TX48201,TX48201-PSY,77050,Psychiatry,86,1,0.011628,77.72,LOW COVERAGE
1800001242,TX,Harris,TX48201,TX48201-PSY,77050,Psychiatry,86,1,0.011628,77.72,LOW COVERAGE
1800001243,TX,Harris,TX48201,TX48201-PSY,77050,Psychiatry,86,1,0.011628,77.72,LOW COVERAGE
1800001244,TX,Harris,TX48201,TX48201-PSY,77050,Psychiatry,86,1,0.011628,77.72,LOW COVERAGE
1800001245,TX,Harris,TX48201,TX48201-PSY,77050,Psychiatry,86,1,0.011628,77.72,LOW COVERAGE
1800001246,TX,Harris,TX48201,TX48201-PSY,77050,Psychiatry,86,1,0.011628,77.72,LOW COVERAGE
1800001247,TX,Harris,TX48201,TX48201-PSY,77050,Psychiatry,86,1,0.011628,77.72,LOW COVERAGE
1800001248,TX,Harris,TX48201,TX48201-PSY,77050,Psychiatry,86,1,0.011628,77.72,LOW COVERAGE
1800001249,TX,Harris,TX48201,TX48201-PSY,77050,Psychiatry,86,1,0.011628,77.72,LOW COVERAGE
1800001250,TX,Harris,TX48201,TX48201-PSY,77050,Psychiatry,86,1,0.011628,77.72,LOW COVERAGE
1800001251,TX,Harris,TX48201,TX48201-PSY,77050,Psychiatry,86,1,0.011628,77.72,LOW COVERAGE
1800001252,TX,Harris,TX48201,TX48201-PSY,77050,Psychiatry,86,1,0.011628,77.72,LOW COVERAGE
1800001253,TX,Harris,TX48201,TX48201-PSY,77050,Psychiatry,86,1,0.011628,77.72,LOW COVERAGE
1800001254,TX,Harris,TX48201,TX48201-PSY,77050,Psychiatry,86,1,0.011628,77.72,LOW COVERAGE
1800001255,TX,Harris,TX48201,TX48201-PSY,77050,Psychiatry,86,1,0.011628,77.72,LOW COVERAGE
1800001256,TX,Harris,TX48201,TX48201-PSY,77050,Psychiatry,86,1,0.011628,77.72,LOW COVERAGE
1800001257,TX,Harris,TX48201,TX48201-PSY,77050,Psychiatry,86,1,0.011628,77.72,LOW COVERAGE
1800001258,TX,Harris,TX48201,TX48201-PSY,77050,Psychiatry,86,1,0.011628,77.72,LOW COVERAGE
1800001259,TX,Harris,TX48201,TX48201-PSY,77050,Psychiatry,86,1,0.011628,77.72,LOW COVERAGE
1800001260,TX,Harris,TX48201,TX48201-PSY,77050,Psychiatry,86,1,0.011628,77.72,LOW COVERAGE
1800001261,TX,Harris,TX48201,TX48201-PSY,77050,Psychiatry,86,1,0.011628,77.72,LOW COVERAGE
1800001262,TX,Harris,TX48201,TX48201-PSY,77050,Psychiatry,86,1,0.011628,77.72,LOW COVERAGE
1800001263,TX,Harris,TX48201,TX48201-PSY,77050,Psychiatry,86,1,0.011628,77.72,LOW COVERAGE
1800001264,TX,Harris,TX48201,TX48201-PSY,77050,Psychiatry,86,1,0.011628,77.72,LOW COVERAGE
1800001265,TX,Harris,TX48201,TX48201-PSY,77050,Psychiatry,86,1,0.011628,77.72,LOW COVERAGE
1800001266,TX,Harris,TX48201,TX48201-PSY,77050,Psychiatry,86,1,0.011628,77.72,LOW COVERAGE
1800001267,TX,Harris,TX48201,TX48201-PSY,77050,Psychiatry,86,1,0.011628,77.72,LOW COVERAGE
1800001268,TX,Harris,TX48201,TX48201-PSY,77050,Psychiatry,86,1,0.011628,77.72,LOW COVERAGE
1800001269,TX,Harris,TX48201,TX48201-PSY,77050,Psychiatry,86,1,0.011628,77.72,LOW COVERAGE
1800001270,TX,Harris,TX48201,TX48201-PSY,77050,Psychiatry,86,1,0.011628,77.72,LOW COVERAGE
1800001271,TX,Harris,TX48201,TX48201-PSY,77050,Psychiatry,86,1,0.011628,77.72,LOW COVERAGE
1800001272,TX,Harris,TX48201,TX48201-PSY,77050,Psychiatry,86,1,0.011628,77.72,LOW COVERAGE
1800001273,TX,Harris,TX48201,TX48201-PSY,77050,Psychiatry,86,1,0.011628,77.72,LOW COVERAGE
1800001274,TX,Harris,TX48201,TX48201-PSY,77050,Psychiatry,86,1,0.011628,77.72,LOW COVERAGE
1800001275,TX,Harris,TX48201,TX48201-PSY,77050,Psychiatry,86,1,0.011628,77.72,LOW COVERAGE
1800001276,TX,Harris,TX48201,TX48201-PSY,77050,Psychiatry,86,1,0.011628,77.72,LOW COVERAGE
1800001277,TX,Harris,TX48201,TX48201-PUL,77050,Pulmonary,99,1,0.010101,87.1,ADEQUATE
1800001278,TX,Harris,TX48201,TX48201-PUL,77050,Pulmonary,99,1,0.010101,87.1,ADEQUATE
1800001279,TX,Harris,TX48201,TX48201-PUL,77050,Pulmonary,99,1,0.010101,87.1,ADEQUATE
1800001280,TX,Harris,TX48201,TX48201-PUL,77050,Pulmonary,99,1,0.010101,87.1,ADEQUATE
1800001281,TX,Harris,TX48201,TX48201-PUL,77050,Pulmonary,99,1,0.010101,87.1,ADEQUATE
1800001282,TX,Harris,TX48201,TX48201-PUL,77050,Pulmonary,99,1,0.010101,87.1,ADEQUATE
1800001283,TX,Harris,TX48201,TX48201-PUL,77050,Pulmonary,99,1,0.010101,87.1,ADEQUATE
1800001284,TX,Harris,TX48201,TX48201-PUL,77050,Pulmonary,99,1,0.010101,87.1,ADEQUATE
1800001285,TX,Harris,TX48201,TX48201-PUL,77050,Pulmonary,99,1,0.010101,87.1,ADEQUATE
1800001286,TX,Harris,TX48201,TX48201-PUL,77050,Pulmonary,99,1,0.010101,87.1,ADEQUATE
1800001287,TX,Harris,TX48201,TX48201-PUL,77050,Pulmonary,99,1,0.010101,87.1,ADEQUATE
1800001288,TX,Harris,TX48201,TX48201-PUL,77050,Pulmonary,99,1,0.010101,87.1,ADEQUATE
1800001289,TX,Harris,TX48201,TX48201-PUL,77050,Pulmonary,99,1,0.010101,87.1,ADEQUATE
1800001290,TX,Harris,TX48201,TX48201-PUL,77050,Pulmonary,99,1,0.010101,87.1,ADEQUATE
1800001291,TX,Harris,TX48201,TX48201-PUL,77050,Pulmonary,99,1,0.010101,87.1,ADEQUATE
1800001292,TX,Harris,TX48201,TX48201-PUL,77050,Pulmonary,99,1,0.010101,87.1,ADEQUATE
1800001293,TX,Harris,TX48201,TX48201-PUL,77050,Pulmonary,99,1,0.010101,87.1,ADEQUATE
1800001294,TX,Harris,TX48201,TX48201-PUL,77050,Pulmonary,99,1,0.010101,87.1,ADEQUATE
1800001295,TX,Harris,TX48201,TX48201-PUL,77050,Pulmonary,99,1,0.010101,87.1,ADEQUATE
1800001296,TX,Harris,TX48201,TX48201-PUL,77050,Pulmonary,99,1,0.010101,87.1,ADEQUATE
1800001297,TX,Harris,TX48201,TX48201-PUL,77050,Pulmonary,99,1,0.010101,87.1,ADEQUATE
1800001298,TX,Harris,TX48201,TX48201-PUL,77050,Pulmonary,99,1,0.010101,87.1,ADEQUATE
1800001299,TX,Harris,TX48201,TX48201-PUL,77050,Pulmonary,99,1,0.010101,87.1,ADEQUATE
1800001300,TX,Harris,TX48201,TX48201-PUL,77050,Pulmonary,99,1,0.010101,87.1,ADEQUATE
1800001301,TX,Harris,TX48201,TX48201-PUL,77050,Pulmonary,99,1,0.010101,87.1,ADEQUATE
1800001302,TX,Harris,TX48201,TX48201-PUL,77050,Pulmonary,99,1,0.010101,87.1,ADEQUATE
1800001303,TX,Harris,TX48201,TX48201-PUL,77050,Pulmonary,99,1,0.010101,87.1,ADEQUATE
1800001304,TX,Harris,TX48201,TX48201-PUL,77050,Pulmonary,99,1,0.010101,87.1,ADEQUATE
1800001305,TX,Harris,TX48201,TX48201-PUL,77050,Pulmonary,99,1,0.010101,87.1,ADEQUATE
1800001306,TX,Harris,TX48201,TX48201-PUL,77050,Pulmonary,99,1,0.010101,87.1,ADEQUATE
1800001307,TX,Harris,TX48201,TX48201-PUL,77050,Pulmonary,99,1,0.010101,87.1,ADEQUATE
1800001308,TX,Harris,TX48201,TX48201-PUL,77050,Pulmonary,99,1,0.010101,87.1,ADEQUATE
1800001309,TX,Harris,TX48201,TX48201-PUL,77050,Pulmonary,99,1,0.010101,87.1,ADEQUATE
1800001310,TX,Harris,TX48201,TX48201-PUL,77050,Pulmonary,99,1,0.010101,87.1,ADEQUATE
1800001311,TX,Harris,TX48201,TX48201-PUL,77050,Pulmonary,99,1,0.010101,87.1,ADEQUATE
1800001312,TX,Harris,TX48201,TX48201-PUL,77050,Pulmonary,99,1,0.010101,87.1,ADEQUATE
1800001313,TX,Harris,TX48201,TX48201-PUL,77050,Pulmonary,99,1,0.010101,87.1,ADEQUATE
1800001314,TX,Harris,TX48201,TX48201-PUL,77050,Pulmonary,99,1,0.010101,87.1,ADEQUATE
1800001315,TX,Harris,TX48201,TX48201-PUL,77050,Pulmonary,99,1,0.010101,87.1,ADEQUATE
1800001316,TX,Harris,TX48201,TX48201-PUL,77050,Pulmonary,99,1,0.010101,87.1,ADEQUATE
1800001317,TX,Harris,TX48201,TX48201-PUL,77050,Pulmonary,99,1,0.010101,87.1,ADEQUATE
1800001318,TX,Harris,TX48201,TX48201-PUL,77050,Pulmonary,99,1,0.010101,87.1,ADEQUATE
1800001319,TX,Harris,TX48201,TX48201-PUL,77050,Pulmonary,99,1,0.010101,87.1,ADEQUATE
1800001320,TX,Harris,TX48201,TX48201-PUL,77050,Pulmonary,99,1,0.010101,87.1,ADEQUATE
1800001321,TX,Harris,TX48201,TX48201-PUL,77050,Pulmonary,99,1,0.010101,87.1,ADEQUATE
1800001322,TX,Harris,TX48201,TX48201-PUL,77050,Pulmonary,99,1,0.010101,87.1,ADEQUATE
1800001323,TX,Harris,TX48201,TX48201-PUL,77050,Pulmonary,99,1,0.010101,87.1,ADEQUATE
1800001324,TX,Harris,TX48201,TX48201-PUL,77050,Pulmonary,99,1,0.010101,87.1,ADEQUATE
1800001325,TX,Harris,TX48201,TX48201-PUL,77050,Pulmonary,99,1,0.010101,87.1,ADEQUATE
1800001326,TX,Harris,TX48201,TX48201-PUL,77050,Pulmonary,99,1,0.010101,87.1,ADEQUATE
1800001327,TX,Harris,TX48201,TX48201-PUL,77050,Pulmonary,99,1,0.010101,87.1,ADEQUATE
1800001328,TX,Harris,TX48201,TX48201-PUL,77050,Pulmonary,99,1,0.010101,87.1,ADEQUATE
1800001329,TX,Harris,TX48201,TX48201-PUL,77050,Pulmonary,99,1,0.010101,87.1,ADEQUATE
1800001330,TX,Harris,TX48201,TX48201-PUL,77050,Pulmonary,99,1,0.010101,87.1,ADEQUATE
1800001331,TX,Harris,TX48201,TX48201-PUL,77050,Pulmonary,99,1,0.010101,87.1,ADEQUATE
1800001332,TX,Harris,TX48201,TX48201-PUL,77050,Pulmonary,99,1,0.010101,87.1,ADEQUATE
1800001333,TX,Harris,TX48201,TX48201-PUL,77050,Pulmonary,99,1,0.010101,87.1,ADEQUATE
1800001334,TX,Harris,TX48201,TX48201-PUL,77050,Pulmonary,99,1,0.010101,87.1,ADEQUATE
1800001335,TX,Harris,TX48201,TX48201-PUL,77050,Pulmonary,99,1,0.010101,87.1,ADEQUATE
1800001336,TX,Harris,TX48201,TX48201-PUL,77050,Pulmonary,99,1,0.010101,87.1,ADEQUATE
1800001337,TX,Harris,TX48201,TX48201-PUL,77050,Pulmonary,99,1,0.010101,87.1,ADEQUATE
1800001338,TX,Harris,TX48201,TX48201-PUL,77050,Pulmonary,99,1,0.010101,87.1,ADEQUATE
1800001339,TX,Harris,TX48201,TX48201-PUL,77050,Pulmonary,99,1,0.010101,87.1,ADEQUATE
1800001340,TX,Harris,TX48201,TX48201-PUL,77050,Pulmonary,99,1,0.010101,87.1,ADEQUATE
1800001341,TX,Harris,TX48201,TX48201-PUL,77050,Pulmonary,99,1,0.010101,87.1,ADEQUATE
1800001342,TX,Harris,TX48201,TX48201-PUL,77050,Pulmonary,99,1,0.010101,87.1,ADEQUATE
1800001343,TX,Harris,TX48201,TX48201-PUL,77050,Pulmonary,99,1,0.010101,87.1,ADEQUATE
1800001344,TX,Harris,TX48201,TX48201-PUL,77050,Pulmonary,99,1,0.010101,87.1,ADEQUATE
1800001345,TX,Harris,TX48201,TX48201-PUL,77050,Pulmonary,99,1,0.010101,87.1,ADEQUATE
1800001346,TX,Harris,TX48201,TX48201-PUL,77050,Pulmonary,99,1,0.010101,87.1,ADEQUATE
1800001347,TX,Harris,TX48201,TX48201-PUL,77050,Pulmonary,99,1,0.010101,87.1,ADEQUATE
1800001348,TX,Harris,TX48201,TX48201-PUL,77050,Pulmonary,99,1,0.010101,87.1,ADEQUATE
1800001349,TX,Harris,TX48201,TX48201-PUL,77050,Pulmonary,99,1,0.010101,87.1,ADEQUATE
1800001350,TX,Harris,TX48201,TX48201-PUL,77050,Pulmonary,99,1,0.010101,87.1,ADEQUATE
1800001351,TX,Harris,TX48201,TX48201-PUL,77050,Pulmonary,99,1,0.010101,87.1,ADEQUATE
1800001352,TX,Harris,TX48201,TX48201-PUL,77050,Pulmonary,99,1,0.010101,87.1,ADEQUATE
1800001353,TX,Harris,TX48201,TX48201-PUL,77050,Pulmonary,99,1,0.010101,87.1,ADEQUATE
1800001354,TX,Harris,TX48201,TX48201-PUL,77050,Pulmonary,99,1,0.010101,87.1,ADEQUATE
1800001355,TX,Harris,TX48201,TX48201-PUL,77050,Pulmonary,99,1,0.010101,87.1,ADEQUATE
1800001356,TX,Harris,TX48201,TX48201-PUL,77050,Pulmonary,99,1,0.010101,87.1,ADEQUATE
1800001357,TX,Harris,TX48201,TX48201-PUL,77050,Pulmonary,99,1,0.010101,87.1,ADEQUATE
1800001358,TX,Harris,TX48201,TX48201-PUL,77050,Pulmonary,99,1,0.010101,87.1,ADEQUATE
1800001359,TX,Harris,TX48201,TX48201-PUL,77050,Pulmonary,99,1,0.010101,87.1,ADEQUATE
1800001360,TX,Harris,TX48201,TX48201-PUL,77050,Pulmonary,99,1,0.010101,87.1,ADEQUATE
1800001361,TX,Harris,TX48201,TX48201-PUL,77050,Pulmonary,99,1,0.010101,87.1,ADEQUATE
1800001362,TX,Harris,TX48201,TX48201-PUL,77050,Pulmonary,99,1,0.010101,87.1,ADEQUATE
1800001363,TX,Harris,TX48201,TX48201-PUL,77050,Pulmonary,99,1,0.010101,87.1,ADEQUATE
1800001364,TX,Harris,TX48201,TX48201-PUL,77050,Pulmonary,99,1,0.010101,87.1,ADEQUATE
1800001365,TX,Harris,TX48201,TX48201-PUL,77050,Pulmonary,99,1,0.010101,87.1,ADEQUATE
1800001366,TX,Harris,TX48201,TX48201-PUL,77050,Pulmonary,99,1,0.010101,87.1,ADEQUATE
1800001367,TX,Harris,TX48201,TX48201-PUL,77050,Pulmonary,99,1,0.010101,87.1,ADEQUATE
1800001368,TX,Harris,TX48201,TX48201-PUL,77050,Pulmonary,99,1,0.010101,87.1,ADEQUATE
1800001369,TX,Harris,TX48201,TX48201-PUL,77050,Pulmonary,99,1,0.010101,87.1,ADEQUATE
1800001370,TX,Harris,TX48201,TX48201-PUL,77050,Pulmonary,99,1,0.010101,87.1,ADEQUATE
1800001371,TX,Harris,TX48201,TX48201-PUL,77050,Pulmonary,99,1,0.010101,87.1,ADEQUATE
1800001372,TX,Harris,TX48201,TX48201-PUL,77050,Pulmonary,99,1,0.010101,87.1,ADEQUATE
1800001373,TX,Harris,TX48201,TX48201-PUL,77050,Pulmonary,99,1,0.010101,87.1,ADEQUATE
1800001374,TX,Harris,TX48201,TX48201-PUL,77050,Pulmonary,99,1,0.010101,87.1,ADEQUATE
1800001375,TX,Harris,TX48201,TX48201-PUL,77050,Pulmonary,99,1,0.010101,87.1,ADEQUATE
1800001376,TX,Harris,TX48201,TX48201-RHE,77050,Rheumatology,95,1,0.010526,82.25,ADEQUATE
1800001377,TX,Harris,TX48201,TX48201-RHE,77050,Rheumatology,95,1,0.010526,82.25,ADEQUATE
1800001378,TX,Harris,TX48201,TX48201-RHE,77050,Rheumatology,95,1,0.010526,82.25,ADEQUATE
1800001379,TX,Harris,TX48201,TX48201-RHE,77050,Rheumatology,95,1,0.010526,82.25,ADEQUATE
1800001380,TX,Harris,TX48201,TX48201-RHE,77050,Rheumatology,95,1,0.010526,82.25,ADEQUATE
1800001381,TX,Harris,TX48201,TX48201-RHE,77050,Rheumatology,95,1,0.010526,82.25,ADEQUATE
1800001382,TX,Harris,TX48201,TX48201-RHE,77050,Rheumatology,95,1,0.010526,82.25,ADEQUATE
1800001383,TX,Harris,TX48201,TX48201-RHE,77050,Rheumatology,95,1,0.010526,82.25,ADEQUATE
1800001384,TX,Harris,TX48201,TX48201-RHE,77050,Rheumatology,95,1,0.010526,82.25,ADEQUATE
1800001385,TX,Harris,TX48201,TX48201-RHE,77050,Rheumatology,95,1,0.010526,82.25,ADEQUATE
1800001386,TX,Harris,TX48201,TX48201-RHE,77050,Rheumatology,95,1,0.010526,82.25,ADEQUATE
1800001387,TX,Harris,TX48201,TX48201-RHE,77050,Rheumatology,95,1,0.010526,82.25,ADEQUATE
1800001388,TX,Harris,TX48201,TX48201-RHE,77050,Rheumatology,95,1,0.010526,82.25,ADEQUATE
1800001389,TX,Harris,TX48201,TX48201-RHE,77050,Rheumatology,95,1,0.010526,82.25,ADEQUATE
1800001390,TX,Harris,TX48201,TX48201-RHE,77050,Rheumatology,95,1,0.010526,82.25,ADEQUATE
1800001391,TX,Harris,TX48201,TX48201-RHE,77050,Rheumatology,95,1,0.010526,82.25,ADEQUATE
1800001392,TX,Harris,TX48201,TX48201-RHE,77050,Rheumatology,95,1,0.010526,82.25,ADEQUATE
1800001393,TX,Harris,TX48201,TX48201-RHE,77050,Rheumatology,95,1,0.010526,82.25,ADEQUATE
1800001394,TX,Harris,TX48201,TX48201-RHE,77050,Rheumatology,95,1,0.010526,82.25,ADEQUATE
1800001395,TX,Harris,TX48201,TX48201-RHE,77050,Rheumatology,95,1,0.010526,82.25,ADEQUATE
1800001396,TX,Harris,TX48201,TX48201-RHE,77050,Rheumatology,95,1,0.010526,82.25,ADEQUATE
1800001397,TX,Harris,TX48201,TX48201-RHE,77050,Rheumatology,95,1,0.010526,82.25,ADEQUATE
1800001398,TX,Harris,TX48201,TX48201-RHE,77050,Rheumatology,95,1,0.010526,82.25,ADEQUATE
1800001399,TX,Harris,TX48201,TX48201-RHE,77050,Rheumatology,95,1,0.010526,82.25,ADEQUATE
1800001400,TX,Harris,TX48201,TX48201-RHE,77050,Rheumatology,95,1,0.010526,82.25,ADEQUATE
1800001401,TX,Harris,TX48201,TX48201-RHE,77050,Rheumatology,95,1,0.010526,82.25,ADEQUATE
1800001402,TX,Harris,TX48201,TX48201-RHE,77050,Rheumatology,95,1,0.010526,82.25,ADEQUATE
1800001403,TX,Harris,TX48201,TX48201-RHE,77050,Rheumatology,95,1,0.010526,82.25,ADEQUATE
1800001404,TX,Harris,TX48201,TX48201-RHE,77050,Rheumatology,95,1,0.010526,82.25,ADEQUATE
1800001405,TX,Harris,TX48201,TX48201-RHE,77050,Rheumatology,95,1,0.010526,82.25,ADEQUATE
1800001406,TX,Harris,TX48201,TX48201-RHE,77050,Rheumatology,95,1,0.010526,82.25,ADEQUATE
1800001407,TX,Harris,TX48201,TX48201-RHE,77050,Rheumatology,95,1,0.010526,82.25,ADEQUATE
1800001408,TX,Harris,TX48201,TX48201-RHE,77050,Rheumatology,95,1,0.010526,82.25,ADEQUATE
1800001409,TX,Harris,TX48201,TX48201-RHE,77050,Rheumatology,95,1,0.010526,82.25,ADEQUATE
1800001410,TX,Harris,TX48201,TX48201-RHE,77050,Rheumatology,95,1,0.010526,82.25,ADEQUATE
1800001411,TX,Harris,TX48201,TX48201-RHE,77050,Rheumatology,95,1,0.010526,82.25,ADEQUATE
1800001412,TX,Harris,TX48201,TX48201-RHE,77050,Rheumatology,95,1,0.010526,82.25,ADEQUATE
1800001413,TX,Harris,TX48201,TX48201-RHE,77050,Rheumatology,95,1,0.010526,82.25,ADEQUATE
1800001414,TX,Harris,TX48201,TX48201-RHE,77050,Rheumatology,95,1,0.010526,82.25,ADEQUATE
1800001415,TX,Harris,TX48201,TX48201-RHE,77050,Rheumatology,95,1,0.010526,82.25,ADEQUATE
1800001416,TX,Harris,TX48201,TX48201-RHE,77050,Rheumatology,95,1,0.010526,82.25,ADEQUATE
1800001417,TX,Harris,TX48201,TX48201-RHE,77050,Rheumatology,95,1,0.010526,82.25,ADEQUATE
1800001418,TX,Harris,TX48201,TX48201-RHE,77050,Rheumatology,95,1,0.010526,82.25,ADEQUATE
1800001419,TX,Harris,TX48201,TX48201-RHE,77050,Rheumatology,95,1,0.010526,82.25,ADEQUATE
1800001420,TX,Harris,TX48201,TX48201-RHE,77050,Rheumatology,95,1,0.010526,82.25,ADEQUATE
1800001421,TX,Harris,TX48201,TX48201-RHE,77050,Rheumatology,95,1,0.010526,82.25,ADEQUATE
1800001422,TX,Harris,TX48201,TX48201-RHE,77050,Rheumatology,95,1,0.010526,82.25,ADEQUATE
1800001423,TX,Harris,TX48201,TX48201-RHE,77050,Rheumatology,95,1,0.010526,82.25,ADEQUATE
1800001424,TX,Harris,TX48201,TX48201-RHE,77050,Rheumatology,95,1,0.010526,82.25,ADEQUATE
1800001425,TX,Harris,TX48201,TX48201-RHE,77050,Rheumatology,95,1,0.010526,82.25,ADEQUATE
1800001426,TX,Harris,TX48201,TX48201-RHE,77050,Rheumatology,95,1,0.010526,82.25,ADEQUATE
1800001427,TX,Harris,TX48201,TX48201-RHE,77050,Rheumatology,95,1,0.010526,82.25,ADEQUATE
1800001428,TX,Harris,TX48201,TX48201-RHE,77050,Rheumatology,95,1,0.010526,82.25,ADEQUATE
1800001429,TX,Harris,TX48201,TX48201-RHE,77050,Rheumatology,95,1,0.010526,82.25,ADEQUATE
1800001430,TX,Harris,TX48201,TX48201-RHE,77050,Rheumatology,95,1,0.010526,82.25,ADEQUATE
1800001431,TX,Harris,TX48201,TX48201-RHE,77050,Rheumatology,95,1,0.010526,82.25,ADEQUATE
1800001432,TX,Harris,TX48201,TX48201-RHE,77050,Rheumatology,95,1,0.010526,82.25,ADEQUATE
1800001433,TX,Harris,TX48201,TX48201-RHE,77050,Rheumatology,95,1,0.010526,82.25,ADEQUATE
1800001434,TX,Harris,TX48201,TX48201-RHE,77050,Rheumatology,95,1,0.010526,82.25,ADEQUATE
1800001435,TX,Harris,TX48201,TX48201-RHE,77050,Rheumatology,95,1,0.010526,82.25,ADEQUATE
1800001436,TX,Harris,TX48201,TX48201-RHE,77050,Rheumatology,95,1,0.010526,82.25,ADEQUATE
1800001437,TX,Harris,TX48201,TX48201-RHE,77050,Rheumatology,95,1,0.010526,82.25,ADEQUATE
1800001438,TX,Harris,TX48201,TX48201-RHE,77050,Rheumatology,95,1,0.010526,82.25,ADEQUATE
1800001439,TX,Harris,TX48201,TX48201-RHE,77050,Rheumatology,95,1,0.010526,82.25,ADEQUATE
1800001440,TX,Harris,TX48201,TX48201-RHE,77050,Rheumatology,95,1,0.010526,82.25,ADEQUATE
1800001441,TX,Harris,TX48201,TX48201-RHE,77050,Rheumatology,95,1,0.010526,82.25,ADEQUATE
1800001442,TX,Harris,TX48201,TX48201-RHE,77050,Rheumatology,95,1,0.010526,82.25,ADEQUATE
1800001443,TX,Harris,TX48201,TX48201-RHE,77050,Rheumatology,95,1,0.010526,82.25,ADEQUATE
1800001444,TX,Harris,TX48201,TX48201-RHE,77050,Rheumatology,95,1,0.010526,82.25,ADEQUATE
1800001445,TX,Harris,TX48201,TX48201-RHE,77050,Rheumatology,95,1,0.010526,82.25,ADEQUATE
1800001446,TX,Harris,TX48201,TX48201-RHE,77050,Rheumatology,95,1,0.010526,82.25,ADEQUATE
1800001447,TX,Harris,TX48201,TX48201-RHE,77050,Rheumatology,95,1,0.010526,82.25,ADEQUATE
1800001448,TX,Harris,TX48201,TX48201-RHE,77050,Rheumatology,95,1,0.010526,82.25,ADEQUATE
1800001449,TX,Harris,TX48201,TX48201-RHE,77050,Rheumatology,95,1,0.010526,82.25,ADEQUATE
1800001450,TX,Harris,TX48201,TX48201-RHE,77050,Rheumatology,95,1,0.010526,82.25,ADEQUATE
1800001451,TX,Harris,TX48201,TX48201-RHE,77050,Rheumatology,95,1,0.010526,82.25,ADEQUATE
1800001452,TX,Harris,TX48201,TX48201-RHE,77050,Rheumatology,95,1,0.010526,82.25,ADEQUATE
1800001453,TX,Harris,TX48201,TX48201-RHE,77050,Rheumatology,95,1,0.010526,82.25,ADEQUATE
1800001454,TX,Harris,TX48201,TX48201-RHE,77050,Rheumatology,95,1,0.010526,82.25,ADEQUATE
1800001455,TX,Harris,TX48201,TX48201-RHE,77050,Rheumatology,95,1,0.010526,82.25,ADEQUATE
1800001456,TX,Harris,TX48201,TX48201-RHE,77050,Rheumatology,95,1,0.010526,82.25,ADEQUATE
1800001457,TX,Harris,TX48201,TX48201-RHE,77050,Rheumatology,95,1,0.010526,82.25,ADEQUATE
1800001458,TX,Harris,TX48201,TX48201-RHE,77050,Rheumatology,95,1,0.010526,82.25,ADEQUATE
1800001459,TX,Harris,TX48201,TX48201-RHE,77050,Rheumatology,95,1,0.010526,82.25,ADEQUATE
1800001460,TX,Harris,TX48201,TX48201-RHE,77050,Rheumatology,95,1,0.010526,82.25,ADEQUATE
1800001461,TX,Harris,TX48201,TX48201-RHE,77050,Rheumatology,95,1,0.010526,82.25,ADEQUATE
1800001462,TX,Harris,TX48201,TX48201-RHE,77050,Rheumatology,95,1,0.010526,82.25,ADEQUATE
1800001463,TX,Harris,TX48201,TX48201-RHE,77050,Rheumatology,95,1,0.010526,82.25,ADEQUATE
1800001464,TX,Harris,TX48201,TX48201-RHE,77050,Rheumatology,95,1,0.010526,82.25,ADEQUATE
1800001465,TX,Harris,TX48201,TX48201-RHE,77050,Rheumatology,95,1,0.010526,82.25,ADEQUATE
1800001466,TX,Harris,TX48201,TX48201-RHE,77050,Rheumatology,95,1,0.010526,82.25,ADEQUATE
1800001467,TX,Harris,TX48201,TX48201-RHE,77050,Rheumatology,95,1,0.010526,82.25,ADEQUATE
1800001468,TX,Harris,TX48201,TX48201-RHE,77050,Rheumatology,95,1,0.010526,82.25,ADEQUATE
1800001469,TX,Harris,TX48201,TX48201-RHE,77050,Rheumatology,95,1,0.010526,82.25,ADEQUATE
1800001470,TX,Harris,TX48201,TX48201-RHE,77050,Rheumatology,95,1,0.010526,82.25,ADEQUATE
1800001471,TX,Tarrant,TX48201,TX48439-CAR,76150,Cardiology,45,1,0.022222,59.72,HIGH COVERAGE
1800001472,TX,Tarrant,TX48201,TX48439-CAR,76150,Cardiology,45,1,0.022222,59.72,HIGH COVERAGE
1800001473,TX,Tarrant,TX48201,TX48439-CAR,76150,Cardiology,45,1,0.022222,59.72,HIGH COVERAGE
1800001474,TX,Tarrant,TX48201,TX48439-CAR,76150,Cardiology,45,1,0.022222,59.72,HIGH COVERAGE
1800001475,TX,Tarrant,TX48201,TX48439-CAR,76150,Cardiology,45,1,0.022222,59.72,HIGH COVERAGE
1800001476,TX,Tarrant,TX48201,TX48439-CAR,76150,Cardiology,45,1,0.022222,59.72,HIGH COVERAGE
1800001477,TX,Tarrant,TX48201,TX48439-CAR,76150,Cardiology,45,1,0.022222,59.72,HIGH COVERAGE
1800001478,TX,Tarrant,TX48201,TX48439-CAR,76150,Cardiology,45,1,0.022222,59.72,HIGH COVERAGE
1800001479,TX,Tarrant,TX48201,TX48439-CAR,76150,Cardiology,45,1,0.022222,59.72,HIGH COVERAGE
1800001480,TX,Tarrant,TX48201,TX48439-CAR,76150,Cardiology,45,1,0.022222,59.72,HIGH COVERAGE
1800001481,TX,Tarrant,TX48201,TX48439-CAR,76150,Cardiology,45,1,0.022222,59.72,HIGH COVERAGE
1800001482,TX,Tarrant,TX48201,TX48439-CAR,76150,Cardiology,45,1,0.022222,59.72,HIGH COVERAGE
1800001483,TX,Tarrant,TX48201,TX48439-CAR,76150,Cardiology,45,1,0.022222,59.72,HIGH COVERAGE
1800001484,TX,Tarrant,TX48201,TX48439-CAR,76150,Cardiology,45,1,0.022222,59.72,HIGH COVERAGE
1800001485,TX,Tarrant,TX48201,TX48439-CAR,76150,Cardiology,45,1,0.022222,59.72,HIGH COVERAGE
1800001486,TX,Tarrant,TX48201,TX48439-CAR,76150,Cardiology,45,1,0.022222,59.72,HIGH COVERAGE
1800001487,TX,Tarrant,TX48201,TX48439-CAR,76150,Cardiology,45,1,0.022222,59.72,HIGH COVERAGE
1800001488,TX,Tarrant,TX48201,TX48439-CAR,76150,Cardiology,45,1,0.022222,59.72,HIGH COVERAGE
1800001489,TX,Tarrant,TX48201,TX48439-CAR,76150,Cardiology,45,1,0.022222,59.72,HIGH COVERAGE
1800001490,TX,Tarrant,TX48201,TX48439-CAR,76150,Cardiology,45,1,0.022222,59.72,HIGH COVERAGE
1800001491,TX,Tarrant,TX48201,TX48439-CAR,76150,Cardiology,45,1,0.022222,59.72,HIGH COVERAGE
1800001492,TX,Tarrant,TX48201,TX48439-CAR,76150,Cardiology,45,1,0.022222,59.72,HIGH COVERAGE
1800001493,TX,Tarrant,TX48201,TX48439-CAR,76150,Cardiology,45,1,0.022222,59.72,HIGH COVERAGE
1800001494,TX,Tarrant,TX48201,TX48439-CAR,76150,Cardiology,45,1,0.022222,59.72,HIGH COVERAGE
1800001495,TX,Tarrant,TX48201,TX48439-CAR,76150,Cardiology,45,1,0.022222,59.72,HIGH COVERAGE
1800001496,TX,Tarrant,TX48201,TX48439-CAR,76150,Cardiology,45,1,0.022222,59.72,HIGH COVERAGE
1800001497,TX,Tarrant,TX48201,TX48439-CAR,76150,Cardiology,45,1,0.022222,59.72,HIGH COVERAGE
1800001498,TX,Tarrant,TX48201,TX48439-CAR,76150,Cardiology,45,1,0.022222,59.72,HIGH COVERAGE
1800001499,TX,Tarrant,TX48201,TX48439-CAR,76150,Cardiology,45,1,0.022222,59.72,HIGH COVERAGE
1800001500,TX,Tarrant,TX48201,TX48439-CAR,76150,Cardiology,45,1,0.022222,59.72,HIGH COVERAGE
1800001501,TX,Tarrant,TX48201,TX48439-CAR,76150,Cardiology,45,1,0.022222,59.72,HIGH COVERAGE
1800001502,TX,Tarrant,TX48201,TX48439-CAR,76150,Cardiology,45,1,0.022222,59.72,HIGH COVERAGE
1800001503,TX,Tarrant,TX48201,TX48439-CAR,76150,Cardiology,45,1,0.022222,59.72,HIGH COVERAGE
1800001504,TX,Tarrant,TX48201,TX48439-CAR,76150,Cardiology,45,1,0.022222,59.72,HIGH COVERAGE
1800001505,TX,Tarrant,TX48201,TX48439-CAR,76150,Cardiology,45,1,0.022222,59.72,HIGH COVERAGE
1800001506,TX,Tarrant,TX48201,TX48439-CAR,76150,Cardiology,45,1,0.022222,59.72,HIGH COVERAGE
1800001507,TX,Tarrant,TX48201,TX48439-CAR,76150,Cardiology,45,1,0.022222,59.72,HIGH COVERAGE
1800001508,TX,Tarrant,TX48201,TX48439-CAR,76150,Cardiology,45,1,0.022222,59.72,HIGH COVERAGE
1800001509,TX,Tarrant,TX48201,TX48439-CAR,76150,Cardiology,45,1,0.022222,59.72,HIGH COVERAGE
1800001510,TX,Tarrant,TX48201,TX48439-CAR,76150,Cardiology,45,1,0.022222,59.72,HIGH COVERAGE
1800001511,TX,Tarrant,TX48201,TX48439-CAR,76150,Cardiology,45,1,0.022222,59.72,HIGH COVERAGE
1800001512,TX,Tarrant,TX48201,TX48439-CAR,76150,Cardiology,45,1,0.022222,59.72,HIGH COVERAGE
1800001513,TX,Tarrant,TX48201,TX48439-CAR,76150,Cardiology,45,1,0.022222,59.72,HIGH COVERAGE
1800001514,TX,Tarrant,TX48201,TX48439-CAR,76150,Cardiology,45,1,0.022222,59.72,HIGH COVERAGE
1800001515,TX,Tarrant,TX48201,TX48439-CAR,76150,Cardiology,45,1,0.022222,59.72,HIGH COVERAGE
1800001516,TX,Tarrant,TX48201,TX48439-END,76150,Endocrinology,43,1,0.023256,55.32,HIGH COVERAGE
1800001517,TX,Tarrant,TX48201,TX48439-END,76150,Endocrinology,43,1,0.023256,55.32,HIGH COVERAGE
1800001518,TX,Tarrant,TX48201,TX48439-END,76150,Endocrinology,43,1,0.023256,55.32,HIGH COVERAGE
1800001519,TX,Tarrant,TX48201,TX48439-END,76150,Endocrinology,43,1,0.023256,55.32,HIGH COVERAGE
1800001520,TX,Tarrant,TX48201,TX48439-END,76150,Endocrinology,43,1,0.023256,55.32,HIGH COVERAGE
1800001521,TX,Tarrant,TX48201,TX48439-END,76150,Endocrinology,43,1,0.023256,55.32,HIGH COVERAGE
1800001522,TX,Tarrant,TX48201,TX48439-END,76150,Endocrinology,43,1,0.023256,55.32,HIGH COVERAGE
1800001523,TX,Tarrant,TX48201,TX48439-END,76150,Endocrinology,43,1,0.023256,55.32,HIGH COVERAGE
1800001524,TX,Tarrant,TX48201,TX48439-END,76150,Endocrinology,43,1,0.023256,55.32,HIGH COVERAGE
1800001525,TX,Tarrant,TX48201,TX48439-END,76150,Endocrinology,43,1,0.023256,55.32,HIGH COVERAGE
1800001526,TX,Tarrant,TX48201,TX48439-END,76150,Endocrinology,43,1,0.023256,55.32,HIGH COVERAGE
1800001527,TX,Tarrant,TX48201,TX48439-END,76150,Endocrinology,43,1,0.023256,55.32,HIGH COVERAGE
1800001528,TX,Tarrant,TX48201,TX48439-END,76150,Endocrinology,43,1,0.023256,55.32,HIGH COVERAGE
1800001529,TX,Tarrant,TX48201,TX48439-END,76150,Endocrinology,43,1,0.023256,55.32,HIGH COVERAGE
1800001530,TX,Tarrant,TX48201,TX48439-END,76150,Endocrinology,43,1,0.023256,55.32,HIGH COVERAGE
1800001531,TX,Tarrant,TX48201,TX48439-END,76150,Endocrinology,43,1,0.023256,55.32,HIGH COVERAGE
1800001532,TX,Tarrant,TX48201,TX48439-END,76150,Endocrinology,43,1,0.023256,55.32,HIGH COVERAGE
1800001533,TX,Tarrant,TX48201,TX48439-END,76150,Endocrinology,43,1,0.023256,55.32,HIGH COVERAGE
1800001534,TX,Tarrant,TX48201,TX48439-END,76150,Endocrinology,43,1,0.023256,55.32,HIGH COVERAGE
1800001535,TX,Tarrant,TX48201,TX48439-END,76150,Endocrinology,43,1,0.023256,55.32,HIGH COVERAGE
1800001536,TX,Tarrant,TX48201,TX48439-END,76150,Endocrinology,43,1,0.023256,55.32,HIGH COVERAGE
1800001537,TX,Tarrant,TX48201,TX48439-END,76150,Endocrinology,43,1,0.023256,55.32,HIGH COVERAGE
1800001538,TX,Tarrant,TX48201,TX48439-END,76150,Endocrinology,43,1,0.023256,55.32,HIGH COVERAGE
1800001539,TX,Tarrant,TX48201,TX48439-END,76150,Endocrinology,43,1,0.023256,55.32,HIGH COVERAGE
1800001540,TX,Tarrant,TX48201,TX48439-END,76150,Endocrinology,43,1,0.023256,55.32,HIGH COVERAGE
1800001541,TX,Tarrant,TX48201,TX48439-END,76150,Endocrinology,43,1,0.023256,55.32,HIGH COVERAGE
1800001542,TX,Tarrant,TX48201,TX48439-END,76150,Endocrinology,43,1,0.023256,55.32,HIGH COVERAGE
1800001543,TX,Tarrant,TX48201,TX48439-END,76150,Endocrinology,43,1,0.023256,55.32,HIGH COVERAGE
1800001544,TX,Tarrant,TX48201,TX48439-END,76150,Endocrinology,43,1,0.023256,55.32,HIGH COVERAGE
1800001545,TX,Tarrant,TX48201,TX48439-END,76150,Endocrinology,43,1,0.023256,55.32,HIGH COVERAGE
1800001546,TX,Tarrant,TX48201,TX48439-END,76150,Endocrinology,43,1,0.023256,55.32,HIGH COVERAGE
1800001547,TX,Tarrant,TX48201,TX48439-END,76150,Endocrinology,43,1,0.023256,55.32,HIGH COVERAGE
1800001548,TX,Tarrant,TX48201,TX48439-END,76150,Endocrinology,43,1,0.023256,55.32,HIGH COVERAGE
1800001549,TX,Tarrant,TX48201,TX48439-END,76150,Endocrinology,43,1,0.023256,55.32,HIGH COVERAGE
1800001550,TX,Tarrant,TX48201,TX48439-END,76150,Endocrinology,43,1,0.023256,55.32,HIGH COVERAGE
1800001551,TX,Tarrant,TX48201,TX48439-END,76150,Endocrinology,43,1,0.023256,55.32,HIGH COVERAGE
1800001552,TX,Tarrant,TX48201,TX48439-END,76150,Endocrinology,43,1,0.023256,55.32,HIGH COVERAGE
1800001553,TX,Tarrant,TX48201,TX48439-END,76150,Endocrinology,43,1,0.023256,55.32,HIGH COVERAGE
1800001554,TX,Tarrant,TX48201,TX48439-END,76150,Endocrinology,43,1,0.023256,55.32,HIGH COVERAGE
1800001555,TX,Tarrant,TX48201,TX48439-END,76150,Endocrinology,43,1,0.023256,55.32,HIGH COVERAGE
1800001556,TX,Tarrant,TX48201,TX48439-END,76150,Endocrinology,43,1,0.023256,55.32,HIGH COVERAGE
1800001557,TX,Tarrant,TX48201,TX48439-END,76150,Endocrinology,43,1,0.023256,55.32,HIGH COVERAGE
1800001558,TX,Tarrant,TX48201,TX48439-END,76150,Endocrinology,43,1,0.023256,55.32,HIGH COVERAGE
1800001559,TX,Tarrant,TX48201,TX48439-PSY,76150,Psychiatry,36,1,0.027778,43.22,HIGH COVERAGE
1800001560,TX,Tarrant,TX48201,TX48439-PSY,76150,Psychiatry,36,1,0.027778,43.22,HIGH COVERAGE
1800001561,TX,Tarrant,TX48201,TX48439-PSY,76150,Psychiatry,36,1,0.027778,43.22,HIGH COVERAGE
1800001562,TX,Tarrant,TX48201,TX48439-PSY,76150,Psychiatry,36,1,0.027778,43.22,HIGH COVERAGE
1800001563,TX,Tarrant,TX48201,TX48439-PSY,76150,Psychiatry,36,1,0.027778,43.22,HIGH COVERAGE
1800001564,TX,Tarrant,TX48201,TX48439-PSY,76150,Psychiatry,36,1,0.027778,43.22,HIGH COVERAGE
1800001565,TX,Tarrant,TX48201,TX48439-PSY,76150,Psychiatry,36,1,0.027778,43.22,HIGH COVERAGE
1800001566,TX,Tarrant,TX48201,TX48439-PSY,76150,Psychiatry,36,1,0.027778,43.22,HIGH COVERAGE
1800001567,TX,Tarrant,TX48201,TX48439-PSY,76150,Psychiatry,36,1,0.027778,43.22,HIGH COVERAGE
1800001568,TX,Tarrant,TX48201,TX48439-PSY,76150,Psychiatry,36,1,0.027778,43.22,HIGH COVERAGE
1800001569,TX,Tarrant,TX48201,TX48439-PSY,76150,Psychiatry,36,1,0.027778,43.22,HIGH COVERAGE
1800001570,TX,Tarrant,TX48201,TX48439-PSY,76150,Psychiatry,36,1,0.027778,43.22,HIGH COVERAGE
1800001571,TX,Tarrant,TX48201,TX48439-PSY,76150,Psychiatry,36,1,0.027778,43.22,HIGH COVERAGE
1800001572,TX,Tarrant,TX48201,TX48439-PSY,76150,Psychiatry,36,1,0.027778,43.22,HIGH COVERAGE
1800001573,TX,Tarrant,TX48201,TX48439-PSY,76150,Psychiatry,36,1,0.027778,43.22,HIGH COVERAGE
1800001574,TX,Tarrant,TX48201,TX48439-PSY,76150,Psychiatry,36,1,0.027778,43.22,HIGH COVERAGE
1800001575,TX,Tarrant,TX48201,TX48439-PSY,76150,Psychiatry,36,1,0.027778,43.22,HIGH COVERAGE
1800001576,TX,Tarrant,TX48201,TX48439-PSY,76150,Psychiatry,36,1,0.027778,43.22,HIGH COVERAGE
1800001577,TX,Tarrant,TX48201,TX48439-PSY,76150,Psychiatry,36,1,0.027778,43.22,HIGH COVERAGE
1800001578,TX,Tarrant,TX48201,TX48439-PSY,76150,Psychiatry,36,1,0.027778,43.22,HIGH COVERAGE
1800001579,TX,Tarrant,TX48201,TX48439-PSY,76150,Psychiatry,36,1,0.027778,43.22,HIGH COVERAGE
1800001580,TX,Tarrant,TX48201,TX48439-PSY,76150,Psychiatry,36,1,0.027778,43.22,HIGH COVERAGE
1800001581,TX,Tarrant,TX48201,TX48439-PSY,76150,Psychiatry,36,1,0.027778,43.22,HIGH COVERAGE
1800001582,TX,Tarrant,TX48201,TX48439-PSY,76150,Psychiatry,36,1,0.027778,43.22,HIGH COVERAGE
1800001583,TX,Tarrant,TX48201,TX48439-PSY,76150,Psychiatry,36,1,0.027778,43.22,HIGH COVERAGE
1800001584,TX,Tarrant,TX48201,TX48439-PSY,76150,Psychiatry,36,1,0.027778,43.22,HIGH COVERAGE
1800001585,TX,Tarrant,TX48201,TX48439-PSY,76150,Psychiatry,36,1,0.027778,43.22,HIGH COVERAGE
1800001586,TX,Tarrant,TX48201,TX48439-PSY,76150,Psychiatry,36,1,0.027778,43.22,HIGH COVERAGE
1800001587,TX,Tarrant,TX48201,TX48439-PSY,76150,Psychiatry,36,1,0.027778,43.22,HIGH COVERAGE
1800001588,TX,Tarrant,TX48201,TX48439-PSY,76150,Psychiatry,36,1,0.027778,43.22,HIGH COVERAGE
1800001589,TX,Tarrant,TX48201,TX48439-PSY,76150,Psychiatry,36,1,0.027778,43.22,HIGH COVERAGE
1800001590,TX,Tarrant,TX48201,TX48439-PSY,76150,Psychiatry,36,1,0.027778,43.22,HIGH COVERAGE
1800001591,TX,Tarrant,TX48201,TX48439-PSY,76150,Psychiatry,36,1,0.027778,43.22,HIGH COVERAGE
1800001592,TX,Tarrant,TX48201,TX48439-PSY,76150,Psychiatry,36,1,0.027778,43.22,HIGH COVERAGE
1800001593,TX,Tarrant,TX48201,TX48439-PSY,76150,Psychiatry,36,1,0.027778,43.22,HIGH COVERAGE
1800001594,TX,Tarrant,TX48201,TX48439-PSY,76150,Psychiatry,36,1,0.027778,43.22,HIGH COVERAGE
1800001595,TX,Tarrant,TX48201,TX48439-PUL,76150,Pulmonary,42,1,0.02381,52.12,HIGH COVERAGE
1800001596,TX,Tarrant,TX48201,TX48439-PUL,76150,Pulmonary,42,1,0.02381,52.12,HIGH COVERAGE
1800001597,TX,Tarrant,TX48201,TX48439-PUL,76150,Pulmonary,42,1,0.02381,52.12,HIGH COVERAGE
1800001598,TX,Tarrant,TX48201,TX48439-PUL,76150,Pulmonary,42,1,0.02381,52.12,HIGH COVERAGE
1800001599,TX,Tarrant,TX48201,TX48439-PUL,76150,Pulmonary,42,1,0.02381,52.12,HIGH COVERAGE
1800001600,TX,Tarrant,TX48201,TX48439-PUL,76150,Pulmonary,42,1,0.02381,52.12,HIGH COVERAGE
1800001601,TX,Tarrant,TX48201,TX48439-PUL,76150,Pulmonary,42,1,0.02381,52.12,HIGH COVERAGE
1800001602,TX,Tarrant,TX48201,TX48439-PUL,76150,Pulmonary,42,1,0.02381,52.12,HIGH COVERAGE
1800001603,TX,Tarrant,TX48201,TX48439-PUL,76150,Pulmonary,42,1,0.02381,52.12,HIGH COVERAGE
1800001604,TX,Tarrant,TX48201,TX48439-PUL,76150,Pulmonary,42,1,0.02381,52.12,HIGH COVERAGE
1800001605,TX,Tarrant,TX48201,TX48439-PUL,76150,Pulmonary,42,1,0.02381,52.12,HIGH COVERAGE
1800001606,TX,Tarrant,TX48201,TX48439-PUL,76150,Pulmonary,42,1,0.02381,52.12,HIGH COVERAGE
1800001607,TX,Tarrant,TX48201,TX48439-PUL,76150,Pulmonary,42,1,0.02381,52.12,HIGH COVERAGE
1800001608,TX,Tarrant,TX48201,TX48439-PUL,76150,Pulmonary,42,1,0.02381,52.12,HIGH COVERAGE
1800001609,TX,Tarrant,TX48201,TX48439-PUL,76150,Pulmonary,42,1,0.02381,52.12,HIGH COVERAGE
1800001610,TX,Tarrant,TX48201,TX48439-PUL,76150,Pulmonary,42,1,0.02381,52.12,HIGH COVERAGE
1800001611,TX,Tarrant,TX48201,TX48439-PUL,76150,Pulmonary,42,1,0.02381,52.12,HIGH COVERAGE
1800001612,TX,Tarrant,TX48201,TX48439-PUL,76150,Pulmonary,42,1,0.02381,52.12,HIGH COVERAGE
1800001613,TX,Tarrant,TX48201,TX48439-PUL,76150,Pulmonary,42,1,0.02381,52.12,HIGH COVERAGE
1800001614,TX,Tarrant,TX48201,TX48439-PUL,76150,Pulmonary,42,1,0.02381,52.12,HIGH COVERAGE
1800001615,TX,Tarrant,TX48201,TX48439-PUL,76150,Pulmonary,42,1,0.02381,52.12,HIGH COVERAGE
1800001616,TX,Tarrant,TX48201,TX48439-PUL,76150,Pulmonary,42,1,0.02381,52.12,HIGH COVERAGE
1800001617,TX,Tarrant,TX48201,TX48439-PUL,76150,Pulmonary,42,1,0.02381,52.12,HIGH COVERAGE
1800001618,TX,Tarrant,TX48201,TX48439-PUL,76150,Pulmonary,42,1,0.02381,52.12,HIGH COVERAGE
1800001619,TX,Tarrant,TX48201,TX48439-PUL,76150,Pulmonary,42,1,0.02381,52.12,HIGH COVERAGE
1800001620,TX,Tarrant,TX48201,TX48439-PUL,76150,Pulmonary,42,1,0.02381,52.12,HIGH COVERAGE
1800001621,TX,Tarrant,TX48201,TX48439-PUL,76150,Pulmonary,42,1,0.02381,52.12,HIGH COVERAGE
1800001622,TX,Tarrant,TX48201,TX48439-PUL,76150,Pulmonary,42,1,0.02381,52.12,HIGH COVERAGE
1800001623,TX,Tarrant,TX48201,TX48439-PUL,76150,Pulmonary,42,1,0.02381,52.12,HIGH COVERAGE
1800001624,TX,Tarrant,TX48201,TX48439-PUL,76150,Pulmonary,42,1,0.02381,52.12,HIGH COVERAGE
1800001625,TX,Tarrant,TX48201,TX48439-PUL,76150,Pulmonary,42,1,0.02381,52.12,HIGH COVERAGE
1800001626,TX,Tarrant,TX48201,TX48439-PUL,76150,Pulmonary,42,1,0.02381,52.12,HIGH COVERAGE
1800001627,TX,Tarrant,TX48201,TX48439-PUL,76150,Pulmonary,42,1,0.02381,52.12,HIGH COVERAGE
1800001628,TX,Tarrant,TX48201,TX48439-PUL,76150,Pulmonary,42,1,0.02381,52.12,HIGH COVERAGE
1800001629,TX,Tarrant,TX48201,TX48439-PUL,76150,Pulmonary,42,1,0.02381,52.12,HIGH COVERAGE
1800001630,TX,Tarrant,TX48201,TX48439-PUL,76150,Pulmonary,42,1,0.02381,52.12,HIGH COVERAGE
1800001631,TX,Tarrant,TX48201,TX48439-PUL,76150,Pulmonary,42,1,0.02381,52.12,HIGH COVERAGE
1800001632,TX,Tarrant,TX48201,TX48439-PUL,76150,Pulmonary,42,1,0.02381,52.12,HIGH COVERAGE
1800001633,TX,Tarrant,TX48201,TX48439-PUL,76150,Pulmonary,42,1,0.02381,52.12,HIGH COVERAGE
1800001634,TX,Tarrant,TX48201,TX48439-PUL,76150,Pulmonary,42,1,0.02381,52.12,HIGH COVERAGE
1800001635,TX,Tarrant,TX48201,TX48439-PUL,76150,Pulmonary,42,1,0.02381,52.12,HIGH COVERAGE
1800001636,TX,Tarrant,TX48201,TX48439-PUL,76150,Pulmonary,42,1,0.02381,52.12,HIGH COVERAGE
1800001637,TX,Tarrant,TX48201,TX48439-RHE,76150,Rheumatology,40,1,0.025,47.02,HIGH COVERAGE
1800001638,TX,Tarrant,TX48201,TX48439-RHE,76150,Rheumatology,40,1,0.025,47.02,HIGH COVERAGE
1800001639,TX,Tarrant,TX48201,TX48439-RHE,76150,Rheumatology,40,1,0.025,47.02,HIGH COVERAGE
1800001640,TX,Tarrant,TX48201,TX48439-RHE,76150,Rheumatology,40,1,0.025,47.02,HIGH COVERAGE
1800001641,TX,Tarrant,TX48201,TX48439-RHE,76150,Rheumatology,40,1,0.025,47.02,HIGH COVERAGE
1800001642,TX,Tarrant,TX48201,TX48439-RHE,76150,Rheumatology,40,1,0.025,47.02,HIGH COVERAGE
1800001643,TX,Tarrant,TX48201,TX48439-RHE,76150,Rheumatology,40,1,0.025,47.02,HIGH COVERAGE
1800001644,TX,Tarrant,TX48201,TX48439-RHE,76150,Rheumatology,40,1,0.025,47.02,HIGH COVERAGE
1800001645,TX,Tarrant,TX48201,TX48439-RHE,76150,Rheumatology,40,1,0.025,47.02,HIGH COVERAGE
1800001646,TX,Tarrant,TX48201,TX48439-RHE,76150,Rheumatology,40,1,0.025,47.02,HIGH COVERAGE
1800001647,TX,Tarrant,TX48201,TX48439-RHE,76150,Rheumatology,40,1,0.025,47.02,HIGH COVERAGE
1800001648,TX,Tarrant,TX48201,TX48439-RHE,76150,Rheumatology,40,1,0.025,47.02,HIGH COVERAGE
1800001649,TX,Tarrant,TX48201,TX48439-RHE,76150,Rheumatology,40,1,0.025,47.02,HIGH COVERAGE
1800001650,TX,Tarrant,TX48201,TX48439-RHE,76150,Rheumatology,40,1,0.025,47.02,HIGH COVERAGE
1800001651,TX,Tarrant,TX48201,TX48439-RHE,76150,Rheumatology,40,1,0.025,47.02,HIGH COVERAGE
1800001652,TX,Tarrant,TX48201,TX48439-RHE,76150,Rheumatology,40,1,0.025,47.02,HIGH COVERAGE
1800001653,TX,Tarrant,TX48201,TX48439-RHE,76150,Rheumatology,40,1,0.025,47.02,HIGH COVERAGE
1800001654,TX,Tarrant,TX48201,TX48439-RHE,76150,Rheumatology,40,1,0.025,47.02,HIGH COVERAGE
1800001655,TX,Tarrant,TX48201,TX48439-RHE,76150,Rheumatology,40,1,0.025,47.02,HIGH COVERAGE
1800001656,TX,Tarrant,TX48201,TX48439-RHE,76150,Rheumatology,40,1,0.025,47.02,HIGH COVERAGE
1800001657,TX,Tarrant,TX48201,TX48439-RHE,76150,Rheumatology,40,1,0.025,47.02,HIGH COVERAGE
1800001658,TX,Tarrant,TX48201,TX48439-RHE,76150,Rheumatology,40,1,0.025,47.02,HIGH COVERAGE
1800001659,TX,Tarrant,TX48201,TX48439-RHE,76150,Rheumatology,40,1,0.025,47.02,HIGH COVERAGE
1800001660,TX,Tarrant,TX48201,TX48439-RHE,76150,Rheumatology,40,1,0.025,47.02,HIGH COVERAGE
1800001661,TX,Tarrant,TX48201,TX48439-RHE,76150,Rheumatology,40,1,0.025,47.02,HIGH COVERAGE
1800001662,TX,Tarrant,TX48201,TX48439-RHE,76150,Rheumatology,40,1,0.025,47.02,HIGH COVERAGE
1800001663,TX,Tarrant,TX48201,TX48439-RHE,76150,Rheumatology,40,1,0.025,47.02,HIGH COVERAGE
1800001664,TX,Tarrant,TX48201,TX48439-RHE,76150,Rheumatology,40,1,0.025,47.02,HIGH COVERAGE
1800001665,TX,Tarrant,TX48201,TX48439-RHE,76150,Rheumatology,40,1,0.025,47.02,HIGH COVERAGE
1800001666,TX,Tarrant,TX48201,TX48439-RHE,76150,Rheumatology,40,1,0.025,47.02,HIGH COVERAGE
1800001667,TX,Tarrant,TX48201,TX48439-RHE,76150,Rheumatology,40,1,0.025,47.02,HIGH COVERAGE
1800001668,TX,Tarrant,TX48201,TX48439-RHE,76150,Rheumatology,40,1,0.025,47.02,HIGH COVERAGE
1800001669,TX,Tarrant,TX48201,TX48439-RHE,76150,Rheumatology,40,1,0.025,47.02,HIGH COVERAGE
1800001670,TX,Tarrant,TX48201,TX48439-RHE,76150,Rheumatology,40,1,0.025,47.02,HIGH COVERAGE
1800001671,TX,Tarrant,TX48201,TX48439-RHE,76150,Rheumatology,40,1,0.025,47.02,HIGH COVERAGE
1800001672,TX,Tarrant,TX48201,TX48439-RHE,76150,Rheumatology,40,1,0.025,47.02,HIGH COVERAGE
1800001673,TX,Tarrant,TX48201,TX48439-RHE,76150,Rheumatology,40,1,0.025,47.02,HIGH COVERAGE
1800001674,TX,Tarrant,TX48201,TX48439-RHE,76150,Rheumatology,40,1,0.025,47.02,HIGH COVERAGE
1800001675,TX,Tarrant,TX48201,TX48439-RHE,76150,Rheumatology,40,1,0.025,47.02,HIGH COVERAGE
1800001676,TX,Tarrant,TX48201,TX48439-RHE,76150,Rheumatology,40,1,0.025,47.02,HIGH COVERAGE
1800001677,NC,Cumberland,NC37001,NC37051-CAR,28350,Cardiology,6,1,0.166667,2.43,CRITICAL COVERAGE
1800001678,NC,Cumberland,NC37001,NC37051-CAR,28350,Cardiology,6,1,0.166667,2.43,CRITICAL COVERAGE
1800001679,NC,Cumberland,NC37001,NC37051-CAR,28350,Cardiology,6,1,0.166667,2.43,CRITICAL COVERAGE
1800001680,NC,Cumberland,NC37001,NC37051-CAR,28350,Cardiology,6,1,0.166667,2.43,CRITICAL COVERAGE
1800001681,NC,Cumberland,NC37001,NC37051-CAR,28350,Cardiology,6,1,0.166667,2.43,CRITICAL COVERAGE
1800001682,NC,Cumberland,NC37001,NC37051-CAR,28350,Cardiology,6,1,0.166667,2.43,CRITICAL COVERAGE
1800001683,NC,Cumberland,NC37001,NC37051-END,28350,Endocrinology,6,1,0.166667,2.43,CRITICAL COVERAGE
1800001684,NC,Cumberland,NC37001,NC37051-END,28350,Endocrinology,6,1,0.166667,2.43,CRITICAL COVERAGE
1800001685,NC,Cumberland,NC37001,NC37051-END,28350,Endocrinology,6,1,0.166667,2.43,CRITICAL COVERAGE
1800001686,NC,Cumberland,NC37001,NC37051-END,28350,Endocrinology,6,1,0.166667,2.43,CRITICAL COVERAGE
1800001687,NC,Cumberland,NC37001,NC37051-END,28350,Endocrinology,6,1,0.166667,2.43,CRITICAL COVERAGE
1800001688,NC,Cumberland,NC37001,NC37051-END,28350,Endocrinology,6,1,0.166667,2.43,CRITICAL COVERAGE
1800001689,NC,Cumberland,NC37001,NC37051-PSY,28350,Psychiatry,5,1,0.2,1.0,CRITICAL COVERAGE
1800001690,NC,Cumberland,NC37001,NC37051-PSY,28350,Psychiatry,5,1,0.2,1.0,CRITICAL COVERAGE
1800001691,NC,Cumberland,NC37001,NC37051-PSY,28350,Psychiatry,5,1,0.2,1.0,CRITICAL COVERAGE
1800001692,NC,Cumberland,NC37001,NC37051-PSY,28350,Psychiatry,5,1,0.2,1.0,CRITICAL COVERAGE
1800001693,NC,Cumberland,NC37001,NC37051-PSY,28350,Psychiatry,5,1,0.2,1.0,CRITICAL COVERAGE
1800001694,NC,Cumberland,NC37001,NC37051-PUL,28350,Pulmonary,6,1,0.166667,2.43,CRITICAL COVERAGE
1800001695,NC,Cumberland,NC37001,NC37051-PUL,28350,Pulmonary,6,1,0.166667,2.43,CRITICAL COVERAGE
1800001696,NC,Cumberland,NC37001,NC37051-PUL,28350,Pulmonary,6,1,0.166667,2.43,CRITICAL COVERAGE
1800001697,NC,Cumberland,NC37001,NC37051-PUL,28350,Pulmonary,6,1,0.166667,2.43,CRITICAL COVERAGE
1800001698,NC,Cumberland,NC37001,NC37051-PUL,28350,Pulmonary,6,1,0.166667,2.43,CRITICAL COVERAGE
1800001699,NC,Cumberland,NC37001,NC37051-PUL,28350,Pulmonary,6,1,0.166667,2.43,CRITICAL COVERAGE
1800001700,NC,Cumberland,NC37001,NC37051-RHE,28350,Rheumatology,6,1,0.166667,2.43,CRITICAL COVERAGE
1800001701,NC,Cumberland,NC37001,NC37051-RHE,28350,Rheumatology,6,1,0.166667,2.43,CRITICAL COVERAGE
1800001702,NC,Cumberland,NC37001,NC37051-RHE,28350,Rheumatology,6,1,0.166667,2.43,CRITICAL COVERAGE
1800001703,NC,Cumberland,NC37001,NC37051-RHE,28350,Rheumatology,6,1,0.166667,2.43,CRITICAL COVERAGE
1800001704,NC,Cumberland,NC37001,NC37051-RHE,28350,Rheumatology,6,1,0.166667,2.43,CRITICAL COVERAGE
1800001705,NC,Cumberland,NC37001,NC37051-RHE,28350,Rheumatology,6,1,0.166667,2.43,CRITICAL COVERAGE
1800001706,NC,Forsyth,NC37001,NC37067-CAR,27150,Cardiology,7,1,0.142857,4.7,CRITICAL COVERAGE
1800001707,NC,Forsyth,NC37001,NC37067-CAR,27150,Cardiology,7,1,0.142857,4.7,CRITICAL COVERAGE
1800001708,NC,Forsyth,NC37001,NC37067-CAR,27150,Cardiology,7,1,0.142857,4.7,CRITICAL COVERAGE
1800001709,NC,Forsyth,NC37001,NC37067-CAR,27150,Cardiology,7,1,0.142857,4.7,CRITICAL COVERAGE
1800001710,NC,Forsyth,NC37001,NC37067-CAR,27150,Cardiology,7,1,0.142857,4.7,CRITICAL COVERAGE
1800001711,NC,Forsyth,NC37001,NC37067-CAR,27150,Cardiology,7,1,0.142857,4.7,CRITICAL COVERAGE
1800001712,NC,Forsyth,NC37001,NC37067-CAR,27150,Cardiology,7,1,0.142857,4.7,CRITICAL COVERAGE
1800001713,NC,Forsyth,NC37001,NC37067-END,27150,Endocrinology,7,1,0.142857,4.7,CRITICAL COVERAGE
1800001714,NC,Forsyth,NC37001,NC37067-END,27150,Endocrinology,7,1,0.142857,4.7,CRITICAL COVERAGE
1800001715,NC,Forsyth,NC37001,NC37067-END,27150,Endocrinology,7,1,0.142857,4.7,CRITICAL COVERAGE
1800001716,NC,Forsyth,NC37001,NC37067-END,27150,Endocrinology,7,1,0.142857,4.7,CRITICAL COVERAGE
1800001717,NC,Forsyth,NC37001,NC37067-END,27150,Endocrinology,7,1,0.142857,4.7,CRITICAL COVERAGE
1800001718,NC,Forsyth,NC37001,NC37067-END,27150,Endocrinology,7,1,0.142857,4.7,CRITICAL COVERAGE
1800001719,NC,Forsyth,NC37001,NC37067-END,27150,Endocrinology,7,1,0.142857,4.7,CRITICAL COVERAGE
1800001720,NC,Forsyth,NC37001,NC37067-PSY,27150,Psychiatry,6,1,0.166667,2.43,CRITICAL COVERAGE
1800001721,NC,Forsyth,NC37001,NC37067-PSY,27150,Psychiatry,6,1,0.166667,2.43,CRITICAL COVERAGE
1800001722,NC,Forsyth,NC37001,NC37067-PSY,27150,Psychiatry,6,1,0.166667,2.43,CRITICAL COVERAGE
1800001723,NC,Forsyth,NC37001,NC37067-PSY,27150,Psychiatry,6,1,0.166667,2.43,CRITICAL COVERAGE
1800001724,NC,Forsyth,NC37001,NC37067-PSY,27150,Psychiatry,6,1,0.166667,2.43,CRITICAL COVERAGE
1800001725,NC,Forsyth,NC37001,NC37067-PSY,27150,Psychiatry,6,1,0.166667,2.43,CRITICAL COVERAGE
1800001726,NC,Forsyth,NC37001,NC37067-PUL,27150,Pulmonary,7,1,0.142857,4.7,CRITICAL COVERAGE
1800001727,NC,Forsyth,NC37001,NC37067-PUL,27150,Pulmonary,7,1,0.142857,4.7,CRITICAL COVERAGE
1800001728,NC,Forsyth,NC37001,NC37067-PUL,27150,Pulmonary,7,1,0.142857,4.7,CRITICAL COVERAGE
1800001729,NC,Forsyth,NC37001,NC37067-PUL,27150,Pulmonary,7,1,0.142857,4.7,CRITICAL COVERAGE
1800001730,NC,Forsyth,NC37001,NC37067-PUL,27150,Pulmonary,7,1,0.142857,4.7,CRITICAL COVERAGE
1800001731,NC,Forsyth,NC37001,NC37067-PUL,27150,Pulmonary,7,1,0.142857,4.7,CRITICAL COVERAGE
1800001732,NC,Forsyth,NC37001,NC37067-PUL,27150,Pulmonary,7,1,0.142857,4.7,CRITICAL COVERAGE
1800001733,NC,Forsyth,NC37001,NC37067-RHE,27150,Rheumatology,7,1,0.142857,4.7,CRITICAL COVERAGE
1800001734,NC,Forsyth,NC37001,NC37067-RHE,27150,Rheumatology,7,1,0.142857,4.7,CRITICAL COVERAGE
1800001735,NC,Forsyth,NC37001,NC37067-RHE,27150,Rheumatology,7,1,0.142857,4.7,CRITICAL COVERAGE
1800001736,NC,Forsyth,NC37001,NC37067-RHE,27150,Rheumatology,7,1,0.142857,4.7,CRITICAL COVERAGE
1800001737,NC,Forsyth,NC37001,NC37067-RHE,27150,Rheumatology,7,1,0.142857,4.7,CRITICAL COVERAGE
1800001738,NC,Forsyth,NC37001,NC37067-RHE,27150,Rheumatology,7,1,0.142857,4.7,CRITICAL COVERAGE
1800001739,NC,Forsyth,NC37001,NC37067-RHE,27150,Rheumatology,7,1,0.142857,4.7,CRITICAL COVERAGE
1800001740,NC,Guilford,NC37001,NC37081-CAR,27450,Cardiology,11,1,0.090909,8.05,CRITICAL COVERAGE
1800001741,NC,Guilford,NC37001,NC37081-CAR,27450,Cardiology,11,1,0.090909,8.05,CRITICAL COVERAGE
1800001742,NC,Guilford,NC37001,NC37081-CAR,27450,Cardiology,11,1,0.090909,8.05,CRITICAL COVERAGE
1800001743,NC,Guilford,NC37001,NC37081-CAR,27450,Cardiology,11,1,0.090909,8.05,CRITICAL COVERAGE
1800001744,NC,Guilford,NC37001,NC37081-CAR,27450,Cardiology,11,1,0.090909,8.05,CRITICAL COVERAGE
1800001745,NC,Guilford,NC37001,NC37081-CAR,27450,Cardiology,11,1,0.090909,8.05,CRITICAL COVERAGE
1800001746,NC,Guilford,NC37001,NC37081-CAR,27450,Cardiology,11,1,0.090909,8.05,CRITICAL COVERAGE
1800001747,NC,Guilford,NC37001,NC37081-CAR,27450,Cardiology,11,1,0.090909,8.05,CRITICAL COVERAGE
1800001748,NC,Guilford,NC37001,NC37081-CAR,27450,Cardiology,11,1,0.090909,8.05,CRITICAL COVERAGE
1800001749,NC,Guilford,NC37001,NC37081-CAR,27450,Cardiology,11,1,0.090909,8.05,CRITICAL COVERAGE
1800001750,NC,Guilford,NC37001,NC37081-CAR,27450,Cardiology,11,1,0.090909,8.05,CRITICAL COVERAGE
1800001751,NC,Guilford,NC37001,NC37081-END,27450,Endocrinology,10,1,0.1,7.28,CRITICAL COVERAGE
1800001752,NC,Guilford,NC37001,NC37081-END,27450,Endocrinology,10,1,0.1,7.28,CRITICAL COVERAGE
1800001753,NC,Guilford,NC37001,NC37081-END,27450,Endocrinology,10,1,0.1,7.28,CRITICAL COVERAGE
1800001754,NC,Guilford,NC37001,NC37081-END,27450,Endocrinology,10,1,0.1,7.28,CRITICAL COVERAGE
1800001755,NC,Guilford,NC37001,NC37081-END,27450,Endocrinology,10,1,0.1,7.28,CRITICAL COVERAGE
1800001756,NC,Guilford,NC37001,NC37081-END,27450,Endocrinology,10,1,0.1,7.28,CRITICAL COVERAGE
1800001757,NC,Guilford,NC37001,NC37081-END,27450,Endocrinology,10,1,0.1,7.28,CRITICAL COVERAGE
1800001758,NC,Guilford,NC37001,NC37081-END,27450,Endocrinology,10,1,0.1,7.28,CRITICAL COVERAGE
1800001759,NC,Guilford,NC37001,NC37081-END,27450,Endocrinology,10,1,0.1,7.28,CRITICAL COVERAGE
1800001760,NC,Guilford,NC37001,NC37081-END,27450,Endocrinology,10,1,0.1,7.28,CRITICAL COVERAGE
1800001761,NC,Guilford,NC37001,NC37081-PSY,27450,Psychiatry,8,1,0.125,6.12,CRITICAL COVERAGE
1800001762,NC,Guilford,NC37001,NC37081-PSY,27450,Psychiatry,8,1,0.125,6.12,CRITICAL COVERAGE
1800001763,NC,Guilford,NC37001,NC37081-PSY,27450,Psychiatry,8,1,0.125,6.12,CRITICAL COVERAGE
1800001764,NC,Guilford,NC37001,NC37081-PSY,27450,Psychiatry,8,1,0.125,6.12,CRITICAL COVERAGE
1800001765,NC,Guilford,NC37001,NC37081-PSY,27450,Psychiatry,8,1,0.125,6.12,CRITICAL COVERAGE
1800001766,NC,Guilford,NC37001,NC37081-PSY,27450,Psychiatry,8,1,0.125,6.12,CRITICAL COVERAGE
1800001767,NC,Guilford,NC37001,NC37081-PSY,27450,Psychiatry,8,1,0.125,6.12,CRITICAL COVERAGE
1800001768,NC,Guilford,NC37001,NC37081-PSY,27450,Psychiatry,8,1,0.125,6.12,CRITICAL COVERAGE
1800001769,NC,Guilford,NC37001,NC37081-PUL,27450,Pulmonary,10,1,0.1,7.28,CRITICAL COVERAGE
1800001770,NC,Guilford,NC37001,NC37081-PUL,27450,Pulmonary,10,1,0.1,7.28,CRITICAL COVERAGE
1800001771,NC,Guilford,NC37001,NC37081-PUL,27450,Pulmonary,10,1,0.1,7.28,CRITICAL COVERAGE
1800001772,NC,Guilford,NC37001,NC37081-PUL,27450,Pulmonary,10,1,0.1,7.28,CRITICAL COVERAGE
1800001773,NC,Guilford,NC37001,NC37081-PUL,27450,Pulmonary,10,1,0.1,7.28,CRITICAL COVERAGE
1800001774,NC,Guilford,NC37001,NC37081-PUL,27450,Pulmonary,10,1,0.1,7.28,CRITICAL COVERAGE
1800001775,NC,Guilford,NC37001,NC37081-PUL,27450,Pulmonary,10,1,0.1,7.28,CRITICAL COVERAGE
1800001776,NC,Guilford,NC37001,NC37081-PUL,27450,Pulmonary,10,1,0.1,7.28,CRITICAL COVERAGE
1800001777,NC,Guilford,NC37001,NC37081-PUL,27450,Pulmonary,10,1,0.1,7.28,CRITICAL COVERAGE
1800001778,NC,Guilford,NC37001,NC37081-PUL,27450,Pulmonary,10,1,0.1,7.28,CRITICAL COVERAGE
1800001779,NC,Guilford,NC37001,NC37081-RHE,27450,Rheumatology,9,1,0.111111,6.55,CRITICAL COVERAGE
1800001780,NC,Guilford,NC37001,NC37081-RHE,27450,Rheumatology,9,1,0.111111,6.55,CRITICAL COVERAGE
1800001781,NC,Guilford,NC37001,NC37081-RHE,27450,Rheumatology,9,1,0.111111,6.55,CRITICAL COVERAGE
1800001782,NC,Guilford,NC37001,NC37081-RHE,27450,Rheumatology,9,1,0.111111,6.55,CRITICAL COVERAGE
1800001783,NC,Guilford,NC37001,NC37081-RHE,27450,Rheumatology,9,1,0.111111,6.55,CRITICAL COVERAGE
1800001784,NC,Guilford,NC37001,NC37081-RHE,27450,Rheumatology,9,1,0.111111,6.55,CRITICAL COVERAGE
1800001785,NC,Guilford,NC37001,NC37081-RHE,27450,Rheumatology,9,1,0.111111,6.55,CRITICAL COVERAGE
1800001786,NC,Guilford,NC37001,NC37081-RHE,27450,Rheumatology,9,1,0.111111,6.55,CRITICAL COVERAGE
1800001787,NC,Guilford,NC37001,NC37081-RHE,27450,Rheumatology,9,1,0.111111,6.55,CRITICAL COVERAGE
1800001788,NC,Mecklenburg,NC37001,NC37119-CAR,28250,Cardiology,23,1,0.043478,27.88,CRITICAL COVERAGE
1800001789,NC,Mecklenburg,NC37001,NC37119-CAR,28250,Cardiology,23,1,0.043478,27.88,CRITICAL COVERAGE
1800001790,NC,Mecklenburg,NC37001,NC37119-CAR,28250,Cardiology,23,1,0.043478,27.88,CRITICAL COVERAGE
1800001791,NC,Mecklenburg,NC37001,NC37119-CAR,28250,Cardiology,23,1,0.043478,27.88,CRITICAL COVERAGE
1800001792,NC,Mecklenburg,NC37001,NC37119-CAR,28250,Cardiology,23,1,0.043478,27.88,CRITICAL COVERAGE
1800001793,NC,Mecklenburg,NC37001,NC37119-CAR,28250,Cardiology,23,1,0.043478,27.88,CRITICAL COVERAGE
1800001794,NC,Mecklenburg,NC37001,NC37119-CAR,28250,Cardiology,23,1,0.043478,27.88,CRITICAL COVERAGE
1800001795,NC,Mecklenburg,NC37001,NC37119-CAR,28250,Cardiology,23,1,0.043478,27.88,CRITICAL COVERAGE
1800001796,NC,Mecklenburg,NC37001,NC37119-CAR,28250,Cardiology,23,1,0.043478,27.88,CRITICAL COVERAGE
1800001797,NC,Mecklenburg,NC37001,NC37119-CAR,28250,Cardiology,23,1,0.043478,27.88,CRITICAL COVERAGE
1800001798,NC,Mecklenburg,NC37001,NC37119-CAR,28250,Cardiology,23,1,0.043478,27.88,CRITICAL COVERAGE
1800001799,NC,Mecklenburg,NC37001,NC37119-CAR,28250,Cardiology,23,1,0.043478,27.88,CRITICAL COVERAGE
1800001800,NC,Mecklenburg,NC37001,NC37119-CAR,28250,Cardiology,23,1,0.043478,27.88,CRITICAL COVERAGE
1800001801,NC,Mecklenburg,NC37001,NC37119-CAR,28250,Cardiology,23,1,0.043478,27.88,CRITICAL COVERAGE
1800001802,NC,Mecklenburg,NC37001,NC37119-CAR,28250,Cardiology,23,1,0.043478,27.88,CRITICAL COVERAGE
1800001803,NC,Mecklenburg,NC37001,NC37119-CAR,28250,Cardiology,23,1,0.043478,27.88,CRITICAL COVERAGE
1800001804,NC,Mecklenburg,NC37001,NC37119-CAR,28250,Cardiology,23,1,0.043478,27.88,CRITICAL COVERAGE
1800001805,NC,Mecklenburg,NC37001,NC37119-CAR,28250,Cardiology,23,1,0.043478,27.88,CRITICAL COVERAGE
1800001806,NC,Mecklenburg,NC37001,NC37119-CAR,28250,Cardiology,23,1,0.043478,27.88,CRITICAL COVERAGE
1800001807,NC,Mecklenburg,NC37001,NC37119-CAR,28250,Cardiology,23,1,0.043478,27.88,CRITICAL COVERAGE
1800001808,NC,Mecklenburg,NC37001,NC37119-CAR,28250,Cardiology,23,1,0.043478,27.88,CRITICAL COVERAGE
1800001809,NC,Mecklenburg,NC37001,NC37119-CAR,28250,Cardiology,23,1,0.043478,27.88,CRITICAL COVERAGE
1800001810,NC,Mecklenburg,NC37001,NC37119-CAR,28250,Cardiology,23,1,0.043478,27.88,CRITICAL COVERAGE
1800001811,NC,Mecklenburg,NC37001,NC37119-END,28250,Endocrinology,22,1,0.045455,22.82,CRITICAL COVERAGE
1800001812,NC,Mecklenburg,NC37001,NC37119-END,28250,Endocrinology,22,1,0.045455,22.82,CRITICAL COVERAGE
1800001813,NC,Mecklenburg,NC37001,NC37119-END,28250,Endocrinology,22,1,0.045455,22.82,CRITICAL COVERAGE
1800001814,NC,Mecklenburg,NC37001,NC37119-END,28250,Endocrinology,22,1,0.045455,22.82,CRITICAL COVERAGE
1800001815,NC,Mecklenburg,NC37001,NC37119-END,28250,Endocrinology,22,1,0.045455,22.82,CRITICAL COVERAGE
1800001816,NC,Mecklenburg,NC37001,NC37119-END,28250,Endocrinology,22,1,0.045455,22.82,CRITICAL COVERAGE
1800001817,NC,Mecklenburg,NC37001,NC37119-END,28250,Endocrinology,22,1,0.045455,22.82,CRITICAL COVERAGE
1800001818,NC,Mecklenburg,NC37001,NC37119-END,28250,Endocrinology,22,1,0.045455,22.82,CRITICAL COVERAGE
1800001819,NC,Mecklenburg,NC37001,NC37119-END,28250,Endocrinology,22,1,0.045455,22.82,CRITICAL COVERAGE
1800001820,NC,Mecklenburg,NC37001,NC37119-END,28250,Endocrinology,22,1,0.045455,22.82,CRITICAL COVERAGE
1800001821,NC,Mecklenburg,NC37001,NC37119-END,28250,Endocrinology,22,1,0.045455,22.82,CRITICAL COVERAGE
1800001822,NC,Mecklenburg,NC37001,NC37119-END,28250,Endocrinology,22,1,0.045455,22.82,CRITICAL COVERAGE
1800001823,NC,Mecklenburg,NC37001,NC37119-END,28250,Endocrinology,22,1,0.045455,22.82,CRITICAL COVERAGE
1800001824,NC,Mecklenburg,NC37001,NC37119-END,28250,Endocrinology,22,1,0.045455,22.82,CRITICAL COVERAGE
1800001825,NC,Mecklenburg,NC37001,NC37119-END,28250,Endocrinology,22,1,0.045455,22.82,CRITICAL COVERAGE
1800001826,NC,Mecklenburg,NC37001,NC37119-END,28250,Endocrinology,22,1,0.045455,22.82,CRITICAL COVERAGE
1800001827,NC,Mecklenburg,NC37001,NC37119-END,28250,Endocrinology,22,1,0.045455,22.82,CRITICAL COVERAGE
1800001828,NC,Mecklenburg,NC37001,NC37119-END,28250,Endocrinology,22,1,0.045455,22.82,CRITICAL COVERAGE
1800001829,NC,Mecklenburg,NC37001,NC37119-END,28250,Endocrinology,22,1,0.045455,22.82,CRITICAL COVERAGE
1800001830,NC,Mecklenburg,NC37001,NC37119-END,28250,Endocrinology,22,1,0.045455,22.82,CRITICAL COVERAGE
1800001831,NC,Mecklenburg,NC37001,NC37119-END,28250,Endocrinology,22,1,0.045455,22.82,CRITICAL COVERAGE
1800001832,NC,Mecklenburg,NC37001,NC37119-END,28250,Endocrinology,22,1,0.045455,22.82,CRITICAL COVERAGE
1800001833,NC,Mecklenburg,NC37001,NC37119-PSY,28250,Psychiatry,19,1,0.052632,13.45,CRITICAL COVERAGE
1800001834,NC,Mecklenburg,NC37001,NC37119-PSY,28250,Psychiatry,19,1,0.052632,13.45,CRITICAL COVERAGE
1800001835,NC,Mecklenburg,NC37001,NC37119-PSY,28250,Psychiatry,19,1,0.052632,13.45,CRITICAL COVERAGE
1800001836,NC,Mecklenburg,NC37001,NC37119-PSY,28250,Psychiatry,19,1,0.052632,13.45,CRITICAL COVERAGE
1800001837,NC,Mecklenburg,NC37001,NC37119-PSY,28250,Psychiatry,19,1,0.052632,13.45,CRITICAL COVERAGE
1800001838,NC,Mecklenburg,NC37001,NC37119-PSY,28250,Psychiatry,19,1,0.052632,13.45,CRITICAL COVERAGE
1800001839,NC,Mecklenburg,NC37001,NC37119-PSY,28250,Psychiatry,19,1,0.052632,13.45,CRITICAL COVERAGE
1800001840,NC,Mecklenburg,NC37001,NC37119-PSY,28250,Psychiatry,19,1,0.052632,13.45,CRITICAL COVERAGE
1800001841,NC,Mecklenburg,NC37001,NC37119-PSY,28250,Psychiatry,19,1,0.052632,13.45,CRITICAL COVERAGE
1800001842,NC,Mecklenburg,NC37001,NC37119-PSY,28250,Psychiatry,19,1,0.052632,13.45,CRITICAL COVERAGE
1800001843,NC,Mecklenburg,NC37001,NC37119-PSY,28250,Psychiatry,19,1,0.052632,13.45,CRITICAL COVERAGE
1800001844,NC,Mecklenburg,NC37001,NC37119-PSY,28250,Psychiatry,19,1,0.052632,13.45,CRITICAL COVERAGE
1800001845,NC,Mecklenburg,NC37001,NC37119-PSY,28250,Psychiatry,19,1,0.052632,13.45,CRITICAL COVERAGE
1800001846,NC,Mecklenburg,NC37001,NC37119-PSY,28250,Psychiatry,19,1,0.052632,13.45,CRITICAL COVERAGE
1800001847,NC,Mecklenburg,NC37001,NC37119-PSY,28250,Psychiatry,19,1,0.052632,13.45,CRITICAL COVERAGE
1800001848,NC,Mecklenburg,NC37001,NC37119-PSY,28250,Psychiatry,19,1,0.052632,13.45,CRITICAL COVERAGE
1800001849,NC,Mecklenburg,NC37001,NC37119-PSY,28250,Psychiatry,19,1,0.052632,13.45,CRITICAL COVERAGE
1800001850,NC,Mecklenburg,NC37001,NC37119-PSY,28250,Psychiatry,19,1,0.052632,13.45,CRITICAL COVERAGE
1800001851,NC,Mecklenburg,NC37001,NC37119-PSY,28250,Psychiatry,19,1,0.052632,13.45,CRITICAL COVERAGE
1800001852,NC,Mecklenburg,NC37001,NC37119-PUL,28250,Pulmonary,22,1,0.045455,22.82,CRITICAL COVERAGE
1800001853,NC,Mecklenburg,NC37001,NC37119-PUL,28250,Pulmonary,22,1,0.045455,22.82,CRITICAL COVERAGE
1800001854,NC,Mecklenburg,NC37001,NC37119-PUL,28250,Pulmonary,22,1,0.045455,22.82,CRITICAL COVERAGE
1800001855,NC,Mecklenburg,NC37001,NC37119-PUL,28250,Pulmonary,22,1,0.045455,22.82,CRITICAL COVERAGE
1800001856,NC,Mecklenburg,NC37001,NC37119-PUL,28250,Pulmonary,22,1,0.045455,22.82,CRITICAL COVERAGE
1800001857,NC,Mecklenburg,NC37001,NC37119-PUL,28250,Pulmonary,22,1,0.045455,22.82,CRITICAL COVERAGE
1800001858,NC,Mecklenburg,NC37001,NC37119-PUL,28250,Pulmonary,22,1,0.045455,22.82,CRITICAL COVERAGE
1800001859,NC,Mecklenburg,NC37001,NC37119-PUL,28250,Pulmonary,22,1,0.045455,22.82,CRITICAL COVERAGE
1800001860,NC,Mecklenburg,NC37001,NC37119-PUL,28250,Pulmonary,22,1,0.045455,22.82,CRITICAL COVERAGE
1800001861,NC,Mecklenburg,NC37001,NC37119-PUL,28250,Pulmonary,22,1,0.045455,22.82,CRITICAL COVERAGE
1800001862,NC,Mecklenburg,NC37001,NC37119-PUL,28250,Pulmonary,22,1,0.045455,22.82,CRITICAL COVERAGE
1800001863,NC,Mecklenburg,NC37001,NC37119-PUL,28250,Pulmonary,22,1,0.045455,22.82,CRITICAL COVERAGE
1800001864,NC,Mecklenburg,NC37001,NC37119-PUL,28250,Pulmonary,22,1,0.045455,22.82,CRITICAL COVERAGE
1800001865,NC,Mecklenburg,NC37001,NC37119-PUL,28250,Pulmonary,22,1,0.045455,22.82,CRITICAL COVERAGE
1800001866,NC,Mecklenburg,NC37001,NC37119-PUL,28250,Pulmonary,22,1,0.045455,22.82,CRITICAL COVERAGE
1800001867,NC,Mecklenburg,NC37001,NC37119-PUL,28250,Pulmonary,22,1,0.045455,22.82,CRITICAL COVERAGE
1800001868,NC,Mecklenburg,NC37001,NC37119-PUL,28250,Pulmonary,22,1,0.045455,22.82,CRITICAL COVERAGE
1800001869,NC,Mecklenburg,NC37001,NC37119-PUL,28250,Pulmonary,22,1,0.045455,22.82,CRITICAL COVERAGE
1800001870,NC,Mecklenburg,NC37001,NC37119-PUL,28250,Pulmonary,22,1,0.045455,22.82,CRITICAL COVERAGE
1800001871,NC,Mecklenburg,NC37001,NC37119-PUL,28250,Pulmonary,22,1,0.045455,22.82,CRITICAL COVERAGE
1800001872,NC,Mecklenburg,NC37001,NC37119-PUL,28250,Pulmonary,22,1,0.045455,22.82,CRITICAL COVERAGE
1800001873,NC,Mecklenburg,NC37001,NC37119-PUL,28250,Pulmonary,22,1,0.045455,22.82,CRITICAL COVERAGE
1800001874,NC,Mecklenburg,NC37001,NC37119-RHE,28250,Rheumatology,21,1,0.047619,17.97,CRITICAL COVERAGE
1800001875,NC,Mecklenburg,NC37001,NC37119-RHE,28250,Rheumatology,21,1,0.047619,17.97,CRITICAL COVERAGE
1800001876,NC,Mecklenburg,NC37001,NC37119-RHE,28250,Rheumatology,21,1,0.047619,17.97,CRITICAL COVERAGE
1800001877,NC,Mecklenburg,NC37001,NC37119-RHE,28250,Rheumatology,21,1,0.047619,17.97,CRITICAL COVERAGE
1800001878,NC,Mecklenburg,NC37001,NC37119-RHE,28250,Rheumatology,21,1,0.047619,17.97,CRITICAL COVERAGE
1800001879,NC,Mecklenburg,NC37001,NC37119-RHE,28250,Rheumatology,21,1,0.047619,17.97,CRITICAL COVERAGE
1800001880,NC,Mecklenburg,NC37001,NC37119-RHE,28250,Rheumatology,21,1,0.047619,17.97,CRITICAL COVERAGE
1800001881,NC,Mecklenburg,NC37001,NC37119-RHE,28250,Rheumatology,21,1,0.047619,17.97,CRITICAL COVERAGE
1800001882,NC,Mecklenburg,NC37001,NC37119-RHE,28250,Rheumatology,21,1,0.047619,17.97,CRITICAL COVERAGE
1800001883,NC,Mecklenburg,NC37001,NC37119-RHE,28250,Rheumatology,21,1,0.047619,17.97,CRITICAL COVERAGE
1800001884,NC,Mecklenburg,NC37001,NC37119-RHE,28250,Rheumatology,21,1,0.047619,17.97,CRITICAL COVERAGE
1800001885,NC,Mecklenburg,NC37001,NC37119-RHE,28250,Rheumatology,21,1,0.047619,17.97,CRITICAL COVERAGE
1800001886,NC,Mecklenburg,NC37001,NC37119-RHE,28250,Rheumatology,21,1,0.047619,17.97,CRITICAL COVERAGE
1800001887,NC,Mecklenburg,NC37001,NC37119-RHE,28250,Rheumatology,21,1,0.047619,17.97,CRITICAL COVERAGE
1800001888,NC,Mecklenburg,NC37001,NC37119-RHE,28250,Rheumatology,21,1,0.047619,17.97,CRITICAL COVERAGE
1800001889,NC,Mecklenburg,NC37001,NC37119-RHE,28250,Rheumatology,21,1,0.047619,17.97,CRITICAL COVERAGE
1800001890,NC,Mecklenburg,NC37001,NC37119-RHE,28250,Rheumatology,21,1,0.047619,17.97,CRITICAL COVERAGE
1800001891,NC,Mecklenburg,NC37001,NC37119-RHE,28250,Rheumatology,21,1,0.047619,17.97,CRITICAL COVERAGE
1800001892,NC,Mecklenburg,NC37001,NC37119-RHE,28250,Rheumatology,21,1,0.047619,17.97,CRITICAL COVERAGE
1800001893,NC,Mecklenburg,NC37001,NC37119-RHE,28250,Rheumatology,21,1,0.047619,17.97,CRITICAL COVERAGE
1800001894,NC,Mecklenburg,NC37001,NC37119-RHE,28250,Rheumatology,21,1,0.047619,17.97,CRITICAL COVERAGE
1800001895,NC,Wake,NC37001,NC37183-CAR,27650,Cardiology,23,1,0.043478,27.88,CRITICAL COVERAGE
1800001896,NC,Wake,NC37001,NC37183-CAR,27650,Cardiology,23,1,0.043478,27.88,CRITICAL COVERAGE
1800001897,NC,Wake,NC37001,NC37183-CAR,27650,Cardiology,23,1,0.043478,27.88,CRITICAL COVERAGE
1800001898,NC,Wake,NC37001,NC37183-CAR,27650,Cardiology,23,1,0.043478,27.88,CRITICAL COVERAGE
1800001899,NC,Wake,NC37001,NC37183-CAR,27650,Cardiology,23,1,0.043478,27.88,CRITICAL COVERAGE
1800001900,NC,Wake,NC37001,NC37183-CAR,27650,Cardiology,23,1,0.043478,27.88,CRITICAL COVERAGE
1800001901,NC,Wake,NC37001,NC37183-CAR,27650,Cardiology,23,1,0.043478,27.88,CRITICAL COVERAGE
1800001902,NC,Wake,NC37001,NC37183-CAR,27650,Cardiology,23,1,0.043478,27.88,CRITICAL COVERAGE
1800001903,NC,Wake,NC37001,NC37183-CAR,27650,Cardiology,23,1,0.043478,27.88,CRITICAL COVERAGE
1800001904,NC,Wake,NC37001,NC37183-CAR,27650,Cardiology,23,1,0.043478,27.88,CRITICAL COVERAGE
1800001905,NC,Wake,NC37001,NC37183-CAR,27650,Cardiology,23,1,0.043478,27.88,CRITICAL COVERAGE
1800001906,NC,Wake,NC37001,NC37183-CAR,27650,Cardiology,23,1,0.043478,27.88,CRITICAL COVERAGE
1800001907,NC,Wake,NC37001,NC37183-CAR,27650,Cardiology,23,1,0.043478,27.88,CRITICAL COVERAGE
1800001908,NC,Wake,NC37001,NC37183-CAR,27650,Cardiology,23,1,0.043478,27.88,CRITICAL COVERAGE
1800001909,NC,Wake,NC37001,NC37183-CAR,27650,Cardiology,23,1,0.043478,27.88,CRITICAL COVERAGE
1800001910,NC,Wake,NC37001,NC37183-CAR,27650,Cardiology,23,1,0.043478,27.88,CRITICAL COVERAGE
1800001911,NC,Wake,NC37001,NC37183-CAR,27650,Cardiology,23,1,0.043478,27.88,CRITICAL COVERAGE
1800001912,NC,Wake,NC37001,NC37183-CAR,27650,Cardiology,23,1,0.043478,27.88,CRITICAL COVERAGE
1800001913,NC,Wake,NC37001,NC37183-CAR,27650,Cardiology,23,1,0.043478,27.88,CRITICAL COVERAGE
1800001914,NC,Wake,NC37001,NC37183-CAR,27650,Cardiology,23,1,0.043478,27.88,CRITICAL COVERAGE
1800001915,NC,Wake,NC37001,NC37183-CAR,27650,Cardiology,23,1,0.043478,27.88,CRITICAL COVERAGE
1800001916,NC,Wake,NC37001,NC37183-CAR,27650,Cardiology,23,1,0.043478,27.88,CRITICAL COVERAGE
1800001917,NC,Wake,NC37001,NC37183-CAR,27650,Cardiology,23,1,0.043478,27.88,CRITICAL COVERAGE
1800001918,NC,Wake,NC37001,NC37183-END,27650,Endocrinology,22,1,0.045455,22.82,CRITICAL COVERAGE
1800001919,NC,Wake,NC37001,NC37183-END,27650,Endocrinology,22,1,0.045455,22.82,CRITICAL COVERAGE
1800001920,NC,Wake,NC37001,NC37183-END,27650,Endocrinology,22,1,0.045455,22.82,CRITICAL COVERAGE
1800001921,NC,Wake,NC37001,NC37183-END,27650,Endocrinology,22,1,0.045455,22.82,CRITICAL COVERAGE
1800001922,NC,Wake,NC37001,NC37183-END,27650,Endocrinology,22,1,0.045455,22.82,CRITICAL COVERAGE
1800001923,NC,Wake,NC37001,NC37183-END,27650,Endocrinology,22,1,0.045455,22.82,CRITICAL COVERAGE
1800001924,NC,Wake,NC37001,NC37183-END,27650,Endocrinology,22,1,0.045455,22.82,CRITICAL COVERAGE
1800001925,NC,Wake,NC37001,NC37183-END,27650,Endocrinology,22,1,0.045455,22.82,CRITICAL COVERAGE
1800001926,NC,Wake,NC37001,NC37183-END,27650,Endocrinology,22,1,0.045455,22.82,CRITICAL COVERAGE
1800001927,NC,Wake,NC37001,NC37183-END,27650,Endocrinology,22,1,0.045455,22.82,CRITICAL COVERAGE
1800001928,NC,Wake,NC37001,NC37183-END,27650,Endocrinology,22,1,0.045455,22.82,CRITICAL COVERAGE
1800001929,NC,Wake,NC37001,NC37183-END,27650,Endocrinology,22,1,0.045455,22.82,CRITICAL COVERAGE
1800001930,NC,Wake,NC37001,NC37183-END,27650,Endocrinology,22,1,0.045455,22.82,CRITICAL COVERAGE
1800001931,NC,Wake,NC37001,NC37183-END,27650,Endocrinology,22,1,0.045455,22.82,CRITICAL COVERAGE
1800001932,NC,Wake,NC37001,NC37183-END,27650,Endocrinology,22,1,0.045455,22.82,CRITICAL COVERAGE
1800001933,NC,Wake,NC37001,NC37183-END,27650,Endocrinology,22,1,0.045455,22.82,CRITICAL COVERAGE
1800001934,NC,Wake,NC37001,NC37183-END,27650,Endocrinology,22,1,0.045455,22.82,CRITICAL COVERAGE
1800001935,NC,Wake,NC37001,NC37183-END,27650,Endocrinology,22,1,0.045455,22.82,CRITICAL COVERAGE
1800001936,NC,Wake,NC37001,NC37183-END,27650,Endocrinology,22,1,0.045455,22.82,CRITICAL COVERAGE
1800001937,NC,Wake,NC37001,NC37183-END,27650,Endocrinology,22,1,0.045455,22.82,CRITICAL COVERAGE
1800001938,NC,Wake,NC37001,NC37183-END,27650,Endocrinology,22,1,0.045455,22.82,CRITICAL COVERAGE
1800001939,NC,Wake,NC37001,NC37183-END,27650,Endocrinology,22,1,0.045455,22.82,CRITICAL COVERAGE
1800001940,NC,Wake,NC37001,NC37183-PSY,27650,Psychiatry,19,1,0.052632,13.45,CRITICAL COVERAGE
1800001941,NC,Wake,NC37001,NC37183-PSY,27650,Psychiatry,19,1,0.052632,13.45,CRITICAL COVERAGE
1800001942,NC,Wake,NC37001,NC37183-PSY,27650,Psychiatry,19,1,0.052632,13.45,CRITICAL COVERAGE
1800001943,NC,Wake,NC37001,NC37183-PSY,27650,Psychiatry,19,1,0.052632,13.45,CRITICAL COVERAGE
1800001944,NC,Wake,NC37001,NC37183-PSY,27650,Psychiatry,19,1,0.052632,13.45,CRITICAL COVERAGE
1800001945,NC,Wake,NC37001,NC37183-PSY,27650,Psychiatry,19,1,0.052632,13.45,CRITICAL COVERAGE
1800001946,NC,Wake,NC37001,NC37183-PSY,27650,Psychiatry,19,1,0.052632,13.45,CRITICAL COVERAGE
1800001947,NC,Wake,NC37001,NC37183-PSY,27650,Psychiatry,19,1,0.052632,13.45,CRITICAL COVERAGE
1800001948,NC,Wake,NC37001,NC37183-PSY,27650,Psychiatry,19,1,0.052632,13.45,CRITICAL COVERAGE
1800001949,NC,Wake,NC37001,NC37183-PSY,27650,Psychiatry,19,1,0.052632,13.45,CRITICAL COVERAGE
1800001950,NC,Wake,NC37001,NC37183-PSY,27650,Psychiatry,19,1,0.052632,13.45,CRITICAL COVERAGE
1800001951,NC,Wake,NC37001,NC37183-PSY,27650,Psychiatry,19,1,0.052632,13.45,CRITICAL COVERAGE
1800001952,NC,Wake,NC37001,NC37183-PSY,27650,Psychiatry,19,1,0.052632,13.45,CRITICAL COVERAGE
1800001953,NC,Wake,NC37001,NC37183-PSY,27650,Psychiatry,19,1,0.052632,13.45,CRITICAL COVERAGE
1800001954,NC,Wake,NC37001,NC37183-PSY,27650,Psychiatry,19,1,0.052632,13.45,CRITICAL COVERAGE
1800001955,NC,Wake,NC37001,NC37183-PSY,27650,Psychiatry,19,1,0.052632,13.45,CRITICAL COVERAGE
1800001956,NC,Wake,NC37001,NC37183-PSY,27650,Psychiatry,19,1,0.052632,13.45,CRITICAL COVERAGE
1800001957,NC,Wake,NC37001,NC37183-PSY,27650,Psychiatry,19,1,0.052632,13.45,CRITICAL COVERAGE
1800001958,NC,Wake,NC37001,NC37183-PSY,27650,Psychiatry,19,1,0.052632,13.45,CRITICAL COVERAGE
1800001959,NC,Wake,NC37001,NC37183-PUL,27650,Pulmonary,21,1,0.047619,17.97,CRITICAL COVERAGE
1800001960,NC,Wake,NC37001,NC37183-PUL,27650,Pulmonary,21,1,0.047619,17.97,CRITICAL COVERAGE
1800001961,NC,Wake,NC37001,NC37183-PUL,27650,Pulmonary,21,1,0.047619,17.97,CRITICAL COVERAGE
1800001962,NC,Wake,NC37001,NC37183-PUL,27650,Pulmonary,21,1,0.047619,17.97,CRITICAL COVERAGE
1800001963,NC,Wake,NC37001,NC37183-PUL,27650,Pulmonary,21,1,0.047619,17.97,CRITICAL COVERAGE
1800001964,NC,Wake,NC37001,NC37183-PUL,27650,Pulmonary,21,1,0.047619,17.97,CRITICAL COVERAGE
1800001965,NC,Wake,NC37001,NC37183-PUL,27650,Pulmonary,21,1,0.047619,17.97,CRITICAL COVERAGE
1800001966,NC,Wake,NC37001,NC37183-PUL,27650,Pulmonary,21,1,0.047619,17.97,CRITICAL COVERAGE
1800001967,NC,Wake,NC37001,NC37183-PUL,27650,Pulmonary,21,1,0.047619,17.97,CRITICAL COVERAGE
1800001968,NC,Wake,NC37001,NC37183-PUL,27650,Pulmonary,21,1,0.047619,17.97,CRITICAL COVERAGE
1800001969,NC,Wake,NC37001,NC37183-PUL,27650,Pulmonary,21,1,0.047619,17.97,CRITICAL COVERAGE
1800001970,NC,Wake,NC37001,NC37183-PUL,27650,Pulmonary,21,1,0.047619,17.97,CRITICAL COVERAGE
1800001971,NC,Wake,NC37001,NC37183-PUL,27650,Pulmonary,21,1,0.047619,17.97,CRITICAL COVERAGE
1800001972,NC,Wake,NC37001,NC37183-PUL,27650,Pulmonary,21,1,0.047619,17.97,CRITICAL COVERAGE
1800001973,NC,Wake,NC37001,NC37183-PUL,27650,Pulmonary,21,1,0.047619,17.97,CRITICAL COVERAGE
1800001974,NC,Wake,NC37001,NC37183-PUL,27650,Pulmonary,21,1,0.047619,17.97,CRITICAL COVERAGE
1800001975,NC,Wake,NC37001,NC37183-PUL,27650,Pulmonary,21,1,0.047619,17.97,CRITICAL COVERAGE
1800001976,NC,Wake,NC37001,NC37183-PUL,27650,Pulmonary,21,1,0.047619,17.97,CRITICAL COVERAGE
1800001977,NC,Wake,NC37001,NC37183-PUL,27650,Pulmonary,21,1,0.047619,17.97,CRITICAL COVERAGE
1800001978,NC,Wake,NC37001,NC37183-PUL,27650,Pulmonary,21,1,0.047619,17.97,CRITICAL COVERAGE
1800001979,NC,Wake,NC37001,NC37183-PUL,27650,Pulmonary,21,1,0.047619,17.97,CRITICAL COVERAGE
1800001980,NC,Wake,NC37001,NC37183-RHE,27650,Rheumatology,21,1,0.047619,17.97,CRITICAL COVERAGE
1800001981,NC,Wake,NC37001,NC37183-RHE,27650,Rheumatology,21,1,0.047619,17.97,CRITICAL COVERAGE
1800001982,NC,Wake,NC37001,NC37183-RHE,27650,Rheumatology,21,1,0.047619,17.97,CRITICAL COVERAGE
1800001983,NC,Wake,NC37001,NC37183-RHE,27650,Rheumatology,21,1,0.047619,17.97,CRITICAL COVERAGE
1800001984,NC,Wake,NC37001,NC37183-RHE,27650,Rheumatology,21,1,0.047619,17.97,CRITICAL COVERAGE
1800001985,NC,Wake,NC37001,NC37183-RHE,27650,Rheumatology,21,1,0.047619,17.97,CRITICAL COVERAGE
1800001986,NC,Wake,NC37001,NC37183-RHE,27650,Rheumatology,21,1,0.047619,17.97,CRITICAL COVERAGE
1800001987,NC,Wake,NC37001,NC37183-RHE,27650,Rheumatology,21,1,0.047619,17.97,CRITICAL COVERAGE
1800001988,NC,Wake,NC37001,NC37183-RHE,27650,Rheumatology,21,1,0.047619,17.97,CRITICAL COVERAGE
1800001989,NC,Wake,NC37001,NC37183-RHE,27650,Rheumatology,21,1,0.047619,17.97,CRITICAL COVERAGE
1800001990,NC,Wake,NC37001,NC37183-RHE,27650,Rheumatology,21,1,0.047619,17.97,CRITICAL COVERAGE
1800001991,NC,Wake,NC37001,NC37183-RHE,27650,Rheumatology,21,1,0.047619,17.97,CRITICAL COVERAGE
1800001992,NC,Wake,NC37001,NC37183-RHE,27650,Rheumatology,21,1,0.047619,17.97,CRITICAL COVERAGE
1800001993,NC,Wake,NC37001,NC37183-RHE,27650,Rheumatology,21,1,0.047619,17.97,CRITICAL COVERAGE
1800001994,NC,Wake,NC37001,NC37183-RHE,27650,Rheumatology,21,1,0.047619,17.97,CRITICAL COVERAGE
1800001995,NC,Wake,NC37001,NC37183-RHE,27650,Rheumatology,21,1,0.047619,17.97,CRITICAL COVERAGE
1800001996,NC,Wake,NC37001,NC37183-RHE,27650,Rheumatology,21,1,0.047619,17.97,CRITICAL COVERAGE
1800001997,NC,Wake,NC37001,NC37183-RHE,27650,Rheumatology,21,1,0.047619,17.97,CRITICAL COVERAGE
1800001998,NC,Wake,NC37001,NC37183-RHE,27650,Rheumatology,21,1,0.047619,17.97,CRITICAL COVERAGE
1800001999,NC,Wake,NC37001,NC37183-RHE,27650,Rheumatology,21,1,0.047619,17.97,CRITICAL COVERAGE
1800002000,NC,Wake,NC37001,NC37183-RHE,27650,Rheumatology,21,1,0.047619,17.97,CRITICAL COVERAGE
