NPI,PROVIDER_NAME,PRIMARY_SPECIALTY,DISEASE,SECONDARY_SPECIALTY,TELEHEALTH,FACILITY_NAME,STATE,ZIP,COUNTY_FIPS,COUNTY,TOT_BENES,TOT_SRVCS,BENE_AVG_RISK_SCRE,TOTAL_UTILIZATION_EXACT,AVG_UTILIZATION_PERCENTILE,TELEHEALTH_FLAG,AREA_PROVIDER_COUNT,AREA_TOTAL_BENEFICIARIES,DEMAND_PROXY,AREA_TOTAL_SERVICES,BENEFICIARIES_PER_PROVIDER,DEMAND_PER_PROVIDER,REQUIRED_PROVIDERS,PROVIDER_SHORTAGE,ADEQUACY_SCORE,DEMAND_PRESSURE_SCORE,SERVICES_PER_BENEFICIARY,UTILIZATION_PRESSURE_SCORE,AREA_RISK_SCORE,RISK_SCORE,ACCESS_LEVEL,RECOMMENDED_ADDITIONAL_PROVIDERS,BENEFICIARY_SHARE_OF_AREA,SERVICE_SHARE_OF_AREA,PROVIDER_RISK_SCORE,UTILIZATION_INTENSITY_SCORE,CAPACITY_LOAD_INDEX
1800000001,GOMEZ FATIMA,Cardiology,Heart Disease,Cardiovascular Imaging,No,ADVANCED CARDIOLOGY CENTER - FLINT,MI,48540,26049,Genesee County,4823,16288.1,2.8019,8.4,25.32,0,7,40243,40243.0,142202.1,5749.0,5749.0,7,0,100.0,34.67,3.3772,78.67,55.63,28.81,ADEQUATE,0,0.119847,0.114542,83.4,48.12,689.0
1800000002,REED MAYA,Cardiology,Heart Disease,Cardiovascular Imaging,Yes,CARDIAC WELLNESS GROUP - DAVISON,MI,48578,26049,Genesee County,3743,14578.9,2.5763,10.3,44.97,1,7,40243,40243.0,142202.1,5749.0,5749.0,7,0,100.0,34.67,3.895,78.67,55.63,28.81,ADEQUATE,0,0.09301,0.102522,71.55,64.08,534.71
1800000003,YOUNG THOMAS,Cardiology,Heart Disease,Cardiovascular Imaging,Yes,HEARTCARE SPECIALISTS - BURTON,MI,48568,26049,Genesee County,5562,21722.9,1.9692,5.4,51.31,1,7,40243,40243.0,142202.1,5749.0,5749.0,7,0,100.0,34.67,3.9056,78.67,55.63,28.81,ADEQUATE,0,0.13821,0.152761,29.8,22.45,794.57
1800000004,JACKSON AMELIA,Cardiology,Heart Disease,Cardiovascular Imaging,Yes,HEARTCARE SPECIALISTS - BURTON,MI,48532,26049,Genesee County,7361,24079.2,2.0055,9.3,40.15,1,7,40243,40243.0,142202.1,5749.0,5749.0,7,0,100.0,34.67,3.2712,78.67,55.63,28.81,ADEQUATE,0,0.182914,0.169331,31.87,55.35,1051.57
1800000005,ROBERTS HANNAH,Cardiology,Heart Disease,Geriatric Medicine,No,ADVANCED CARDIOLOGY CENTER - FLINT,MI,48538,26049,Genesee County,6388,17135.1,2.4248,10.5,42.13,0,7,40243,40243.0,142202.1,5749.0,5749.0,7,0,100.0,34.67,2.6824,78.67,55.63,28.81,ADEQUATE,0,0.158736,0.120498,61.55,65.92,912.57
1800000006,ANDERSON NADIA,Cardiology,Heart Disease,Geriatric Medicine,Yes,ADVANCED CARDIOLOGY CENTER - DAVISON,MI,48519,26049,Genesee County,6621,22808.7,2.9835,8.5,42.12,1,7,40243,40243.0,142202.1,5749.0,5749.0,7,0,100.0,34.67,3.4449,78.67,55.63,28.81,ADEQUATE,0,0.164526,0.160396,90.65,49.0,945.86
1800000007,KIM WILLIAM,Cardiology,Heart Disease,Internal Medicine,No,ADVANCED CARDIOLOGY CENTER - DAVISON,MI,48546,26049,Genesee County,5745,25589.2,2.0076,12.1,49.34,0,7,40243,40243.0,142202.1,5749.0,5749.0,7,0,100.0,34.67,4.4542,78.67,55.63,28.81,ADEQUATE,0,0.142758,0.17995,32.0,80.23,820.71
1800000008,EVANS ZOE,Endocrinology,Diabetes,Internal Medicine,No,ENDOCRINE SPECIALISTS GROUP - FLINT,MI,48553,26049,Genesee County,8378,37768.4,2.0174,10.0,55.32,0,7,48919,48919.0,176639.5,6988.428571428572,6988.428571428572,8,1,87.5,64.0,4.508,80.0,15.41,35.94,ADEQUATE,1,0.171263,0.213816,32.95,61.72,1196.86
1800000009,NELSON CARLOS,Endocrinology,Diabetes,Internal Medicine,Yes,METABOLIC HEALTH ASSOCIATES - FLINT,MI,48598,26049,Genesee County,6941,19476.5,2.1315,14.3,67.19,1,7,48919,48919.0,176639.5,6988.428571428572,6988.428571428572,8,1,87.5,64.0,2.806,80.0,15.41,35.94,ADEQUATE,1,0.141888,0.110261,41.22,98.35,991.57
1800000010,WILLIAMS JULIA,Endocrinology,Diabetes,Family Medicine,No,DIABETES CARE CENTER - BURTON,MI,48592,26049,Genesee County,8663,21722.6,2.0617,7.6,68.15,0,7,48919,48919.0,176639.5,6988.428571428572,6988.428571428572,8,1,87.5,64.0,2.5075,80.0,15.41,35.94,ADEQUATE,1,0.177089,0.122977,36.1,41.35,1237.57
1800000011,GARCIA PRIYA,Endocrinology,Diabetes,Family Medicine,Yes,ENDOCRINE SPECIALISTS GROUP - DAVISON,MI,48512,26049,Genesee County,6834,30445.8,2.0715,9.5,58.17,1,7,48919,48919.0,176639.5,6988.428571428572,6988.428571428572,8,1,87.5,64.0,4.455,80.0,15.41,35.94,ADEQUATE,1,0.1397,0.172361,36.8,57.0,976.29
1800000012,PATEL DAVID,Endocrinology,Diabetes,Family Medicine,Yes,ENDOCRINE SPECIALISTS GROUP - FLINT,MI,48584,26049,Genesee County,4663,19555.6,1.9013,7.1,66.02,1,7,48919,48919.0,176639.5,6988.428571428572,6988.428571428572,8,1,87.5,64.0,4.1938,80.0,15.41,35.94,ADEQUATE,1,0.095321,0.110709,25.4,37.05,666.14
1800000013,WRIGHT ELENA,Endocrinology,Diabetes,Internal Medicine,Yes,METABOLIC HEALTH ASSOCIATES - DAVISON,MI,48552,26049,Genesee County,7547,27649.8,1.7356,7.1,58.75,1,7,48919,48919.0,176639.5,6988.428571428572,6988.428571428572,8,1,87.5,64.0,3.6637,80.0,15.41,35.94,ADEQUATE,1,0.154275,0.156532,17.12,37.05,1078.14
1800000014,HARRIS LUCAS,Endocrinology,Diabetes,Family Medicine,Yes,DIABETES CARE CENTER - DAVISON,MI,48597,26049,Genesee County,5893,20020.8,1.7844,9.0,80.95,1,7,48919,48919.0,176639.5,6988.428571428572,6988.428571428572,8,1,87.5,64.0,3.3974,80.0,15.41,35.94,ADEQUATE,1,0.120464,0.113343,19.25,52.6,841.86
1800000015,CLARK MAYA,Psychiatry,Mental Health Disorders,Behavioral Health,Yes,COMMUNITY MENTAL HEALTH CENTER - FLINT,MI,48506,26049,Genesee County,11719,53253.3,2.5087,9.9,76.64,1,6,57727,57727.0,204147.1,9621.166666666666,9621.166666666666,9,3,66.67,93.33,4.5442,100.0,31.05,57.99,LOW GAP,3,0.203007,0.260857,67.45,60.78,1953.17
1800000016,MITCHELL THOMAS,Psychiatry,Mental Health Disorders,Behavioral Health,Yes,COMMUNITY MENTAL HEALTH CENTER - DAVISON,MI,48504,26049,Genesee County,9399,33628.9,2.7927,11.9,70.04,1,6,57727,57727.0,204147.1,9621.166666666666,9621.166666666666,9,3,66.67,93.33,3.5779,100.0,31.05,57.99,LOW GAP,3,0.162818,0.164729,83.1,78.57,1566.5
1800000017,WALKER AMELIA,Psychiatry,Mental Health Disorders,Child & Adolescent Psychiatry,Yes,BEHAVIORAL HEALTH PARTNERS - BURTON,MI,48567,26049,Genesee County,9649,25500.7,1.4916,13.2,69.57,1,6,57727,57727.0,204147.1,9621.166666666666,9621.166666666666,9,3,66.67,93.33,2.6428,100.0,31.05,57.99,LOW GAP,3,0.167149,0.124913,8.35,90.4,1608.17
1800000018,EDWARDS HANNAH,Psychiatry,Mental Health Disorders,Behavioral Health,Yes,COMMUNITY MENTAL HEALTH CENTER - FLINT,MI,48528,26049,Genesee County,6515,17079.9,2.0939,11.7,48.84,1,6,57727,57727.0,204147.1,9621.166666666666,9621.166666666666,9,3,66.67,93.33,2.6216,100.0,31.05,57.99,LOW GAP,3,0.112859,0.083665,38.5,76.32,1085.83
1800000019,MORGAN NADIA,Psychiatry,Mental Health Disorders,Child & Adolescent Psychiatry,Yes,COMMUNITY MENTAL HEALTH CENTER - BURTON,MI,48565,26049,Genesee County,12239,37908.9,1.8781,10.3,39.88,1,6,57727,57727.0,204147.1,9621.166666666666,9621.166666666666,9,3,66.67,93.33,3.0974,100.0,31.05,57.99,LOW GAP,3,0.212015,0.185694,23.85,64.08,2039.83
1800000020,WHITE WILLIAM,Psychiatry,Mental Health Disorders,Behavioral Health,No,PSYCHIATRY CARE ASSOCIATES - BURTON,MI,48531,26049,Genesee County,8206,36775.4,2.0024,9.0,37.64,0,6,57727,57727.0,204147.1,9621.166666666666,9621.166666666666,9,3,66.67,93.33,4.4815,100.0,31.05,57.99,LOW GAP,3,0.142152,0.180142,31.7,52.6,1367.67
1800000021,THOMPSON EMILY,Pulmonary,Respiratory Disease,Critical Care Medicine,Yes,LUNG HEALTH SPECIALISTS - FLINT,MI,48565,26049,Genesee County,4064,18529.5,2.6285,7.7,72.26,1,7,39925,39925.0,159944.2,5703.571428571428,5703.571428571428,7,0,100.0,32.0,4.5594,96.0,66.75,32.41,ADEQUATE,0,0.101791,0.11585,74.65,42.3,580.57
1800000022,CLARK DANIEL,Pulmonary,Respiratory Disease,Internal Medicine,No,LUNG HEALTH SPECIALISTS - BURTON,MI,48523,26049,Genesee County,8061,33143.6,2.6844,10.9,65.34,0,7,39925,39925.0,159944.2,5703.571428571428,5703.571428571428,7,0,100.0,32.0,4.1116,96.0,66.75,32.41,ADEQUATE,0,0.201904,0.20722,77.4,69.27,1151.57
1800000023,MITCHELL KARAN,Pulmonary,Respiratory Disease,Sleep Medicine,Yes,PULMONARY & SLEEP CENTER - DAVISON,MI,48530,26049,Genesee County,4727,19922.3,2.5869,9.6,71.28,1,7,39925,39925.0,159944.2,5703.571428571428,5703.571428571428,7,0,100.0,32.0,4.2146,96.0,66.75,32.41,ADEQUATE,0,0.118397,0.124558,72.05,57.88,675.29
1800000024,WALKER RAHUL,Pulmonary,Respiratory Disease,Critical Care Medicine,No,LUNG HEALTH SPECIALISTS - BURTON,MI,48584,26049,Genesee County,6986,31737.3,2.0788,12.1,30.49,0,7,39925,39925.0,159944.2,5703.571428571428,5703.571428571428,7,0,100.0,32.0,4.543,96.0,66.75,32.41,ADEQUATE,0,0.174978,0.198427,37.35,80.23,998.0
1800000025,EDWARDS SOPHIA,Pulmonary,Respiratory Disease,Sleep Medicine,Yes,LUNG HEALTH SPECIALISTS - FLINT,MI,48564,26049,Genesee County,5238,25003.8,2.4788,12.3,55.07,1,7,39925,39925.0,159944.2,5703.571428571428,5703.571428571428,7,0,100.0,32.0,4.7735,96.0,66.75,32.41,ADEQUATE,0,0.131196,0.156328,65.35,82.12,748.29
1800000026,MORGAN FATIMA,Pulmonary,Respiratory Disease,Internal Medicine,Yes,PULMONARY & SLEEP CENTER - FLINT,MI,48570,26049,Genesee County,6242,19221.9,2.2131,10.9,55.49,1,7,39925,39925.0,159944.2,5703.571428571428,5703.571428571428,7,0,100.0,32.0,3.0794,96.0,66.75,32.41,ADEQUATE,0,0.156343,0.120179,47.75,69.27,891.71
1800000027,WHITE MAYA,Pulmonary,Respiratory Disease,Sleep Medicine,No,PULMONARY & SLEEP CENTER - FLINT,MI,48570,26049,Genesee County,4607,12385.8,2.946,12.6,86.23,0,7,39925,39925.0,159944.2,5703.571428571428,5703.571428571428,7,0,100.0,32.0,2.6885,96.0,66.75,32.41,ADEQUATE,0,0.115391,0.077438,89.4,85.0,658.14
1800000028,SANCHEZ MICHAEL,Rheumatology,Arthritis,Internal Medicine,Yes,ARTHRITIS CARE CENTER - DAVISON,MI,48587,26049,Genesee County,9345,35978.3,1.4963,13.0,59.87,1,6,57149,57149.0,196412.2,9524.833333333334,9524.833333333334,9,3,66.67,92.0,3.85,2.67,28.99,42.75,LOW GAP,3,0.16352,0.183178,8.55,88.8,1557.5
1800000029,BAKER VICTOR,Rheumatology,Arthritis,Geriatric Medicine,No,RHEUMATOLOGY ASSOCIATES - DAVISON,MI,48549,26049,Genesee County,10803,45141.4,2.5065,3.9,46.53,0,6,57149,57149.0,196412.2,9524.833333333334,9524.833333333334,9,3,66.67,92.0,4.1786,2.67,28.99,42.75,LOW GAP,3,0.189032,0.22983,67.35,8.4,1800.5
1800000030,LEE ANIKA,Rheumatology,Arthritis,Internal Medicine,Yes,ARTHRITIS CARE CENTER - FLINT,MI,48584,26049,Genesee County,9771,26826.1,2.2112,5.3,53.45,1,6,57149,57149.0,196412.2,9524.833333333334,9524.833333333334,9,3,66.67,92.0,2.7455,2.67,28.99,42.75,LOW GAP,3,0.170974,0.136581,47.55,21.45,1628.5
1800000031,THOMAS ISABEL,Rheumatology,Arthritis,Geriatric Medicine,Yes,MUSCULOSKELETAL HEALTH GROUP - BURTON,MI,48593,26049,Genesee County,11093,35891.7,2.2857,8.1,43.89,1,6,57149,57149.0,196412.2,9524.833333333334,9524.833333333334,9,3,66.67,92.0,3.2355,2.67,28.99,42.75,LOW GAP,3,0.194107,0.182737,52.7,45.75,1848.83
1800000032,CARTER NOAH,Rheumatology,Arthritis,Internal Medicine,No,ARTHRITIS CARE CENTER - FLINT,MI,48566,26049,Genesee County,10125,32297.4,1.9723,9.1,70.67,0,6,57149,57149.0,196412.2,9524.833333333334,9524.833333333334,9,3,66.67,92.0,3.1899,2.67,28.99,42.75,LOW GAP,3,0.177168,0.164437,30.15,53.65,1687.5
1800000033,MILLER ZOE,Rheumatology,Arthritis,Geriatric Medicine,Yes,MUSCULOSKELETAL HEALTH GROUP - BURTON,MI,48509,26049,Genesee County,6012,20277.3,2.1613,4.5,50.46,1,6,57149,57149.0,196412.2,9524.833333333334,9524.833333333334,9,3,66.67,92.0,3.3728,2.67,28.99,42.75,LOW GAP,3,0.105199,0.103238,43.55,13.9,1002.0
1800000034,JOHNSON DAVID,Cardiology,Heart Disease,Geriatric Medicine,Yes,HEARTCARE SPECIALISTS - OSHTEMO,MI,49004,26077,Kalamazoo County,4376,12903.4,2.348,3.9,80.66,1,5,25171,25171.0,88569.90000000001,5034.2,5034.2,4,0,100.0,13.33,2.9487,45.33,100.0,25.13,ADEQUATE,0,0.173851,0.145686,56.55,8.4,875.2
1800000035,SANCHEZ ELENA,Cardiology,Heart Disease,Internal Medicine,Yes,HEARTCARE SPECIALISTS - OSHTEMO,MI,49034,26077,Kalamazoo County,5810,20122.2,3.68,11.9,47.42,1,5,25171,25171.0,88569.90000000001,5034.2,5034.2,4,0,100.0,13.33,3.4634,45.33,100.0,25.13,ADEQUATE,0,0.230821,0.22719,99.45,78.57,1162.0
1800000036,BAKER LUCAS,Cardiology,Heart Disease,Geriatric Medicine,No,CARDIAC WELLNESS GROUP - PORTAGE,MI,49086,26077,Kalamazoo County,4803,17766.9,3.1262,9.2,52.7,0,5,25171,25171.0,88569.90000000001,5034.2,5034.2,4,0,100.0,13.33,3.6991,45.33,100.0,25.13,ADEQUATE,0,0.190815,0.200597,94.25,54.45,960.6
1800000037,LEE SARAH,Cardiology,Heart Disease,Cardiovascular Imaging,No,HEARTCARE SPECIALISTS - OSHTEMO,MI,49089,26077,Kalamazoo County,5600,25859.8,2.8405,11.9,35.61,0,5,25171,25171.0,88569.90000000001,5034.2,5034.2,4,0,100.0,13.33,4.6178,45.33,100.0,25.13,ADEQUATE,0,0.222478,0.291971,85.2,78.57,1120.0
1800000038,THOMAS AARON,Cardiology,Heart Disease,Internal Medicine,Yes,HEARTCARE SPECIALISTS - OSHTEMO,MI,49041,26077,Kalamazoo County,4582,11917.6,2.3989,6.5,47.88,1,5,25171,25171.0,88569.90000000001,5034.2,5034.2,4,0,100.0,13.33,2.601,45.33,100.0,25.13,ADEQUATE,0,0.182035,0.134556,59.7,31.42,916.4
1800000039,TAYLOR BENJAMIN,Endocrinology,Diabetes,Metabolic Medicine,Yes,DIABETES CARE CENTER - OSHTEMO,MI,49051,26077,Kalamazoo County,7063,30027.6,2.8656,4.7,98.0,1,5,31412,31412.0,121947.3,6282.4,6282.4,5,0,100.0,49.33,4.2514,6.67,78.11,25.05,ADEQUATE,0,0.22485,0.246234,86.5,15.9,1412.6
1800000040,BROWN JAMES,Endocrinology,Diabetes,Internal Medicine,Yes,ENDOCRINE SPECIALISTS GROUP - KALAMAZOO,MI,49053,26077,Kalamazoo County,7454,31625.7,2.4964,11.9,50.23,1,5,31412,31412.0,121947.3,6282.4,6282.4,5,0,100.0,49.33,4.2428,6.67,78.11,25.05,ADEQUATE,0,0.237298,0.259339,66.65,78.57,1490.8
1800000041,MARTIN OLIVIA,Endocrinology,Diabetes,Family Medicine,No,DIABETES CARE CENTER - OSHTEMO,MI,49068,26077,Kalamazoo County,7953,26597.1,2.6969,6.0,97.49,0,5,31412,31412.0,121947.3,6282.4,6282.4,5,0,100.0,49.33,3.3443,6.67,78.11,25.05,ADEQUATE,0,0.253183,0.218103,78.3,27.55,1590.6
1800000042,THOMPSON EMILY,Endocrinology,Diabetes,Internal Medicine,No,DIABETES CARE CENTER - PORTAGE,MI,49056,26077,Kalamazoo County,4752,14414.3,2.477,12.0,81.57,0,5,31412,31412.0,121947.3,6282.4,6282.4,5,0,100.0,49.33,3.0333,6.67,78.11,25.05,ADEQUATE,0,0.15128,0.118201,65.25,79.45,950.4
1800000043,CLARK DANIEL,Endocrinology,Diabetes,Family Medicine,No,ENDOCRINE SPECIALISTS GROUP - KALAMAZOO,MI,49026,26077,Kalamazoo County,4190,19282.6,2.6659,3.3,53.49,0,5,31412,31412.0,121947.3,6282.4,6282.4,5,0,100.0,49.33,4.6021,6.67,78.11,25.05,ADEQUATE,0,0.133389,0.158122,76.38,3.08,838.0
1800000044,CARTER GEORGE,Psychiatry,Mental Health Disorders,Addiction Medicine,Yes,COMMUNITY MENTAL HEALTH CENTER - PORTAGE,MI,49026,26077,Kalamazoo County,7359,18229.1,1.6868,12.5,45.1,1,4,35035,35035.0,125289.2,8758.75,8758.75,6,2,66.67,88.0,2.4771,97.33,0.0,51.6,LOW GAP,2,0.210047,0.145496,14.95,84.02,1839.75
1800000045,MILLER MICHAEL,Psychiatry,Mental Health Disorders,Addiction Medicine,No,COMMUNITY MENTAL HEALTH CENTER - OSHTEMO,MI,49033,26077,Kalamazoo County,9332,36944.4,2.6598,9.3,72.6,0,4,35035,35035.0,125289.2,8758.75,8758.75,6,2,66.67,88.0,3.9589,97.33,0.0,51.6,LOW GAP,2,0.266362,0.294873,76.05,55.35,2333.0
1800000046,TURNER VICTOR,Psychiatry,Mental Health Disorders,Child & Adolescent Psychiatry,No,BEHAVIORAL HEALTH PARTNERS - KALAMAZOO,MI,49019,26077,Kalamazoo County,8874,28795.5,1.1594,12.6,56.02,0,4,35035,35035.0,125289.2,8758.75,8758.75,6,2,66.67,88.0,3.2449,97.33,0.0,51.6,LOW GAP,2,0.25329,0.229832,2.55,85.0,2218.5
1800000047,DAVIS ANIKA,Psychiatry,Mental Health Disorders,Addiction Medicine,Yes,PSYCHIATRY CARE ASSOCIATES - KALAMAZOO,MI,49043,26077,Kalamazoo County,9470,41320.2,1.6534,9.3,52.41,1,4,35035,35035.0,125289.2,8758.75,8758.75,6,2,66.67,88.0,4.3633,97.33,0.0,51.6,LOW GAP,2,0.270301,0.329799,13.75,55.35,2367.5
1800000048,EVANS ELENA,Pulmonary,Respiratory Disease,Critical Care Medicine,Yes,PULMONARY & SLEEP CENTER - KALAMAZOO,MI,49067,26077,Kalamazoo County,4669,11367.7,2.5829,3.3,62.34,1,4,28262,28262.0,92252.2,7065.5,7065.5,5,1,80.0,66.67,2.4347,5.33,23.72,30.02,ADEQUATE,1,0.165204,0.123224,71.85,3.08,1167.25
1800000049,NELSON LUCAS,Pulmonary,Respiratory Disease,Sleep Medicine,Yes,RESPIRATORY CARE GROUP - KALAMAZOO,MI,49090,26077,Kalamazoo County,7541,19622.3,1.877,4.4,67.78,1,4,28262,28262.0,92252.2,7065.5,7065.5,5,1,80.0,66.67,2.6021,5.33,23.72,30.02,ADEQUATE,1,0.266825,0.212703,23.75,12.88,1885.25
1800000050,WILLIAMS SARAH,Pulmonary,Respiratory Disease,Sleep Medicine,Yes,RESPIRATORY CARE GROUP - KALAMAZOO,MI,49089,26077,Kalamazoo County,7607,29506.4,2.0679,9.8,54.85,1,4,28262,28262.0,92252.2,7065.5,7065.5,5,1,80.0,66.67,3.8788,5.33,23.72,30.02,ADEQUATE,1,0.26916,0.319845,36.5,59.9,1901.75
1800000051,GARCIA AARON,Pulmonary,Respiratory Disease,Internal Medicine,Yes,RESPIRATORY CARE GROUP - KALAMAZOO,MI,49020,26077,Kalamazoo County,8445,31755.8,1.6647,12.5,90.14,1,4,28262,28262.0,92252.2,7065.5,7065.5,5,1,80.0,66.67,3.7603,5.33,23.72,30.02,ADEQUATE,1,0.298811,0.344228,14.25,84.02,2111.25
1800000052,HARRIS CARLOS,Rheumatology,Arthritis,Internal Medicine,Yes,ARTHRITIS CARE CENTER - KALAMAZOO,MI,49047,26077,Kalamazoo County,7621,26935.0,2.3938,7.1,77.21,1,4,32314,32314.0,103095.3,8078.5,8078.5,6,2,66.67,77.33,3.5343,61.33,41.29,49.72,LOW GAP,2,0.235842,0.261263,59.32,37.05,1905.25
1800000053,RIVERA JULIA,Rheumatology,Arthritis,Internal Medicine,Yes,MUSCULOSKELETAL HEALTH GROUP - OSHTEMO,MI,49030,26077,Kalamazoo County,6424,25560.3,1.9066,12.2,57.85,1,4,32314,32314.0,103095.3,8078.5,8078.5,6,2,66.67,77.33,3.9789,61.33,41.29,49.72,LOW GAP,2,0.198799,0.247929,25.7,81.25,1606.0
1800000054,ADAMS PRIYA,Rheumatology,Arthritis,Internal Medicine,No,RHEUMATOLOGY ASSOCIATES - OSHTEMO,MI,49074,26077,Kalamazoo County,10496,28932.0,2.286,4.5,31.02,0,4,32314,32314.0,103095.3,8078.5,8078.5,6,2,66.67,77.33,2.7565,61.33,41.29,49.72,LOW GAP,2,0.324813,0.280634,52.75,13.9,2624.0
1800000055,JOHNSON DAVID,Rheumatology,Arthritis,Internal Medicine,Yes,ARTHRITIS CARE CENTER - KALAMAZOO,MI,49084,26077,Kalamazoo County,7773,21668.0,2.3715,11.7,73.9,1,4,32314,32314.0,103095.3,8078.5,8078.5,6,2,66.67,77.33,2.7876,61.33,41.29,49.72,LOW GAP,2,0.240546,0.210174,58.15,76.32,1943.25
1800000056,LEE ANIKA,Cardiology,Heart Disease,Geriatric Medicine,No,ADVANCED CARDIOLOGY CENTER - STERLING HEIGHTS,MI,48093,26099,Macomb County,6563,25887.3,2.3494,7.2,65.58,0,16,83666,83666.0,313702.4,5229.125,5229.125,14,0,100.0,20.0,3.9444,49.33,58.06,21.11,ADEQUATE,0,0.078443,0.082522,56.65,38.15,410.19
1800000057,THOMAS ISABEL,Cardiology,Heart Disease,Geriatric Medicine,Yes,CARDIAC WELLNESS GROUP - STERLING HEIGHTS,MI,48032,26099,Macomb County,3737,17305.9,2.4345,13.4,63.87,1,16,83666,83666.0,313702.4,5229.125,5229.125,14,0,100.0,20.0,4.631,49.33,58.06,21.11,ADEQUATE,0,0.044666,0.055167,62.2,91.75,233.56
1800000058,CARTER NOAH,Cardiology,Heart Disease,Internal Medicine,Yes,CARDIAC WELLNESS GROUP - STERLING HEIGHTS,MI,48024,26099,Macomb County,5101,20474.5,2.7047,9.4,47.84,1,16,83666,83666.0,313702.4,5229.125,5229.125,14,0,100.0,20.0,4.0138,49.33,58.06,21.11,ADEQUATE,0,0.060969,0.065267,78.7,56.2,318.81
1800000059,MILLER ZOE,Cardiology,Heart Disease,Geriatric Medicine,Yes,HEARTCARE SPECIALISTS - MOUNT CLEMENS,MI,48002,26099,Macomb County,4047,11444.6,1.706,6.8,49.92,1,16,83666,83666.0,313702.4,5229.125,5229.125,14,0,100.0,20.0,2.8279,49.33,58.06,21.11,ADEQUATE,0,0.048371,0.036482,15.85,34.12,252.94
1800000060,TURNER CARLOS,Cardiology,Heart Disease,Cardiovascular Imaging,No,HEARTCARE SPECIALISTS - STERLING HEIGHTS,MI,48085,26099,Macomb County,4343,12441.1,2.0707,9.1,32.27,0,16,83666,83666.0,313702.4,5229.125,5229.125,14,0,100.0,20.0,2.8646,49.33,58.06,21.11,ADEQUATE,0,0.051909,0.039659,36.68,53.65,271.44
1800000061,DAVIS JULIA,Cardiology,Heart Disease,Internal Medicine,Yes,ADVANCED CARDIOLOGY CENTER - WARREN,MI,48075,26099,Macomb County,5872,24727.6,2.417,6.1,50.69,1,16,83666,83666.0,313702.4,5229.125,5229.125,14,0,100.0,20.0,4.2111,49.33,58.06,21.11,ADEQUATE,0,0.070184,0.078825,61.1,28.38,367.0
1800000062,MOORE PRIYA,Cardiology,Heart Disease,Geriatric Medicine,Yes,HEARTCARE SPECIALISTS - MOUNT CLEMENS,MI,48042,26099,Macomb County,5690,26608.6,3.4212,3.4,66.03,1,16,83666,83666.0,313702.4,5229.125,5229.125,14,0,100.0,20.0,4.6764,49.33,58.06,21.11,ADEQUATE,0,0.068009,0.084821,98.2,3.98,355.62
1800000063,WATSON DAVID,Cardiology,Heart Disease,Cardiovascular Imaging,Yes,ADVANCED CARDIOLOGY CENTER - STERLING HEIGHTS,MI,48045,26099,Macomb County,3981,9630.1,2.4745,4.9,76.45,1,16,83666,83666.0,313702.4,5229.125,5229.125,14,0,100.0,20.0,2.419,49.33,58.06,21.11,ADEQUATE,0,0.047582,0.030698,65.05,17.95,248.81
1800000064,EVANS ELENA,Cardiology,Heart Disease,Internal Medicine,Yes,HEARTCARE SPECIALISTS - MOUNT CLEMENS,MI,48026,26099,Macomb County,6940,26926.2,2.6593,10.4,66.5,1,16,83666,83666.0,313702.4,5229.125,5229.125,14,0,100.0,20.0,3.8799,49.33,58.06,21.11,ADEQUATE,0,0.082949,0.085834,76.0,64.95,433.75
1800000065,NELSON LUCAS,Cardiology,Heart Disease,Geriatric Medicine,Yes,ADVANCED CARDIOLOGY CENTER - WARREN,MI,48037,26099,Macomb County,4637,18412.6,2.4969,12.8,92.07,1,16,83666,83666.0,313702.4,5229.125,5229.125,14,0,100.0,20.0,3.9708,49.33,58.06,21.11,ADEQUATE,0,0.055423,0.058694,66.7,87.05,289.81
1800000066,WILLIAMS SARAH,Cardiology,Heart Disease,Internal Medicine,Yes,HEARTCARE SPECIALISTS - MOUNT CLEMENS,MI,48034,26099,Macomb County,4473,15542.9,2.8697,9.6,65.37,1,16,83666,83666.0,313702.4,5229.125,5229.125,14,0,100.0,20.0,3.4748,49.33,58.06,21.11,ADEQUATE,0,0.053463,0.049547,86.7,57.88,279.56
1800000067,GARCIA AARON,Cardiology,Heart Disease,Internal Medicine,No,CARDIAC WELLNESS GROUP - MOUNT CLEMENS,MI,48004,26099,Macomb County,5490,21944.6,2.4754,7.5,33.91,0,16,83666,83666.0,313702.4,5229.125,5229.125,14,0,100.0,20.0,3.9972,49.33,58.06,21.11,ADEQUATE,0,0.065618,0.069954,65.15,40.48,343.12
1800000068,PATEL GEORGE,Cardiology,Heart Disease,Cardiovascular Imaging,Yes,ADVANCED CARDIOLOGY CENTER - STERLING HEIGHTS,MI,48030,26099,Macomb County,6871,22446.3,2.3706,13.5,58.37,1,16,83666,83666.0,313702.4,5229.125,5229.125,14,0,100.0,20.0,3.2668,49.33,58.06,21.11,ADEQUATE,0,0.082124,0.071553,58.05,92.65,429.44
1800000069,WRIGHT MICHAEL,Cardiology,Heart Disease,Cardiovascular Imaging,Yes,HEARTCARE SPECIALISTS - WARREN,MI,48052,26099,Macomb County,6193,23967.5,2.1449,12.7,47.09,1,16,83666,83666.0,313702.4,5229.125,5229.125,14,0,100.0,20.0,3.8701,49.33,58.06,21.11,ADEQUATE,0,0.074021,0.076402,42.1,86.02,387.06
1800000070,HARRIS VICTOR,Cardiology,Heart Disease,Internal Medicine,No,CARDIAC WELLNESS GROUP - STERLING HEIGHTS,MI,48092,26099,Macomb County,6164,24650.7,1.8947,10.1,58.08,0,16,83666,83666.0,313702.4,5229.125,5229.125,14,0,100.0,20.0,3.9991,49.33,58.06,21.11,ADEQUATE,0,0.073674,0.07858,25.1,62.52,385.25
1800000071,RIVERA ANIKA,Cardiology,Heart Disease,Internal Medicine,Yes,HEARTCARE SPECIALISTS - MOUNT CLEMENS,MI,48006,26099,Macomb County,3564,11291.9,2.2632,3.1,59.66,1,16,83666,83666.0,313702.4,5229.125,5229.125,14,0,100.0,20.0,3.1683,49.33,58.06,21.11,ADEQUATE,0,0.042598,0.035996,51.0,1.15,222.75
1800000072,TURNER VICTOR,Endocrinology,Diabetes,Internal Medicine,No,ENDOCRINE SPECIALISTS GROUP - MOUNT CLEMENS,MI,48031,26099,Macomb County,7825,32737.8,1.8975,7.5,36.56,0,16,103590,103590.0,372655.4,6474.375,6474.375,17,1,94.12,52.0,4.1837,90.67,54.98,37.49,ADEQUATE,1,0.075538,0.08785,25.15,40.48,489.06
1800000073,DAVIS ANIKA,Endocrinology,Diabetes,Metabolic Medicine,Yes,DIABETES CARE CENTER - STERLING HEIGHTS,MI,48029,26099,Macomb County,8404,24204.8,1.7826,8.4,58.68,1,16,103590,103590.0,372655.4,6474.375,6474.375,17,1,94.12,52.0,2.8802,90.67,54.98,37.49,ADEQUATE,1,0.081128,0.064952,19.1,48.12,525.25
1800000074,MOORE ISABEL,Endocrinology,Diabetes,Metabolic Medicine,No,ENDOCRINE SPECIALISTS GROUP - WARREN,MI,48087,26099,Macomb County,8150,27566.4,2.5438,5.4,61.81,0,16,103590,103590.0,372655.4,6474.375,6474.375,17,1,94.12,52.0,3.3824,90.67,54.98,37.49,ADEQUATE,1,0.078676,0.073973,69.35,22.45,509.38
1800000075,WATSON NOAH,Endocrinology,Diabetes,Metabolic Medicine,No,DIABETES CARE CENTER - WARREN,MI,48082,26099,Macomb County,6773,19996.7,2.8116,4.9,50.96,0,16,103590,103590.0,372655.4,6474.375,6474.375,17,1,94.12,52.0,2.9524,90.67,54.98,37.49,ADEQUATE,1,0.065383,0.05366,83.85,17.95,423.31
1800000076,EVANS ZOE,Endocrinology,Diabetes,Internal Medicine,No,DIABETES CARE CENTER - MOUNT CLEMENS,MI,48042,26099,Macomb County,4532,15375.9,2.7306,11.2,70.77,0,16,103590,103590.0,372655.4,6474.375,6474.375,17,1,94.12,52.0,3.3927,90.67,54.98,37.49,ADEQUATE,1,0.043749,0.04126,80.4,71.95,283.25
1800000077,NELSON CARLOS,Endocrinology,Diabetes,Family Medicine,No,METABOLIC HEALTH ASSOCIATES - WARREN,MI,48008,26099,Macomb County,5353,20892.6,3.2545,10.6,48.1,0,16,103590,103590.0,372655.4,6474.375,6474.375,17,1,94.12,52.0,3.903,90.67,54.98,37.49,ADEQUATE,1,0.051675,0.056064,96.48,66.92,334.56
1800000078,WILLIAMS JULIA,Endocrinology,Diabetes,Family Medicine,Yes,ENDOCRINE SPECIALISTS GROUP - STERLING HEIGHTS,MI,48049,26099,Macomb County,5273,20097.1,2.5416,13.2,73.41,1,16,103590,103590.0,372655.4,6474.375,6474.375,17,1,94.12,52.0,3.8113,90.67,54.98,37.49,ADEQUATE,1,0.050903,0.053929,69.23,90.4,329.56
1800000079,GARCIA PRIYA,Endocrinology,Diabetes,Internal Medicine,Yes,ENDOCRINE SPECIALISTS GROUP - WARREN,MI,48064,26099,Macomb County,5350,20822.5,2.5391,11.4,56.26,1,16,103590,103590.0,372655.4,6474.375,6474.375,17,1,94.12,52.0,3.8921,90.67,54.98,37.49,ADEQUATE,1,0.051646,0.055876,69.15,73.5,334.38
1800000080,PATEL DAVID,Endocrinology,Diabetes,Internal Medicine,No,DIABETES CARE CENTER - MOUNT CLEMENS,MI,48044,26099,Macomb County,5668,24898.6,2.0937,13.0,34.17,0,16,103590,103590.0,372655.4,6474.375,6474.375,17,1,94.12,52.0,4.3928,90.67,54.98,37.49,ADEQUATE,1,0.054716,0.066814,38.4,88.8,354.25
1800000081,WRIGHT ELENA,Endocrinology,Diabetes,Family Medicine,Yes,DIABETES CARE CENTER - MOUNT CLEMENS,MI,48070,26099,Macomb County,6081,24030.1,2.5861,13.7,35.53,1,16,103590,103590.0,372655.4,6474.375,6474.375,17,1,94.12,52.0,3.9517,90.67,54.98,37.49,ADEQUATE,1,0.058703,0.064483,72.0,94.25,380.06
1800000082,HARRIS LUCAS,Endocrinology,Diabetes,Family Medicine,Yes,ENDOCRINE SPECIALISTS GROUP - STERLING HEIGHTS,MI,48055,26099,Macomb County,4917,20961.1,1.7636,10.2,56.64,1,16,103590,103590.0,372655.4,6474.375,6474.375,17,1,94.12,52.0,4.263,90.67,54.98,37.49,ADEQUATE,1,0.047466,0.056248,18.2,63.25,307.31
1800000083,RIVERA SARAH,Endocrinology,Diabetes,Internal Medicine,Yes,METABOLIC HEALTH ASSOCIATES - MOUNT CLEMENS,MI,48036,26099,Macomb County,7498,22812.2,2.4866,12.3,84.36,1,16,103590,103590.0,372655.4,6474.375,6474.375,17,1,94.12,52.0,3.0424,90.67,54.98,37.49,ADEQUATE,1,0.072382,0.061215,65.65,82.12,468.62
1800000084,ADAMS AARON,Endocrinology,Diabetes,Family Medicine,Yes,METABOLIC HEALTH ASSOCIATES - WARREN,MI,48045,26099,Macomb County,5594,15601.8,2.6267,11.0,88.32,1,16,103590,103590.0,372655.4,6474.375,6474.375,17,1,94.12,52.0,2.789,90.67,54.98,37.49,ADEQUATE,1,0.054001,0.041867,74.55,70.08,349.62
1800000085,JOHNSON GEORGE,Endocrinology,Diabetes,Metabolic Medicine,Yes,DIABETES CARE CENTER - STERLING HEIGHTS,MI,48033,26099,Macomb County,7214,22813.5,1.9324,5.5,47.64,1,16,103590,103590.0,372655.4,6474.375,6474.375,17,1,94.12,52.0,3.1624,90.67,54.98,37.49,ADEQUATE,1,0.06964,0.061219,27.1,23.2,450.88
1800000086,SANCHEZ MICHAEL,Endocrinology,Diabetes,Family Medicine,No,METABOLIC HEALTH ASSOCIATES - STERLING HEIGHTS,MI,48096,26099,Macomb County,6878,21574.6,2.4347,12.0,64.85,0,16,103590,103590.0,372655.4,6474.375,6474.375,17,1,94.12,52.0,3.1368,90.67,54.98,37.49,ADEQUATE,1,0.066396,0.057894,62.25,79.45,429.88
1800000087,BAKER VICTOR,Endocrinology,Diabetes,Family Medicine,Yes,DIABETES CARE CENTER - MOUNT CLEMENS,MI,48052,26099,Macomb County,8080,38269.7,2.1903,7.6,56.26,1,16,103590,103590.0,372655.4,6474.375,6474.375,17,1,94.12,52.0,4.7363,90.67,54.98,37.49,ADEQUATE,1,0.078,0.102695,45.8,41.35,505.0
1800000088,EVANS MICHAEL,Psychiatry,Mental Health Disorders,Child & Adolescent Psychiatry,No,BEHAVIORAL HEALTH PARTNERS - MOUNT CLEMENS,MI,48076,26099,Macomb County,7009,27340.4,3.3138,7.3,49.04,0,13,130869,130869.0,489033.7,10066.846153846154,10066.846153846154,21,8,61.9,97.33,3.9008,37.33,39.45,52.99,LOW GAP,8,0.053557,0.055907,97.2,39.15,539.15
1800000089,NELSON VICTOR,Psychiatry,Mental Health Disorders,Addiction Medicine,Yes,COMMUNITY MENTAL HEALTH CENTER - WARREN,MI,48048,26099,Macomb County,8437,29397.4,2.79,13.9,47.85,1,13,130869,130869.0,489033.7,10066.846153846154,10066.846153846154,21,8,61.9,97.33,3.4843,37.33,39.45,52.99,LOW GAP,8,0.064469,0.060113,83.0,95.48,649.0
1800000090,WILLIAMS ANIKA,Psychiatry,Mental Health Disorders,Behavioral Health,Yes,BEHAVIORAL HEALTH PARTNERS - MOUNT CLEMENS,MI,48014,26099,Macomb County,13011,39842.5,2.2769,7.9,54.99,1,13,130869,130869.0,489033.7,10066.846153846154,10066.846153846154,21,8,61.9,97.33,3.0622,37.33,39.45,52.99,LOW GAP,8,0.09942,0.081472,51.85,44.15,1000.85
1800000091,GARCIA ISABEL,Psychiatry,Mental Health Disorders,Child & Adolescent Psychiatry,Yes,PSYCHIATRY CARE ASSOCIATES - WARREN,MI,48068,26099,Macomb County,12826,49649.5,2.1444,5.3,80.57,1,13,130869,130869.0,489033.7,10066.846153846154,10066.846153846154,21,8,61.9,97.33,3.871,37.33,39.45,52.99,LOW GAP,8,0.098006,0.101526,42.05,21.45,986.62
1800000092,PATEL NOAH,Psychiatry,Mental Health Disorders,Addiction Medicine,No,BEHAVIORAL HEALTH PARTNERS - WARREN,MI,48014,26099,Macomb County,8549,34899.8,1.6844,11.2,67.88,0,13,130869,130869.0,489033.7,10066.846153846154,10066.846153846154,21,8,61.9,97.33,4.0823,37.33,39.45,52.99,LOW GAP,8,0.065325,0.071365,14.85,71.95,657.62
1800000093,WRIGHT ZOE,Psychiatry,Mental Health Disorders,Child & Adolescent Psychiatry,Yes,COMMUNITY MENTAL HEALTH CENTER - STERLING HEIGHTS,MI,48047,26099,Macomb County,12663,41263.1,1.5571,8.9,57.53,1,13,130869,130869.0,489033.7,10066.846153846154,10066.846153846154,21,8,61.9,97.33,3.2586,37.33,39.45,52.99,LOW GAP,8,0.096761,0.084377,10.15,51.8,974.08
1800000094,HARRIS CARLOS,Psychiatry,Mental Health Disorders,Behavioral Health,Yes,PSYCHIATRY CARE ASSOCIATES - STERLING HEIGHTS,MI,48078,26099,Macomb County,8960,40330.6,2.317,11.1,37.96,1,13,130869,130869.0,489033.7,10066.846153846154,10066.846153846154,21,8,61.9,97.33,4.5012,37.33,39.45,52.99,LOW GAP,8,0.068465,0.08247,54.55,70.97,689.23
1800000095,RIVERA JULIA,Psychiatry,Mental Health Disorders,Behavioral Health,Yes,BEHAVIORAL HEALTH PARTNERS - STERLING HEIGHTS,MI,48070,26099,Macomb County,9170,34440.5,1.6413,4.1,55.32,1,13,130869,130869.0,489033.7,10066.846153846154,10066.846153846154,21,8,61.9,97.33,3.7558,37.33,39.45,52.99,LOW GAP,8,0.07007,0.070426,13.08,10.22,705.38
1800000096,ADAMS PRIYA,Psychiatry,Mental Health Disorders,Child & Adolescent Psychiatry,Yes,BEHAVIORAL HEALTH PARTNERS - MOUNT CLEMENS,MI,48090,26099,Macomb County,11797,36920.5,1.301,4.7,58.08,1,13,130869,130869.0,489033.7,10066.846153846154,10066.846153846154,21,8,61.9,97.33,3.1297,37.33,39.45,52.99,LOW GAP,8,0.090144,0.075497,4.15,15.9,907.46
1800000097,JOHNSON DAVID,Psychiatry,Mental Health Disorders,Child & Adolescent Psychiatry,No,COMMUNITY MENTAL HEALTH CENTER - MOUNT CLEMENS,MI,48009,26099,Macomb County,8775,40206.7,2.6894,13.6,76.22,0,13,130869,130869.0,489033.7,10066.846153846154,10066.846153846154,21,8,61.9,97.33,4.582,37.33,39.45,52.99,LOW GAP,8,0.067052,0.082217,77.8,93.52,675.0
1800000098,SANCHEZ ELENA,Psychiatry,Mental Health Disorders,Child & Adolescent Psychiatry,Yes,PSYCHIATRY CARE ASSOCIATES - WARREN,MI,48001,26099,Macomb County,8825,32440.4,2.4944,11.4,38.5,1,13,130869,130869.0,489033.7,10066.846153846154,10066.846153846154,21,8,61.9,97.33,3.676,37.33,39.45,52.99,LOW GAP,8,0.067434,0.066336,66.45,73.5,678.85
1800000099,BAKER LUCAS,Psychiatry,Mental Health Disorders,Behavioral Health,No,COMMUNITY MENTAL HEALTH CENTER - STERLING HEIGHTS,MI,48098,26099,Macomb County,9303,40774.5,2.3085,7.7,36.14,0,13,130869,130869.0,489033.7,10066.846153846154,10066.846153846154,21,8,61.9,97.33,4.3829,37.33,39.45,52.99,LOW GAP,8,0.071086,0.083378,53.97,42.3,715.62
1800000100,LEE SARAH,Psychiatry,Mental Health Disorders,Child & Adolescent Psychiatry,Yes,BEHAVIORAL HEALTH PARTNERS - WARREN,MI,48039,26099,Macomb County,11544,41527.8,2.3344,3.3,36.49,1,13,130869,130869.0,489033.7,10066.846153846154,10066.846153846154,21,8,61.9,97.33,3.5973,37.33,39.45,52.99,LOW GAP,8,0.08821,0.084918,55.4,3.08,888.0
1800000101,THOMPSON NADIA,Pulmonary,Respiratory Disease,Sleep Medicine,Yes,LUNG HEALTH SPECIALISTS - MOUNT CLEMENS,MI,48056,26099,Macomb County,7117,32794.2,2.1896,5.3,53.58,1,15,94200,94200.0,336379.1,6280.0,6280.0,15,0,100.0,48.0,4.6079,85.33,34.42,29.96,ADEQUATE,0,0.075552,0.097492,45.65,21.45,474.47
1800000102,CLARK WILLIAM,Pulmonary,Respiratory Disease,Sleep Medicine,Yes,LUNG HEALTH SPECIALISTS - MOUNT CLEMENS,MI,48093,26099,Macomb County,6171,15999.5,2.2548,7.5,27.31,1,15,94200,94200.0,336379.1,6280.0,6280.0,15,0,100.0,48.0,2.5927,85.33,34.42,29.96,ADEQUATE,0,0.06551,0.047564,50.55,40.48,411.4
1800000103,MITCHELL BENJAMIN,Pulmonary,Respiratory Disease,Critical Care Medicine,No,RESPIRATORY CARE GROUP - STERLING HEIGHTS,MI,48028,26099,Macomb County,6146,21818.0,2.0782,13.6,38.17,0,15,94200,94200.0,336379.1,6280.0,6280.0,15,0,100.0,48.0,3.55,85.33,34.42,29.96,ADEQUATE,0,0.065244,0.064861,37.25,93.52,409.73
1800000104,WALKER JAMES,Pulmonary,Respiratory Disease,Sleep Medicine,Yes,RESPIRATORY CARE GROUP - STERLING HEIGHTS,MI,48007,26099,Macomb County,4890,20061.1,1.8752,6.9,68.82,1,15,94200,94200.0,336379.1,6280.0,6280.0,15,0,100.0,48.0,4.1025,85.33,34.42,29.96,ADEQUATE,0,0.051911,0.059638,23.6,35.1,326.0
1800000105,EDWARDS OLIVIA,Pulmonary,Respiratory Disease,Internal Medicine,Yes,RESPIRATORY CARE GROUP - MOUNT CLEMENS,MI,48094,26099,Macomb County,5412,19818.1,1.2024,13.9,77.0,1,15,94200,94200.0,336379.1,6280.0,6280.0,15,0,100.0,48.0,3.6619,85.33,34.42,29.96,ADEQUATE,0,0.057452,0.058916,2.95,95.48,360.8
1800000106,MORGAN EMILY,Pulmonary,Respiratory Disease,Sleep Medicine,Yes,PULMONARY & SLEEP CENTER - MOUNT CLEMENS,MI,48041,26099,Macomb County,7258,18143.4,2.21,10.4,64.66,1,15,94200,94200.0,336379.1,6280.0,6280.0,15,0,100.0,48.0,2.4998,85.33,34.42,29.96,ADEQUATE,0,0.077049,0.053937,47.4,64.95,483.87
1800000107,WHITE DANIEL,Pulmonary,Respiratory Disease,Critical Care Medicine,No,LUNG HEALTH SPECIALISTS - WARREN,MI,48099,26099,Macomb County,6462,20570.5,1.9551,8.1,40.53,0,15,94200,94200.0,336379.1,6280.0,6280.0,15,0,100.0,48.0,3.1833,85.33,34.42,29.96,ADEQUATE,0,0.068599,0.061153,28.7,45.75,430.8
1800000108,FOSTER KARAN,Pulmonary,Respiratory Disease,Internal Medicine,No,RESPIRATORY CARE GROUP - STERLING HEIGHTS,MI,48037,26099,Macomb County,7466,24022.6,2.7246,13.5,74.76,0,15,94200,94200.0,336379.1,6280.0,6280.0,15,0,100.0,48.0,3.2176,85.33,34.42,29.96,ADEQUATE,0,0.079257,0.071415,79.95,92.65,497.73
1800000109,PARKER RAHUL,Pulmonary,Respiratory Disease,Internal Medicine,Yes,RESPIRATORY CARE GROUP - WARREN,MI,48026,26099,Macomb County,6860,28609.7,2.7985,11.7,44.78,1,15,94200,94200.0,336379.1,6280.0,6280.0,15,0,100.0,48.0,4.1705,85.33,34.42,29.96,ADEQUATE,0,0.072824,0.085052,83.3,76.32,457.33
1800000110,WILSON SOPHIA,Pulmonary,Respiratory Disease,Critical Care Medicine,Yes,RESPIRATORY CARE GROUP - STERLING HEIGHTS,MI,48068,26099,Macomb County,7446,31782.3,2.9478,8.2,97.94,1,15,94200,94200.0,336379.1,6280.0,6280.0,15,0,100.0,48.0,4.2684,85.33,34.42,29.96,ADEQUATE,0,0.079045,0.094484,89.6,46.48,496.4
1800000111,GOMEZ FATIMA,Pulmonary,Respiratory Disease,Sleep Medicine,No,LUNG HEALTH SPECIALISTS - WARREN,MI,48065,26099,Macomb County,4363,18004.0,2.0036,7.2,75.8,0,15,94200,94200.0,336379.1,6280.0,6280.0,15,0,100.0,48.0,4.1265,85.33,34.42,29.96,ADEQUATE,0,0.046316,0.053523,31.75,38.15,290.87
1800000112,REED MAYA,Pulmonary,Respiratory Disease,Internal Medicine,Yes,LUNG HEALTH SPECIALISTS - MOUNT CLEMENS,MI,48084,26099,Macomb County,6795,25474.0,0.9,3.1,84.69,1,15,94200,94200.0,336379.1,6280.0,6280.0,15,0,100.0,48.0,3.7489,85.33,34.42,29.96,ADEQUATE,0,0.072134,0.07573,0.32,1.15,453.0
1800000113,YOUNG THOMAS,Pulmonary,Respiratory Disease,Sleep Medicine,No,PULMONARY & SLEEP CENTER - STERLING HEIGHTS,MI,48081,26099,Macomb County,6513,16572.0,2.3267,13.2,65.48,0,15,94200,94200.0,336379.1,6280.0,6280.0,15,0,100.0,48.0,2.5444,85.33,34.42,29.96,ADEQUATE,0,0.06914,0.049266,55.1,90.4,434.2
1800000114,JACKSON AMELIA,Pulmonary,Respiratory Disease,Critical Care Medicine,Yes,PULMONARY & SLEEP CENTER - STERLING HEIGHTS,MI,48045,26099,Macomb County,6117,21340.9,2.6645,5.6,65.96,1,15,94200,94200.0,336379.1,6280.0,6280.0,15,0,100.0,48.0,3.4888,85.33,34.42,29.96,ADEQUATE,0,0.064936,0.063443,76.25,23.92,407.8
1800000115,ROBERTS HANNAH,Pulmonary,Respiratory Disease,Internal Medicine,Yes,PULMONARY & SLEEP CENTER - STERLING HEIGHTS,MI,48094,26099,Macomb County,5184,21368.8,2.3387,13.5,40.46,1,15,94200,94200.0,336379.1,6280.0,6280.0,15,0,100.0,48.0,4.1221,85.33,34.42,29.96,ADEQUATE,0,0.055032,0.063526,55.78,92.65,345.6
1800000116,WILLIAMS ANIKA,Rheumatology,Arthritis,Geriatric Medicine,Yes,MUSCULOSKELETAL HEALTH GROUP - MOUNT CLEMENS,MI,48001,26099,Macomb County,11009,44198.6,3.1972,10.4,62.34,1,14,119757,119757.0,412115.3,8554.07142857143,8554.07142857143,19,5,73.68,85.33,4.0148,52.0,32.83,45.9,LOW GAP,5,0.091928,0.107248,95.65,64.95,786.36
1800000117,GARCIA ISABEL,Rheumatology,Arthritis,Pain Medicine,Yes,MUSCULOSKELETAL HEALTH GROUP - MOUNT CLEMENS,MI,48077,26099,Macomb County,6278,17749.0,2.4127,3.0,80.58,1,14,119757,119757.0,412115.3,8554.07142857143,8554.07142857143,19,5,73.68,85.33,2.8272,52.0,32.83,45.9,LOW GAP,5,0.052423,0.043068,60.85,0.3,448.43
1800000118,PATEL NOAH,Rheumatology,Arthritis,Pain Medicine,No,MUSCULOSKELETAL HEALTH GROUP - MOUNT CLEMENS,MI,48004,26099,Macomb County,8890,39485.1,1.7791,9.9,94.75,0,14,119757,119757.0,412115.3,8554.07142857143,8554.07142857143,19,5,73.68,85.33,4.4415,52.0,32.83,45.9,LOW GAP,5,0.074234,0.095811,18.95,60.78,635.0
1800000119,WRIGHT ZOE,Rheumatology,Arthritis,Geriatric Medicine,No,RHEUMATOLOGY ASSOCIATES - WARREN,MI,48081,26099,Macomb County,7489,26293.5,2.4918,13.5,89.89,0,14,119757,119757.0,412115.3,8554.07142857143,8554.07142857143,19,5,73.68,85.33,3.5109,52.0,32.83,45.9,LOW GAP,5,0.062535,0.063801,66.05,92.65,534.93
1800000120,HARRIS CARLOS,Rheumatology,Arthritis,Geriatric Medicine,Yes,RHEUMATOLOGY ASSOCIATES - MOUNT CLEMENS,MI,48003,26099,Macomb County,8821,24313.6,1.317,7.8,53.94,1,14,119757,119757.0,412115.3,8554.07142857143,8554.07142857143,19,5,73.68,85.33,2.7563,52.0,32.83,45.9,LOW GAP,5,0.073657,0.058997,4.6,43.2,630.07
1800000121,RIVERA JULIA,Rheumatology,Arthritis,Internal Medicine,Yes,RHEUMATOLOGY ASSOCIATES - MOUNT CLEMENS,MI,48063,26099,Macomb County,7273,18167.0,2.2818,3.7,39.86,1,14,119757,119757.0,412115.3,8554.07142857143,8554.07142857143,19,5,73.68,85.33,2.4979,52.0,32.83,45.9,LOW GAP,5,0.060731,0.044082,52.3,6.65,519.5
1800000122,ADAMS PRIYA,Rheumatology,Arthritis,Geriatric Medicine,Yes,MUSCULOSKELETAL HEALTH GROUP - MOUNT CLEMENS,MI,48013,26099,Macomb County,8463,26463.4,2.1769,4.8,41.91,1,14,119757,119757.0,412115.3,8554.07142857143,8554.07142857143,19,5,73.68,85.33,3.127,52.0,32.83,45.9,LOW GAP,5,0.070668,0.064214,44.8,16.95,604.5
1800000123,JOHNSON DAVID,Rheumatology,Arthritis,Internal Medicine,Yes,ARTHRITIS CARE CENTER - WARREN,MI,48056,26099,Macomb County,5882,27410.5,1.8865,7.3,52.23,1,14,119757,119757.0,412115.3,8554.07142857143,8554.07142857143,19,5,73.68,85.33,4.6601,52.0,32.83,45.9,LOW GAP,5,0.049116,0.066512,24.3,39.15,420.14
1800000124,SANCHEZ ELENA,Rheumatology,Arthritis,Geriatric Medicine,Yes,RHEUMATOLOGY ASSOCIATES - MOUNT CLEMENS,MI,48006,26099,Macomb County,10554,45714.5,2.0072,4.2,39.07,1,14,119757,119757.0,412115.3,8554.07142857143,8554.07142857143,19,5,73.68,85.33,4.3315,52.0,32.83,45.9,LOW GAP,5,0.088128,0.110926,31.95,11.2,753.86
1800000125,BAKER LUCAS,Rheumatology,Arthritis,Geriatric Medicine,No,MUSCULOSKELETAL HEALTH GROUP - MOUNT CLEMENS,MI,48097,26099,Macomb County,9810,32537.5,2.9,8.5,38.91,0,14,119757,119757.0,412115.3,8554.07142857143,8554.07142857143,19,5,73.68,85.33,3.3168,52.0,32.83,45.9,LOW GAP,5,0.081916,0.078952,87.9,49.0,700.71
1800000126,LEE SARAH,Rheumatology,Arthritis,Internal Medicine,Yes,MUSCULOSKELETAL HEALTH GROUP - WARREN,MI,48008,26099,Macomb County,8520,22344.3,2.3946,12.1,72.24,1,14,119757,119757.0,412115.3,8554.07142857143,8554.07142857143,19,5,73.68,85.33,2.6226,52.0,32.83,45.9,LOW GAP,5,0.071144,0.054219,59.45,80.23,608.57
1800000127,THOMAS AARON,Rheumatology,Arthritis,Pain Medicine,Yes,MUSCULOSKELETAL HEALTH GROUP - WARREN,MI,48067,26099,Macomb County,10182,32641.0,1.4403,12.3,55.39,1,14,119757,119757.0,412115.3,8554.07142857143,8554.07142857143,19,5,73.68,85.33,3.2058,52.0,32.83,45.9,LOW GAP,5,0.085022,0.079204,7.3,82.12,727.29
1800000128,CARTER GEORGE,Rheumatology,Arthritis,Geriatric Medicine,No,RHEUMATOLOGY ASSOCIATES - WARREN,MI,48069,26099,Macomb County,10750,34718.0,1.7281,12.4,58.78,0,14,119757,119757.0,412115.3,8554.07142857143,8554.07142857143,19,5,73.68,85.33,3.2296,52.0,32.83,45.9,LOW GAP,5,0.089765,0.084243,16.55,83.0,767.86
1800000129,MILLER MICHAEL,Rheumatology,Arthritis,Geriatric Medicine,No,MUSCULOSKELETAL HEALTH GROUP - WARREN,MI,48031,26099,Macomb County,5836,20079.3,2.0493,13.0,43.48,0,14,119757,119757.0,412115.3,8554.07142857143,8554.07142857143,19,5,73.68,85.33,3.4406,52.0,32.83,45.9,LOW GAP,5,0.048732,0.048723,35.33,88.8,416.86
1800000130,THOMAS ISABEL,Cardiology,Heart Disease,Geriatric Medicine,Yes,HEARTCARE SPECIALISTS - PONTIAC,MI,48382,26125,Oakland County,6007,18158.9,1.4308,4.4,33.37,1,24,125904,125904.0,452768.5,5246.0,5246.0,20,0,100.0,21.33,3.023,17.33,45.45,14.75,ADEQUATE,0,0.047711,0.040106,6.85,12.88,250.29
1800000131,CARTER NOAH,Cardiology,Heart Disease,Internal Medicine,Yes,ADVANCED CARDIOLOGY CENTER - TROY,MI,48326,26125,Oakland County,5340,24801.5,3.502,5.0,72.87,1,24,125904,125904.0,452768.5,5246.0,5246.0,20,0,100.0,21.33,4.6445,17.33,45.45,14.75,ADEQUATE,0,0.042413,0.054777,98.75,18.8,222.5
1800000132,MILLER ZOE,Cardiology,Heart Disease,Internal Medicine,No,HEARTCARE SPECIALISTS - ROCHESTER HILLS,MI,48380,26125,Oakland County,6424,15703.7,1.9073,4.4,56.55,0,24,125904,125904.0,452768.5,5246.0,5246.0,20,0,100.0,21.33,2.4445,17.33,45.45,14.75,ADEQUATE,0,0.051023,0.034684,25.75,12.88,267.67
1800000133,TURNER CARLOS,Cardiology,Heart Disease,Geriatric Medicine,Yes,ADVANCED CARDIOLOGY CENTER - PONTIAC,MI,48388,26125,Oakland County,3881,10345.5,2.0725,10.7,62.04,1,24,125904,125904.0,452768.5,5246.0,5246.0,20,0,100.0,21.33,2.6657,17.33,45.45,14.75,ADEQUATE,0,0.030825,0.022849,36.85,67.7,161.71
1800000134,DAVIS JULIA,Cardiology,Heart Disease,Internal Medicine,No,HEARTCARE SPECIALISTS - PONTIAC,MI,48351,26125,Oakland County,4679,19934.5,3.021,3.1,8.0,0,24,125904,125904.0,452768.5,5246.0,5246.0,20,0,100.0,21.33,4.2604,17.33,45.45,14.75,ADEQUATE,0,0.037163,0.044028,92.2,1.15,194.96
1800000135,MOORE PRIYA,Cardiology,Heart Disease,Internal Medicine,No,ADVANCED CARDIOLOGY CENTER - SOUTHFIELD,MI,48347,26125,Oakland County,5084,14522.0,1.4716,10.9,74.27,0,24,125904,125904.0,452768.5,5246.0,5246.0,20,0,100.0,21.33,2.8564,17.33,45.45,14.75,ADEQUATE,0,0.04038,0.032074,7.9,69.27,211.83
1800000136,WATSON DAVID,Cardiology,Heart Disease,Geriatric Medicine,No,CARDIAC WELLNESS GROUP - TROY,MI,48333,26125,Oakland County,6450,30147.3,2.3419,12.9,62.77,0,24,125904,125904.0,452768.5,5246.0,5246.0,20,0,100.0,21.33,4.674,17.33,45.45,14.75,ADEQUATE,0,0.05123,0.066584,56.15,87.95,268.75
1800000137,EVANS ELENA,Cardiology,Heart Disease,Internal Medicine,No,HEARTCARE SPECIALISTS - SOUTHFIELD,MI,48371,26125,Oakland County,6734,30000.0,1.6775,9.7,48.97,0,24,125904,125904.0,452768.5,5246.0,5246.0,20,0,100.0,21.33,4.455,17.33,45.45,14.75,ADEQUATE,0,0.053485,0.066259,14.65,58.92,280.58
1800000138,NELSON LUCAS,Cardiology,Heart Disease,Cardiovascular Imaging,Yes,ADVANCED CARDIOLOGY CENTER - ROCHESTER HILLS,MI,48375,26125,Oakland County,5371,14638.3,1.7577,9.2,69.5,1,24,125904,125904.0,452768.5,5246.0,5246.0,20,0,100.0,21.33,2.7254,17.33,45.45,14.75,ADEQUATE,0,0.042659,0.032331,18.1,54.45,223.79
1800000139,WILLIAMS SARAH,Cardiology,Heart Disease,Internal Medicine,Yes,CARDIAC WELLNESS GROUP - TROY,MI,48354,26125,Oakland County,6274,24751.5,2.1909,13.1,46.94,1,24,125904,125904.0,452768.5,5246.0,5246.0,20,0,100.0,21.33,3.9451,17.33,45.45,14.75,ADEQUATE,0,0.049832,0.054667,45.85,89.58,261.42
1800000140,GARCIA AARON,Cardiology,Heart Disease,Internal Medicine,Yes,CARDIAC WELLNESS GROUP - PONTIAC,MI,48362,26125,Oakland County,5572,14407.6,3.1755,6.5,66.0,1,24,125904,125904.0,452768.5,5246.0,5246.0,20,0,100.0,21.33,2.5857,17.33,45.45,14.75,ADEQUATE,0,0.044256,0.031821,95.15,31.42,232.17
1800000141,PATEL GEORGE,Cardiology,Heart Disease,Cardiovascular Imaging,Yes,ADVANCED CARDIOLOGY CENTER - SOUTHFIELD,MI,48303,26125,Oakland County,4108,16664.9,3.4207,8.0,74.16,1,24,125904,125904.0,452768.5,5246.0,5246.0,20,0,100.0,21.33,4.0567,17.33,45.45,14.75,ADEQUATE,0,0.032628,0.036807,98.15,45.08,171.17
1800000142,WRIGHT MICHAEL,Cardiology,Heart Disease,Cardiovascular Imaging,Yes,HEARTCARE SPECIALISTS - PONTIAC,MI,48333,26125,Oakland County,6758,26020.5,1.8209,4.3,39.95,1,24,125904,125904.0,452768.5,5246.0,5246.0,20,0,100.0,21.33,3.8503,17.33,45.45,14.75,ADEQUATE,0,0.053676,0.05747,20.82,12.12,281.58
1800000143,HARRIS VICTOR,Cardiology,Heart Disease,Geriatric Medicine,No,ADVANCED CARDIOLOGY CENTER - TROY,MI,48383,26125,Oakland County,3636,16402.9,2.8222,6.6,77.08,0,24,125904,125904.0,452768.5,5246.0,5246.0,20,0,100.0,21.33,4.5112,17.33,45.45,14.75,ADEQUATE,0,0.028879,0.036228,84.55,32.25,151.5
1800000144,RIVERA ANIKA,Cardiology,Heart Disease,Cardiovascular Imaging,No,CARDIAC WELLNESS GROUP - SOUTHFIELD,MI,48305,26125,Oakland County,6693,22704.7,2.2825,6.0,46.45,0,24,125904,125904.0,452768.5,5246.0,5246.0,20,0,100.0,21.33,3.3923,17.33,45.45,14.75,ADEQUATE,0,0.05316,0.050146,52.35,27.55,278.88
1800000145,ADAMS ISABEL,Cardiology,Heart Disease,Internal Medicine,Yes,ADVANCED CARDIOLOGY CENTER - TROY,MI,48343,26125,Oakland County,6273,22446.5,2.0589,13.6,84.92,1,24,125904,125904.0,452768.5,5246.0,5246.0,20,0,100.0,21.33,3.5783,17.33,45.45,14.75,ADEQUATE,0,0.049824,0.049576,35.85,93.52,261.38
1800000146,JOHNSON NOAH,Cardiology,Heart Disease,Geriatric Medicine,No,CARDIAC WELLNESS GROUP - PONTIAC,MI,48381,26125,Oakland County,6036,26862.7,1.6688,4.0,75.3,0,24,125904,125904.0,452768.5,5246.0,5246.0,20,0,100.0,21.33,4.4504,17.33,45.45,14.75,ADEQUATE,0,0.047941,0.05933,14.42,9.32,251.5
1800000147,SANCHEZ ZOE,Cardiology,Heart Disease,Cardiovascular Imaging,Yes,ADVANCED CARDIOLOGY CENTER - TROY,MI,48395,26125,Oakland County,4781,21259.4,2.1571,11.7,70.36,1,24,125904,125904.0,452768.5,5246.0,5246.0,20,0,100.0,21.33,4.4466,17.33,45.45,14.75,ADEQUATE,0,0.037973,0.046954,43.08,76.32,199.21
1800000148,BAKER CARLOS,Cardiology,Heart Disease,Geriatric Medicine,No,CARDIAC WELLNESS GROUP - TROY,MI,48375,26125,Oakland County,3755,16368.1,2.2852,9.0,64.54,0,24,125904,125904.0,452768.5,5246.0,5246.0,20,0,100.0,21.33,4.359,17.33,45.45,14.75,ADEQUATE,0,0.029824,0.036151,52.5,52.6,156.46
1800000149,LEE JULIA,Cardiology,Heart Disease,Internal Medicine,Yes,HEARTCARE SPECIALISTS - ROCHESTER HILLS,MI,48314,26125,Oakland County,3587,8683.9,2.7415,4.0,22.56,1,24,125904,125904.0,452768.5,5246.0,5246.0,20,0,100.0,21.33,2.4209,17.33,45.45,14.75,ADEQUATE,0,0.02849,0.01918,80.8,9.32,149.46
1800000150,THOMAS PRIYA,Cardiology,Heart Disease,Geriatric Medicine,Yes,HEARTCARE SPECIALISTS - SOUTHFIELD,MI,48326,26125,Oakland County,3683,15008.9,1.3431,6.6,64.52,1,24,125904,125904.0,452768.5,5246.0,5246.0,20,0,100.0,21.33,4.0752,17.33,45.45,14.75,ADEQUATE,0,0.029252,0.033149,5.0,32.25,153.46
1800000151,CARTER DAVID,Cardiology,Heart Disease,Internal Medicine,Yes,HEARTCARE SPECIALISTS - TROY,MI,48316,26125,Oakland County,3343,9556.8,1.3384,9.8,37.53,1,24,125904,125904.0,452768.5,5246.0,5246.0,20,0,100.0,21.33,2.8587,17.33,45.45,14.75,ADEQUATE,0,0.026552,0.021107,4.95,59.9,139.29
1800000152,MILLER ELENA,Cardiology,Heart Disease,Internal Medicine,Yes,ADVANCED CARDIOLOGY CENTER - TROY,MI,48329,26125,Oakland County,5660,14283.3,3.3064,11.3,73.73,1,24,125904,125904.0,452768.5,5246.0,5246.0,20,0,100.0,21.33,2.5236,17.33,45.45,14.75,ADEQUATE,0,0.044955,0.031547,97.1,72.78,235.83
1800000153,TURNER LUCAS,Cardiology,Heart Disease,Cardiovascular Imaging,Yes,CARDIAC WELLNESS GROUP - TROY,MI,48343,26125,Oakland County,5775,19095.1,3.0382,7.1,71.41,1,24,125904,125904.0,452768.5,5246.0,5246.0,20,0,100.0,21.33,3.3065,17.33,45.45,14.75,ADEQUATE,0,0.045868,0.042174,92.8,37.05,240.62
1800000154,JOHNSON DAVID,Endocrinology,Diabetes,Internal Medicine,No,ENDOCRINE SPECIALISTS GROUP - SOUTHFIELD,MI,48321,26125,Oakland County,6502,16363.9,2.2152,6.4,66.18,0,23,147554,147554.0,514999.4,6415.391304347826,6415.391304347826,23,0,100.0,50.67,2.5167,82.67,48.59,32.36,ADEQUATE,0,0.044065,0.031775,47.95,30.63,282.7
1800000155,SANCHEZ ELENA,Endocrinology,Diabetes,Internal Medicine,Yes,ENDOCRINE SPECIALISTS GROUP - PONTIAC,MI,48317,26125,Oakland County,7209,33357.6,2.6696,8.5,50.1,1,23,147554,147554.0,514999.4,6415.391304347826,6415.391304347826,23,0,100.0,50.67,4.6272,82.67,48.59,32.36,ADEQUATE,0,0.048857,0.064772,76.7,49.0,313.43
1800000156,BAKER LUCAS,Endocrinology,Diabetes,Metabolic Medicine,Yes,DIABETES CARE CENTER - PONTIAC,MI,48330,26125,Oakland County,7215,22131.3,3.5976,14.4,34.35,1,23,147554,147554.0,514999.4,6415.391304347826,6415.391304347826,23,0,100.0,50.67,3.0674,82.67,48.59,32.36,ADEQUATE,0,0.048897,0.042973,99.3,99.18,313.7
1800000157,LEE SARAH,Endocrinology,Diabetes,Internal Medicine,Yes,METABOLIC HEALTH ASSOCIATES - TROY,MI,48379,26125,Oakland County,5958,19119.0,2.362,8.4,78.59,1,23,147554,147554.0,514999.4,6415.391304347826,6415.391304347826,23,0,100.0,50.67,3.209,82.67,48.59,32.36,ADEQUATE,0,0.040378,0.037124,57.4,48.12,259.04
1800000158,THOMAS AARON,Endocrinology,Diabetes,Metabolic Medicine,Yes,ENDOCRINE SPECIALISTS GROUP - PONTIAC,MI,48354,26125,Oakland County,5287,15230.5,2.8165,11.5,79.36,1,23,147554,147554.0,514999.4,6415.391304347826,6415.391304347826,23,0,100.0,50.67,2.8807,82.67,48.59,32.36,ADEQUATE,0,0.035831,0.029574,84.25,74.52,229.87
1800000159,CARTER GEORGE,Endocrinology,Diabetes,Family Medicine,Yes,DIABETES CARE CENTER - SOUTHFIELD,MI,48307,26125,Oakland County,7737,29650.6,1.8228,4.6,56.3,1,23,147554,147554.0,514999.4,6415.391304347826,6415.391304347826,23,0,100.0,50.67,3.8323,82.67,48.59,32.36,ADEQUATE,0,0.052435,0.057574,21.0,15.05,336.39
1800000160,MILLER MICHAEL,Endocrinology,Diabetes,Family Medicine,Yes,DIABETES CARE CENTER - PONTIAC,MI,48315,26125,Oakland County,8496,31049.7,2.62,11.1,69.56,1,23,147554,147554.0,514999.4,6415.391304347826,6415.391304347826,23,0,100.0,50.67,3.6546,82.67,48.59,32.36,ADEQUATE,0,0.057579,0.060291,74.2,70.97,369.39
1800000161,TURNER VICTOR,Endocrinology,Diabetes,Metabolic Medicine,No,METABOLIC HEALTH ASSOCIATES - ROCHESTER HILLS,MI,48358,26125,Oakland County,5380,22351.8,2.6227,10.0,62.37,0,23,147554,147554.0,514999.4,6415.391304347826,6415.391304347826,23,0,100.0,50.67,4.1546,82.67,48.59,32.36,ADEQUATE,0,0.036461,0.043402,74.3,61.72,233.91
1800000162,DAVIS ANIKA,Endocrinology,Diabetes,Internal Medicine,Yes,ENDOCRINE SPECIALISTS GROUP - SOUTHFIELD,MI,48376,26125,Oakland County,6010,18781.5,1.9096,12.4,50.87,1,23,147554,147554.0,514999.4,6415.391304347826,6415.391304347826,23,0,100.0,50.67,3.125,82.67,48.59,32.36,ADEQUATE,0,0.040731,0.036469,25.95,83.0,261.3
1800000163,MOORE ISABEL,Endocrinology,Diabetes,Family Medicine,Yes,DIABETES CARE CENTER - ROCHESTER HILLS,MI,48326,26125,Oakland County,4850,17681.0,2.4216,13.1,61.47,1,23,147554,147554.0,514999.4,6415.391304347826,6415.391304347826,23,0,100.0,50.67,3.6456,82.67,48.59,32.36,ADEQUATE,0,0.032869,0.034332,61.25,89.58,210.87
1800000164,WATSON NOAH,Endocrinology,Diabetes,Metabolic Medicine,Yes,ENDOCRINE SPECIALISTS GROUP - PONTIAC,MI,48345,26125,Oakland County,7662,19844.8,1.1833,11.9,21.95,1,23,147554,147554.0,514999.4,6415.391304347826,6415.391304347826,23,0,100.0,50.67,2.59,82.67,48.59,32.36,ADEQUATE,0,0.051927,0.038534,2.85,78.57,333.13
1800000165,EVANS ZOE,Endocrinology,Diabetes,Family Medicine,Yes,METABOLIC HEALTH ASSOCIATES - TROY,MI,48362,26125,Oakland County,6401,28292.2,2.0238,5.0,61.79,1,23,147554,147554.0,514999.4,6415.391304347826,6415.391304347826,23,0,100.0,50.67,4.42,82.67,48.59,32.36,ADEQUATE,0,0.043381,0.054936,33.35,18.8,278.3
1800000166,NELSON CARLOS,Endocrinology,Diabetes,Internal Medicine,Yes,DIABETES CARE CENTER - SOUTHFIELD,MI,48337,26125,Oakland County,4264,17143.2,1.4063,6.5,33.59,1,23,147554,147554.0,514999.4,6415.391304347826,6415.391304347826,23,0,100.0,50.67,4.0205,82.67,48.59,32.36,ADEQUATE,0,0.028898,0.033288,6.4,31.42,185.39
1800000167,WILLIAMS JULIA,Endocrinology,Diabetes,Family Medicine,Yes,METABOLIC HEALTH ASSOCIATES - PONTIAC,MI,48304,26125,Oakland County,7410,22716.6,2.6917,5.6,54.13,1,23,147554,147554.0,514999.4,6415.391304347826,6415.391304347826,23,0,100.0,50.67,3.0657,82.67,48.59,32.36,ADEQUATE,0,0.050219,0.04411,77.92,23.92,322.17
1800000168,GARCIA PRIYA,Endocrinology,Diabetes,Internal Medicine,Yes,ENDOCRINE SPECIALISTS GROUP - SOUTHFIELD,MI,48343,26125,Oakland County,6295,18198.9,2.9337,3.2,57.49,1,23,147554,147554.0,514999.4,6415.391304347826,6415.391304347826,23,0,100.0,50.67,2.891,82.67,48.59,32.36,ADEQUATE,0,0.042662,0.035338,88.85,2.17,273.7
1800000169,PATEL DAVID,Endocrinology,Diabetes,Internal Medicine,Yes,ENDOCRINE SPECIALISTS GROUP - ROCHESTER HILLS,MI,48369,26125,Oakland County,6203,20735.5,1.4302,8.8,71.78,1,23,147554,147554.0,514999.4,6415.391304347826,6415.391304347826,23,0,100.0,50.67,3.3428,82.67,48.59,32.36,ADEQUATE,0,0.042039,0.040263,6.8,51.25,269.7
1800000170,WRIGHT ELENA,Endocrinology,Diabetes,Internal Medicine,Yes,ENDOCRINE SPECIALISTS GROUP - TROY,MI,48377,26125,Oakland County,8070,25883.8,3.3949,14.1,81.03,1,23,147554,147554.0,514999.4,6415.391304347826,6415.391304347826,23,0,100.0,50.67,3.2074,82.67,48.59,32.36,ADEQUATE,0,0.054692,0.05026,97.9,97.02,350.87
1800000171,HARRIS LUCAS,Endocrinology,Diabetes,Family Medicine,No,DIABETES CARE CENTER - SOUTHFIELD,MI,48319,26125,Oakland County,4537,21278.1,2.4288,9.2,69.36,0,23,147554,147554.0,514999.4,6415.391304347826,6415.391304347826,23,0,100.0,50.67,4.6899,82.67,48.59,32.36,ADEQUATE,0,0.030748,0.041317,61.8,54.45,197.26
1800000172,RIVERA SARAH,Endocrinology,Diabetes,Internal Medicine,No,DIABETES CARE CENTER - SOUTHFIELD,MI,48307,26125,Oakland County,4773,18826.8,1.824,8.0,81.84,0,23,147554,147554.0,514999.4,6415.391304347826,6415.391304347826,23,0,100.0,50.67,3.9444,82.67,48.59,32.36,ADEQUATE,0,0.032347,0.036557,21.05,45.08,207.52
1800000173,ADAMS AARON,Endocrinology,Diabetes,Internal Medicine,No,METABOLIC HEALTH ASSOCIATES - SOUTHFIELD,MI,48312,26125,Oakland County,7568,22782.8,1.8988,13.0,65.36,0,23,147554,147554.0,514999.4,6415.391304347826,6415.391304347826,23,0,100.0,50.67,3.0104,82.67,48.59,32.36,ADEQUATE,0,0.05129,0.044238,25.25,88.8,329.04
1800000174,JOHNSON GEORGE,Endocrinology,Diabetes,Internal Medicine,Yes,ENDOCRINE SPECIALISTS GROUP - TROY,MI,48306,26125,Oakland County,6129,28936.5,2.2276,5.9,67.46,1,23,147554,147554.0,514999.4,6415.391304347826,6415.391304347826,23,0,100.0,50.67,4.7212,82.67,48.59,32.36,ADEQUATE,0,0.041537,0.056187,48.7,26.48,266.48
1800000175,SANCHEZ MICHAEL,Endocrinology,Diabetes,Family Medicine,Yes,METABOLIC HEALTH ASSOCIATES - ROCHESTER HILLS,MI,48317,26125,Oakland County,7286,19996.9,2.8954,13.6,95.33,1,23,147554,147554.0,514999.4,6415.391304347826,6415.391304347826,23,0,100.0,50.67,2.7446,82.67,48.59,32.36,ADEQUATE,0,0.049379,0.038829,87.8,93.52,316.78
1800000176,BAKER VICTOR,Endocrinology,Diabetes,Metabolic Medicine,No,DIABETES CARE CENTER - SOUTHFIELD,MI,48324,26125,Oakland County,6312,24646.4,1.9398,7.8,36.8,0,23,147554,147554.0,514999.4,6415.391304347826,6415.391304347826,23,0,100.0,50.67,3.9047,82.67,48.59,32.36,ADEQUATE,0,0.042778,0.047857,27.55,43.2,274.43
1800000177,ROBERTS HANNAH,Psychiatry,Mental Health Disorders,Behavioral Health,Yes,PSYCHIATRY CARE ASSOCIATES - SOUTHFIELD,MI,48364,26125,Oakland County,8459,34868.4,2.2929,14.1,53.91,1,19,191026,191026.0,715191.8,10054.0,10054.0,30,11,63.33,96.0,4.122,68.0,53.05,58.66,LOW GAP,11,0.044282,0.048754,52.9,97.02,445.21
1800000178,ANDERSON NADIA,Psychiatry,Mental Health Disorders,Addiction Medicine,Yes,COMMUNITY MENTAL HEALTH CENTER - TROY,MI,48367,26125,Oakland County,7710,26973.9,3.1499,13.8,58.74,1,19,191026,191026.0,715191.8,10054.0,10054.0,30,11,63.33,96.0,3.4986,68.0,53.05,58.66,LOW GAP,11,0.040361,0.037716,94.55,94.9,405.79
1800000179,KIM WILLIAM,Psychiatry,Mental Health Disorders,Child & Adolescent Psychiatry,No,COMMUNITY MENTAL HEALTH CENTER - TROY,MI,48393,26125,Oakland County,10841,44664.7,2.3586,4.5,52.17,0,19,191026,191026.0,715191.8,10054.0,10054.0,30,11,63.33,96.0,4.12,68.0,53.05,58.66,LOW GAP,11,0.056751,0.062451,57.12,13.9,570.58
1800000180,TAYLOR BENJAMIN,Psychiatry,Mental Health Disorders,Behavioral Health,No,COMMUNITY MENTAL HEALTH CENTER - SOUTHFIELD,MI,48307,26125,Oakland County,8498,39998.7,1.6502,7.0,48.02,0,19,191026,191026.0,715191.8,10054.0,10054.0,30,11,63.33,96.0,4.7068,68.0,53.05,58.66,LOW GAP,11,0.044486,0.055927,13.45,36.02,447.26
1800000181,BROWN JAMES,Psychiatry,Mental Health Disorders,Addiction Medicine,Yes,BEHAVIORAL HEALTH PARTNERS - PONTIAC,MI,48304,26125,Oakland County,9894,24860.9,2.4094,11.4,46.49,1,19,191026,191026.0,715191.8,10054.0,10054.0,30,11,63.33,96.0,2.5127,68.0,53.05,58.66,LOW GAP,11,0.051794,0.034761,60.6,73.5,520.74
1800000182,MARTIN OLIVIA,Psychiatry,Mental Health Disorders,Addiction Medicine,Yes,PSYCHIATRY CARE ASSOCIATES - SOUTHFIELD,MI,48393,26125,Oakland County,12292,41528.3,3.0467,9.4,55.28,1,19,191026,191026.0,715191.8,10054.0,10054.0,30,11,63.33,96.0,3.3785,68.0,53.05,58.66,LOW GAP,11,0.064347,0.058066,93.0,56.2,646.95
1800000183,THOMPSON EMILY,Psychiatry,Mental Health Disorders,Addiction Medicine,Yes,BEHAVIORAL HEALTH PARTNERS - ROCHESTER HILLS,MI,48320,26125,Oakland County,12004,45315.0,2.1802,11.1,43.73,1,19,191026,191026.0,715191.8,10054.0,10054.0,30,11,63.33,96.0,3.775,68.0,53.05,58.66,LOW GAP,11,0.06284,0.063361,45.05,70.97,631.79
1800000184,CLARK DANIEL,Psychiatry,Mental Health Disorders,Behavioral Health,Yes,COMMUNITY MENTAL HEALTH CENTER - TROY,MI,48343,26125,Oakland County,11496,34320.9,2.9232,13.7,53.88,1,19,191026,191026.0,715191.8,10054.0,10054.0,30,11,63.33,96.0,2.9855,68.0,53.05,58.66,LOW GAP,11,0.06018,0.047988,88.55,94.25,605.05
1800000185,MITCHELL KARAN,Psychiatry,Mental Health Disorders,Child & Adolescent Psychiatry,Yes,BEHAVIORAL HEALTH PARTNERS - ROCHESTER HILLS,MI,48330,26125,Oakland County,13055,55524.9,1.833,14.2,46.85,1,19,191026,191026.0,715191.8,10054.0,10054.0,30,11,63.33,96.0,4.2532,68.0,53.05,58.66,LOW GAP,11,0.068341,0.077636,21.35,97.62,687.11
1800000186,WALKER RAHUL,Psychiatry,Mental Health Disorders,Child & Adolescent Psychiatry,No,BEHAVIORAL HEALTH PARTNERS - ROCHESTER HILLS,MI,48393,26125,Oakland County,13058,59118.0,1.3052,4.7,78.32,0,19,191026,191026.0,715191.8,10054.0,10054.0,30,11,63.33,96.0,4.5273,68.0,53.05,58.66,LOW GAP,11,0.068357,0.08266,4.3,15.9,687.26
1800000187,EDWARDS SOPHIA,Psychiatry,Mental Health Disorders,Addiction Medicine,No,COMMUNITY MENTAL HEALTH CENTER - PONTIAC,MI,48305,26125,Oakland County,11677,52552.7,2.2812,5.4,46.69,0,19,191026,191026.0,715191.8,10054.0,10054.0,30,11,63.33,96.0,4.5005,68.0,53.05,58.66,LOW GAP,11,0.061128,0.073481,52.25,22.45,614.58
1800000188,MORGAN FATIMA,Psychiatry,Mental Health Disorders,Behavioral Health,No,COMMUNITY MENTAL HEALTH CENTER - PONTIAC,MI,48382,26125,Oakland County,10034,33019.3,2.6694,9.0,47.23,0,19,191026,191026.0,715191.8,10054.0,10054.0,30,11,63.33,96.0,3.2907,68.0,53.05,58.66,LOW GAP,11,0.052527,0.046168,76.65,52.6,528.11
1800000189,WHITE MAYA,Psychiatry,Mental Health Disorders,Addiction Medicine,Yes,PSYCHIATRY CARE ASSOCIATES - ROCHESTER HILLS,MI,48351,26125,Oakland County,6973,17442.5,2.0933,3.6,80.87,1,19,191026,191026.0,715191.8,10054.0,10054.0,30,11,63.33,96.0,2.5014,68.0,53.05,58.66,LOW GAP,11,0.036503,0.024389,38.35,5.78,367.0
1800000190,FOSTER THOMAS,Psychiatry,Mental Health Disorders,Addiction Medicine,No,PSYCHIATRY CARE ASSOCIATES - TROY,MI,48342,26125,Oakland County,10439,29993.3,1.6045,3.2,90.53,0,19,191026,191026.0,715191.8,10054.0,10054.0,30,11,63.33,96.0,2.8732,68.0,53.05,58.66,LOW GAP,11,0.054647,0.041937,11.7,2.17,549.42
1800000191,PARKER AMELIA,Psychiatry,Mental Health Disorders,Addiction Medicine,Yes,BEHAVIORAL HEALTH PARTNERS - SOUTHFIELD,MI,48316,26125,Oakland County,10209,43046.2,2.5557,13.7,43.86,1,19,191026,191026.0,715191.8,10054.0,10054.0,30,11,63.33,96.0,4.2165,68.0,53.05,58.66,LOW GAP,11,0.053443,0.060188,70.25,94.25,537.32
1800000192,WILSON HANNAH,Psychiatry,Mental Health Disorders,Child & Adolescent Psychiatry,Yes,PSYCHIATRY CARE ASSOCIATES - TROY,MI,48304,26125,Oakland County,6521,29762.9,1.9798,11.0,59.56,1,19,191026,191026.0,715191.8,10054.0,10054.0,30,11,63.33,96.0,4.5642,68.0,53.05,58.66,LOW GAP,11,0.034137,0.041615,30.7,70.08,343.21
1800000193,GOMEZ NADIA,Psychiatry,Mental Health Disorders,Addiction Medicine,Yes,PSYCHIATRY CARE ASSOCIATES - SOUTHFIELD,MI,48310,26125,Oakland County,7360,28956.9,3.1651,5.3,22.59,1,19,191026,191026.0,715191.8,10054.0,10054.0,30,11,63.33,96.0,3.9344,68.0,53.05,58.66,LOW GAP,11,0.038529,0.040488,94.85,21.45,387.37
1800000194,REED WILLIAM,Psychiatry,Mental Health Disorders,Addiction Medicine,Yes,PSYCHIATRY CARE ASSOCIATES - TROY,MI,48333,26125,Oakland County,9033,23453.8,2.9567,11.9,60.28,1,19,191026,191026.0,715191.8,10054.0,10054.0,30,11,63.33,96.0,2.5965,68.0,53.05,58.66,LOW GAP,11,0.047287,0.032794,89.85,78.57,475.42
1800000195,YOUNG BENJAMIN,Psychiatry,Mental Health Disorders,Addiction Medicine,No,COMMUNITY MENTAL HEALTH CENTER - TROY,MI,48387,26125,Oakland County,11473,49790.5,2.5279,4.1,68.34,0,19,191026,191026.0,715191.8,10054.0,10054.0,30,11,63.33,96.0,4.3398,68.0,53.05,58.66,LOW GAP,11,0.06006,0.069618,68.55,10.22,603.84
1800000196,WILLIAMS SARAH,Pulmonary,Respiratory Disease,Sleep Medicine,No,PULMONARY & SLEEP CENTER - ROCHESTER HILLS,MI,48381,26125,Oakland County,7050,32690.2,2.7165,12.4,68.52,0,22,131405,131405.0,476383.2,5972.954545454545,5972.954545454545,21,0,100.0,42.67,4.6369,54.67,52.93,26.81,ADEQUATE,0,0.053651,0.068622,79.25,83.0,320.45
1800000197,GARCIA AARON,Pulmonary,Respiratory Disease,Sleep Medicine,Yes,LUNG HEALTH SPECIALISTS - SOUTHFIELD,MI,48371,26125,Oakland County,5761,19359.1,3.0445,9.3,51.64,1,22,131405,131405.0,476383.2,5972.954545454545,5972.954545454545,21,0,100.0,42.67,3.3604,54.67,52.93,26.81,ADEQUATE,0,0.043842,0.040638,92.9,55.35,261.86
1800000198,PATEL GEORGE,Pulmonary,Respiratory Disease,Internal Medicine,No,RESPIRATORY CARE GROUP - TROY,MI,48325,26125,Oakland County,4562,20893.2,1.9915,10.0,59.71,0,22,131405,131405.0,476383.2,5972.954545454545,5972.954545454545,21,0,100.0,42.67,4.5798,54.67,52.93,26.81,ADEQUATE,0,0.034717,0.043858,31.3,61.72,207.36
1800000199,WRIGHT MICHAEL,Pulmonary,Respiratory Disease,Critical Care Medicine,No,LUNG HEALTH SPECIALISTS - TROY,MI,48369,26125,Oakland County,4771,21112.8,1.4782,4.1,69.62,0,22,131405,131405.0,476383.2,5972.954545454545,5972.954545454545,21,0,100.0,42.67,4.4252,54.67,52.93,26.81,ADEQUATE,0,0.036308,0.044319,8.05,10.22,216.86
1800000200,HARRIS VICTOR,Pulmonary,Respiratory Disease,Sleep Medicine,No,PULMONARY & SLEEP CENTER - TROY,MI,48363,26125,Oakland County,7288,27612.5,2.4621,11.9,50.6,0,22,131405,131405.0,476383.2,5972.954545454545,5972.954545454545,21,0,100.0,42.67,3.7888,54.67,52.93,26.81,ADEQUATE,0,0.055462,0.057963,64.0,78.57,331.27
1800000201,RIVERA ANIKA,Pulmonary,Respiratory Disease,Critical Care Medicine,No,PULMONARY & SLEEP CENTER - ROCHESTER HILLS,MI,48340,26125,Oakland County,6941,30392.0,3.0179,11.2,50.82,0,22,131405,131405.0,476383.2,5972.954545454545,5972.954545454545,21,0,100.0,42.67,4.3786,54.67,52.93,26.81,ADEQUATE,0,0.052821,0.063797,91.95,71.95,315.5
1800000202,ADAMS ISABEL,Pulmonary,Respiratory Disease,Sleep Medicine,No,PULMONARY & SLEEP CENTER - PONTIAC,MI,48376,26125,Oakland County,5283,13519.9,1.2709,13.9,37.41,0,22,131405,131405.0,476383.2,5972.954545454545,5972.954545454545,21,0,100.0,42.67,2.5591,54.67,52.93,26.81,ADEQUATE,0,0.040204,0.02838,3.95,95.48,240.14
1800000203,JOHNSON NOAH,Pulmonary,Respiratory Disease,Critical Care Medicine,Yes,RESPIRATORY CARE GROUP - SOUTHFIELD,MI,48366,26125,Oakland County,8095,30040.1,2.1496,5.9,55.56,1,22,131405,131405.0,476383.2,5972.954545454545,5972.954545454545,21,0,100.0,42.67,3.7109,54.67,52.93,26.81,ADEQUATE,0,0.061603,0.063059,42.55,26.48,367.95
1800000204,SANCHEZ ZOE,Pulmonary,Respiratory Disease,Critical Care Medicine,Yes,PULMONARY & SLEEP CENTER - PONTIAC,MI,48323,26125,Oakland County,4639,18432.8,2.8242,12.6,86.86,1,22,131405,131405.0,476383.2,5972.954545454545,5972.954545454545,21,0,100.0,42.67,3.9734,54.67,52.93,26.81,ADEQUATE,0,0.035303,0.038693,84.6,85.0,210.86
1800000205,BAKER CARLOS,Pulmonary,Respiratory Disease,Critical Care Medicine,No,LUNG HEALTH SPECIALISTS - PONTIAC,MI,48323,26125,Oakland County,7365,18010.6,1.9735,3.1,76.65,0,22,131405,131405.0,476383.2,5972.954545454545,5972.954545454545,21,0,100.0,42.67,2.4454,54.67,52.93,26.81,ADEQUATE,0,0.056048,0.037807,30.2,1.15,334.77
1800000206,LEE JULIA,Pulmonary,Respiratory Disease,Internal Medicine,Yes,PULMONARY & SLEEP CENTER - PONTIAC,MI,48390,26125,Oakland County,5446,14066.9,1.4194,8.6,34.51,1,22,131405,131405.0,476383.2,5972.954545454545,5972.954545454545,21,0,100.0,42.67,2.583,54.67,52.93,26.81,ADEQUATE,0,0.041444,0.029529,6.65,49.78,247.55
1800000207,THOMAS PRIYA,Pulmonary,Respiratory Disease,Internal Medicine,Yes,LUNG HEALTH SPECIALISTS - TROY,MI,48353,26125,Oakland County,5699,20739.1,3.2725,4.6,89.72,1,22,131405,131405.0,476383.2,5972.954545454545,5972.954545454545,21,0,100.0,42.67,3.6391,54.67,52.93,26.81,ADEQUATE,0,0.04337,0.043534,96.8,15.05,259.05
1800000208,CARTER DAVID,Pulmonary,Respiratory Disease,Critical Care Medicine,Yes,PULMONARY & SLEEP CENTER - SOUTHFIELD,MI,48335,26125,Oakland County,5402,13677.1,2.3708,13.1,86.57,1,22,131405,131405.0,476383.2,5972.954545454545,5972.954545454545,21,0,100.0,42.67,2.5319,54.67,52.93,26.81,ADEQUATE,0,0.04111,0.02871,58.1,89.58,245.55
1800000209,MILLER ELENA,Pulmonary,Respiratory Disease,Sleep Medicine,No,RESPIRATORY CARE GROUP - SOUTHFIELD,MI,48375,26125,Oakland County,6537,28567.4,2.5769,5.7,77.56,0,22,131405,131405.0,476383.2,5972.954545454545,5972.954545454545,21,0,100.0,42.67,4.3701,54.67,52.93,26.81,ADEQUATE,0,0.049747,0.059967,71.65,24.7,297.14
1800000210,TURNER LUCAS,Pulmonary,Respiratory Disease,Critical Care Medicine,Yes,RESPIRATORY CARE GROUP - PONTIAC,MI,48320,26125,Oakland County,4075,15904.8,1.9742,3.8,57.42,1,22,131405,131405.0,476383.2,5972.954545454545,5972.954545454545,21,0,100.0,42.67,3.903,54.67,52.93,26.81,ADEQUATE,0,0.031011,0.033387,30.25,7.45,185.23
1800000211,DAVIS SARAH,Pulmonary,Respiratory Disease,Sleep Medicine,Yes,RESPIRATORY CARE GROUP - ROCHESTER HILLS,MI,48318,26125,Oakland County,4213,13215.7,1.8916,12.7,69.51,1,22,131405,131405.0,476383.2,5972.954545454545,5972.954545454545,21,0,100.0,42.67,3.1369,54.67,52.93,26.81,ADEQUATE,0,0.032061,0.027742,24.75,86.02,191.5
1800000212,MOORE AARON,Pulmonary,Respiratory Disease,Internal Medicine,Yes,RESPIRATORY CARE GROUP - ROCHESTER HILLS,MI,48327,26125,Oakland County,6134,24293.4,2.7616,7.6,89.86,1,22,131405,131405.0,476383.2,5972.954545454545,5972.954545454545,21,0,100.0,42.67,3.9604,54.67,52.93,26.81,ADEQUATE,0,0.04668,0.050996,81.65,41.35,278.82
1800000213,WATSON GEORGE,Pulmonary,Respiratory Disease,Critical Care Medicine,No,RESPIRATORY CARE GROUP - SOUTHFIELD,MI,48380,26125,Oakland County,6015,21815.5,1.9384,4.6,48.15,0,22,131405,131405.0,476383.2,5972.954545454545,5972.954545454545,21,0,100.0,42.67,3.6268,54.67,52.93,26.81,ADEQUATE,0,0.045775,0.045794,27.48,15.05,273.41
1800000214,EVANS MICHAEL,Pulmonary,Respiratory Disease,Internal Medicine,Yes,RESPIRATORY CARE GROUP - TROY,MI,48355,26125,Oakland County,6812,21526.6,2.7196,10.5,42.88,1,22,131405,131405.0,476383.2,5972.954545454545,5972.954545454545,21,0,100.0,42.67,3.1601,54.67,52.93,26.81,ADEQUATE,0,0.05184,0.045188,79.45,65.92,309.64
1800000215,NELSON VICTOR,Pulmonary,Respiratory Disease,Critical Care Medicine,Yes,LUNG HEALTH SPECIALISTS - SOUTHFIELD,MI,48343,26125,Oakland County,6667,17668.0,2.3995,5.1,54.04,1,22,131405,131405.0,476383.2,5972.954545454545,5972.954545454545,21,0,100.0,42.67,2.6501,54.67,52.93,26.81,ADEQUATE,0,0.050736,0.037088,59.8,19.58,303.05
1800000216,WILLIAMS ANIKA,Pulmonary,Respiratory Disease,Critical Care Medicine,Yes,LUNG HEALTH SPECIALISTS - PONTIAC,MI,48362,26125,Oakland County,6439,27870.7,2.6438,14.4,60.17,1,22,131405,131405.0,476383.2,5972.954545454545,5972.954545454545,21,0,100.0,42.67,4.3284,54.67,52.93,26.81,ADEQUATE,0,0.049001,0.058505,75.4,99.18,292.68
1800000217,GARCIA ISABEL,Pulmonary,Respiratory Disease,Sleep Medicine,No,RESPIRATORY CARE GROUP - TROY,MI,48308,26125,Oakland County,6211,24974.8,3.159,8.1,49.48,0,22,131405,131405.0,476383.2,5972.954545454545,5972.954545454545,21,0,100.0,42.67,4.0211,54.67,52.93,26.81,ADEQUATE,0,0.047266,0.052426,94.75,45.75,282.32
1800000218,WRIGHT ZOE,Rheumatology,Arthritis,Geriatric Medicine,No,RHEUMATOLOGY ASSOCIATES - SOUTHFIELD,MI,48357,26125,Oakland County,8368,30927.0,2.6963,9.1,46.58,0,21,162401,162401.0,606841.0,7733.380952380952,7733.380952380952,26,5,80.77,73.33,3.6959,24.0,43.24,37.07,ADEQUATE,5,0.051527,0.050964,78.22,53.65,398.48
1800000219,HARRIS CARLOS,Rheumatology,Arthritis,Pain Medicine,Yes,RHEUMATOLOGY ASSOCIATES - TROY,MI,48362,26125,Oakland County,8644,27326.8,2.1336,9.6,44.34,1,21,162401,162401.0,606841.0,7733.380952380952,7733.380952380952,26,5,80.77,73.33,3.1614,24.0,43.24,37.07,ADEQUATE,5,0.053226,0.045031,41.3,57.88,411.62
1800000220,RIVERA JULIA,Rheumatology,Arthritis,Geriatric Medicine,No,RHEUMATOLOGY ASSOCIATES - ROCHESTER HILLS,MI,48324,26125,Oakland County,6644,22420.3,4.1474,7.6,17.72,0,21,162401,162401.0,606841.0,7733.380952380952,7733.380952380952,26,5,80.77,73.33,3.3745,24.0,43.24,37.07,ADEQUATE,5,0.040911,0.036946,100.0,41.35,316.38
1800000221,ADAMS PRIYA,Rheumatology,Arthritis,Pain Medicine,Yes,MUSCULOSKELETAL HEALTH GROUP - PONTIAC,MI,48336,26125,Oakland County,10345,49310.9,2.2845,9.7,81.54,1,21,162401,162401.0,606841.0,7733.380952380952,7733.380952380952,26,5,80.77,73.33,4.7666,24.0,43.24,37.07,ADEQUATE,5,0.0637,0.081258,52.4,58.92,492.62
1800000222,JOHNSON DAVID,Rheumatology,Arthritis,Internal Medicine,Yes,RHEUMATOLOGY ASSOCIATES - TROY,MI,48399,26125,Oakland County,7092,27054.6,2.1044,14.4,23.22,1,21,162401,162401.0,606841.0,7733.380952380952,7733.380952380952,26,5,80.77,73.33,3.8148,24.0,43.24,37.07,ADEQUATE,5,0.04367,0.044583,39.25,99.18,337.71
1800000223,SANCHEZ ELENA,Rheumatology,Arthritis,Internal Medicine,Yes,MUSCULOSKELETAL HEALTH GROUP - SOUTHFIELD,MI,48317,26125,Oakland County,6310,29301.9,1.9384,6.0,37.02,1,21,162401,162401.0,606841.0,7733.380952380952,7733.380952380952,26,5,80.77,73.33,4.6437,24.0,43.24,37.07,ADEQUATE,5,0.038854,0.048286,27.48,27.55,300.48
1800000224,BAKER LUCAS,Rheumatology,Arthritis,Pain Medicine,No,RHEUMATOLOGY ASSOCIATES - PONTIAC,MI,48390,26125,Oakland County,10476,37535.6,1.872,3.6,54.1,0,21,162401,162401.0,606841.0,7733.380952380952,7733.380952380952,26,5,80.77,73.33,3.583,24.0,43.24,37.07,ADEQUATE,5,0.064507,0.061854,23.35,5.78,498.86
1800000225,LEE SARAH,Rheumatology,Arthritis,Geriatric Medicine,Yes,RHEUMATOLOGY ASSOCIATES - SOUTHFIELD,MI,48398,26125,Oakland County,5969,18591.8,2.2093,13.4,22.95,1,21,162401,162401.0,606841.0,7733.380952380952,7733.380952380952,26,5,80.77,73.33,3.1147,24.0,43.24,37.07,ADEQUATE,5,0.036755,0.030637,47.35,91.75,284.24
1800000226,THOMAS AARON,Rheumatology,Arthritis,Pain Medicine,Yes,RHEUMATOLOGY ASSOCIATES - SOUTHFIELD,MI,48365,26125,Oakland County,9323,25007.4,1.9983,4.2,64.1,1,21,162401,162401.0,606841.0,7733.380952380952,7733.380952380952,26,5,80.77,73.33,2.6823,24.0,43.24,37.07,ADEQUATE,5,0.057407,0.041209,31.6,11.2,443.95
1800000227,CARTER GEORGE,Rheumatology,Arthritis,Geriatric Medicine,Yes,MUSCULOSKELETAL HEALTH GROUP - SOUTHFIELD,MI,48315,26125,Oakland County,8544,37099.2,1.401,9.9,62.15,1,21,162401,162401.0,606841.0,7733.380952380952,7733.380952380952,26,5,80.77,73.33,4.3421,24.0,43.24,37.07,ADEQUATE,5,0.052611,0.061135,6.25,60.78,406.86
1800000228,MILLER MICHAEL,Rheumatology,Arthritis,Geriatric Medicine,Yes,MUSCULOSKELETAL HEALTH GROUP - SOUTHFIELD,MI,48329,26125,Oakland County,5541,18414.0,2.0223,11.1,60.68,1,21,162401,162401.0,606841.0,7733.380952380952,7733.380952380952,26,5,80.77,73.33,3.3232,24.0,43.24,37.07,ADEQUATE,5,0.034119,0.030344,33.2,70.97,263.86
1800000229,TURNER VICTOR,Rheumatology,Arthritis,Pain Medicine,Yes,MUSCULOSKELETAL HEALTH GROUP - ROCHESTER HILLS,MI,48323,26125,Oakland County,9795,37756.1,2.0754,3.4,15.03,1,21,162401,162401.0,606841.0,7733.380952380952,7733.380952380952,26,5,80.77,73.33,3.8546,24.0,43.24,37.07,ADEQUATE,5,0.060314,0.062217,37.1,3.98,466.43
1800000230,DAVIS ANIKA,Rheumatology,Arthritis,Geriatric Medicine,No,RHEUMATOLOGY ASSOCIATES - SOUTHFIELD,MI,48304,26125,Oakland County,6768,19545.9,1.8222,13.6,58.49,0,21,162401,162401.0,606841.0,7733.380952380952,7733.380952380952,26,5,80.77,73.33,2.888,24.0,43.24,37.07,ADEQUATE,5,0.041675,0.032209,20.95,93.52,322.29
1800000231,MOORE ISABEL,Rheumatology,Arthritis,Pain Medicine,Yes,ARTHRITIS CARE CENTER - TROY,MI,48328,26125,Oakland County,5295,25356.6,3.1804,7.6,44.06,1,21,162401,162401.0,606841.0,7733.380952380952,7733.380952380952,26,5,80.77,73.33,4.7888,24.0,43.24,37.07,ADEQUATE,5,0.032604,0.041785,95.3,41.35,252.14
1800000232,WATSON NOAH,Rheumatology,Arthritis,Pain Medicine,No,MUSCULOSKELETAL HEALTH GROUP - PONTIAC,MI,48328,26125,Oakland County,7229,23349.4,2.1156,7.0,78.79,0,21,162401,162401.0,606841.0,7733.380952380952,7733.380952380952,26,5,80.77,73.33,3.23,24.0,43.24,37.07,ADEQUATE,5,0.044513,0.038477,39.98,36.02,344.24
1800000233,EVANS ZOE,Rheumatology,Arthritis,Pain Medicine,No,RHEUMATOLOGY ASSOCIATES - TROY,MI,48389,26125,Oakland County,7244,31303.9,2.2954,3.6,49.83,0,21,162401,162401.0,606841.0,7733.380952380952,7733.380952380952,26,5,80.77,73.33,4.3214,24.0,43.24,37.07,ADEQUATE,5,0.044606,0.051585,53.1,5.78,344.95
1800000234,NELSON CARLOS,Rheumatology,Arthritis,Internal Medicine,Yes,RHEUMATOLOGY ASSOCIATES - ROCHESTER HILLS,MI,48319,26125,Oakland County,7988,37646.5,2.3309,3.5,73.43,1,21,162401,162401.0,606841.0,7733.380952380952,7733.380952380952,26,5,80.77,73.33,4.7129,24.0,43.24,37.07,ADEQUATE,5,0.049187,0.062037,55.25,4.85,380.38
1800000235,WILLIAMS JULIA,Rheumatology,Arthritis,Internal Medicine,Yes,MUSCULOSKELETAL HEALTH GROUP - PONTIAC,MI,48354,26125,Oakland County,6867,30085.6,2.9355,10.2,87.68,1,21,162401,162401.0,606841.0,7733.380952380952,7733.380952380952,26,5,80.77,73.33,4.3812,24.0,43.24,37.07,ADEQUATE,5,0.042284,0.049577,89.1,63.25,327.0
1800000236,GARCIA PRIYA,Rheumatology,Arthritis,Pain Medicine,Yes,ARTHRITIS CARE CENTER - SOUTHFIELD,MI,48336,26125,Oakland County,10506,26200.1,1.6645,10.5,61.28,1,21,162401,162401.0,606841.0,7733.380952380952,7733.380952380952,26,5,80.77,73.33,2.4938,24.0,43.24,37.07,ADEQUATE,5,0.064692,0.043175,14.2,65.92,500.29
1800000237,PATEL DAVID,Rheumatology,Arthritis,Internal Medicine,Yes,MUSCULOSKELETAL HEALTH GROUP - TROY,MI,48332,26125,Oakland County,8010,38385.2,2.0155,9.3,54.6,1,21,162401,162401.0,606841.0,7733.380952380952,7733.380952380952,26,5,80.77,73.33,4.7922,24.0,43.24,37.07,ADEQUATE,5,0.049322,0.063254,32.8,55.35,381.43
1800000238,WRIGHT ELENA,Rheumatology,Arthritis,Pain Medicine,No,MUSCULOSKELETAL HEALTH GROUP - PONTIAC,MI,48386,26125,Oakland County,5443,14222.2,2.2313,3.9,42.42,0,21,162401,162401.0,606841.0,7733.380952380952,7733.380952380952,26,5,80.77,73.33,2.6129,24.0,43.24,37.07,ADEQUATE,5,0.033516,0.023436,48.95,8.4,259.19
1800000239,TAYLOR THOMAS,Cardiology,Heart Disease,Cardiovascular Imaging,Yes,CARDIAC WELLNESS GROUP - LIVONIA,MI,48273,26163,Wayne County,3886,16797.4,1.8316,10.4,60.05,1,33,167378,167378.0,590938.1,5072.060606060606,5072.060606060606,27,0,100.0,16.0,4.3225,65.33,33.71,18.86,ADEQUATE,0,0.023217,0.028425,21.3,64.95,117.76
1800000240,BROWN AMELIA,Cardiology,Heart Disease,Cardiovascular Imaging,Yes,HEARTCARE SPECIALISTS - DETROIT,MI,48237,26163,Wayne County,5723,14946.8,1.9475,12.8,43.23,1,33,167378,167378.0,590938.1,5072.060606060606,5072.060606060606,27,0,100.0,16.0,2.6117,65.33,33.71,18.86,ADEQUATE,0,0.034192,0.025293,28.05,87.05,173.42
1800000241,MARTIN HANNAH,Cardiology,Heart Disease,Geriatric Medicine,Yes,ADVANCED CARDIOLOGY CENTER - LINCOLN PARK,MI,48288,26163,Wayne County,6671,25594.7,2.0186,5.8,55.37,1,33,167378,167378.0,590938.1,5072.060606060606,5072.060606060606,27,0,100.0,16.0,3.8367,65.33,33.71,18.86,ADEQUATE,0,0.039856,0.043312,33.05,25.48,202.15
1800000242,THOMPSON NADIA,Cardiology,Heart Disease,Geriatric Medicine,Yes,CARDIAC WELLNESS GROUP - DEARBORN,MI,48234,26163,Wayne County,6317,21255.9,2.0316,8.3,63.3,1,33,167378,167378.0,590938.1,5072.060606060606,5072.060606060606,27,0,100.0,16.0,3.3649,65.33,33.71,18.86,ADEQUATE,0,0.037741,0.03597,34.0,47.32,191.42
1800000243,CLARK WILLIAM,Cardiology,Heart Disease,Internal Medicine,Yes,HEARTCARE SPECIALISTS - LIVONIA,MI,48212,26163,Wayne County,3605,9773.3,3.4554,11.7,84.31,1,33,167378,167378.0,590938.1,5072.060606060606,5072.060606060606,27,0,100.0,16.0,2.711,65.33,33.71,18.86,ADEQUATE,0,0.021538,0.016539,98.55,76.32,109.24
1800000244,MITCHELL BENJAMIN,Cardiology,Heart Disease,Geriatric Medicine,No,CARDIAC WELLNESS GROUP - DEARBORN,MI,48209,26163,Wayne County,5841,19655.6,2.5332,5.7,76.96,0,33,167378,167378.0,590938.1,5072.060606060606,5072.060606060606,27,0,100.0,16.0,3.3651,65.33,33.71,18.86,ADEQUATE,0,0.034897,0.033262,68.77,24.7,177.0
1800000245,WALKER JAMES,Cardiology,Heart Disease,Internal Medicine,Yes,ADVANCED CARDIOLOGY CENTER - LIVONIA,MI,48237,26163,Wayne County,5927,16588.9,1.6052,8.4,68.2,1,33,167378,167378.0,590938.1,5072.060606060606,5072.060606060606,27,0,100.0,16.0,2.7989,65.33,33.71,18.86,ADEQUATE,0,0.035411,0.028072,11.75,48.12,179.61
1800000246,EDWARDS OLIVIA,Cardiology,Heart Disease,Cardiovascular Imaging,No,CARDIAC WELLNESS GROUP - LIVONIA,MI,48234,26163,Wayne County,6795,26390.6,3.3673,6.1,38.71,0,33,167378,167378.0,590938.1,5072.060606060606,5072.060606060606,27,0,100.0,16.0,3.8838,65.33,33.71,18.86,ADEQUATE,0,0.040597,0.044659,97.65,28.38,205.91
1800000247,MORGAN EMILY,Cardiology,Heart Disease,Internal Medicine,Yes,CARDIAC WELLNESS GROUP - DETROIT,MI,48266,26163,Wayne County,5675,27220.0,1.9239,11.8,77.17,1,33,167378,167378.0,590938.1,5072.060606060606,5072.060606060606,27,0,100.0,16.0,4.7965,65.33,33.71,18.86,ADEQUATE,0,0.033905,0.046062,26.75,77.4,171.97
1800000248,WHITE DANIEL,Cardiology,Heart Disease,Geriatric Medicine,Yes,CARDIAC WELLNESS GROUP - DETROIT,MI,48293,26163,Wayne County,4137,19857.2,1.7276,9.3,29.09,1,33,167378,167378.0,590938.1,5072.060606060606,5072.060606060606,27,0,100.0,16.0,4.7999,65.33,33.71,18.86,ADEQUATE,0,0.024717,0.033603,16.5,55.35,125.36
1800000249,FOSTER KARAN,Cardiology,Heart Disease,Internal Medicine,Yes,ADVANCED CARDIOLOGY CENTER - DEARBORN,MI,48259,26163,Wayne County,4133,10853.5,2.4066,10.8,49.41,1,33,167378,167378.0,590938.1,5072.060606060606,5072.060606060606,27,0,100.0,16.0,2.6261,65.33,33.71,18.86,ADEQUATE,0,0.024693,0.018367,60.25,68.47,125.24
1800000250,PARKER RAHUL,Cardiology,Heart Disease,Internal Medicine,Yes,ADVANCED CARDIOLOGY CENTER - DETROIT,MI,48239,26163,Wayne County,6758,18084.4,1.4181,9.5,44.98,1,33,167378,167378.0,590938.1,5072.060606060606,5072.060606060606,27,0,100.0,16.0,2.676,65.33,33.71,18.86,ADEQUATE,0,0.040376,0.030603,6.5,57.0,204.79
1800000251,WILSON SOPHIA,Cardiology,Heart Disease,Internal Medicine,No,HEARTCARE SPECIALISTS - LIVONIA,MI,48239,26163,Wayne County,5648,22042.9,1.4141,4.9,64.23,0,33,167378,167378.0,590938.1,5072.060606060606,5072.060606060606,27,0,100.0,16.0,3.9028,65.33,33.71,18.86,ADEQUATE,0,0.033744,0.037302,6.45,17.95,171.15
1800000252,GOMEZ FATIMA,Cardiology,Heart Disease,Geriatric Medicine,No,ADVANCED CARDIOLOGY CENTER - LINCOLN PARK,MI,48287,26163,Wayne County,3377,9175.1,2.0659,5.2,66.5,0,33,167378,167378.0,590938.1,5072.060606060606,5072.060606060606,27,0,100.0,16.0,2.7169,65.33,33.71,18.86,ADEQUATE,0,0.020176,0.015526,36.4,20.38,102.33
1800000253,REED MAYA,Cardiology,Heart Disease,Geriatric Medicine,Yes,ADVANCED CARDIOLOGY CENTER - LIVONIA,MI,48239,26163,Wayne County,5682,18769.1,2.988,3.5,49.71,1,33,167378,167378.0,590938.1,5072.060606060606,5072.060606060606,27,0,100.0,16.0,3.3033,65.33,33.71,18.86,ADEQUATE,0,0.033947,0.031762,90.7,4.85,172.18
1800000254,YOUNG THOMAS,Cardiology,Heart Disease,Cardiovascular Imaging,Yes,ADVANCED CARDIOLOGY CENTER - DEARBORN,MI,48291,26163,Wayne County,5334,23639.8,2.1901,13.9,70.98,1,33,167378,167378.0,590938.1,5072.060606060606,5072.060606060606,27,0,100.0,16.0,4.4319,65.33,33.71,18.86,ADEQUATE,0,0.031868,0.040004,45.75,95.48,161.64
1800000255,JACKSON AMELIA,Cardiology,Heart Disease,Geriatric Medicine,Yes,ADVANCED CARDIOLOGY CENTER - LINCOLN PARK,MI,48272,26163,Wayne County,5125,19163.4,2.5549,8.9,62.33,1,33,167378,167378.0,590938.1,5072.060606060606,5072.060606060606,27,0,100.0,16.0,3.7392,65.33,33.71,18.86,ADEQUATE,0,0.030619,0.032429,70.2,51.8,155.3
1800000256,ROBERTS HANNAH,Cardiology,Heart Disease,Geriatric Medicine,Yes,CARDIAC WELLNESS GROUP - DEARBORN,MI,48253,26163,Wayne County,4752,13251.7,2.6029,3.7,48.68,1,33,167378,167378.0,590938.1,5072.060606060606,5072.060606060606,27,0,100.0,16.0,2.7887,65.33,33.71,18.86,ADEQUATE,0,0.028391,0.022425,73.0,6.65,144.0
1800000257,ANDERSON NADIA,Cardiology,Heart Disease,Internal Medicine,No,ADVANCED CARDIOLOGY CENTER - LIVONIA,MI,48212,26163,Wayne County,5402,18691.7,2.0164,10.2,70.94,0,33,167378,167378.0,590938.1,5072.060606060606,5072.060606060606,27,0,100.0,16.0,3.4601,65.33,33.71,18.86,ADEQUATE,0,0.032274,0.031631,32.85,63.25,163.7
1800000258,KIM WILLIAM,Cardiology,Heart Disease,Geriatric Medicine,Yes,ADVANCED CARDIOLOGY CENTER - LIVONIA,MI,48285,26163,Wayne County,5519,18351.5,1.7535,3.7,45.19,1,33,167378,167378.0,590938.1,5072.060606060606,5072.060606060606,27,0,100.0,16.0,3.3251,65.33,33.71,18.86,ADEQUATE,0,0.032973,0.031055,17.85,6.65,167.24
1800000259,TAYLOR BENJAMIN,Cardiology,Heart Disease,Internal Medicine,No,ADVANCED CARDIOLOGY CENTER - DEARBORN,MI,48214,26163,Wayne County,3306,14644.6,1.9542,10.3,66.15,0,33,167378,167378.0,590938.1,5072.060606060606,5072.060606060606,27,0,100.0,16.0,4.4297,65.33,33.71,18.86,ADEQUATE,0,0.019752,0.024782,28.65,64.08,100.18
1800000260,BROWN JAMES,Cardiology,Heart Disease,Internal Medicine,Yes,CARDIAC WELLNESS GROUP - DETROIT,MI,48242,26163,Wayne County,6644,27045.1,2.2002,7.8,50.62,1,33,167378,167378.0,590938.1,5072.060606060606,5072.060606060606,27,0,100.0,16.0,4.0706,65.33,33.71,18.86,ADEQUATE,0,0.039695,0.045766,46.45,43.2,201.33
1800000261,MARTIN OLIVIA,Cardiology,Heart Disease,Cardiovascular Imaging,No,CARDIAC WELLNESS GROUP - DEARBORN,MI,48290,26163,Wayne County,6781,24125.8,2.9891,11.5,81.64,0,33,167378,167378.0,590938.1,5072.060606060606,5072.060606060606,27,0,100.0,16.0,3.5579,65.33,33.71,18.86,ADEQUATE,0,0.040513,0.040826,90.85,74.52,205.48
1800000262,THOMPSON EMILY,Cardiology,Heart Disease,Geriatric Medicine,Yes,HEARTCARE SPECIALISTS - LINCOLN PARK,MI,48219,26163,Wayne County,3315,13881.5,1.786,5.6,81.44,1,33,167378,167378.0,590938.1,5072.060606060606,5072.060606060606,27,0,100.0,16.0,4.1875,65.33,33.71,18.86,ADEQUATE,0,0.019805,0.023491,19.3,23.92,100.45
1800000263,CLARK DANIEL,Cardiology,Heart Disease,Internal Medicine,No,CARDIAC WELLNESS GROUP - DETROIT,MI,48221,26163,Wayne County,4984,14861.0,2.739,12.9,10.59,0,33,167378,167378.0,590938.1,5072.060606060606,5072.060606060606,27,0,100.0,16.0,2.9817,65.33,33.71,18.86,ADEQUATE,0,0.029777,0.025148,80.75,87.95,151.03
1800000264,MITCHELL KARAN,Cardiology,Heart Disease,Geriatric Medicine,No,ADVANCED CARDIOLOGY CENTER - DEARBORN,MI,48288,26163,Wayne County,4651,20274.5,3.1678,7.9,75.06,0,33,167378,167378.0,590938.1,5072.060606060606,5072.060606060606,27,0,100.0,16.0,4.3592,65.33,33.71,18.86,ADEQUATE,0,0.027787,0.034309,95.02,44.15,140.94
1800000265,WALKER RAHUL,Cardiology,Heart Disease,Geriatric Medicine,Yes,HEARTCARE SPECIALISTS - DETROIT,MI,48291,26163,Wayne County,5001,14188.9,1.9435,11.2,42.77,1,33,167378,167378.0,590938.1,5072.060606060606,5072.060606060606,27,0,100.0,16.0,2.8372,65.33,33.71,18.86,ADEQUATE,0,0.029878,0.024011,27.68,71.95,151.55
1800000266,EDWARDS SOPHIA,Cardiology,Heart Disease,Internal Medicine,No,CARDIAC WELLNESS GROUP - DEARBORN,MI,48232,26163,Wayne County,4929,19700.8,2.1898,10.5,58.15,0,33,167378,167378.0,590938.1,5072.060606060606,5072.060606060606,27,0,100.0,16.0,3.9969,65.33,33.71,18.86,ADEQUATE,0,0.029448,0.033338,45.7,65.92,149.36
1800000267,MORGAN FATIMA,Cardiology,Heart Disease,Internal Medicine,Yes,CARDIAC WELLNESS GROUP - LINCOLN PARK,MI,48233,26163,Wayne County,5186,20871.9,0.9,12.4,29.21,1,33,167378,167378.0,590938.1,5072.060606060606,5072.060606060606,27,0,100.0,16.0,4.0247,65.33,33.71,18.86,ADEQUATE,0,0.030984,0.03532,0.32,83.0,157.15
1800000268,WHITE MAYA,Cardiology,Heart Disease,Internal Medicine,No,HEARTCARE SPECIALISTS - LIVONIA,MI,48254,26163,Wayne County,4420,14662.7,1.8571,8.5,62.94,0,33,167378,167378.0,590938.1,5072.060606060606,5072.060606060606,27,0,100.0,16.0,3.3174,65.33,33.71,18.86,ADEQUATE,0,0.026407,0.024813,22.68,49.0,133.94
1800000269,FOSTER THOMAS,Cardiology,Heart Disease,Cardiovascular Imaging,Yes,ADVANCED CARDIOLOGY CENTER - LINCOLN PARK,MI,48289,26163,Wayne County,3825,13415.9,1.7283,9.8,36.54,1,33,167378,167378.0,590938.1,5072.060606060606,5072.060606060606,27,0,100.0,16.0,3.5074,65.33,33.71,18.86,ADEQUATE,0,0.022852,0.022703,16.6,59.9,115.91
1800000270,PARKER AMELIA,Cardiology,Heart Disease,Cardiovascular Imaging,Yes,HEARTCARE SPECIALISTS - DETROIT,MI,48210,26163,Wayne County,3563,10143.0,1.2693,11.6,82.31,1,33,167378,167378.0,590938.1,5072.060606060606,5072.060606060606,27,0,100.0,16.0,2.8468,65.33,33.71,18.86,ADEQUATE,0,0.021287,0.017164,3.9,75.5,107.97
1800000271,WILSON HANNAH,Cardiology,Heart Disease,Cardiovascular Imaging,Yes,ADVANCED CARDIOLOGY CENTER - LIVONIA,MI,48276,26163,Wayne County,4466,13018.9,2.5997,10.9,50.42,1,33,167378,167378.0,590938.1,5072.060606060606,5072.060606060606,27,0,100.0,16.0,2.9151,65.33,33.71,18.86,ADEQUATE,0,0.026682,0.022031,72.9,69.27,135.33
1800000272,TURNER LUCAS,Endocrinology,Diabetes,Metabolic Medicine,No,METABOLIC HEALTH ASSOCIATES - DEARBORN,MI,48208,26163,Wayne County,8168,27377.7,2.3014,9.5,74.84,0,32,209393,209393.0,762490.7,6543.53125,6543.53125,33,1,96.97,54.67,3.3518,56.0,34.69,28.63,ADEQUATE,1,0.039008,0.035906,53.5,57.0,255.25
1800000273,DAVIS SARAH,Endocrinology,Diabetes,Family Medicine,Yes,ENDOCRINE SPECIALISTS GROUP - DETROIT,MI,48218,26163,Wayne County,6314,25998.5,2.4022,8.5,60.36,1,32,209393,209393.0,762490.7,6543.53125,6543.53125,33,1,96.97,54.67,4.1176,56.0,34.69,28.63,ADEQUATE,1,0.030154,0.034097,60.0,49.0,197.31
1800000274,MOORE AARON,Endocrinology,Diabetes,Family Medicine,No,METABOLIC HEALTH ASSOCIATES - LIVONIA,MI,48241,26163,Wayne County,5371,15744.5,1.575,5.7,76.08,0,32,209393,209393.0,762490.7,6543.53125,6543.53125,33,1,96.97,54.67,2.9314,56.0,34.69,28.63,ADEQUATE,1,0.02565,0.020649,10.8,24.7,167.84
1800000275,WATSON GEORGE,Endocrinology,Diabetes,Internal Medicine,Yes,ENDOCRINE SPECIALISTS GROUP - LIVONIA,MI,48287,26163,Wayne County,7659,23652.8,3.193,13.5,47.56,1,32,209393,209393.0,762490.7,6543.53125,6543.53125,33,1,96.97,54.67,3.0882,56.0,34.69,28.63,ADEQUATE,1,0.036577,0.03102,95.6,92.65,239.34
1800000276,EVANS MICHAEL,Endocrinology,Diabetes,Internal Medicine,No,METABOLIC HEALTH ASSOCIATES - LINCOLN PARK,MI,48265,26163,Wayne County,8209,31917.5,1.6871,11.2,61.54,0,32,209393,209393.0,762490.7,6543.53125,6543.53125,33,1,96.97,54.67,3.8881,56.0,34.69,28.63,ADEQUATE,1,0.039204,0.04186,15.0,71.95,256.53
1800000277,NELSON VICTOR,Endocrinology,Diabetes,Family Medicine,Yes,ENDOCRINE SPECIALISTS GROUP - LINCOLN PARK,MI,48235,26163,Wayne County,7970,23473.6,1.6098,12.2,64.66,1,32,209393,209393.0,762490.7,6543.53125,6543.53125,33,1,96.97,54.67,2.9452,56.0,34.69,28.63,ADEQUATE,1,0.038062,0.030785,12.0,81.25,249.06
1800000278,WILLIAMS ANIKA,Endocrinology,Diabetes,Internal Medicine,No,METABOLIC HEALTH ASSOCIATES - LINCOLN PARK,MI,48217,26163,Wayne County,8214,34809.3,2.966,14.0,72.38,0,32,209393,209393.0,762490.7,6543.53125,6543.53125,33,1,96.97,54.67,4.2378,56.0,34.69,28.63,ADEQUATE,1,0.039228,0.045652,90.15,96.25,256.69
1800000279,GARCIA ISABEL,Endocrinology,Diabetes,Internal Medicine,Yes,DIABETES CARE CENTER - DETROIT,MI,48284,26163,Wayne County,6421,18139.2,1.854,9.0,72.25,1,32,209393,209393.0,762490.7,6543.53125,6543.53125,33,1,96.97,54.67,2.825,56.0,34.69,28.63,ADEQUATE,1,0.030665,0.023789,22.5,52.6,200.66
1800000280,PATEL NOAH,Endocrinology,Diabetes,Family Medicine,No,METABOLIC HEALTH ASSOCIATES - DETROIT,MI,48224,26163,Wayne County,4333,13643.4,2.0313,11.1,77.36,0,32,209393,209393.0,762490.7,6543.53125,6543.53125,33,1,96.97,54.67,3.1487,56.0,34.69,28.63,ADEQUATE,1,0.020693,0.017893,33.9,70.97,135.41
1800000281,WRIGHT ZOE,Endocrinology,Diabetes,Family Medicine,No,METABOLIC HEALTH ASSOCIATES - DEARBORN,MI,48253,26163,Wayne County,5630,21852.9,1.3063,11.9,74.8,0,32,209393,209393.0,762490.7,6543.53125,6543.53125,33,1,96.97,54.67,3.8815,56.0,34.69,28.63,ADEQUATE,1,0.026887,0.02866,4.35,78.57,175.94
1800000282,HARRIS CARLOS,Endocrinology,Diabetes,Family Medicine,Yes,DIABETES CARE CENTER - DETROIT,MI,48261,26163,Wayne County,7932,24902.7,3.045,3.3,64.94,1,32,209393,209393.0,762490.7,6543.53125,6543.53125,33,1,96.97,54.67,3.1395,56.0,34.69,28.63,ADEQUATE,1,0.037881,0.03266,92.95,3.08,247.88
1800000283,RIVERA JULIA,Endocrinology,Diabetes,Internal Medicine,Yes,DIABETES CARE CENTER - DEARBORN,MI,48209,26163,Wayne County,6074,22118.8,1.9287,3.0,48.7,1,32,209393,209393.0,762490.7,6543.53125,6543.53125,33,1,96.97,54.67,3.6416,56.0,34.69,28.63,ADEQUATE,1,0.029008,0.029009,27.05,0.3,189.81
1800000284,ADAMS PRIYA,Endocrinology,Diabetes,Metabolic Medicine,Yes,ENDOCRINE SPECIALISTS GROUP - LINCOLN PARK,MI,48260,26163,Wayne County,6101,14748.1,2.2544,7.5,44.22,1,32,209393,209393.0,762490.7,6543.53125,6543.53125,33,1,96.97,54.67,2.4173,56.0,34.69,28.63,ADEQUATE,1,0.029137,0.019342,50.5,40.48,190.66
1800000285,JOHNSON DAVID,Endocrinology,Diabetes,Family Medicine,Yes,DIABETES CARE CENTER - LINCOLN PARK,MI,48285,26163,Wayne County,6177,28606.8,1.4796,3.9,38.83,1,32,209393,209393.0,762490.7,6543.53125,6543.53125,33,1,96.97,54.67,4.6312,56.0,34.69,28.63,ADEQUATE,1,0.0295,0.037518,8.1,8.4,193.03
1800000286,SANCHEZ ELENA,Endocrinology,Diabetes,Family Medicine,No,DIABETES CARE CENTER - DETROIT,MI,48231,26163,Wayne County,5141,13542.0,3.0254,3.1,56.94,0,32,209393,209393.0,762490.7,6543.53125,6543.53125,33,1,96.97,54.67,2.6341,56.0,34.69,28.63,ADEQUATE,1,0.024552,0.01776,92.3,1.15,160.66
1800000287,BAKER LUCAS,Endocrinology,Diabetes,Family Medicine,Yes,DIABETES CARE CENTER - DETROIT,MI,48230,26163,Wayne County,6984,32286.2,2.5935,9.7,82.97,1,32,209393,209393.0,762490.7,6543.53125,6543.53125,33,1,96.97,54.67,4.6229,56.0,34.69,28.63,ADEQUATE,1,0.033354,0.042343,72.55,58.92,218.25
1800000288,LEE SARAH,Endocrinology,Diabetes,Family Medicine,Yes,ENDOCRINE SPECIALISTS GROUP - DETROIT,MI,48263,26163,Wayne County,8474,30478.8,1.6141,7.8,15.38,1,32,209393,209393.0,762490.7,6543.53125,6543.53125,33,1,96.97,54.67,3.5967,56.0,34.69,28.63,ADEQUATE,1,0.040469,0.039973,12.2,43.2,264.81
1800000289,THOMAS AARON,Endocrinology,Diabetes,Internal Medicine,Yes,METABOLIC HEALTH ASSOCIATES - DETROIT,MI,48207,26163,Wayne County,7094,33735.0,2.5365,11.2,39.4,1,32,209393,209393.0,762490.7,6543.53125,6543.53125,33,1,96.97,54.67,4.7554,56.0,34.69,28.63,ADEQUATE,1,0.033879,0.044243,69.0,71.95,221.69
1800000290,CARTER GEORGE,Endocrinology,Diabetes,Metabolic Medicine,Yes,DIABETES CARE CENTER - DETROIT,MI,48213,26163,Wayne County,5710,21281.7,0.9729,8.5,76.92,1,32,209393,209393.0,762490.7,6543.53125,6543.53125,33,1,96.97,54.67,3.7271,56.0,34.69,28.63,ADEQUATE,1,0.027269,0.027911,1.1,49.0,178.44
1800000291,MILLER MICHAEL,Endocrinology,Diabetes,Metabolic Medicine,No,METABOLIC HEALTH ASSOCIATES - DETROIT,MI,48248,26163,Wayne County,6360,19837.1,1.5785,5.0,35.95,0,32,209393,209393.0,762490.7,6543.53125,6543.53125,33,1,96.97,54.67,3.119,56.0,34.69,28.63,ADEQUATE,1,0.030374,0.026016,11.0,18.8,198.75
1800000292,TURNER VICTOR,Endocrinology,Diabetes,Family Medicine,No,DIABETES CARE CENTER - LINCOLN PARK,MI,48212,26163,Wayne County,8085,28704.2,1.9765,3.3,31.19,0,32,209393,209393.0,762490.7,6543.53125,6543.53125,33,1,96.97,54.67,3.5503,56.0,34.69,28.63,ADEQUATE,1,0.038612,0.037645,30.6,3.08,252.66
1800000293,DAVIS ANIKA,Endocrinology,Diabetes,Family Medicine,No,ENDOCRINE SPECIALISTS GROUP - DETROIT,MI,48224,26163,Wayne County,4865,15611.8,1.4457,10.5,59.08,0,32,209393,209393.0,762490.7,6543.53125,6543.53125,33,1,96.97,54.67,3.209,56.0,34.69,28.63,ADEQUATE,1,0.023234,0.020475,7.45,65.92,152.03
1800000294,MOORE ISABEL,Endocrinology,Diabetes,Family Medicine,No,METABOLIC HEALTH ASSOCIATES - LINCOLN PARK,MI,48223,26163,Wayne County,7591,34791.7,2.2641,4.5,61.0,0,32,209393,209393.0,762490.7,6543.53125,6543.53125,33,1,96.97,54.67,4.5833,56.0,34.69,28.63,ADEQUATE,1,0.036252,0.045629,51.08,13.9,237.22
1800000295,WATSON NOAH,Endocrinology,Diabetes,Family Medicine,No,METABOLIC HEALTH ASSOCIATES - DEARBORN,MI,48277,26163,Wayne County,4806,17026.3,2.6741,8.8,64.58,0,32,209393,209393.0,762490.7,6543.53125,6543.53125,33,1,96.97,54.67,3.5427,56.0,34.69,28.63,ADEQUATE,1,0.022952,0.02233,76.9,51.25,150.19
1800000296,EVANS ZOE,Endocrinology,Diabetes,Metabolic Medicine,Yes,ENDOCRINE SPECIALISTS GROUP - LIVONIA,MI,48234,26163,Wayne County,4143,19527.0,2.1603,10.3,98.0,1,32,209393,209393.0,762490.7,6543.53125,6543.53125,33,1,96.97,54.67,4.7133,56.0,34.69,28.63,ADEQUATE,1,0.019786,0.025609,43.5,64.08,129.47
1800000297,NELSON CARLOS,Endocrinology,Diabetes,Metabolic Medicine,Yes,METABOLIC HEALTH ASSOCIATES - LINCOLN PARK,MI,48284,26163,Wayne County,4766,21455.2,2.7238,6.7,58.29,1,32,209393,209393.0,762490.7,6543.53125,6543.53125,33,1,96.97,54.67,4.5017,56.0,34.69,28.63,ADEQUATE,1,0.022761,0.028138,79.9,33.12,148.94
1800000298,WILLIAMS JULIA,Endocrinology,Diabetes,Internal Medicine,No,ENDOCRINE SPECIALISTS GROUP - LIVONIA,MI,48241,26163,Wayne County,6491,23558.1,2.2132,14.1,59.78,0,32,209393,209393.0,762490.7,6543.53125,6543.53125,33,1,96.97,54.67,3.6293,56.0,34.69,28.63,ADEQUATE,1,0.030999,0.030896,47.8,97.02,202.84
1800000299,GARCIA PRIYA,Endocrinology,Diabetes,Family Medicine,Yes,ENDOCRINE SPECIALISTS GROUP - LINCOLN PARK,MI,48252,26163,Wayne County,5202,15559.7,1.7694,6.9,44.71,1,32,209393,209393.0,762490.7,6543.53125,6543.53125,33,1,96.97,54.67,2.9911,56.0,34.69,28.63,ADEQUATE,1,0.024843,0.020406,18.6,35.1,162.56
1800000300,PATEL DAVID,Endocrinology,Diabetes,Metabolic Medicine,Yes,DIABETES CARE CENTER - DEARBORN,MI,48237,26163,Wayne County,8384,37041.8,2.0283,12.5,41.2,1,32,209393,209393.0,762490.7,6543.53125,6543.53125,33,1,96.97,54.67,4.4182,56.0,34.69,28.63,ADEQUATE,1,0.04004,0.04858,33.6,84.02,262.0
1800000301,WRIGHT ELENA,Endocrinology,Diabetes,Internal Medicine,Yes,DIABETES CARE CENTER - LIVONIA,MI,48281,26163,Wayne County,7327,30391.3,3.8514,10.9,70.41,1,32,209393,209393.0,762490.7,6543.53125,6543.53125,33,1,96.97,54.67,4.1479,56.0,34.69,28.63,ADEQUATE,1,0.034992,0.039858,99.9,69.27,228.97
1800000302,HARRIS LUCAS,Endocrinology,Diabetes,Metabolic Medicine,No,METABOLIC HEALTH ASSOCIATES - DETROIT,MI,48281,26163,Wayne County,8286,21662.6,2.0966,12.1,74.08,0,32,209393,209393.0,762490.7,6543.53125,6543.53125,33,1,96.97,54.67,2.6144,56.0,34.69,28.63,ADEQUATE,1,0.039572,0.02841,38.8,80.23,258.94
1800000303,RIVERA SARAH,Endocrinology,Diabetes,Family Medicine,No,METABOLIC HEALTH ASSOCIATES - DEARBORN,MI,48242,26163,Wayne County,5111,19014.4,2.2054,11.5,62.52,0,32,209393,209393.0,762490.7,6543.53125,6543.53125,33,1,96.97,54.67,3.7203,56.0,34.69,28.63,ADEQUATE,1,0.024409,0.024937,46.9,74.52,159.72
1800000304,PATEL DAVID,Psychiatry,Mental Health Disorders,Behavioral Health,No,PSYCHIATRY CARE ASSOCIATES - DETROIT,MI,48204,26163,Wayne County,7388,24512.3,1.3069,8.4,58.59,0,27,263321,263321.0,1016332.6,9752.62962962963,9752.62962962963,42,15,64.29,94.67,3.3179,21.33,32.81,47.86,LOW GAP,15,0.028057,0.024118,4.4,48.12,273.63
1800000305,WRIGHT ELENA,Psychiatry,Mental Health Disorders,Child & Adolescent Psychiatry,No,BEHAVIORAL HEALTH PARTNERS - LINCOLN PARK,MI,48281,26163,Wayne County,7281,26396.8,2.9988,4.8,19.75,0,27,263321,263321.0,1016332.6,9752.62962962963,9752.62962962963,42,15,64.29,94.67,3.6254,21.33,32.81,47.86,LOW GAP,15,0.027651,0.025973,91.1,16.95,269.67
1800000306,HARRIS LUCAS,Psychiatry,Mental Health Disorders,Addiction Medicine,No,PSYCHIATRY CARE ASSOCIATES - DEARBORN,MI,48242,26163,Wayne County,9072,38925.5,2.1047,10.6,53.64,0,27,263321,263321.0,1016332.6,9752.62962962963,9752.62962962963,42,15,64.29,94.67,4.2907,21.33,32.81,47.86,LOW GAP,15,0.034452,0.0383,39.3,66.92,336.0
1800000307,RIVERA SARAH,Psychiatry,Mental Health Disorders,Addiction Medicine,Yes,COMMUNITY MENTAL HEALTH CENTER - LINCOLN PARK,MI,48243,26163,Wayne County,8727,39159.0,2.6814,8.2,45.14,1,27,263321,263321.0,1016332.6,9752.62962962963,9752.62962962963,42,15,64.29,94.67,4.4871,21.33,32.81,47.86,LOW GAP,15,0.033142,0.03853,77.25,46.48,323.22
1800000308,ADAMS AARON,Psychiatry,Mental Health Disorders,Addiction Medicine,No,BEHAVIORAL HEALTH PARTNERS - DEARBORN,MI,48234,26163,Wayne County,12353,53336.2,2.5526,12.7,41.61,0,27,263321,263321.0,1016332.6,9752.62962962963,9752.62962962963,42,15,64.29,94.67,4.3177,21.33,32.81,47.86,LOW GAP,15,0.046912,0.052479,70.0,86.02,457.52
1800000309,JOHNSON GEORGE,Psychiatry,Mental Health Disorders,Behavioral Health,Yes,BEHAVIORAL HEALTH PARTNERS - LIVONIA,MI,48257,26163,Wayne County,7965,27149.7,2.1468,3.8,73.78,1,27,263321,263321.0,1016332.6,9752.62962962963,9752.62962962963,42,15,64.29,94.67,3.4086,21.33,32.81,47.86,LOW GAP,15,0.030248,0.026713,42.35,7.45,295.0
1800000310,SANCHEZ MICHAEL,Psychiatry,Mental Health Disorders,Behavioral Health,Yes,COMMUNITY MENTAL HEALTH CENTER - LIVONIA,MI,48257,26163,Wayne County,11392,30682.0,1.1593,3.3,56.18,1,27,263321,263321.0,1016332.6,9752.62962962963,9752.62962962963,42,15,64.29,94.67,2.6933,21.33,32.81,47.86,LOW GAP,15,0.043263,0.030189,2.48,3.08,421.93
1800000311,BAKER VICTOR,Psychiatry,Mental Health Disorders,Addiction Medicine,Yes,COMMUNITY MENTAL HEALTH CENTER - LIVONIA,MI,48298,26163,Wayne County,6888,27449.7,2.0084,13.8,36.74,1,27,263321,263321.0,1016332.6,9752.62962962963,9752.62962962963,42,15,64.29,94.67,3.9851,21.33,32.81,47.86,LOW GAP,15,0.026158,0.027009,32.15,94.9,255.11
1800000312,LEE ANIKA,Psychiatry,Mental Health Disorders,Addiction Medicine,No,COMMUNITY MENTAL HEALTH CENTER - LIVONIA,MI,48276,26163,Wayne County,8304,34334.2,2.5496,8.3,70.27,0,27,263321,263321.0,1016332.6,9752.62962962963,9752.62962962963,42,15,64.29,94.67,4.1347,21.33,32.81,47.86,LOW GAP,15,0.031536,0.033782,69.9,47.32,307.56
1800000313,THOMAS ISABEL,Psychiatry,Mental Health Disorders,Addiction Medicine,Yes,BEHAVIORAL HEALTH PARTNERS - DEARBORN,MI,48299,26163,Wayne County,8834,35419.9,1.7458,3.5,69.36,1,27,263321,263321.0,1016332.6,9752.62962962963,9752.62962962963,42,15,64.29,94.67,4.0095,21.33,32.81,47.86,LOW GAP,15,0.033548,0.034851,17.6,4.85,327.19
1800000314,CARTER NOAH,Psychiatry,Mental Health Disorders,Behavioral Health,Yes,COMMUNITY MENTAL HEALTH CENTER - LINCOLN PARK,MI,48296,26163,Wayne County,10985,52597.0,2.5332,7.3,59.29,1,27,263321,263321.0,1016332.6,9752.62962962963,9752.62962962963,42,15,64.29,94.67,4.7881,21.33,32.81,47.86,LOW GAP,15,0.041717,0.051752,68.77,39.15,406.85
1800000315,MILLER ZOE,Psychiatry,Mental Health Disorders,Behavioral Health,Yes,BEHAVIORAL HEALTH PARTNERS - DETROIT,MI,48284,26163,Wayne County,12469,50692.9,2.0099,11.1,71.56,1,27,263321,263321.0,1016332.6,9752.62962962963,9752.62962962963,42,15,64.29,94.67,4.0655,21.33,32.81,47.86,LOW GAP,15,0.047353,0.049878,32.3,70.97,461.81
1800000316,TURNER CARLOS,Psychiatry,Mental Health Disorders,Behavioral Health,Yes,PSYCHIATRY CARE ASSOCIATES - LINCOLN PARK,MI,48219,26163,Wayne County,8113,23910.6,1.8191,3.4,48.39,1,27,263321,263321.0,1016332.6,9752.62962962963,9752.62962962963,42,15,64.29,94.67,2.9472,21.33,32.81,47.86,LOW GAP,15,0.03081,0.023526,20.7,3.98,300.48
1800000317,DAVIS JULIA,Psychiatry,Mental Health Disorders,Child & Adolescent Psychiatry,Yes,COMMUNITY MENTAL HEALTH CENTER - DETROIT,MI,48236,26163,Wayne County,10233,47834.3,2.4368,14.2,28.61,1,27,263321,263321.0,1016332.6,9752.62962962963,9752.62962962963,42,15,64.29,94.67,4.6745,21.33,32.81,47.86,LOW GAP,15,0.038861,0.047066,62.4,97.62,379.0
1800000318,MOORE PRIYA,Psychiatry,Mental Health Disorders,Child & Adolescent Psychiatry,Yes,BEHAVIORAL HEALTH PARTNERS - DETROIT,MI,48282,26163,Wayne County,11086,50566.8,1.6914,9.2,45.92,1,27,263321,263321.0,1016332.6,9752.62962962963,9752.62962962963,42,15,64.29,94.67,4.5613,21.33,32.81,47.86,LOW GAP,15,0.042101,0.049754,15.1,54.45,410.59
1800000319,WATSON DAVID,Psychiatry,Mental Health Disorders,Child & Adolescent Psychiatry,Yes,PSYCHIATRY CARE ASSOCIATES - DEARBORN,MI,48293,26163,Wayne County,8418,32056.9,1.5666,6.4,60.24,1,27,263321,263321.0,1016332.6,9752.62962962963,9752.62962962963,42,15,64.29,94.67,3.8081,21.33,32.81,47.86,LOW GAP,15,0.031969,0.031542,10.5,30.63,311.78
1800000320,EVANS ELENA,Psychiatry,Mental Health Disorders,Child & Adolescent Psychiatry,Yes,PSYCHIATRY CARE ASSOCIATES - LINCOLN PARK,MI,48221,26163,Wayne County,10250,43685.9,2.0814,8.7,42.1,1,27,263321,263321.0,1016332.6,9752.62962962963,9752.62962962963,42,15,64.29,94.67,4.262,21.33,32.81,47.86,LOW GAP,15,0.038926,0.042984,37.65,50.5,379.63
1800000321,NELSON LUCAS,Psychiatry,Mental Health Disorders,Child & Adolescent Psychiatry,No,BEHAVIORAL HEALTH PARTNERS - DETROIT,MI,48278,26163,Wayne County,8977,42378.8,2.3387,7.7,73.18,0,27,263321,263321.0,1016332.6,9752.62962962963,9752.62962962963,42,15,64.29,94.67,4.7208,21.33,32.81,47.86,LOW GAP,15,0.034091,0.041698,55.78,42.3,332.48
1800000322,WILLIAMS SARAH,Psychiatry,Mental Health Disorders,Behavioral Health,Yes,COMMUNITY MENTAL HEALTH CENTER - DEARBORN,MI,48269,26163,Wayne County,10256,40342.9,2.9203,5.8,49.71,1,27,263321,263321.0,1016332.6,9752.62962962963,9752.62962962963,42,15,64.29,94.67,3.9336,21.33,32.81,47.86,LOW GAP,15,0.038949,0.039695,88.35,25.48,379.85
1800000323,GARCIA AARON,Psychiatry,Mental Health Disorders,Child & Adolescent Psychiatry,No,BEHAVIORAL HEALTH PARTNERS - LIVONIA,MI,48218,26163,Wayne County,9035,35560.1,2.4908,10.6,35.42,0,27,263321,263321.0,1016332.6,9752.62962962963,9752.62962962963,42,15,64.29,94.67,3.9358,21.33,32.81,47.86,LOW GAP,15,0.034312,0.034989,65.97,66.92,334.63
1800000324,PATEL GEORGE,Psychiatry,Mental Health Disorders,Behavioral Health,Yes,COMMUNITY MENTAL HEALTH CENTER - DEARBORN,MI,48215,26163,Wayne County,7170,25665.2,2.3012,7.1,56.96,1,27,263321,263321.0,1016332.6,9752.62962962963,9752.62962962963,42,15,64.29,94.67,3.5795,21.33,32.81,47.86,LOW GAP,15,0.027229,0.025253,53.45,37.05,265.56
1800000325,WRIGHT MICHAEL,Psychiatry,Mental Health Disorders,Child & Adolescent Psychiatry,No,PSYCHIATRY CARE ASSOCIATES - LINCOLN PARK,MI,48257,26163,Wayne County,12014,39585.6,2.2411,10.5,47.28,0,27,263321,263321.0,1016332.6,9752.62962962963,9752.62962962963,42,15,64.29,94.67,3.295,21.33,32.81,47.86,LOW GAP,15,0.045625,0.038949,49.55,65.92,444.96
1800000326,HARRIS VICTOR,Psychiatry,Mental Health Disorders,Child & Adolescent Psychiatry,No,COMMUNITY MENTAL HEALTH CENTER - DETROIT,MI,48252,26163,Wayne County,10437,40363.3,1.3972,12.6,53.16,0,27,263321,263321.0,1016332.6,9752.62962962963,9752.62962962963,42,15,64.29,94.67,3.8673,21.33,32.81,47.86,LOW GAP,15,0.039636,0.039715,6.15,85.0,386.56
1800000327,RIVERA ANIKA,Psychiatry,Mental Health Disorders,Behavioral Health,Yes,BEHAVIORAL HEALTH PARTNERS - LINCOLN PARK,MI,48289,26163,Wayne County,11535,37697.3,1.5093,4.2,40.15,1,27,263321,263321.0,1016332.6,9752.62962962963,9752.62962962963,42,15,64.29,94.67,3.2681,21.33,32.81,47.86,LOW GAP,15,0.043806,0.037091,8.95,11.2,427.22
1800000328,ADAMS ISABEL,Psychiatry,Mental Health Disorders,Child & Adolescent Psychiatry,Yes,PSYCHIATRY CARE ASSOCIATES - DETROIT,MI,48225,26163,Wayne County,11408,53861.8,2.045,6.0,40.28,1,27,263321,263321.0,1016332.6,9752.62962962963,9752.62962962963,42,15,64.29,94.67,4.7214,21.33,32.81,47.86,LOW GAP,15,0.043324,0.052996,34.9,27.55,422.52
1800000329,JOHNSON NOAH,Psychiatry,Mental Health Disorders,Addiction Medicine,Yes,COMMUNITY MENTAL HEALTH CENTER - DETROIT,MI,48214,26163,Wayne County,11281,29270.4,2.9416,7.2,40.51,1,27,263321,263321.0,1016332.6,9752.62962962963,9752.62962962963,42,15,64.29,94.67,2.5947,21.33,32.81,47.86,LOW GAP,15,0.042841,0.0288,89.25,38.15,417.81
1800000330,SANCHEZ ZOE,Psychiatry,Mental Health Disorders,Addiction Medicine,Yes,BEHAVIORAL HEALTH PARTNERS - DETROIT,MI,48255,26163,Wayne County,11450,32897.5,2.3938,10.1,40.77,1,27,263321,263321.0,1016332.6,9752.62962962963,9752.62962962963,42,15,64.29,94.67,2.8731,21.33,32.81,47.86,LOW GAP,15,0.043483,0.032369,59.32,62.52,424.07
1800000331,ANDERSON FATIMA,Pulmonary,Respiratory Disease,Sleep Medicine,Yes,RESPIRATORY CARE GROUP - LINCOLN PARK,MI,48206,26163,Wayne County,7985,30117.7,1.9654,4.7,49.0,1,31,190938,190938.0,684411.1,6159.290322580645,6159.290322580645,30,0,100.0,46.67,3.7718,36.0,50.49,24.64,ADEQUATE,0,0.04182,0.044005,29.42,15.9,257.58
1800000332,KIM MAYA,Pulmonary,Respiratory Disease,Critical Care Medicine,No,RESPIRATORY CARE GROUP - DEARBORN,MI,48215,26163,Wayne County,4066,15436.2,2.5278,3.2,53.81,0,31,190938,190938.0,684411.1,6159.290322580645,6159.290322580645,30,0,100.0,46.67,3.7964,36.0,50.49,24.64,ADEQUATE,0,0.021295,0.022554,68.5,2.17,131.16
1800000333,TAYLOR THOMAS,Pulmonary,Respiratory Disease,Internal Medicine,Yes,RESPIRATORY CARE GROUP - LIVONIA,MI,48209,26163,Wayne County,7887,24122.3,1.6533,10.5,70.2,1,31,190938,190938.0,684411.1,6159.290322580645,6159.290322580645,30,0,100.0,46.67,3.0585,36.0,50.49,24.64,ADEQUATE,0,0.041307,0.035245,13.7,65.92,254.42
1800000334,BROWN AMELIA,Pulmonary,Respiratory Disease,Sleep Medicine,No,RESPIRATORY CARE GROUP - LIVONIA,MI,48276,26163,Wayne County,4019,18503.7,2.3447,11.8,39.1,0,31,190938,190938.0,684411.1,6159.290322580645,6159.290322580645,30,0,100.0,46.67,4.6041,36.0,50.49,24.64,ADEQUATE,0,0.021049,0.027036,56.3,77.4,129.65
1800000335,MARTIN HANNAH,Pulmonary,Respiratory Disease,Internal Medicine,Yes,PULMONARY & SLEEP CENTER - DETROIT,MI,48283,26163,Wayne County,6731,31267.0,2.8428,7.7,43.34,1,31,190938,190938.0,684411.1,6159.290322580645,6159.290322580645,30,0,100.0,46.67,4.6452,36.0,50.49,24.64,ADEQUATE,0,0.035252,0.045685,85.3,42.3,217.13
1800000336,THOMPSON NADIA,Pulmonary,Respiratory Disease,Critical Care Medicine,Yes,PULMONARY & SLEEP CENTER - LIVONIA,MI,48249,26163,Wayne County,6771,27431.3,0.9145,6.5,29.76,1,31,190938,190938.0,684411.1,6159.290322580645,6159.290322580645,30,0,100.0,46.67,4.0513,36.0,50.49,24.64,ADEQUATE,0,0.035462,0.04008,0.75,31.42,218.42
1800000337,CLARK WILLIAM,Pulmonary,Respiratory Disease,Critical Care Medicine,No,RESPIRATORY CARE GROUP - DETROIT,MI,48278,26163,Wayne County,4980,22589.7,2.094,4.8,45.0,0,31,190938,190938.0,684411.1,6159.290322580645,6159.290322580645,30,0,100.0,46.67,4.5361,36.0,50.49,24.64,ADEQUATE,0,0.026082,0.033006,38.55,16.95,160.65
1800000338,MITCHELL BENJAMIN,Pulmonary,Respiratory Disease,Sleep Medicine,No,RESPIRATORY CARE GROUP - DEARBORN,MI,48292,26163,Wayne County,4994,23238.9,2.7888,12.7,53.51,0,31,190938,190938.0,684411.1,6159.290322580645,6159.290322580645,30,0,100.0,46.67,4.6534,36.0,50.49,24.64,ADEQUATE,0,0.026155,0.033955,82.9,86.02,161.1
1800000339,WALKER JAMES,Pulmonary,Respiratory Disease,Sleep Medicine,No,RESPIRATORY CARE GROUP - DETROIT,MI,48223,26163,Wayne County,4744,14761.9,2.169,3.5,8.88,0,31,190938,190938.0,684411.1,6159.290322580645,6159.290322580645,30,0,100.0,46.67,3.1117,36.0,50.49,24.64,ADEQUATE,0,0.024846,0.021569,44.08,4.85,153.03
1800000340,EDWARDS OLIVIA,Pulmonary,Respiratory Disease,Critical Care Medicine,Yes,RESPIRATORY CARE GROUP - LIVONIA,MI,48249,26163,Wayne County,6360,20886.5,2.976,7.0,78.5,1,31,190938,190938.0,684411.1,6159.290322580645,6159.290322580645,30,0,100.0,46.67,3.284,36.0,50.49,24.64,ADEQUATE,0,0.033309,0.030517,90.45,36.02,205.16
1800000341,MORGAN EMILY,Pulmonary,Respiratory Disease,Internal Medicine,Yes,PULMONARY & SLEEP CENTER - DETROIT,MI,48284,26163,Wayne County,5083,13140.9,2.55,7.3,38.22,1,31,190938,190938.0,684411.1,6159.290322580645,6159.290322580645,30,0,100.0,46.67,2.5853,36.0,50.49,24.64,ADEQUATE,0,0.026621,0.0192,69.95,39.15,163.97
1800000342,WHITE DANIEL,Pulmonary,Respiratory Disease,Sleep Medicine,Yes,LUNG HEALTH SPECIALISTS - DETROIT,MI,48298,26163,Wayne County,4945,16466.4,2.2795,5.3,37.78,1,31,190938,190938.0,684411.1,6159.290322580645,6159.290322580645,30,0,100.0,46.67,3.3299,36.0,50.49,24.64,ADEQUATE,0,0.025898,0.024059,52.2,21.45,159.52
1800000343,FOSTER KARAN,Pulmonary,Respiratory Disease,Critical Care Medicine,Yes,LUNG HEALTH SPECIALISTS - DEARBORN,MI,48230,26163,Wayne County,7452,24543.1,2.4838,14.3,72.39,1,31,190938,190938.0,684411.1,6159.290322580645,6159.290322580645,30,0,100.0,46.67,3.2935,36.0,50.49,24.64,ADEQUATE,0,0.039028,0.03586,65.5,98.35,240.39
1800000344,PARKER RAHUL,Pulmonary,Respiratory Disease,Critical Care Medicine,No,LUNG HEALTH SPECIALISTS - LIVONIA,MI,48243,26163,Wayne County,6967,20457.5,2.6827,13.7,42.65,0,31,190938,190938.0,684411.1,6159.290322580645,6159.290322580645,30,0,100.0,46.67,2.9363,36.0,50.49,24.64,ADEQUATE,0,0.036488,0.029891,77.32,94.25,224.74
1800000345,WILSON SOPHIA,Pulmonary,Respiratory Disease,Sleep Medicine,Yes,PULMONARY & SLEEP CENTER - DEARBORN,MI,48233,26163,Wayne County,5291,13415.0,2.2061,5.1,37.67,1,31,190938,190938.0,684411.1,6159.290322580645,6159.290322580645,30,0,100.0,46.67,2.5354,36.0,50.49,24.64,ADEQUATE,0,0.027711,0.019601,46.95,19.58,170.68
1800000346,GOMEZ FATIMA,Pulmonary,Respiratory Disease,Critical Care Medicine,Yes,PULMONARY & SLEEP CENTER - DETROIT,MI,48299,26163,Wayne County,6696,27550.9,2.2087,10.8,55.87,1,31,190938,190938.0,684411.1,6159.290322580645,6159.290322580645,30,0,100.0,46.67,4.1145,36.0,50.49,24.64,ADEQUATE,0,0.035069,0.040255,47.2,68.47,216.0
1800000347,REED MAYA,Pulmonary,Respiratory Disease,Critical Care Medicine,Yes,PULMONARY & SLEEP CENTER - LINCOLN PARK,MI,48297,26163,Wayne County,7203,30506.0,2.4049,11.5,40.45,1,31,190938,190938.0,684411.1,6159.290322580645,6159.290322580645,30,0,100.0,46.67,4.2352,36.0,50.49,24.64,ADEQUATE,0,0.037724,0.044573,60.15,74.52,232.35
1800000348,YOUNG THOMAS,Pulmonary,Respiratory Disease,Critical Care Medicine,No,LUNG HEALTH SPECIALISTS - DEARBORN,MI,48208,26163,Wayne County,6446,16609.0,1.9643,11.8,33.27,0,31,190938,190938.0,684411.1,6159.290322580645,6159.290322580645,30,0,100.0,46.67,2.5766,36.0,50.49,24.64,ADEQUATE,0,0.03376,0.024268,29.3,77.4,207.94
1800000349,JACKSON AMELIA,Pulmonary,Respiratory Disease,Critical Care Medicine,Yes,RESPIRATORY CARE GROUP - LINCOLN PARK,MI,48254,26163,Wayne County,7135,29668.2,2.6432,7.9,52.04,1,31,190938,190938.0,684411.1,6159.290322580645,6159.290322580645,30,0,100.0,46.67,4.1581,36.0,50.49,24.64,ADEQUATE,0,0.037368,0.043349,75.35,44.15,230.16
1800000350,ROBERTS HANNAH,Pulmonary,Respiratory Disease,Critical Care Medicine,No,RESPIRATORY CARE GROUP - DETROIT,MI,48203,26163,Wayne County,7859,27163.3,2.2343,10.1,34.68,0,31,190938,190938.0,684411.1,6159.290322580645,6159.290322580645,30,0,100.0,46.67,3.4563,36.0,50.49,24.64,ADEQUATE,0,0.04116,0.039689,49.35,62.52,253.52
1800000351,ANDERSON NADIA,Pulmonary,Respiratory Disease,Sleep Medicine,No,PULMONARY & SLEEP CENTER - DETROIT,MI,48284,26163,Wayne County,7710,23564.4,1.7005,9.5,73.45,0,31,190938,190938.0,684411.1,6159.290322580645,6159.290322580645,30,0,100.0,46.67,3.0563,36.0,50.49,24.64,ADEQUATE,0,0.04038,0.03443,15.6,57.0,248.71
1800000352,KIM WILLIAM,Pulmonary,Respiratory Disease,Sleep Medicine,Yes,RESPIRATORY CARE GROUP - LIVONIA,MI,48243,26163,Wayne County,7440,24141.4,3.0631,4.1,54.0,1,31,190938,190938.0,684411.1,6159.290322580645,6159.290322580645,30,0,100.0,46.67,3.2448,36.0,50.49,24.64,ADEQUATE,0,0.038966,0.035273,93.15,10.22,240.0
1800000353,TAYLOR BENJAMIN,Pulmonary,Respiratory Disease,Internal Medicine,No,PULMONARY & SLEEP CENTER - DETROIT,MI,48206,26163,Wayne County,5567,20703.1,3.3328,7.7,70.87,0,31,190938,190938.0,684411.1,6159.290322580645,6159.290322580645,30,0,100.0,46.67,3.7189,36.0,50.49,24.64,ADEQUATE,0,0.029156,0.03025,97.3,42.3,179.58
1800000354,BROWN JAMES,Pulmonary,Respiratory Disease,Sleep Medicine,Yes,LUNG HEALTH SPECIALISTS - LIVONIA,MI,48263,26163,Wayne County,6275,27702.7,2.1623,9.0,49.98,1,31,190938,190938.0,684411.1,6159.290322580645,6159.290322580645,30,0,100.0,46.67,4.4148,36.0,50.49,24.64,ADEQUATE,0,0.032864,0.040477,43.68,52.6,202.42
1800000355,MARTIN OLIVIA,Pulmonary,Respiratory Disease,Internal Medicine,Yes,LUNG HEALTH SPECIALISTS - DEARBORN,MI,48272,26163,Wayne County,6873,18303.6,2.3879,5.7,83.9,1,31,190938,190938.0,684411.1,6159.290322580645,6159.290322580645,30,0,100.0,46.67,2.6631,36.0,50.49,24.64,ADEQUATE,0,0.035996,0.026744,59.05,24.7,221.71
1800000356,THOMPSON EMILY,Pulmonary,Respiratory Disease,Critical Care Medicine,Yes,LUNG HEALTH SPECIALISTS - LIVONIA,MI,48214,26163,Wayne County,7040,33202.6,1.4854,5.2,67.14,1,31,190938,190938.0,684411.1,6159.290322580645,6159.290322580645,30,0,100.0,46.67,4.7163,36.0,50.49,24.64,ADEQUATE,0,0.036871,0.048513,8.3,20.38,227.1
1800000357,CLARK DANIEL,Pulmonary,Respiratory Disease,Internal Medicine,Yes,PULMONARY & SLEEP CENTER - DEARBORN,MI,48281,26163,Wayne County,4587,12033.0,2.4499,8.2,43.57,1,31,190938,190938.0,684411.1,6159.290322580645,6159.290322580645,30,0,100.0,46.67,2.6233,36.0,50.49,24.64,ADEQUATE,0,0.024024,0.017582,63.15,46.48,147.97
1800000358,MITCHELL KARAN,Pulmonary,Respiratory Disease,Internal Medicine,Yes,RESPIRATORY CARE GROUP - LINCOLN PARK,MI,48255,26163,Wayne County,7221,28261.6,2.7252,6.8,65.78,1,31,190938,190938.0,684411.1,6159.290322580645,6159.290322580645,30,0,100.0,46.67,3.9138,36.0,50.49,24.64,ADEQUATE,0,0.037819,0.041293,80.0,34.12,232.94
1800000359,WALKER RAHUL,Pulmonary,Respiratory Disease,Critical Care Medicine,Yes,LUNG HEALTH SPECIALISTS - DETROIT,MI,48250,26163,Wayne County,4189,15422.2,1.5896,11.3,76.27,1,31,190938,190938.0,684411.1,6159.290322580645,6159.290322580645,30,0,100.0,46.67,3.6816,36.0,50.49,24.64,ADEQUATE,0,0.021939,0.022534,11.35,72.78,135.13
1800000360,EDWARDS SOPHIA,Pulmonary,Respiratory Disease,Critical Care Medicine,Yes,PULMONARY & SLEEP CENTER - DETROIT,MI,48229,26163,Wayne County,6530,17442.3,3.4757,9.7,55.25,1,31,190938,190938.0,684411.1,6159.290322580645,6159.290322580645,30,0,100.0,46.67,2.6711,36.0,50.49,24.64,ADEQUATE,0,0.0342,0.025485,98.6,58.92,210.65
1800000361,MORGAN FATIMA,Pulmonary,Respiratory Disease,Internal Medicine,No,RESPIRATORY CARE GROUP - LINCOLN PARK,MI,48281,26163,Wayne County,3892,15758.7,2.2205,14.3,59.5,0,31,190938,190938.0,684411.1,6159.290322580645,6159.290322580645,30,0,100.0,46.67,4.049,36.0,50.49,24.64,ADEQUATE,0,0.020384,0.023025,48.35,98.35,125.55
1800000362,NELSON LUCAS,Rheumatology,Arthritis,Pain Medicine,No,RHEUMATOLOGY ASSOCIATES - DETROIT,MI,48278,26163,Wayne County,7736,23290.7,3.0142,13.5,44.69,0,29,239754,239754.0,806576.0,8267.379310344828,8267.379310344828,38,9,76.32,81.33,3.0107,88.0,43.84,50.76,LOW GAP,9,0.032266,0.028876,91.8,92.65,266.76
1800000363,WILLIAMS SARAH,Rheumatology,Arthritis,Internal Medicine,Yes,RHEUMATOLOGY ASSOCIATES - LINCOLN PARK,MI,48280,26163,Wayne County,6416,22296.5,2.5851,3.6,66.89,1,29,239754,239754.0,806576.0,8267.379310344828,8267.379310344828,38,9,76.32,81.33,3.4751,88.0,43.84,50.76,LOW GAP,9,0.026761,0.027643,71.95,5.78,221.24
1800000364,GARCIA AARON,Rheumatology,Arthritis,Geriatric Medicine,Yes,RHEUMATOLOGY ASSOCIATES - LINCOLN PARK,MI,48246,26163,Wayne County,8658,27567.3,1.6823,13.9,55.25,1,29,239754,239754.0,806576.0,8267.379310344828,8267.379310344828,38,9,76.32,81.33,3.184,88.0,43.84,50.76,LOW GAP,9,0.036112,0.034178,14.8,95.48,298.55
1800000365,PATEL GEORGE,Rheumatology,Arthritis,Pain Medicine,Yes,ARTHRITIS CARE CENTER - LIVONIA,MI,48230,26163,Wayne County,8409,22738.6,2.3637,11.1,64.27,1,29,239754,239754.0,806576.0,8267.379310344828,8267.379310344828,38,9,76.32,81.33,2.7041,88.0,43.84,50.76,LOW GAP,9,0.035073,0.028192,57.65,70.97,289.97
1800000366,WRIGHT MICHAEL,Rheumatology,Arthritis,Pain Medicine,Yes,ARTHRITIS CARE CENTER - DETROIT,MI,48210,26163,Wayne County,9455,35784.2,2.9546,13.6,98.0,1,29,239754,239754.0,806576.0,8267.379310344828,8267.379310344828,38,9,76.32,81.33,3.7847,88.0,43.84,50.76,LOW GAP,9,0.039436,0.044366,89.8,93.52,326.03
1800000367,HARRIS VICTOR,Rheumatology,Arthritis,Geriatric Medicine,Yes,RHEUMATOLOGY ASSOCIATES - LIVONIA,MI,48241,26163,Wayne County,9015,29259.9,2.1626,7.8,77.79,1,29,239754,239754.0,806576.0,8267.379310344828,8267.379310344828,38,9,76.32,81.33,3.2457,88.0,43.84,50.76,LOW GAP,9,0.037601,0.036277,43.75,43.2,310.86
1800000368,RIVERA ANIKA,Rheumatology,Arthritis,Internal Medicine,Yes,MUSCULOSKELETAL HEALTH GROUP - DETROIT,MI,48272,26163,Wayne County,9792,37710.3,2.015,13.6,76.99,1,29,239754,239754.0,806576.0,8267.379310344828,8267.379310344828,38,9,76.32,81.33,3.8511,88.0,43.84,50.76,LOW GAP,9,0.040842,0.046754,32.7,93.52,337.66
1800000369,ADAMS ISABEL,Rheumatology,Arthritis,Pain Medicine,Yes,ARTHRITIS CARE CENTER - DETROIT,MI,48226,26163,Wayne County,6193,28823.4,2.4488,11.1,55.6,1,29,239754,239754.0,806576.0,8267.379310344828,8267.379310344828,38,9,76.32,81.33,4.6542,88.0,43.84,50.76,LOW GAP,9,0.025831,0.035736,63.0,70.97,213.55
1800000370,JOHNSON NOAH,Rheumatology,Arthritis,Pain Medicine,No,ARTHRITIS CARE CENTER - LINCOLN PARK,MI,48290,26163,Wayne County,9404,38120.2,1.1246,10.2,67.52,0,29,239754,239754.0,806576.0,8267.379310344828,8267.379310344828,38,9,76.32,81.33,4.0536,88.0,43.84,50.76,LOW GAP,9,0.039224,0.047262,1.95,63.25,324.28
1800000371,SANCHEZ ZOE,Rheumatology,Arthritis,Geriatric Medicine,Yes,MUSCULOSKELETAL HEALTH GROUP - LIVONIA,MI,48215,26163,Wayne County,10194,35149.0,2.246,12.6,75.18,1,29,239754,239754.0,806576.0,8267.379310344828,8267.379310344828,38,9,76.32,81.33,3.448,88.0,43.84,50.76,LOW GAP,9,0.042519,0.043578,49.9,85.0,351.52
1800000372,BAKER CARLOS,Rheumatology,Arthritis,Geriatric Medicine,No,ARTHRITIS CARE CENTER - DEARBORN,MI,48250,26163,Wayne County,7509,28400.9,1.7356,4.3,89.28,0,29,239754,239754.0,806576.0,8267.379310344828,8267.379310344828,38,9,76.32,81.33,3.7822,88.0,43.84,50.76,LOW GAP,9,0.03132,0.035212,17.12,12.12,258.93
1800000373,LEE JULIA,Rheumatology,Arthritis,Geriatric Medicine,No,MUSCULOSKELETAL HEALTH GROUP - DEARBORN,MI,48273,26163,Wayne County,8336,30086.2,2.6404,13.2,74.05,0,29,239754,239754.0,806576.0,8267.379310344828,8267.379310344828,38,9,76.32,81.33,3.6092,88.0,43.84,50.76,LOW GAP,9,0.034769,0.037301,75.2,90.4,287.45
1800000374,THOMAS PRIYA,Rheumatology,Arthritis,Internal Medicine,Yes,MUSCULOSKELETAL HEALTH GROUP - DEARBORN,MI,48265,26163,Wayne County,8100,21496.0,1.3951,13.1,74.79,1,29,239754,239754.0,806576.0,8267.379310344828,8267.379310344828,38,9,76.32,81.33,2.6538,88.0,43.84,50.76,LOW GAP,9,0.033785,0.026651,6.0,89.58,279.31
1800000375,CARTER DAVID,Rheumatology,Arthritis,Geriatric Medicine,Yes,ARTHRITIS CARE CENTER - LINCOLN PARK,MI,48263,26163,Wayne County,8972,28250.2,2.3232,10.8,56.56,1,29,239754,239754.0,806576.0,8267.379310344828,8267.379310344828,38,9,76.32,81.33,3.1487,88.0,43.84,50.76,LOW GAP,9,0.037422,0.035025,54.9,68.47,309.38
1800000376,MILLER ELENA,Rheumatology,Arthritis,Internal Medicine,No,MUSCULOSKELETAL HEALTH GROUP - LIVONIA,MI,48224,26163,Wayne County,6714,28152.1,2.5366,13.8,55.05,0,29,239754,239754.0,806576.0,8267.379310344828,8267.379310344828,38,9,76.32,81.33,4.193,88.0,43.84,50.76,LOW GAP,9,0.028004,0.034903,69.05,94.9,231.52
1800000377,TURNER LUCAS,Rheumatology,Arthritis,Geriatric Medicine,Yes,MUSCULOSKELETAL HEALTH GROUP - LIVONIA,MI,48218,26163,Wayne County,9070,27588.7,2.9344,7.7,46.49,1,29,239754,239754.0,806576.0,8267.379310344828,8267.379310344828,38,9,76.32,81.33,3.0418,88.0,43.84,50.76,LOW GAP,9,0.03783,0.034205,88.9,42.3,312.76
1800000378,DAVIS SARAH,Rheumatology,Arthritis,Internal Medicine,Yes,MUSCULOSKELETAL HEALTH GROUP - DEARBORN,MI,48240,26163,Wayne County,9754,32281.1,2.4998,4.3,35.99,1,29,239754,239754.0,806576.0,8267.379310344828,8267.379310344828,38,9,76.32,81.33,3.3095,88.0,43.84,50.76,LOW GAP,9,0.040683,0.040022,67.05,12.12,336.34
1800000379,MOORE AARON,Rheumatology,Arthritis,Pain Medicine,No,MUSCULOSKELETAL HEALTH GROUP - LINCOLN PARK,MI,48209,26163,Wayne County,7229,24183.3,1.648,4.8,44.21,0,29,239754,239754.0,806576.0,8267.379310344828,8267.379310344828,38,9,76.32,81.33,3.3453,88.0,43.84,50.76,LOW GAP,9,0.030152,0.029983,13.4,16.95,249.28
1800000380,WATSON GEORGE,Rheumatology,Arthritis,Internal Medicine,Yes,MUSCULOSKELETAL HEALTH GROUP - DEARBORN,MI,48209,26163,Wayne County,8799,38619.8,1.7161,9.9,51.86,1,29,239754,239754.0,806576.0,8267.379310344828,8267.379310344828,38,9,76.32,81.33,4.3891,88.0,43.84,50.76,LOW GAP,9,0.0367,0.047881,16.05,60.78,303.41
1800000381,EVANS MICHAEL,Rheumatology,Arthritis,Pain Medicine,Yes,RHEUMATOLOGY ASSOCIATES - DETROIT,MI,48254,26163,Wayne County,7588,20129.8,2.4321,3.9,61.08,1,29,239754,239754.0,806576.0,8267.379310344828,8267.379310344828,38,9,76.32,81.33,2.6528,88.0,43.84,50.76,LOW GAP,9,0.031649,0.024957,62.05,8.4,261.66
1800000382,NELSON VICTOR,Rheumatology,Arthritis,Pain Medicine,Yes,RHEUMATOLOGY ASSOCIATES - LIVONIA,MI,48213,26163,Wayne County,10287,33155.5,2.7323,10.8,76.7,1,29,239754,239754.0,806576.0,8267.379310344828,8267.379310344828,38,9,76.32,81.33,3.223,88.0,43.84,50.76,LOW GAP,9,0.042906,0.041106,80.6,68.47,354.72
1800000383,WILLIAMS ANIKA,Rheumatology,Arthritis,Geriatric Medicine,No,RHEUMATOLOGY ASSOCIATES - DETROIT,MI,48201,26163,Wayne County,6526,18856.0,3.2234,11.8,12.17,0,29,239754,239754.0,806576.0,8267.379310344828,8267.379310344828,38,9,76.32,81.33,2.8894,88.0,43.84,50.76,LOW GAP,9,0.02722,0.023378,96.1,77.4,225.03
1800000384,GARCIA ISABEL,Rheumatology,Arthritis,Pain Medicine,Yes,ARTHRITIS CARE CENTER - LINCOLN PARK,MI,48202,26163,Wayne County,8664,28260.2,2.5753,10.3,32.28,1,29,239754,239754.0,806576.0,8267.379310344828,8267.379310344828,38,9,76.32,81.33,3.2618,88.0,43.84,50.76,LOW GAP,9,0.036137,0.035037,71.5,64.08,298.76
1800000385,PATEL NOAH,Rheumatology,Arthritis,Geriatric Medicine,Yes,RHEUMATOLOGY ASSOCIATES - DEARBORN,MI,48220,26163,Wayne County,7914,25394.0,1.9914,9.6,65.25,1,29,239754,239754.0,806576.0,8267.379310344828,8267.379310344828,38,9,76.32,81.33,3.2087,88.0,43.84,50.76,LOW GAP,9,0.033009,0.031484,31.25,57.88,272.9
1800000386,WRIGHT ZOE,Rheumatology,Arthritis,Internal Medicine,Yes,MUSCULOSKELETAL HEALTH GROUP - LIVONIA,MI,48248,26163,Wayne County,8300,25959.5,1.6596,4.5,58.77,1,29,239754,239754.0,806576.0,8267.379310344828,8267.379310344828,38,9,76.32,81.33,3.1277,88.0,43.84,50.76,LOW GAP,9,0.034619,0.032185,14.0,13.9,286.21
1800000387,HARRIS CARLOS,Rheumatology,Arthritis,Internal Medicine,No,MUSCULOSKELETAL HEALTH GROUP - LIVONIA,MI,48262,26163,Wayne County,8025,23778.2,1.3466,3.4,73.86,0,29,239754,239754.0,806576.0,8267.379310344828,8267.379310344828,38,9,76.32,81.33,2.963,88.0,43.84,50.76,LOW GAP,9,0.033472,0.02948,5.1,3.98,276.72
1800000388,RIVERA JULIA,Rheumatology,Arthritis,Internal Medicine,No,ARTHRITIS CARE CENTER - LINCOLN PARK,MI,48228,26163,Wayne County,6072,22750.0,2.3096,9.0,59.37,0,29,239754,239754.0,806576.0,8267.379310344828,8267.379310344828,38,9,76.32,81.33,3.7467,88.0,43.84,50.76,LOW GAP,9,0.025326,0.028206,54.08,52.6,209.38
1800000389,ADAMS PRIYA,Rheumatology,Arthritis,Pain Medicine,Yes,RHEUMATOLOGY ASSOCIATES - LIVONIA,MI,48277,26163,Wayne County,10330,29816.9,2.9545,6.9,50.64,1,29,239754,239754.0,806576.0,8267.379310344828,8267.379310344828,38,9,76.32,81.33,2.8864,88.0,43.84,50.76,LOW GAP,9,0.043086,0.036967,89.75,35.1,356.21
1800000390,JOHNSON DAVID,Rheumatology,Arthritis,Internal Medicine,No,RHEUMATOLOGY ASSOCIATES - LINCOLN PARK,MI,48257,26163,Wayne County,6293,18677.5,2.4987,14.0,35.55,0,29,239754,239754.0,806576.0,8267.379310344828,8267.379310344828,38,9,76.32,81.33,2.968,88.0,43.84,50.76,LOW GAP,9,0.026248,0.023157,66.8,96.25,217.0
1800000391,MORGAN FATIMA,Cardiology,Heart Disease,Geriatric Medicine,Yes,HEARTCARE SPECIALISTS - LEON VALLEY,TX,78246,48029,Bexar County,5202,16196.3,2.5643,6.7,46.57,1,45,207747,207747.0,767202.6,4616.6,4616.6,33,0,100.0,6.67,3.1135,53.33,47.7,16.82,ADEQUATE,0,0.02504,0.021111,70.7,33.12,115.6
1800000392,WHITE MAYA,Cardiology,Heart Disease,Geriatric Medicine,Yes,ADVANCED CARDIOLOGY CENTER - LEON VALLEY,TX,78213,48029,Bexar County,5525,13752.6,3.0286,3.8,73.78,1,45,207747,207747.0,767202.6,4616.6,4616.6,33,0,100.0,6.67,2.4892,53.33,47.7,16.82,ADEQUATE,0,0.026595,0.017926,92.6,7.45,122.78
1800000393,FOSTER THOMAS,Cardiology,Heart Disease,Internal Medicine,Yes,HEARTCARE SPECIALISTS - ALAMO HEIGHTS,TX,78248,48029,Bexar County,5320,19270.1,2.3377,4.9,47.73,1,45,207747,207747.0,767202.6,4616.6,4616.6,33,0,100.0,6.67,3.6222,53.33,47.7,16.82,ADEQUATE,0,0.025608,0.025117,55.65,17.95,118.22
1800000394,PARKER AMELIA,Cardiology,Heart Disease,Cardiovascular Imaging,Yes,HEARTCARE SPECIALISTS - ALAMO HEIGHTS,TX,78231,48029,Bexar County,4105,19594.6,1.8793,3.0,53.66,1,45,207747,207747.0,767202.6,4616.6,4616.6,33,0,100.0,6.67,4.7733,53.33,47.7,16.82,ADEQUATE,0,0.01976,0.02554,23.92,0.3,91.22
1800000395,WILSON HANNAH,Cardiology,Heart Disease,Internal Medicine,Yes,HEARTCARE SPECIALISTS - SAN ANTONIO,TX,78291,48029,Bexar County,3598,11305.3,2.595,6.6,41.83,1,45,207747,207747.0,767202.6,4616.6,4616.6,33,0,100.0,6.67,3.1421,53.33,47.7,16.82,ADEQUATE,0,0.017319,0.014736,72.65,32.25,79.96
1800000396,GOMEZ NADIA,Cardiology,Heart Disease,Cardiovascular Imaging,No,ADVANCED CARDIOLOGY CENTER - SAN ANTONIO,TX,78212,48029,Bexar County,5633,22847.3,1.6231,3.3,64.7,0,45,207747,207747.0,767202.6,4616.6,4616.6,33,0,100.0,6.67,4.056,53.33,47.7,16.82,ADEQUATE,0,0.027115,0.02978,12.45,3.08,125.18
1800000397,REED WILLIAM,Cardiology,Heart Disease,Internal Medicine,Yes,HEARTCARE SPECIALISTS - ALAMO HEIGHTS,TX,78260,48029,Bexar County,4457,13254.5,2.2899,12.8,91.17,1,45,207747,207747.0,767202.6,4616.6,4616.6,33,0,100.0,6.67,2.9739,53.33,47.7,16.82,ADEQUATE,0,0.021454,0.017276,52.85,87.05,99.04
1800000398,YOUNG BENJAMIN,Cardiology,Heart Disease,Cardiovascular Imaging,Yes,ADVANCED CARDIOLOGY CENTER - SAN ANTONIO,TX,78289,48029,Bexar County,5968,25835.5,2.4871,7.1,53.9,1,45,207747,207747.0,767202.6,4616.6,4616.6,33,0,100.0,6.67,4.329,53.33,47.7,16.82,ADEQUATE,0,0.028727,0.033675,65.7,37.05,132.62
1800000399,JACKSON JAMES,Cardiology,Heart Disease,Internal Medicine,Yes,HEARTCARE SPECIALISTS - LEON VALLEY,TX,78234,48029,Bexar County,3669,14247.3,2.1432,8.8,81.65,1,45,207747,207747.0,767202.6,4616.6,4616.6,33,0,100.0,6.67,3.8832,53.33,47.7,16.82,ADEQUATE,0,0.017661,0.01857,42.0,51.25,81.53
1800000400,ROBERTS OLIVIA,Cardiology,Heart Disease,Cardiovascular Imaging,Yes,ADVANCED CARDIOLOGY CENTER - LEON VALLEY,TX,78206,48029,Bexar County,4967,16746.6,1.9713,6.0,72.81,1,45,207747,207747.0,767202.6,4616.6,4616.6,33,0,100.0,6.67,3.3716,53.33,47.7,16.82,ADEQUATE,0,0.023909,0.021828,29.95,27.55,110.38
1800000401,ANDERSON EMILY,Cardiology,Heart Disease,Geriatric Medicine,Yes,HEARTCARE SPECIALISTS - LEON VALLEY,TX,78228,48029,Bexar County,4606,15513.7,2.2467,13.5,62.65,1,45,207747,207747.0,767202.6,4616.6,4616.6,33,0,100.0,6.67,3.3682,53.33,47.7,16.82,ADEQUATE,0,0.022171,0.020221,50.0,92.65,102.36
1800000402,KIM DANIEL,Cardiology,Heart Disease,Internal Medicine,No,ADVANCED CARDIOLOGY CENTER - SAN ANTONIO,TX,78227,48029,Bexar County,2904,12662.7,2.1831,8.2,66.14,0,45,207747,207747.0,767202.6,4616.6,4616.6,33,0,100.0,6.67,4.3604,53.33,47.7,16.82,ADEQUATE,0,0.013979,0.016505,45.25,46.48,64.53
1800000403,TAYLOR KARAN,Cardiology,Heart Disease,Geriatric Medicine,Yes,ADVANCED CARDIOLOGY CENTER - ALAMO HEIGHTS,TX,78296,48029,Bexar County,5677,20898.6,2.5698,8.2,49.93,1,45,207747,207747.0,767202.6,4616.6,4616.6,33,0,100.0,6.67,3.6813,53.33,47.7,16.82,ADEQUATE,0,0.027327,0.02724,71.25,46.48,126.16
1800000404,BROWN RAHUL,Cardiology,Heart Disease,Geriatric Medicine,No,ADVANCED CARDIOLOGY CENTER - SAN ANTONIO,TX,78291,48029,Bexar County,5115,23320.6,2.2995,4.8,98.0,0,45,207747,207747.0,767202.6,4616.6,4616.6,33,0,100.0,6.67,4.5593,53.33,47.7,16.82,ADEQUATE,0,0.024621,0.030397,53.25,16.95,113.67
1800000405,MARTIN SOPHIA,Cardiology,Heart Disease,Cardiovascular Imaging,Yes,CARDIAC WELLNESS GROUP - ALAMO HEIGHTS,TX,78201,48029,Bexar County,5966,16814.7,1.3701,5.2,48.22,1,45,207747,207747.0,767202.6,4616.6,4616.6,33,0,100.0,6.67,2.8184,53.33,47.7,16.82,ADEQUATE,0,0.028718,0.021917,5.45,20.38,132.58
1800000406,THOMPSON FATIMA,Cardiology,Heart Disease,Geriatric Medicine,Yes,HEARTCARE SPECIALISTS - LEON VALLEY,TX,78239,48029,Bexar County,5423,21122.4,1.9337,4.9,50.8,1,45,207747,207747.0,767202.6,4616.6,4616.6,33,0,100.0,6.67,3.895,53.33,47.7,16.82,ADEQUATE,0,0.026104,0.027532,27.18,17.95,120.51
1800000407,CLARK MAYA,Cardiology,Heart Disease,Internal Medicine,Yes,CARDIAC WELLNESS GROUP - ALAMO HEIGHTS,TX,78210,48029,Bexar County,5461,19286.2,3.1678,8.6,60.09,1,45,207747,207747.0,767202.6,4616.6,4616.6,33,0,100.0,6.67,3.5316,53.33,47.7,16.82,ADEQUATE,0,0.026287,0.025138,95.02,49.78,121.36
1800000408,MITCHELL THOMAS,Cardiology,Heart Disease,Internal Medicine,No,CARDIAC WELLNESS GROUP - SAN ANTONIO,TX,78289,48029,Bexar County,3916,11895.6,3.5691,7.1,88.44,0,45,207747,207747.0,767202.6,4616.6,4616.6,33,0,100.0,6.67,3.0377,53.33,47.7,16.82,ADEQUATE,0,0.01885,0.015505,99.15,37.05,87.02
1800000409,WALKER AMELIA,Cardiology,Heart Disease,Cardiovascular Imaging,No,ADVANCED CARDIOLOGY CENTER - ALAMO HEIGHTS,TX,78294,48029,Bexar County,5715,19787.2,1.938,12.4,52.25,0,45,207747,207747.0,767202.6,4616.6,4616.6,33,0,100.0,6.67,3.4623,53.33,47.7,16.82,ADEQUATE,0,0.027509,0.025791,27.4,83.0,127.0
1800000410,EDWARDS HANNAH,Cardiology,Heart Disease,Geriatric Medicine,Yes,CARDIAC WELLNESS GROUP - SAN ANTONIO,TX,78248,48029,Bexar County,4561,20934.4,1.5454,12.2,94.81,1,45,207747,207747.0,767202.6,4616.6,4616.6,33,0,100.0,6.67,4.5899,53.33,47.7,16.82,ADEQUATE,0,0.021955,0.027287,9.85,81.25,101.36
1800000411,MORGAN NADIA,Cardiology,Heart Disease,Cardiovascular Imaging,No,ADVANCED CARDIOLOGY CENTER - LEON VALLEY,TX,78289,48029,Bexar County,5707,16442.6,1.6268,13.3,32.97,0,45,207747,207747.0,767202.6,4616.6,4616.6,33,0,100.0,6.67,2.8811,53.33,47.7,16.82,ADEQUATE,0,0.027471,0.021432,12.65,91.12,126.82
1800000412,WHITE WILLIAM,Cardiology,Heart Disease,Internal Medicine,Yes,ADVANCED CARDIOLOGY CENTER - LEON VALLEY,TX,78249,48029,Bexar County,3929,12811.1,2.1808,5.0,73.86,1,45,207747,207747.0,767202.6,4616.6,4616.6,33,0,100.0,6.67,3.2607,53.33,47.7,16.82,ADEQUATE,0,0.018912,0.016698,45.1,18.8,87.31
1800000413,FOSTER BENJAMIN,Cardiology,Heart Disease,Geriatric Medicine,Yes,HEARTCARE SPECIALISTS - ALAMO HEIGHTS,TX,78277,48029,Bexar County,3849,15136.3,2.4666,10.8,54.17,1,45,207747,207747.0,767202.6,4616.6,4616.6,33,0,100.0,6.67,3.9325,53.33,47.7,16.82,ADEQUATE,0,0.018527,0.019729,64.38,68.47,85.53
1800000414,PARKER JAMES,Cardiology,Heart Disease,Geriatric Medicine,Yes,ADVANCED CARDIOLOGY CENTER - SAN ANTONIO,TX,78245,48029,Bexar County,4261,15211.1,2.2777,13.4,53.11,1,45,207747,207747.0,767202.6,4616.6,4616.6,33,0,100.0,6.67,3.5698,53.33,47.7,16.82,ADEQUATE,0,0.020511,0.019827,51.95,91.75,94.69
1800000415,WILSON OLIVIA,Cardiology,Heart Disease,Geriatric Medicine,Yes,ADVANCED CARDIOLOGY CENTER - SAN ANTONIO,TX,78231,48029,Bexar County,3618,15208.1,3.1904,5.1,64.48,1,45,207747,207747.0,767202.6,4616.6,4616.6,33,0,100.0,6.67,4.2035,53.33,47.7,16.82,ADEQUATE,0,0.017415,0.019823,95.55,19.58,80.4
1800000416,GOMEZ EMILY,Cardiology,Heart Disease,Geriatric Medicine,No,CARDIAC WELLNESS GROUP - SAN ANTONIO,TX,78282,48029,Bexar County,3959,16340.2,2.8467,12.7,46.77,0,45,207747,207747.0,767202.6,4616.6,4616.6,33,0,100.0,6.67,4.1274,53.33,47.7,16.82,ADEQUATE,0,0.019057,0.021298,85.48,86.02,87.98
1800000417,REED DANIEL,Cardiology,Heart Disease,Cardiovascular Imaging,Yes,ADVANCED CARDIOLOGY CENTER - SAN ANTONIO,TX,78245,48029,Bexar County,3043,10541.2,1.9147,13.1,69.8,1,45,207747,207747.0,767202.6,4616.6,4616.6,33,0,100.0,6.67,3.4641,53.33,47.7,16.82,ADEQUATE,0,0.014648,0.01374,26.35,89.58,67.62
1800000418,YOUNG KARAN,Cardiology,Heart Disease,Internal Medicine,Yes,HEARTCARE SPECIALISTS - LEON VALLEY,TX,78257,48029,Bexar County,4432,10771.7,2.8603,6.2,48.35,1,45,207747,207747.0,767202.6,4616.6,4616.6,33,0,100.0,6.67,2.4304,53.33,47.7,16.82,ADEQUATE,0,0.021334,0.01404,86.2,29.12,98.49
1800000419,JACKSON RAHUL,Cardiology,Heart Disease,Geriatric Medicine,No,ADVANCED CARDIOLOGY CENTER - ALAMO HEIGHTS,TX,78224,48029,Bexar County,4352,18809.6,2.1642,13.2,62.31,0,45,207747,207747.0,767202.6,4616.6,4616.6,33,0,100.0,6.67,4.3221,53.33,47.7,16.82,ADEQUATE,0,0.020949,0.024517,43.88,90.4,96.71
1800000420,ROBERTS SOPHIA,Cardiology,Heart Disease,Internal Medicine,Yes,ADVANCED CARDIOLOGY CENTER - SAN ANTONIO,TX,78224,48029,Bexar County,5763,19851.1,1.8754,5.0,24.31,1,45,207747,207747.0,767202.6,4616.6,4616.6,33,0,100.0,6.67,3.4446,53.33,47.7,16.82,ADEQUATE,0,0.02774,0.025875,23.65,18.8,128.07
1800000421,ANDERSON FATIMA,Cardiology,Heart Disease,Internal Medicine,No,HEARTCARE SPECIALISTS - ALAMO HEIGHTS,TX,78204,48029,Bexar County,4377,15477.3,1.8299,6.9,63.77,0,45,207747,207747.0,767202.6,4616.6,4616.6,33,0,100.0,6.67,3.5361,53.33,47.7,16.82,ADEQUATE,0,0.021069,0.020174,21.15,35.1,97.27
1800000422,KIM MAYA,Cardiology,Heart Disease,Internal Medicine,Yes,CARDIAC WELLNESS GROUP - ALAMO HEIGHTS,TX,78210,48029,Bexar County,5354,21903.4,2.3955,7.9,29.4,1,45,207747,207747.0,767202.6,4616.6,4616.6,33,0,100.0,6.67,4.091,53.33,47.7,16.82,ADEQUATE,0,0.025772,0.02855,59.5,44.15,118.98
1800000423,TAYLOR THOMAS,Cardiology,Heart Disease,Cardiovascular Imaging,Yes,CARDIAC WELLNESS GROUP - ALAMO HEIGHTS,TX,78223,48029,Bexar County,4881,22789.2,3.1554,11.3,49.71,1,45,207747,207747.0,767202.6,4616.6,4616.6,33,0,100.0,6.67,4.669,53.33,47.7,16.82,ADEQUATE,0,0.023495,0.029704,94.7,72.78,108.47
1800000424,BROWN AMELIA,Cardiology,Heart Disease,Cardiovascular Imaging,Yes,HEARTCARE SPECIALISTS - LEON VALLEY,TX,78287,48029,Bexar County,3604,15297.1,2.1394,13.0,66.36,1,45,207747,207747.0,767202.6,4616.6,4616.6,33,0,100.0,6.67,4.2445,53.33,47.7,16.82,ADEQUATE,0,0.017348,0.019939,41.75,88.8,80.09
1800000425,MARTIN HANNAH,Cardiology,Heart Disease,Cardiovascular Imaging,No,HEARTCARE SPECIALISTS - ALAMO HEIGHTS,TX,78273,48029,Bexar County,5247,23072.3,2.8949,6.7,97.24,0,45,207747,207747.0,767202.6,4616.6,4616.6,33,0,100.0,6.67,4.3972,53.33,47.7,16.82,ADEQUATE,0,0.025257,0.030073,87.75,33.12,116.6
1800000426,THOMPSON NADIA,Cardiology,Heart Disease,Geriatric Medicine,No,HEARTCARE SPECIALISTS - ALAMO HEIGHTS,TX,78285,48029,Bexar County,4226,13577.1,1.8624,13.4,63.9,0,45,207747,207747.0,767202.6,4616.6,4616.6,33,0,100.0,6.67,3.2128,53.33,47.7,16.82,ADEQUATE,0,0.020342,0.017697,22.95,91.75,93.91
1800000427,CLARK WILLIAM,Cardiology,Heart Disease,Internal Medicine,No,CARDIAC WELLNESS GROUP - ALAMO HEIGHTS,TX,78298,48029,Bexar County,5738,25241.0,1.4595,11.7,58.36,0,45,207747,207747.0,767202.6,4616.6,4616.6,33,0,100.0,6.67,4.3989,53.33,47.7,16.82,ADEQUATE,0,0.02762,0.0329,7.65,76.32,127.51
1800000428,MITCHELL BENJAMIN,Cardiology,Heart Disease,Geriatric Medicine,No,CARDIAC WELLNESS GROUP - ALAMO HEIGHTS,TX,78223,48029,Bexar County,5246,19757.9,2.4015,8.6,79.02,0,45,207747,207747.0,767202.6,4616.6,4616.6,33,0,100.0,6.67,3.7663,53.33,47.7,16.82,ADEQUATE,0,0.025252,0.025753,59.95,49.78,116.58
1800000429,WALKER JAMES,Cardiology,Heart Disease,Cardiovascular Imaging,No,ADVANCED CARDIOLOGY CENTER - LEON VALLEY,TX,78270,48029,Bexar County,4513,12415.3,1.1573,14.0,48.75,0,45,207747,207747.0,767202.6,4616.6,4616.6,33,0,100.0,6.67,2.751,53.33,47.7,16.82,ADEQUATE,0,0.021724,0.016183,2.4,96.25,100.29
1800000430,EDWARDS OLIVIA,Cardiology,Heart Disease,Internal Medicine,No,HEARTCARE SPECIALISTS - ALAMO HEIGHTS,TX,78288,48029,Bexar County,5608,24308.4,2.8021,7.2,66.74,0,45,207747,207747.0,767202.6,4616.6,4616.6,33,0,100.0,6.67,4.3346,53.33,47.7,16.82,ADEQUATE,0,0.026994,0.031684,83.45,38.15,124.62
1800000431,MORGAN EMILY,Cardiology,Heart Disease,Internal Medicine,Yes,HEARTCARE SPECIALISTS - SAN ANTONIO,TX,78285,48029,Bexar County,3248,11665.5,2.4988,5.0,13.99,1,45,207747,207747.0,767202.6,4616.6,4616.6,33,0,100.0,6.67,3.5916,53.33,47.7,16.82,ADEQUATE,0,0.015634,0.015205,66.9,18.8,72.18
1800000432,WHITE DANIEL,Cardiology,Heart Disease,Geriatric Medicine,Yes,ADVANCED CARDIOLOGY CENTER - ALAMO HEIGHTS,TX,78284,48029,Bexar County,2998,10357.2,3.0183,12.5,40.82,1,45,207747,207747.0,767202.6,4616.6,4616.6,33,0,100.0,6.67,3.4547,53.33,47.7,16.82,ADEQUATE,0,0.014431,0.0135,92.0,84.02,66.62
1800000433,FOSTER KARAN,Cardiology,Heart Disease,Cardiovascular Imaging,Yes,HEARTCARE SPECIALISTS - ALAMO HEIGHTS,TX,78239,48029,Bexar County,4449,13761.3,1.7525,6.3,40.68,1,45,207747,207747.0,767202.6,4616.6,4616.6,33,0,100.0,6.67,3.0931,53.33,47.7,16.82,ADEQUATE,0,0.021415,0.017937,17.8,29.9,98.87
1800000434,PARKER RAHUL,Cardiology,Heart Disease,Geriatric Medicine,Yes,CARDIAC WELLNESS GROUP - ALAMO HEIGHTS,TX,78212,48029,Bexar County,4351,20743.3,2.7172,10.7,63.57,1,45,207747,207747.0,767202.6,4616.6,4616.6,33,0,100.0,6.67,4.7675,53.33,47.7,16.82,ADEQUATE,0,0.020944,0.027038,79.3,67.7,96.69
1800000435,WILSON SOPHIA,Cardiology,Heart Disease,Geriatric Medicine,No,ADVANCED CARDIOLOGY CENTER - ALAMO HEIGHTS,TX,78269,48029,Bexar County,3206,10427.1,2.6871,14.0,43.18,0,45,207747,207747.0,767202.6,4616.6,4616.6,33,0,100.0,6.67,3.2524,53.33,47.7,16.82,ADEQUATE,0,0.015432,0.013591,77.65,96.25,71.24
1800000436,WILLIAMS SARAH,Endocrinology,Diabetes,Family Medicine,No,METABOLIC HEALTH ASSOCIATES - SAN ANTONIO,TX,78285,48029,Bexar County,7075,28860.4,1.6317,5.1,71.33,0,43,237445,237445.0,856822.8,5521.976744186047,5521.976744186047,38,0,100.0,26.67,4.0792,12.0,31.22,13.15,ADEQUATE,0,0.029796,0.033683,12.75,19.58,164.53
1800000437,GARCIA AARON,Endocrinology,Diabetes,Internal Medicine,No,METABOLIC HEALTH ASSOCIATES - ALAMO HEIGHTS,TX,78241,48029,Bexar County,7135,27571.1,2.6063,9.9,44.81,0,43,237445,237445.0,856822.8,5521.976744186047,5521.976744186047,38,0,100.0,26.67,3.8642,12.0,31.22,13.15,ADEQUATE,0,0.030049,0.032178,73.25,60.78,165.93
1800000438,PATEL GEORGE,Endocrinology,Diabetes,Family Medicine,Yes,ENDOCRINE SPECIALISTS GROUP - SAN ANTONIO,TX,78245,48029,Bexar County,7054,19136.2,2.6037,7.0,85.55,1,43,237445,237445.0,856822.8,5521.976744186047,5521.976744186047,38,0,100.0,26.67,2.7128,12.0,31.22,13.15,ADEQUATE,0,0.029708,0.022334,73.12,36.02,164.05
1800000439,WRIGHT MICHAEL,Endocrinology,Diabetes,Family Medicine,Yes,ENDOCRINE SPECIALISTS GROUP - ALAMO HEIGHTS,TX,78284,48029,Bexar County,5412,23228.3,2.1533,5.4,68.76,1,43,237445,237445.0,856822.8,5521.976744186047,5521.976744186047,38,0,100.0,26.67,4.292,12.0,31.22,13.15,ADEQUATE,0,0.022793,0.02711,42.85,22.45,125.86
1800000440,HARRIS VICTOR,Endocrinology,Diabetes,Family Medicine,No,METABOLIC HEALTH ASSOCIATES - SAN ANTONIO,TX,78253,48029,Bexar County,4067,12700.6,1.6108,5.5,42.02,0,43,237445,237445.0,856822.8,5521.976744186047,5521.976744186047,38,0,100.0,26.67,3.1228,12.0,31.22,13.15,ADEQUATE,0,0.017128,0.014823,12.05,23.2,94.58
1800000441,RIVERA ANIKA,Endocrinology,Diabetes,Metabolic Medicine,Yes,ENDOCRINE SPECIALISTS GROUP - LEON VALLEY,TX,78253,48029,Bexar County,5273,19932.1,1.121,12.7,49.0,1,43,237445,237445.0,856822.8,5521.976744186047,5521.976744186047,38,0,100.0,26.67,3.78,12.0,31.22,13.15,ADEQUATE,0,0.022207,0.023263,1.85,86.02,122.63
1800000442,ADAMS ISABEL,Endocrinology,Diabetes,Family Medicine,Yes,METABOLIC HEALTH ASSOCIATES - LEON VALLEY,TX,78205,48029,Bexar County,7516,30621.8,2.5956,3.2,34.55,1,43,237445,237445.0,856822.8,5521.976744186047,5521.976744186047,38,0,100.0,26.67,4.0742,12.0,31.22,13.15,ADEQUATE,0,0.031654,0.035739,72.7,2.17,174.79
1800000443,JOHNSON NOAH,Endocrinology,Diabetes,Metabolic Medicine,No,DIABETES CARE CENTER - SAN ANTONIO,TX,78258,48029,Bexar County,5019,14389.4,1.838,12.1,50.67,0,43,237445,237445.0,856822.8,5521.976744186047,5521.976744186047,38,0,100.0,26.67,2.867,12.0,31.22,13.15,ADEQUATE,0,0.021138,0.016794,21.65,80.23,116.72
1800000444,SANCHEZ ZOE,Endocrinology,Diabetes,Family Medicine,Yes,ENDOCRINE SPECIALISTS GROUP - LEON VALLEY,TX,78226,48029,Bexar County,4718,21696.9,2.8073,11.5,66.86,1,43,237445,237445.0,856822.8,5521.976744186047,5521.976744186047,38,0,100.0,26.67,4.5987,12.0,31.22,13.15,ADEQUATE,0,0.01987,0.025323,83.6,74.52,109.72
1800000445,BAKER CARLOS,Endocrinology,Diabetes,Family Medicine,No,METABOLIC HEALTH ASSOCIATES - SAN ANTONIO,TX,78265,48029,Bexar County,4306,13682.6,3.56,4.1,25.11,0,43,237445,237445.0,856822.8,5521.976744186047,5521.976744186047,38,0,100.0,26.67,3.1776,12.0,31.22,13.15,ADEQUATE,0,0.018135,0.015969,99.1,10.22,100.14
1800000446,LEE JULIA,Endocrinology,Diabetes,Internal Medicine,No,METABOLIC HEALTH ASSOCIATES - ALAMO HEIGHTS,TX,78249,48029,Bexar County,7224,23693.1,1.6567,4.8,53.13,0,43,237445,237445.0,856822.8,5521.976744186047,5521.976744186047,38,0,100.0,26.67,3.2798,12.0,31.22,13.15,ADEQUATE,0,0.030424,0.027652,13.95,16.95,168.0
1800000447,THOMAS PRIYA,Endocrinology,Diabetes,Family Medicine,Yes,DIABETES CARE CENTER - SAN ANTONIO,TX,78212,48029,Bexar County,3744,13379.4,2.3189,9.0,37.09,1,43,237445,237445.0,856822.8,5521.976744186047,5521.976744186047,38,0,100.0,26.67,3.5736,12.0,31.22,13.15,ADEQUATE,0,0.015768,0.015615,54.7,52.6,87.07
1800000448,CARTER DAVID,Endocrinology,Diabetes,Internal Medicine,No,METABOLIC HEALTH ASSOCIATES - LEON VALLEY,TX,78251,48029,Bexar County,5018,18506.2,1.7358,7.0,60.03,0,43,237445,237445.0,856822.8,5521.976744186047,5521.976744186047,38,0,100.0,26.67,3.688,12.0,31.22,13.15,ADEQUATE,0,0.021133,0.021599,17.2,36.02,116.7
1800000449,MILLER ELENA,Endocrinology,Diabetes,Family Medicine,Yes,ENDOCRINE SPECIALISTS GROUP - LEON VALLEY,TX,78263,48029,Bexar County,4341,11851.8,2.6112,6.2,92.74,1,43,237445,237445.0,856822.8,5521.976744186047,5521.976744186047,38,0,100.0,26.67,2.7302,12.0,31.22,13.15,ADEQUATE,0,0.018282,0.013832,73.38,29.12,100.95
1800000450,TURNER LUCAS,Endocrinology,Diabetes,Family Medicine,No,METABOLIC HEALTH ASSOCIATES - LEON VALLEY,TX,78294,48029,Bexar County,7157,31625.2,1.7453,11.6,32.68,0,43,237445,237445.0,856822.8,5521.976744186047,5521.976744186047,38,0,100.0,26.67,4.4188,12.0,31.22,13.15,ADEQUATE,0,0.030142,0.03691,17.55,75.5,166.44
1800000451,DAVIS SARAH,Endocrinology,Diabetes,Metabolic Medicine,No,ENDOCRINE SPECIALISTS GROUP - ALAMO HEIGHTS,TX,78237,48029,Bexar County,4534,11934.3,1.6377,10.3,30.55,0,43,237445,237445.0,856822.8,5521.976744186047,5521.976744186047,38,0,100.0,26.67,2.6322,12.0,31.22,13.15,ADEQUATE,0,0.019095,0.013929,12.95,64.08,105.44
1800000452,MOORE AARON,Endocrinology,Diabetes,Internal Medicine,Yes,METABOLIC HEALTH ASSOCIATES - LEON VALLEY,TX,78258,48029,Bexar County,6668,23315.5,2.9062,4.4,63.62,1,43,237445,237445.0,856822.8,5521.976744186047,5521.976744186047,38,0,100.0,26.67,3.4966,12.0,31.22,13.15,ADEQUATE,0,0.028082,0.027212,88.05,12.88,155.07
1800000453,WATSON GEORGE,Endocrinology,Diabetes,Metabolic Medicine,Yes,ENDOCRINE SPECIALISTS GROUP - ALAMO HEIGHTS,TX,78226,48029,Bexar County,4870,22210.2,2.3753,3.7,66.27,1,43,237445,237445.0,856822.8,5521.976744186047,5521.976744186047,38,0,100.0,26.67,4.5606,12.0,31.22,13.15,ADEQUATE,0,0.02051,0.025922,58.45,6.65,113.26
1800000454,EVANS MICHAEL,Endocrinology,Diabetes,Metabolic Medicine,No,DIABETES CARE CENTER - ALAMO HEIGHTS,TX,78221,48029,Bexar County,3796,16683.9,0.9231,3.5,76.1,0,43,237445,237445.0,856822.8,5521.976744186047,5521.976744186047,38,0,100.0,26.67,4.3951,12.0,31.22,13.15,ADEQUATE,0,0.015987,0.019472,0.8,4.85,88.28
1800000455,NELSON VICTOR,Endocrinology,Diabetes,Family Medicine,No,DIABETES CARE CENTER - LEON VALLEY,TX,78273,48029,Bexar County,6736,32051.4,1.8593,3.7,73.0,0,43,237445,237445.0,856822.8,5521.976744186047,5521.976744186047,38,0,100.0,26.67,4.7582,12.0,31.22,13.15,ADEQUATE,0,0.028369,0.037407,22.85,6.65,156.65
1800000456,WILLIAMS ANIKA,Endocrinology,Diabetes,Internal Medicine,No,ENDOCRINE SPECIALISTS GROUP - LEON VALLEY,TX,78211,48029,Bexar County,6030,19803.1,2.5467,14.1,59.33,0,43,237445,237445.0,856822.8,5521.976744186047,5521.976744186047,38,0,100.0,26.67,3.2841,12.0,31.22,13.15,ADEQUATE,0,0.025395,0.023112,69.8,97.02,140.23
1800000457,GARCIA ISABEL,Endocrinology,Diabetes,Internal Medicine,Yes,DIABETES CARE CENTER - SAN ANTONIO,TX,78231,48029,Bexar County,3835,13018.9,2.3674,11.7,62.99,1,43,237445,237445.0,856822.8,5521.976744186047,5521.976744186047,38,0,100.0,26.67,3.3948,12.0,31.22,13.15,ADEQUATE,0,0.016151,0.015194,57.9,76.32,89.19
1800000458,PATEL NOAH,Endocrinology,Diabetes,Family Medicine,Yes,DIABETES CARE CENTER - LEON VALLEY,TX,78254,48029,Bexar County,5905,16851.4,2.2514,6.7,61.37,1,43,237445,237445.0,856822.8,5521.976744186047,5521.976744186047,38,0,100.0,26.67,2.8538,12.0,31.22,13.15,ADEQUATE,0,0.024869,0.019667,50.3,33.12,137.33
1800000459,WRIGHT ZOE,Endocrinology,Diabetes,Metabolic Medicine,Yes,ENDOCRINE SPECIALISTS GROUP - ALAMO HEIGHTS,TX,78296,48029,Bexar County,7466,34670.6,2.6199,9.8,41.99,1,43,237445,237445.0,856822.8,5521.976744186047,5521.976744186047,38,0,100.0,26.67,4.6438,12.0,31.22,13.15,ADEQUATE,0,0.031443,0.040464,74.15,59.9,173.63
1800000460,HARRIS CARLOS,Endocrinology,Diabetes,Internal Medicine,Yes,ENDOCRINE SPECIALISTS GROUP - ALAMO HEIGHTS,TX,78236,48029,Bexar County,4103,15679.7,1.8447,10.8,8.0,1,43,237445,237445.0,856822.8,5521.976744186047,5521.976744186047,38,0,100.0,26.67,3.8215,12.0,31.22,13.15,ADEQUATE,0,0.01728,0.0183,22.1,68.47,95.42
1800000461,RIVERA JULIA,Endocrinology,Diabetes,Internal Medicine,No,METABOLIC HEALTH ASSOCIATES - LEON VALLEY,TX,78203,48029,Bexar County,7402,27520.2,3.2463,8.2,70.08,0,43,237445,237445.0,856822.8,5521.976744186047,5521.976744186047,38,0,100.0,26.67,3.7179,12.0,31.22,13.15,ADEQUATE,0,0.031174,0.032119,96.3,46.48,172.14
1800000462,ADAMS PRIYA,Endocrinology,Diabetes,Metabolic Medicine,Yes,ENDOCRINE SPECIALISTS GROUP - SAN ANTONIO,TX,78265,48029,Bexar County,5982,18147.5,2.7483,12.5,58.37,1,43,237445,237445.0,856822.8,5521.976744186047,5521.976744186047,38,0,100.0,26.67,3.0337,12.0,31.22,13.15,ADEQUATE,0,0.025193,0.02118,81.35,84.02,139.12
1800000463,JOHNSON DAVID,Endocrinology,Diabetes,Internal Medicine,No,DIABETES CARE CENTER - ALAMO HEIGHTS,TX,78272,48029,Bexar County,4239,17922.5,1.5134,4.2,42.92,0,43,237445,237445.0,856822.8,5521.976744186047,5521.976744186047,38,0,100.0,26.67,4.228,12.0,31.22,13.15,ADEQUATE,0,0.017853,0.020917,9.2,11.2,98.58
1800000464,SANCHEZ ELENA,Endocrinology,Diabetes,Metabolic Medicine,Yes,DIABETES CARE CENTER - ALAMO HEIGHTS,TX,78271,48029,Bexar County,7244,18228.9,2.3984,8.2,50.61,1,43,237445,237445.0,856822.8,5521.976744186047,5521.976744186047,38,0,100.0,26.67,2.5164,12.0,31.22,13.15,ADEQUATE,0,0.030508,0.021275,59.55,46.48,168.47
1800000465,BAKER LUCAS,Endocrinology,Diabetes,Metabolic Medicine,Yes,METABOLIC HEALTH ASSOCIATES - ALAMO HEIGHTS,TX,78295,48029,Bexar County,5994,16857.8,1.3938,4.8,48.71,1,43,237445,237445.0,856822.8,5521.976744186047,5521.976744186047,38,0,100.0,26.67,2.8124,12.0,31.22,13.15,ADEQUATE,0,0.025244,0.019675,5.95,16.95,139.4
1800000466,LEE SARAH,Endocrinology,Diabetes,Internal Medicine,No,DIABETES CARE CENTER - LEON VALLEY,TX,78261,48029,Bexar County,5709,16032.2,2.5923,11.0,49.88,0,43,237445,237445.0,856822.8,5521.976744186047,5521.976744186047,38,0,100.0,26.67,2.8082,12.0,31.22,13.15,ADEQUATE,0,0.024043,0.018711,72.4,70.08,132.77
1800000467,THOMAS AARON,Endocrinology,Diabetes,Metabolic Medicine,No,ENDOCRINE SPECIALISTS GROUP - ALAMO HEIGHTS,TX,78211,48029,Bexar County,6980,19263.3,2.1715,7.2,40.16,0,43,237445,237445.0,856822.8,5521.976744186047,5521.976744186047,38,0,100.0,26.67,2.7598,12.0,31.22,13.15,ADEQUATE,0,0.029396,0.022482,44.3,38.15,162.33
1800000468,CARTER GEORGE,Endocrinology,Diabetes,Internal Medicine,Yes,DIABETES CARE CENTER - ALAMO HEIGHTS,TX,78229,48029,Bexar County,4414,20868.4,1.5521,9.6,36.34,1,43,237445,237445.0,856822.8,5521.976744186047,5521.976744186047,38,0,100.0,26.67,4.7278,12.0,31.22,13.15,ADEQUATE,0,0.01859,0.024356,10.05,57.88,102.65
1800000469,MILLER MICHAEL,Endocrinology,Diabetes,Internal Medicine,Yes,METABOLIC HEALTH ASSOCIATES - ALAMO HEIGHTS,TX,78283,48029,Bexar County,5048,18025.8,2.0466,4.9,41.63,1,43,237445,237445.0,856822.8,5521.976744186047,5521.976744186047,38,0,100.0,26.67,3.5709,12.0,31.22,13.15,ADEQUATE,0,0.02126,0.021038,35.0,17.95,117.4
1800000470,TURNER VICTOR,Endocrinology,Diabetes,Internal Medicine,No,DIABETES CARE CENTER - ALAMO HEIGHTS,TX,78221,48029,Bexar County,3912,16660.1,0.9,6.5,13.61,0,43,237445,237445.0,856822.8,5521.976744186047,5521.976744186047,38,0,100.0,26.67,4.2587,12.0,31.22,13.15,ADEQUATE,0,0.016475,0.019444,0.32,31.42,90.98
1800000471,DAVIS ANIKA,Endocrinology,Diabetes,Family Medicine,Yes,DIABETES CARE CENTER - SAN ANTONIO,TX,78270,48029,Bexar County,4951,17726.3,2.4285,5.9,64.63,1,43,237445,237445.0,856822.8,5521.976744186047,5521.976744186047,38,0,100.0,26.67,3.5803,12.0,31.22,13.15,ADEQUATE,0,0.020851,0.020688,61.75,26.48,115.14
1800000472,MOORE ISABEL,Endocrinology,Diabetes,Internal Medicine,Yes,ENDOCRINE SPECIALISTS GROUP - SAN ANTONIO,TX,78212,48029,Bexar County,4071,12970.2,3.0138,13.6,51.97,1,43,237445,237445.0,856822.8,5521.976744186047,5521.976744186047,38,0,100.0,26.67,3.186,12.0,31.22,13.15,ADEQUATE,0,0.017145,0.015138,91.75,93.52,94.67
1800000473,WATSON NOAH,Endocrinology,Diabetes,Internal Medicine,Yes,METABOLIC HEALTH ASSOCIATES - SAN ANTONIO,TX,78268,48029,Bexar County,5592,23970.2,1.3755,6.9,70.62,1,43,237445,237445.0,856822.8,5521.976744186047,5521.976744186047,38,0,100.0,26.67,4.2865,12.0,31.22,13.15,ADEQUATE,0,0.023551,0.027976,5.65,35.1,130.05
1800000474,EVANS ZOE,Endocrinology,Diabetes,Family Medicine,Yes,DIABETES CARE CENTER - ALAMO HEIGHTS,TX,78233,48029,Bexar County,4136,13222.5,2.815,9.0,77.51,1,43,237445,237445.0,856822.8,5521.976744186047,5521.976744186047,38,0,100.0,26.67,3.1969,12.0,31.22,13.15,ADEQUATE,0,0.017419,0.015432,84.12,52.6,96.19
1800000475,NELSON CARLOS,Endocrinology,Diabetes,Metabolic Medicine,No,METABOLIC HEALTH ASSOCIATES - LEON VALLEY,TX,78270,48029,Bexar County,7374,29074.1,1.7254,6.2,48.74,0,43,237445,237445.0,856822.8,5521.976744186047,5521.976744186047,38,0,100.0,26.67,3.9428,12.0,31.22,13.15,ADEQUATE,0,0.031056,0.033932,16.4,29.12,171.49
1800000476,WILLIAMS JULIA,Endocrinology,Diabetes,Internal Medicine,No,METABOLIC HEALTH ASSOCIATES - ALAMO HEIGHTS,TX,78259,48029,Bexar County,5577,18028.0,1.9594,5.3,84.43,0,43,237445,237445.0,856822.8,5521.976744186047,5521.976744186047,38,0,100.0,26.67,3.2326,12.0,31.22,13.15,ADEQUATE,0,0.023488,0.021041,28.95,21.45,129.7
1800000477,GARCIA PRIYA,Endocrinology,Diabetes,Family Medicine,Yes,DIABETES CARE CENTER - LEON VALLEY,TX,78227,48029,Bexar County,4992,12992.5,2.5908,11.0,69.02,1,43,237445,237445.0,856822.8,5521.976744186047,5521.976744186047,38,0,100.0,26.67,2.6027,12.0,31.22,13.15,ADEQUATE,0,0.021024,0.015164,72.2,70.08,116.09
1800000478,PATEL DAVID,Endocrinology,Diabetes,Internal Medicine,No,DIABETES CARE CENTER - ALAMO HEIGHTS,TX,78254,48029,Bexar County,4826,22218.2,1.1827,3.2,23.11,0,43,237445,237445.0,856822.8,5521.976744186047,5521.976744186047,38,0,100.0,26.67,4.6039,12.0,31.22,13.15,ADEQUATE,0,0.020325,0.025931,2.8,2.17,112.23
1800000479,TAYLOR THOMAS,Psychiatry,Mental Health Disorders,Child & Adolescent Psychiatry,Yes,COMMUNITY MENTAL HEALTH CENTER - SAN ANTONIO,TX,78273,48029,Bexar County,6248,28149.7,2.1259,13.5,38.43,1,36,301749,301749.0,1111990.9,8381.916666666666,8381.916666666666,48,12,75.0,82.67,4.5054,48.0,47.62,46.26,LOW GAP,12,0.020706,0.025315,40.6,92.65,173.56
1800000480,BROWN AMELIA,Psychiatry,Mental Health Disorders,Child & Adolescent Psychiatry,Yes,COMMUNITY MENTAL HEALTH CENTER - LEON VALLEY,TX,78203,48029,Bexar County,6565,15998.3,1.9743,4.1,24.15,1,36,301749,301749.0,1111990.9,8381.916666666666,8381.916666666666,48,12,75.0,82.67,2.4369,48.0,47.62,46.26,LOW GAP,12,0.021756,0.014387,30.3,10.22,182.36
1800000481,MARTIN HANNAH,Psychiatry,Mental Health Disorders,Child & Adolescent Psychiatry,No,BEHAVIORAL HEALTH PARTNERS - LEON VALLEY,TX,78293,48029,Bexar County,6479,15614.0,2.6691,4.6,53.78,0,36,301749,301749.0,1111990.9,8381.916666666666,8381.916666666666,48,12,75.0,82.67,2.4099,48.0,47.62,46.26,LOW GAP,12,0.021471,0.014041,76.55,15.05,179.97
1800000482,THOMPSON NADIA,Psychiatry,Mental Health Disorders,Addiction Medicine,Yes,BEHAVIORAL HEALTH PARTNERS - ALAMO HEIGHTS,TX,78254,48029,Bexar County,6933,28748.6,2.7122,6.5,40.67,1,36,301749,301749.0,1111990.9,8381.916666666666,8381.916666666666,48,12,75.0,82.67,4.1466,48.0,47.62,46.26,LOW GAP,12,0.022976,0.025853,78.95,31.42,192.58
1800000483,CLARK WILLIAM,Psychiatry,Mental Health Disorders,Child & Adolescent Psychiatry,Yes,PSYCHIATRY CARE ASSOCIATES - ALAMO HEIGHTS,TX,78276,48029,Bexar County,8386,34685.9,2.5653,11.5,59.25,1,36,301749,301749.0,1111990.9,8381.916666666666,8381.916666666666,48,12,75.0,82.67,4.1362,48.0,47.62,46.26,LOW GAP,12,0.027791,0.031193,70.75,74.52,232.94
1800000484,MITCHELL BENJAMIN,Psychiatry,Mental Health Disorders,Behavioral Health,Yes,COMMUNITY MENTAL HEALTH CENTER - ALAMO HEIGHTS,TX,78280,48029,Bexar County,7915,30166.7,2.7456,5.9,42.42,1,36,301749,301749.0,1111990.9,8381.916666666666,8381.916666666666,48,12,75.0,82.67,3.8113,48.0,47.62,46.26,LOW GAP,12,0.02623,0.027129,81.15,26.48,219.86
1800000485,WALKER JAMES,Psychiatry,Mental Health Disorders,Behavioral Health,Yes,PSYCHIATRY CARE ASSOCIATES - ALAMO HEIGHTS,TX,78274,48029,Bexar County,5982,26587.8,1.9408,9.7,51.58,1,36,301749,301749.0,1111990.9,8381.916666666666,8381.916666666666,48,12,75.0,82.67,4.4446,48.0,47.62,46.26,LOW GAP,12,0.019824,0.02391,27.6,58.92,166.17
1800000486,EDWARDS OLIVIA,Psychiatry,Mental Health Disorders,Child & Adolescent Psychiatry,Yes,COMMUNITY MENTAL HEALTH CENTER - SAN ANTONIO,TX,78297,48029,Bexar County,7908,32425.6,1.7759,7.5,53.08,1,36,301749,301749.0,1111990.9,8381.916666666666,8381.916666666666,48,12,75.0,82.67,4.1004,48.0,47.62,46.26,LOW GAP,12,0.026207,0.02916,18.85,40.48,219.67
1800000487,MORGAN EMILY,Psychiatry,Mental Health Disorders,Behavioral Health,Yes,PSYCHIATRY CARE ASSOCIATES - SAN ANTONIO,TX,78226,48029,Bexar County,10805,51097.9,2.0053,13.7,79.0,1,36,301749,301749.0,1111990.9,8381.916666666666,8381.916666666666,48,12,75.0,82.67,4.7291,48.0,47.62,46.26,LOW GAP,12,0.035808,0.045952,31.8,94.25,300.14
1800000488,WHITE DANIEL,Psychiatry,Mental Health Disorders,Behavioral Health,Yes,COMMUNITY MENTAL HEALTH CENTER - LEON VALLEY,TX,78256,48029,Bexar County,8061,31020.1,3.5065,6.8,46.5,1,36,301749,301749.0,1111990.9,8381.916666666666,8381.916666666666,48,12,75.0,82.67,3.8482,48.0,47.62,46.26,LOW GAP,12,0.026714,0.027896,98.9,34.12,223.92
1800000489,FOSTER KARAN,Psychiatry,Mental Health Disorders,Child & Adolescent Psychiatry,Yes,BEHAVIORAL HEALTH PARTNERS - ALAMO HEIGHTS,TX,78294,48029,Bexar County,6042,24616.9,2.6827,10.7,41.25,1,36,301749,301749.0,1111990.9,8381.916666666666,8381.916666666666,48,12,75.0,82.67,4.0743,48.0,47.62,46.26,LOW GAP,12,0.020023,0.022138,77.32,67.7,167.83
1800000490,PARKER RAHUL,Psychiatry,Mental Health Disorders,Behavioral Health,Yes,BEHAVIORAL HEALTH PARTNERS - LEON VALLEY,TX,78223,48029,Bexar County,10690,43068.8,1.3621,3.5,60.92,1,36,301749,301749.0,1111990.9,8381.916666666666,8381.916666666666,48,12,75.0,82.67,4.0289,48.0,47.62,46.26,LOW GAP,12,0.035427,0.038731,5.35,4.85,296.94
1800000491,WILSON SOPHIA,Psychiatry,Mental Health Disorders,Behavioral Health,No,PSYCHIATRY CARE ASSOCIATES - SAN ANTONIO,TX,78272,48029,Bexar County,10227,46896.9,3.136,4.5,74.15,0,36,301749,301749.0,1111990.9,8381.916666666666,8381.916666666666,48,12,75.0,82.67,4.5856,48.0,47.62,46.26,LOW GAP,12,0.033892,0.042174,94.3,13.9,284.08
1800000492,GOMEZ FATIMA,Psychiatry,Mental Health Disorders,Behavioral Health,No,PSYCHIATRY CARE ASSOCIATES - LEON VALLEY,TX,78277,48029,Bexar County,9782,36204.4,1.8395,14.4,53.92,0,36,301749,301749.0,1111990.9,8381.916666666666,8381.916666666666,48,12,75.0,82.67,3.7011,48.0,47.62,46.26,LOW GAP,12,0.032418,0.032558,21.8,99.18,271.72
1800000493,REED MAYA,Psychiatry,Mental Health Disorders,Behavioral Health,Yes,BEHAVIORAL HEALTH PARTNERS - SAN ANTONIO,TX,78254,48029,Bexar County,9914,29928.2,1.503,3.4,55.57,1,36,301749,301749.0,1111990.9,8381.916666666666,8381.916666666666,48,12,75.0,82.67,3.0188,48.0,47.62,46.26,LOW GAP,12,0.032855,0.026914,8.75,3.98,275.39
1800000494,YOUNG THOMAS,Psychiatry,Mental Health Disorders,Child & Adolescent Psychiatry,Yes,PSYCHIATRY CARE ASSOCIATES - ALAMO HEIGHTS,TX,78216,48029,Bexar County,9284,38080.7,2.5784,8.2,61.43,1,36,301749,301749.0,1111990.9,8381.916666666666,8381.916666666666,48,12,75.0,82.67,4.1018,48.0,47.62,46.26,LOW GAP,12,0.030767,0.034246,71.7,46.48,257.89
1800000495,JACKSON AMELIA,Psychiatry,Mental Health Disorders,Behavioral Health,Yes,BEHAVIORAL HEALTH PARTNERS - LEON VALLEY,TX,78288,48029,Bexar County,9560,39068.8,3.1901,10.3,80.5,1,36,301749,301749.0,1111990.9,8381.916666666666,8381.916666666666,48,12,75.0,82.67,4.0867,48.0,47.62,46.26,LOW GAP,12,0.031682,0.035134,95.5,64.08,265.56
1800000496,ROBERTS HANNAH,Psychiatry,Mental Health Disorders,Child & Adolescent Psychiatry,Yes,BEHAVIORAL HEALTH PARTNERS - SAN ANTONIO,TX,78291,48029,Bexar County,11037,42766.1,1.1593,6.2,81.17,1,36,301749,301749.0,1111990.9,8381.916666666666,8381.916666666666,48,12,75.0,82.67,3.8748,48.0,47.62,46.26,LOW GAP,12,0.036577,0.038459,2.48,29.12,306.58
1800000497,ANDERSON NADIA,Psychiatry,Mental Health Disorders,Addiction Medicine,No,COMMUNITY MENTAL HEALTH CENTER - LEON VALLEY,TX,78254,48029,Bexar County,7400,24837.1,2.1585,13.8,51.7,0,36,301749,301749.0,1111990.9,8381.916666666666,8381.916666666666,48,12,75.0,82.67,3.3564,48.0,47.62,46.26,LOW GAP,12,0.024524,0.022336,43.3,94.9,205.56
1800000498,KIM WILLIAM,Psychiatry,Mental Health Disorders,Addiction Medicine,No,COMMUNITY MENTAL HEALTH CENTER - ALAMO HEIGHTS,TX,78214,48029,Bexar County,10632,44941.8,1.1259,13.4,8.0,0,36,301749,301749.0,1111990.9,8381.916666666666,8381.916666666666,48,12,75.0,82.67,4.227,48.0,47.62,46.26,LOW GAP,12,0.035235,0.040416,2.05,91.75,295.33
1800000499,TAYLOR BENJAMIN,Psychiatry,Mental Health Disorders,Child & Adolescent Psychiatry,No,BEHAVIORAL HEALTH PARTNERS - LEON VALLEY,TX,78281,48029,Bexar County,6680,19295.7,2.0956,7.2,86.56,0,36,301749,301749.0,1111990.9,8381.916666666666,8381.916666666666,48,12,75.0,82.67,2.8886,48.0,47.62,46.26,LOW GAP,12,0.022138,0.017352,38.7,38.15,185.56
1800000500,BROWN JAMES,Psychiatry,Mental Health Disorders,Behavioral Health,Yes,BEHAVIORAL HEALTH PARTNERS - SAN ANTONIO,TX,78269,48029,Bexar County,5840,19321.6,2.6748,3.0,63.59,1,36,301749,301749.0,1111990.9,8381.916666666666,8381.916666666666,48,12,75.0,82.67,3.3085,48.0,47.62,46.26,LOW GAP,12,0.019354,0.017376,76.95,0.3,162.22
1800000501,MARTIN OLIVIA,Psychiatry,Mental Health Disorders,Child & Adolescent Psychiatry,Yes,BEHAVIORAL HEALTH PARTNERS - SAN ANTONIO,TX,78247,48029,Bexar County,7561,24479.5,3.0017,12.7,46.69,1,36,301749,301749.0,1111990.9,8381.916666666666,8381.916666666666,48,12,75.0,82.67,3.2376,48.0,47.62,46.26,LOW GAP,12,0.025057,0.022014,91.15,86.02,210.03
1800000502,THOMPSON EMILY,Psychiatry,Mental Health Disorders,Behavioral Health,Yes,COMMUNITY MENTAL HEALTH CENTER - ALAMO HEIGHTS,TX,78222,48029,Bexar County,10080,39257.0,2.2311,12.6,39.69,1,36,301749,301749.0,1111990.9,8381.916666666666,8381.916666666666,48,12,75.0,82.67,3.8945,48.0,47.62,46.26,LOW GAP,12,0.033405,0.035303,48.9,85.0,280.0
1800000503,CLARK DANIEL,Psychiatry,Mental Health Disorders,Child & Adolescent Psychiatry,Yes,COMMUNITY MENTAL HEALTH CENTER - ALAMO HEIGHTS,TX,78233,48029,Bexar County,7095,17739.7,2.8682,9.0,59.33,1,36,301749,301749.0,1111990.9,8381.916666666666,8381.916666666666,48,12,75.0,82.67,2.5003,48.0,47.62,46.26,LOW GAP,12,0.023513,0.015953,86.6,52.6,197.08
1800000504,MITCHELL KARAN,Psychiatry,Mental Health Disorders,Behavioral Health,Yes,BEHAVIORAL HEALTH PARTNERS - SAN ANTONIO,TX,78282,48029,Bexar County,10006,25280.2,1.7347,9.3,38.73,1,36,301749,301749.0,1111990.9,8381.916666666666,8381.916666666666,48,12,75.0,82.67,2.5265,48.0,47.62,46.26,LOW GAP,12,0.03316,0.022734,17.0,55.35,277.94
1800000505,WALKER RAHUL,Psychiatry,Mental Health Disorders,Child & Adolescent Psychiatry,Yes,BEHAVIORAL HEALTH PARTNERS - ALAMO HEIGHTS,TX,78298,48029,Bexar County,9978,40089.0,2.4938,4.3,68.91,1,36,301749,301749.0,1111990.9,8381.916666666666,8381.916666666666,48,12,75.0,82.67,4.0177,48.0,47.62,46.26,LOW GAP,12,0.033067,0.036052,66.25,12.12,277.17
1800000506,EDWARDS SOPHIA,Psychiatry,Mental Health Disorders,Child & Adolescent Psychiatry,Yes,PSYCHIATRY CARE ASSOCIATES - LEON VALLEY,TX,78245,48029,Bexar County,8726,23930.2,2.0792,3.6,64.29,1,36,301749,301749.0,1111990.9,8381.916666666666,8381.916666666666,48,12,75.0,82.67,2.7424,48.0,47.62,46.26,LOW GAP,12,0.028918,0.02152,37.4,5.78,242.39
1800000507,MORGAN FATIMA,Psychiatry,Mental Health Disorders,Behavioral Health,Yes,BEHAVIORAL HEALTH PARTNERS - SAN ANTONIO,TX,78223,48029,Bexar County,5578,16889.7,1.5109,10.9,41.59,1,36,301749,301749.0,1111990.9,8381.916666666666,8381.916666666666,48,12,75.0,82.67,3.0279,48.0,47.62,46.26,LOW GAP,12,0.018486,0.015189,9.05,69.27,154.94
1800000508,WHITE MAYA,Psychiatry,Mental Health Disorders,Behavioral Health,No,BEHAVIORAL HEALTH PARTNERS - LEON VALLEY,TX,78284,48029,Bexar County,8041,31339.8,2.9965,14.2,43.6,0,36,301749,301749.0,1111990.9,8381.916666666666,8381.916666666666,48,12,75.0,82.67,3.8975,48.0,47.62,46.26,LOW GAP,12,0.026648,0.028184,91.05,97.62,223.36
1800000509,FOSTER THOMAS,Psychiatry,Mental Health Disorders,Behavioral Health,Yes,COMMUNITY MENTAL HEALTH CENTER - SAN ANTONIO,TX,78263,48029,Bexar County,10192,47234.4,3.333,7.0,64.53,1,36,301749,301749.0,1111990.9,8381.916666666666,8381.916666666666,48,12,75.0,82.67,4.6345,48.0,47.62,46.26,LOW GAP,12,0.033776,0.042477,97.35,36.02,283.11
1800000510,PARKER AMELIA,Psychiatry,Mental Health Disorders,Behavioral Health,Yes,BEHAVIORAL HEALTH PARTNERS - LEON VALLEY,TX,78209,48029,Bexar County,10825,42995.2,2.0493,5.2,61.91,1,36,301749,301749.0,1111990.9,8381.916666666666,8381.916666666666,48,12,75.0,82.67,3.9718,48.0,47.62,46.26,LOW GAP,12,0.035874,0.038665,35.33,20.38,300.69
1800000511,WILSON HANNAH,Psychiatry,Mental Health Disorders,Addiction Medicine,Yes,PSYCHIATRY CARE ASSOCIATES - ALAMO HEIGHTS,TX,78275,48029,Bexar County,6688,22413.5,2.1665,11.8,39.47,1,36,301749,301749.0,1111990.9,8381.916666666666,8381.916666666666,48,12,75.0,82.67,3.3513,48.0,47.62,46.26,LOW GAP,12,0.022164,0.020156,43.95,77.4,185.78
1800000512,GOMEZ NADIA,Psychiatry,Mental Health Disorders,Child & Adolescent Psychiatry,Yes,COMMUNITY MENTAL HEALTH CENTER - LEON VALLEY,TX,78229,48029,Bexar County,11359,32972.7,3.3655,11.5,71.86,1,36,301749,301749.0,1111990.9,8381.916666666666,8381.916666666666,48,12,75.0,82.67,2.9028,48.0,47.62,46.26,LOW GAP,12,0.037644,0.029652,97.6,74.52,315.53
1800000513,REED WILLIAM,Psychiatry,Mental Health Disorders,Addiction Medicine,No,COMMUNITY MENTAL HEALTH CENTER - ALAMO HEIGHTS,TX,78283,48029,Bexar County,6015,24779.8,1.7682,12.9,44.14,0,36,301749,301749.0,1111990.9,8381.916666666666,8381.916666666666,48,12,75.0,82.67,4.1197,48.0,47.62,46.26,LOW GAP,12,0.019934,0.022284,18.5,87.95,167.08
1800000514,YOUNG BENJAMIN,Psychiatry,Mental Health Disorders,Child & Adolescent Psychiatry,No,BEHAVIORAL HEALTH PARTNERS - ALAMO HEIGHTS,TX,78202,48029,Bexar County,7235,19068.6,1.9752,7.2,46.36,0,36,301749,301749.0,1111990.9,8381.916666666666,8381.916666666666,48,12,75.0,82.67,2.6356,48.0,47.62,46.26,LOW GAP,12,0.023977,0.017148,30.5,38.15,200.97
1800000515,REED DANIEL,Pulmonary,Respiratory Disease,Sleep Medicine,Yes,RESPIRATORY CARE GROUP - LEON VALLEY,TX,78205,48029,Bexar County,4301,16085.8,1.9249,14.4,39.54,1,41,221943,221943.0,781116.3,5413.243902439024,5413.243902439024,35,0,100.0,24.0,3.74,62.67,48.71,22.71,ADEQUATE,0,0.019379,0.020593,26.8,99.18,104.9
1800000516,YOUNG KARAN,Pulmonary,Respiratory Disease,Critical Care Medicine,Yes,RESPIRATORY CARE GROUP - LEON VALLEY,TX,78226,48029,Bexar County,6290,19373.9,1.5823,7.0,64.01,1,41,221943,221943.0,781116.3,5413.243902439024,5413.243902439024,35,0,100.0,24.0,3.0801,62.67,48.71,22.71,ADEQUATE,0,0.028341,0.024803,11.12,36.02,153.41
1800000517,JACKSON RAHUL,Pulmonary,Respiratory Disease,Sleep Medicine,Yes,PULMONARY & SLEEP CENTER - ALAMO HEIGHTS,TX,78230,48029,Bexar County,5256,13230.3,1.9376,8.7,64.42,1,41,221943,221943.0,781116.3,5413.243902439024,5413.243902439024,35,0,100.0,24.0,2.5172,62.67,48.71,22.71,ADEQUATE,0,0.023682,0.016938,27.35,50.5,128.2
1800000518,ROBERTS SOPHIA,Pulmonary,Respiratory Disease,Internal Medicine,Yes,RESPIRATORY CARE GROUP - LEON VALLEY,TX,78273,48029,Bexar County,5227,15238.9,2.7605,7.2,93.8,1,41,221943,221943.0,781116.3,5413.243902439024,5413.243902439024,35,0,100.0,24.0,2.9154,62.67,48.71,22.71,ADEQUATE,0,0.023551,0.019509,81.55,38.15,127.49
1800000519,ANDERSON FATIMA,Pulmonary,Respiratory Disease,Critical Care Medicine,No,LUNG HEALTH SPECIALISTS - LEON VALLEY,TX,78217,48029,Bexar County,4305,16409.0,2.4537,10.4,24.95,0,41,221943,221943.0,781116.3,5413.243902439024,5413.243902439024,35,0,100.0,24.0,3.8116,62.67,48.71,22.71,ADEQUATE,0,0.019397,0.021007,63.45,64.95,105.0
1800000520,KIM MAYA,Pulmonary,Respiratory Disease,Critical Care Medicine,No,LUNG HEALTH SPECIALISTS - ALAMO HEIGHTS,TX,78252,48029,Bexar County,5746,16557.6,1.6054,3.8,36.02,0,41,221943,221943.0,781116.3,5413.243902439024,5413.243902439024,35,0,100.0,24.0,2.8816,62.67,48.71,22.71,ADEQUATE,0,0.02589,0.021197,11.8,7.45,140.15
1800000521,TAYLOR THOMAS,Pulmonary,Respiratory Disease,Internal Medicine,Yes,RESPIRATORY CARE GROUP - SAN ANTONIO,TX,78268,48029,Bexar County,6187,18346.4,2.3695,12.0,56.73,1,41,221943,221943.0,781116.3,5413.243902439024,5413.243902439024,35,0,100.0,24.0,2.9653,62.67,48.71,22.71,ADEQUATE,0,0.027877,0.023487,57.95,79.45,150.9
1800000522,BROWN AMELIA,Pulmonary,Respiratory Disease,Sleep Medicine,No,PULMONARY & SLEEP CENTER - LEON VALLEY,TX,78224,48029,Bexar County,4235,14390.1,2.3434,9.9,24.97,0,41,221943,221943.0,781116.3,5413.243902439024,5413.243902439024,35,0,100.0,24.0,3.3979,62.67,48.71,22.71,ADEQUATE,0,0.019081,0.018422,56.25,60.78,103.29
1800000523,MARTIN HANNAH,Pulmonary,Respiratory Disease,Internal Medicine,No,RESPIRATORY CARE GROUP - SAN ANTONIO,TX,78248,48029,Bexar County,5194,17958.1,2.494,5.3,64.07,0,41,221943,221943.0,781116.3,5413.243902439024,5413.243902439024,35,0,100.0,24.0,3.4575,62.67,48.71,22.71,ADEQUATE,0,0.023402,0.02299,66.3,21.45,126.68
1800000524,THOMPSON NADIA,Pulmonary,Respiratory Disease,Internal Medicine,Yes,PULMONARY & SLEEP CENTER - SAN ANTONIO,TX,78256,48029,Bexar County,4337,20737.6,2.3098,7.3,90.64,1,41,221943,221943.0,781116.3,5413.243902439024,5413.243902439024,35,0,100.0,24.0,4.7816,62.67,48.71,22.71,ADEQUATE,0,0.019541,0.026549,54.15,39.15,105.78
1800000525,CLARK WILLIAM,Pulmonary,Respiratory Disease,Critical Care Medicine,Yes,LUNG HEALTH SPECIALISTS - LEON VALLEY,TX,78208,48029,Bexar County,6032,26242.1,2.8831,3.4,42.29,1,41,221943,221943.0,781116.3,5413.243902439024,5413.243902439024,35,0,100.0,24.0,4.3505,62.67,48.71,22.71,ADEQUATE,0,0.027178,0.033596,87.42,3.98,147.12
1800000526,MITCHELL BENJAMIN,Pulmonary,Respiratory Disease,Critical Care Medicine,Yes,LUNG HEALTH SPECIALISTS - LEON VALLEY,TX,78291,48029,Bexar County,3629,13595.4,2.9126,6.0,56.47,1,41,221943,221943.0,781116.3,5413.243902439024,5413.243902439024,35,0,100.0,24.0,3.7463,62.67,48.71,22.71,ADEQUATE,0,0.016351,0.017405,88.2,27.55,88.51
1800000527,WALKER JAMES,Pulmonary,Respiratory Disease,Sleep Medicine,Yes,LUNG HEALTH SPECIALISTS - SAN ANTONIO,TX,78285,48029,Bexar County,5901,18218.3,0.9,11.1,67.25,1,41,221943,221943.0,781116.3,5413.243902439024,5413.243902439024,35,0,100.0,24.0,3.0873,62.67,48.71,22.71,ADEQUATE,0,0.026588,0.023323,0.32,70.97,143.93
1800000528,EDWARDS OLIVIA,Pulmonary,Respiratory Disease,Internal Medicine,Yes,PULMONARY & SLEEP CENTER - LEON VALLEY,TX,78205,48029,Bexar County,5978,27292.2,1.1471,3.1,40.52,1,41,221943,221943.0,781116.3,5413.243902439024,5413.243902439024,35,0,100.0,24.0,4.5654,62.67,48.71,22.71,ADEQUATE,0,0.026935,0.03494,2.3,1.15,145.8
1800000529,MORGAN EMILY,Pulmonary,Respiratory Disease,Sleep Medicine,No,RESPIRATORY CARE GROUP - SAN ANTONIO,TX,78264,48029,Bexar County,4778,13365.3,2.8879,14.0,83.95,0,41,221943,221943.0,781116.3,5413.243902439024,5413.243902439024,35,0,100.0,24.0,2.7973,62.67,48.71,22.71,ADEQUATE,0,0.021528,0.017111,87.6,96.25,116.54
1800000530,WHITE DANIEL,Pulmonary,Respiratory Disease,Internal Medicine,Yes,RESPIRATORY CARE GROUP - SAN ANTONIO,TX,78201,48029,Bexar County,6619,28198.0,1.8939,11.7,70.8,1,41,221943,221943.0,781116.3,5413.243902439024,5413.243902439024,35,0,100.0,24.0,4.2602,62.67,48.71,22.71,ADEQUATE,0,0.029823,0.0361,25.0,76.32,161.44
1800000531,FOSTER KARAN,Pulmonary,Respiratory Disease,Sleep Medicine,Yes,RESPIRATORY CARE GROUP - ALAMO HEIGHTS,TX,78238,48029,Bexar County,5895,23663.3,2.2113,4.0,42.48,1,41,221943,221943.0,781116.3,5413.243902439024,5413.243902439024,35,0,100.0,24.0,4.0141,62.67,48.71,22.71,ADEQUATE,0,0.026561,0.030294,47.6,9.32,143.78
1800000532,PARKER RAHUL,Pulmonary,Respiratory Disease,Critical Care Medicine,Yes,LUNG HEALTH SPECIALISTS - ALAMO HEIGHTS,TX,78234,48029,Bexar County,7028,29146.2,1.1706,7.3,68.11,1,41,221943,221943.0,781116.3,5413.243902439024,5413.243902439024,35,0,100.0,24.0,4.1472,62.67,48.71,22.71,ADEQUATE,0,0.031666,0.037314,2.7,39.15,171.41
1800000533,WILSON SOPHIA,Pulmonary,Respiratory Disease,Internal Medicine,Yes,LUNG HEALTH SPECIALISTS - SAN ANTONIO,TX,78210,48029,Bexar County,5920,21073.7,2.3649,10.9,31.57,1,41,221943,221943.0,781116.3,5413.243902439024,5413.243902439024,35,0,100.0,24.0,3.5597,62.67,48.71,22.71,ADEQUATE,0,0.026674,0.026979,57.72,69.27,144.39
1800000534,GOMEZ FATIMA,Pulmonary,Respiratory Disease,Internal Medicine,Yes,LUNG HEALTH SPECIALISTS - ALAMO HEIGHTS,TX,78273,48029,Bexar County,7013,17073.2,2.5686,12.1,56.14,1,41,221943,221943.0,781116.3,5413.243902439024,5413.243902439024,35,0,100.0,24.0,2.4345,62.67,48.71,22.71,ADEQUATE,0,0.031598,0.021857,71.15,80.23,171.05
1800000535,REED MAYA,Pulmonary,Respiratory Disease,Internal Medicine,No,PULMONARY & SLEEP CENTER - ALAMO HEIGHTS,TX,78277,48029,Bexar County,4319,19196.0,2.4084,10.4,71.58,0,41,221943,221943.0,781116.3,5413.243902439024,5413.243902439024,35,0,100.0,24.0,4.4445,62.67,48.71,22.71,ADEQUATE,0,0.01946,0.024575,60.4,64.95,105.34
1800000536,YOUNG THOMAS,Pulmonary,Respiratory Disease,Sleep Medicine,Yes,PULMONARY & SLEEP CENTER - SAN ANTONIO,TX,78263,48029,Bexar County,5329,15211.2,3.0839,4.7,92.86,1,41,221943,221943.0,781116.3,5413.243902439024,5413.243902439024,35,0,100.0,24.0,2.8544,62.67,48.71,22.71,ADEQUATE,0,0.024011,0.019474,93.45,15.9,129.98
1800000537,JACKSON AMELIA,Pulmonary,Respiratory Disease,Internal Medicine,Yes,PULMONARY & SLEEP CENTER - LEON VALLEY,TX,78236,48029,Bexar County,6121,17269.8,2.0392,11.6,58.99,1,41,221943,221943.0,781116.3,5413.243902439024,5413.243902439024,35,0,100.0,24.0,2.8214,62.67,48.71,22.71,ADEQUATE,0,0.027579,0.022109,34.42,75.5,149.29
1800000538,ROBERTS HANNAH,Pulmonary,Respiratory Disease,Sleep Medicine,Yes,RESPIRATORY CARE GROUP - ALAMO HEIGHTS,TX,78206,48029,Bexar County,5456,23599.7,2.4698,4.1,52.52,1,41,221943,221943.0,781116.3,5413.243902439024,5413.243902439024,35,0,100.0,24.0,4.3255,62.67,48.71,22.71,ADEQUATE,0,0.024583,0.030213,64.7,10.22,133.07
1800000539,ANDERSON NADIA,Pulmonary,Respiratory Disease,Critical Care Medicine,Yes,PULMONARY & SLEEP CENTER - ALAMO HEIGHTS,TX,78226,48029,Bexar County,6131,16085.1,1.9539,10.1,43.63,1,41,221943,221943.0,781116.3,5413.243902439024,5413.243902439024,35,0,100.0,24.0,2.6236,62.67,48.71,22.71,ADEQUATE,0,0.027624,0.020592,28.52,62.52,149.54
1800000540,KIM WILLIAM,Pulmonary,Respiratory Disease,Sleep Medicine,Yes,PULMONARY & SLEEP CENTER - ALAMO HEIGHTS,TX,78203,48029,Bexar County,5085,20813.5,2.2584,10.1,42.98,1,41,221943,221943.0,781116.3,5413.243902439024,5413.243902439024,35,0,100.0,24.0,4.0931,62.67,48.71,22.71,ADEQUATE,0,0.022911,0.026646,50.7,62.52,124.02
1800000541,TAYLOR BENJAMIN,Pulmonary,Respiratory Disease,Sleep Medicine,Yes,LUNG HEALTH SPECIALISTS - ALAMO HEIGHTS,TX,78235,48029,Bexar County,5921,18743.4,2.8708,10.9,32.42,1,41,221943,221943.0,781116.3,5413.243902439024,5413.243902439024,35,0,100.0,24.0,3.1656,62.67,48.71,22.71,ADEQUATE,0,0.026678,0.023996,86.75,69.27,144.41
1800000542,BROWN JAMES,Pulmonary,Respiratory Disease,Sleep Medicine,Yes,LUNG HEALTH SPECIALISTS - LEON VALLEY,TX,78207,48029,Bexar County,6782,29098.5,2.7224,5.6,54.7,1,41,221943,221943.0,781116.3,5413.243902439024,5413.243902439024,35,0,100.0,24.0,4.2905,62.67,48.71,22.71,ADEQUATE,0,0.030557,0.037252,79.8,23.92,165.41
1800000543,MARTIN OLIVIA,Pulmonary,Respiratory Disease,Critical Care Medicine,Yes,LUNG HEALTH SPECIALISTS - LEON VALLEY,TX,78281,48029,Bexar County,6326,20330.3,2.795,13.7,78.09,1,41,221943,221943.0,781116.3,5413.243902439024,5413.243902439024,35,0,100.0,24.0,3.2138,62.67,48.71,22.71,ADEQUATE,0,0.028503,0.026027,83.25,94.25,154.29
1800000544,THOMPSON EMILY,Pulmonary,Respiratory Disease,Critical Care Medicine,Yes,RESPIRATORY CARE GROUP - SAN ANTONIO,TX,78203,48029,Bexar County,4554,14232.6,2.389,4.2,78.67,1,41,221943,221943.0,781116.3,5413.243902439024,5413.243902439024,35,0,100.0,24.0,3.1253,62.67,48.71,22.71,ADEQUATE,0,0.020519,0.018221,59.1,11.2,111.07
1800000545,CLARK DANIEL,Pulmonary,Respiratory Disease,Internal Medicine,Yes,RESPIRATORY CARE GROUP - ALAMO HEIGHTS,TX,78239,48029,Bexar County,5212,18009.3,1.9751,6.3,42.03,1,41,221943,221943.0,781116.3,5413.243902439024,5413.243902439024,35,0,100.0,24.0,3.4554,62.67,48.71,22.71,ADEQUATE,0,0.023484,0.023056,30.45,29.9,127.12
1800000546,MITCHELL KARAN,Pulmonary,Respiratory Disease,Sleep Medicine,Yes,LUNG HEALTH SPECIALISTS - SAN ANTONIO,TX,78263,48029,Bexar County,3503,16372.6,2.5208,11.8,98.0,1,41,221943,221943.0,781116.3,5413.243902439024,5413.243902439024,35,0,100.0,24.0,4.6739,62.67,48.71,22.71,ADEQUATE,0,0.015783,0.020961,68.15,77.4,85.44
1800000547,WALKER RAHUL,Pulmonary,Respiratory Disease,Critical Care Medicine,No,RESPIRATORY CARE GROUP - ALAMO HEIGHTS,TX,78296,48029,Bexar County,4772,14737.2,2.5016,10.3,15.42,0,41,221943,221943.0,781116.3,5413.243902439024,5413.243902439024,35,0,100.0,24.0,3.0883,62.67,48.71,22.71,ADEQUATE,0,0.021501,0.018867,67.2,64.08,116.39
1800000548,EDWARDS SOPHIA,Pulmonary,Respiratory Disease,Critical Care Medicine,No,PULMONARY & SLEEP CENTER - SAN ANTONIO,TX,78221,48029,Bexar County,3668,8894.7,2.5545,12.4,53.3,0,41,221943,221943.0,781116.3,5413.243902439024,5413.243902439024,35,0,100.0,24.0,2.4249,62.67,48.71,22.71,ADEQUATE,0,0.016527,0.011387,70.15,83.0,89.46
1800000549,MORGAN FATIMA,Pulmonary,Respiratory Disease,Critical Care Medicine,Yes,LUNG HEALTH SPECIALISTS - SAN ANTONIO,TX,78271,48029,Bexar County,6421,16632.8,2.3464,12.1,61.01,1,41,221943,221943.0,781116.3,5413.243902439024,5413.243902439024,35,0,100.0,24.0,2.5904,62.67,48.71,22.71,ADEQUATE,0,0.028931,0.021294,56.4,80.23,156.61
1800000550,WHITE MAYA,Pulmonary,Respiratory Disease,Critical Care Medicine,Yes,RESPIRATORY CARE GROUP - SAN ANTONIO,TX,78218,48029,Bexar County,4158,17806.8,2.8416,13.5,83.95,1,41,221943,221943.0,781116.3,5413.243902439024,5413.243902439024,35,0,100.0,24.0,4.2825,62.67,48.71,22.71,ADEQUATE,0,0.018735,0.022797,85.25,92.65,101.41
1800000551,FOSTER THOMAS,Pulmonary,Respiratory Disease,Sleep Medicine,Yes,RESPIRATORY CARE GROUP - LEON VALLEY,TX,78251,48029,Bexar County,7181,21533.2,2.8396,7.0,51.14,1,41,221943,221943.0,781116.3,5413.243902439024,5413.243902439024,35,0,100.0,24.0,2.9986,62.67,48.71,22.71,ADEQUATE,0,0.032355,0.027567,85.15,36.02,175.15
1800000552,PARKER AMELIA,Pulmonary,Respiratory Disease,Internal Medicine,Yes,LUNG HEALTH SPECIALISTS - ALAMO HEIGHTS,TX,78286,48029,Bexar County,5605,23258.1,2.4988,7.5,56.45,1,41,221943,221943.0,781116.3,5413.243902439024,5413.243902439024,35,0,100.0,24.0,4.1495,62.67,48.71,22.71,ADEQUATE,0,0.025254,0.029775,66.9,40.48,136.71
1800000553,WILSON HANNAH,Pulmonary,Respiratory Disease,Internal Medicine,Yes,PULMONARY & SLEEP CENTER - SAN ANTONIO,TX,78282,48029,Bexar County,5548,26495.6,2.5449,3.6,59.29,1,41,221943,221943.0,781116.3,5413.243902439024,5413.243902439024,35,0,100.0,24.0,4.7757,62.67,48.71,22.71,ADEQUATE,0,0.024997,0.03392,69.7,5.78,135.32
1800000554,GOMEZ NADIA,Pulmonary,Respiratory Disease,Internal Medicine,Yes,PULMONARY & SLEEP CENTER - SAN ANTONIO,TX,78285,48029,Bexar County,5933,21894.9,2.8493,12.5,58.66,1,41,221943,221943.0,781116.3,5413.243902439024,5413.243902439024,35,0,100.0,24.0,3.6904,62.67,48.71,22.71,ADEQUATE,0,0.026732,0.02803,85.65,84.02,144.71
1800000555,REED WILLIAM,Pulmonary,Respiratory Disease,Sleep Medicine,No,LUNG HEALTH SPECIALISTS - ALAMO HEIGHTS,TX,78214,48029,Bexar County,4047,14705.6,1.9452,12.6,40.23,0,41,221943,221943.0,781116.3,5413.243902439024,5413.243902439024,35,0,100.0,24.0,3.6337,62.67,48.71,22.71,ADEQUATE,0,0.018234,0.018826,27.95,85.0,98.71
1800000556,WILLIAMS SARAH,Rheumatology,Arthritis,Pain Medicine,Yes,ARTHRITIS CARE CENTER - LEON VALLEY,TX,78235,48029,Bexar County,6685,26698.6,2.2146,9.3,56.8,1,40,282826,282826.0,1073679.5,7070.65,7070.65,45,5,88.89,68.0,3.9938,18.67,40.64,30.9,ADEQUATE,5,0.023636,0.024866,47.85,55.35,167.12
1800000557,GARCIA AARON,Rheumatology,Arthritis,Internal Medicine,Yes,ARTHRITIS CARE CENTER - LEON VALLEY,TX,78205,48029,Bexar County,6624,17091.8,2.2405,5.2,61.77,1,40,282826,282826.0,1073679.5,7070.65,7070.65,45,5,88.89,68.0,2.5803,18.67,40.64,30.9,ADEQUATE,5,0.023421,0.015919,49.45,20.38,165.6
1800000558,PATEL GEORGE,Rheumatology,Arthritis,Internal Medicine,Yes,MUSCULOSKELETAL HEALTH GROUP - SAN ANTONIO,TX,78214,48029,Bexar County,8897,37270.9,2.1722,10.5,70.29,1,40,282826,282826.0,1073679.5,7070.65,7070.65,45,5,88.89,68.0,4.1892,18.67,40.64,30.9,ADEQUATE,5,0.031458,0.034713,44.35,65.92,222.42
1800000559,WRIGHT MICHAEL,Rheumatology,Arthritis,Geriatric Medicine,Yes,ARTHRITIS CARE CENTER - ALAMO HEIGHTS,TX,78229,48029,Bexar County,6305,26148.8,3.3833,12.6,64.68,1,40,282826,282826.0,1073679.5,7070.65,7070.65,45,5,88.89,68.0,4.1473,18.67,40.64,30.9,ADEQUATE,5,0.022293,0.024354,97.85,85.0,157.62
1800000560,HARRIS VICTOR,Rheumatology,Arthritis,Internal Medicine,Yes,RHEUMATOLOGY ASSOCIATES - LEON VALLEY,TX,78248,48029,Bexar County,5661,22334.9,2.1002,9.8,62.27,1,40,282826,282826.0,1073679.5,7070.65,7070.65,45,5,88.89,68.0,3.9454,18.67,40.64,30.9,ADEQUATE,5,0.020016,0.020802,39.05,59.9,141.52
1800000561,RIVERA ANIKA,Rheumatology,Arthritis,Internal Medicine,No,ARTHRITIS CARE CENTER - SAN ANTONIO,TX,78282,48029,Bexar County,7430,33378.7,2.9669,12.7,66.61,0,40,282826,282826.0,1073679.5,7070.65,7070.65,45,5,88.89,68.0,4.4924,18.67,40.64,30.9,ADEQUATE,5,0.026271,0.031088,90.2,86.02,185.75
1800000562,ADAMS ISABEL,Rheumatology,Arthritis,Pain Medicine,Yes,ARTHRITIS CARE CENTER - LEON VALLEY,TX,78246,48029,Bexar County,8873,30597.1,2.1229,14.2,46.78,1,40,282826,282826.0,1073679.5,7070.65,7070.65,45,5,88.89,68.0,3.4483,18.67,40.64,30.9,ADEQUATE,5,0.031373,0.028497,40.42,97.62,221.82
1800000563,JOHNSON NOAH,Rheumatology,Arthritis,Pain Medicine,No,RHEUMATOLOGY ASSOCIATES - SAN ANTONIO,TX,78260,48029,Bexar County,5078,22025.2,2.9461,7.5,67.88,0,40,282826,282826.0,1073679.5,7070.65,7070.65,45,5,88.89,68.0,4.3374,18.67,40.64,30.9,ADEQUATE,5,0.017955,0.020514,89.45,40.48,126.95
1800000564,SANCHEZ ZOE,Rheumatology,Arthritis,Internal Medicine,No,ARTHRITIS CARE CENTER - LEON VALLEY,TX,78229,48029,Bexar County,8840,31208.5,2.3987,5.6,16.98,0,40,282826,282826.0,1073679.5,7070.65,7070.65,45,5,88.89,68.0,3.5304,18.67,40.64,30.9,ADEQUATE,5,0.031256,0.029067,59.65,23.92,221.0
1800000565,BAKER CARLOS,Rheumatology,Arthritis,Internal Medicine,Yes,ARTHRITIS CARE CENTER - LEON VALLEY,TX,78227,48029,Bexar County,4738,17246.3,2.1131,14.5,58.78,1,40,282826,282826.0,1073679.5,7070.65,7070.65,45,5,88.89,68.0,3.64,18.67,40.64,30.9,ADEQUATE,5,0.016752,0.016063,39.65,99.8,118.45
1800000566,LEE JULIA,Rheumatology,Arthritis,Internal Medicine,No,RHEUMATOLOGY ASSOCIATES - ALAMO HEIGHTS,TX,78265,48029,Bexar County,8096,32476.8,1.7241,10.0,42.92,0,40,282826,282826.0,1073679.5,7070.65,7070.65,45,5,88.89,68.0,4.0115,18.67,40.64,30.9,ADEQUATE,5,0.028625,0.030248,16.3,61.72,202.4
1800000567,THOMAS PRIYA,Rheumatology,Arthritis,Internal Medicine,Yes,ARTHRITIS CARE CENTER - ALAMO HEIGHTS,TX,78262,48029,Bexar County,4600,17185.2,2.1797,3.2,35.91,1,40,282826,282826.0,1073679.5,7070.65,7070.65,45,5,88.89,68.0,3.7359,18.67,40.64,30.9,ADEQUATE,5,0.016264,0.016006,45.0,2.17,115.0
1800000568,CARTER DAVID,Rheumatology,Arthritis,Geriatric Medicine,No,ARTHRITIS CARE CENTER - SAN ANTONIO,TX,78257,48029,Bexar County,8145,28007.7,2.7214,3.6,22.17,0,40,282826,282826.0,1073679.5,7070.65,7070.65,45,5,88.89,68.0,3.4386,18.67,40.64,30.9,ADEQUATE,5,0.028799,0.026086,79.75,5.78,203.62
1800000569,MILLER ELENA,Rheumatology,Arthritis,Pain Medicine,Yes,ARTHRITIS CARE CENTER - SAN ANTONIO,TX,78251,48029,Bexar County,7906,36752.0,2.276,8.2,23.09,1,40,282826,282826.0,1073679.5,7070.65,7070.65,45,5,88.89,68.0,4.6486,18.67,40.64,30.9,ADEQUATE,5,0.027954,0.03423,51.65,46.48,197.65
1800000570,TURNER LUCAS,Rheumatology,Arthritis,Pain Medicine,No,RHEUMATOLOGY ASSOCIATES - LEON VALLEY,TX,78213,48029,Bexar County,6404,25789.2,1.4329,5.7,49.43,0,40,282826,282826.0,1073679.5,7070.65,7070.65,45,5,88.89,68.0,4.027,18.67,40.64,30.9,ADEQUATE,5,0.022643,0.024019,7.0,24.7,160.1
1800000571,DAVIS SARAH,Rheumatology,Arthritis,Pain Medicine,No,RHEUMATOLOGY ASSOCIATES - ALAMO HEIGHTS,TX,78261,48029,Bexar County,9049,31079.4,1.9714,5.5,71.25,0,40,282826,282826.0,1073679.5,7070.65,7070.65,45,5,88.89,68.0,3.4346,18.67,40.64,30.9,ADEQUATE,5,0.031995,0.028947,30.0,23.2,226.22
1800000572,MOORE AARON,Rheumatology,Arthritis,Internal Medicine,No,MUSCULOSKELETAL HEALTH GROUP - SAN ANTONIO,TX,78236,48029,Bexar County,6228,28160.9,2.0315,3.1,63.73,0,40,282826,282826.0,1073679.5,7070.65,7070.65,45,5,88.89,68.0,4.5217,18.67,40.64,30.9,ADEQUATE,5,0.022021,0.026228,33.95,1.15,155.7
1800000573,WATSON GEORGE,Rheumatology,Arthritis,Geriatric Medicine,No,MUSCULOSKELETAL HEALTH GROUP - SAN ANTONIO,TX,78226,48029,Bexar County,7081,17104.2,2.616,5.2,86.99,0,40,282826,282826.0,1073679.5,7070.65,7070.65,45,5,88.89,68.0,2.4155,18.67,40.64,30.9,ADEQUATE,5,0.025037,0.01593,73.8,20.38,177.02
1800000574,EVANS MICHAEL,Rheumatology,Arthritis,Pain Medicine,Yes,MUSCULOSKELETAL HEALTH GROUP - ALAMO HEIGHTS,TX,78277,48029,Bexar County,9042,36676.0,2.159,11.8,96.41,1,40,282826,282826.0,1073679.5,7070.65,7070.65,45,5,88.89,68.0,4.0562,18.67,40.64,30.9,ADEQUATE,5,0.03197,0.034159,43.35,77.4,226.05
1800000575,NELSON VICTOR,Rheumatology,Arthritis,Internal Medicine,Yes,RHEUMATOLOGY ASSOCIATES - SAN ANTONIO,TX,78240,48029,Bexar County,8188,22938.6,1.6426,3.7,67.79,1,40,282826,282826.0,1073679.5,7070.65,7070.65,45,5,88.89,68.0,2.8015,18.67,40.64,30.9,ADEQUATE,5,0.028951,0.021364,13.15,6.65,204.7
1800000576,WILLIAMS ANIKA,Rheumatology,Arthritis,Pain Medicine,No,RHEUMATOLOGY ASSOCIATES - LEON VALLEY,TX,78221,48029,Bexar County,6279,25264.3,2.8817,4.7,57.44,0,40,282826,282826.0,1073679.5,7070.65,7070.65,45,5,88.89,68.0,4.0236,18.67,40.64,30.9,ADEQUATE,5,0.022201,0.023531,87.25,15.9,156.98
1800000577,GARCIA ISABEL,Rheumatology,Arthritis,Geriatric Medicine,Yes,MUSCULOSKELETAL HEALTH GROUP - ALAMO HEIGHTS,TX,78212,48029,Bexar County,6585,27295.5,1.8944,8.5,44.03,1,40,282826,282826.0,1073679.5,7070.65,7070.65,45,5,88.89,68.0,4.1451,18.67,40.64,30.9,ADEQUATE,5,0.023283,0.025422,25.05,49.0,164.62
1800000578,PATEL NOAH,Rheumatology,Arthritis,Internal Medicine,Yes,RHEUMATOLOGY ASSOCIATES - SAN ANTONIO,TX,78228,48029,Bexar County,6980,33068.8,3.4829,4.2,66.03,1,40,282826,282826.0,1073679.5,7070.65,7070.65,45,5,88.89,68.0,4.7377,18.67,40.64,30.9,ADEQUATE,5,0.024679,0.0308,98.65,11.2,174.5
1800000579,WRIGHT ZOE,Rheumatology,Arthritis,Internal Medicine,No,ARTHRITIS CARE CENTER - SAN ANTONIO,TX,78279,48029,Bexar County,4681,14012.0,2.4041,3.9,67.91,0,40,282826,282826.0,1073679.5,7070.65,7070.65,45,5,88.89,68.0,2.9934,18.67,40.64,30.9,ADEQUATE,5,0.016551,0.01305,60.1,8.4,117.02
1800000580,HARRIS CARLOS,Rheumatology,Arthritis,Pain Medicine,Yes,MUSCULOSKELETAL HEALTH GROUP - ALAMO HEIGHTS,TX,78239,48029,Bexar County,9103,35666.5,1.9441,3.7,42.8,1,40,282826,282826.0,1073679.5,7070.65,7070.65,45,5,88.89,68.0,3.9181,18.67,40.64,30.9,ADEQUATE,5,0.032186,0.033219,27.85,6.65,227.58
1800000581,RIVERA JULIA,Rheumatology,Arthritis,Internal Medicine,Yes,RHEUMATOLOGY ASSOCIATES - LEON VALLEY,TX,78273,48029,Bexar County,6010,26898.0,2.4514,9.6,48.01,1,40,282826,282826.0,1073679.5,7070.65,7070.65,45,5,88.89,68.0,4.4755,18.67,40.64,30.9,ADEQUATE,5,0.02125,0.025052,63.25,57.88,150.25
1800000582,ADAMS PRIYA,Rheumatology,Arthritis,Internal Medicine,Yes,ARTHRITIS CARE CENTER - SAN ANTONIO,TX,78298,48029,Bexar County,9020,42126.1,0.9761,13.0,59.0,1,40,282826,282826.0,1073679.5,7070.65,7070.65,45,5,88.89,68.0,4.6703,18.67,40.64,30.9,ADEQUATE,5,0.031892,0.039235,1.15,88.8,225.5
1800000583,JOHNSON DAVID,Rheumatology,Arthritis,Geriatric Medicine,No,MUSCULOSKELETAL HEALTH GROUP - ALAMO HEIGHTS,TX,78233,48029,Bexar County,8062,30961.3,1.7293,8.0,43.51,0,40,282826,282826.0,1073679.5,7070.65,7070.65,45,5,88.89,68.0,3.8404,18.67,40.64,30.9,ADEQUATE,5,0.028505,0.028837,16.65,45.08,201.55
1800000584,SANCHEZ ELENA,Rheumatology,Arthritis,Pain Medicine,Yes,ARTHRITIS CARE CENTER - ALAMO HEIGHTS,TX,78208,48029,Bexar County,7738,24140.8,2.7199,12.8,50.33,1,40,282826,282826.0,1073679.5,7070.65,7070.65,45,5,88.89,68.0,3.1198,18.67,40.64,30.9,ADEQUATE,5,0.02736,0.022484,79.55,87.05,193.45
1800000585,BAKER LUCAS,Rheumatology,Arthritis,Internal Medicine,No,ARTHRITIS CARE CENTER - ALAMO HEIGHTS,TX,78219,48029,Bexar County,6787,29562.0,1.7497,6.8,53.01,0,40,282826,282826.0,1073679.5,7070.65,7070.65,45,5,88.89,68.0,4.3557,18.67,40.64,30.9,ADEQUATE,5,0.023997,0.027533,17.7,34.12,169.68
1800000586,LEE SARAH,Rheumatology,Arthritis,Geriatric Medicine,No,MUSCULOSKELETAL HEALTH GROUP - ALAMO HEIGHTS,TX,78229,48029,Bexar County,5437,24505.6,2.1356,5.3,30.7,0,40,282826,282826.0,1073679.5,7070.65,7070.65,45,5,88.89,68.0,4.5072,18.67,40.64,30.9,ADEQUATE,5,0.019224,0.022824,41.4,21.45,135.93
1800000587,THOMAS AARON,Rheumatology,Arthritis,Pain Medicine,No,RHEUMATOLOGY ASSOCIATES - LEON VALLEY,TX,78217,48029,Bexar County,9169,25260.1,2.4536,3.1,51.99,0,40,282826,282826.0,1073679.5,7070.65,7070.65,45,5,88.89,68.0,2.7549,18.67,40.64,30.9,ADEQUATE,5,0.032419,0.023527,63.4,1.15,229.22
1800000588,CARTER GEORGE,Rheumatology,Arthritis,Pain Medicine,No,ARTHRITIS CARE CENTER - LEON VALLEY,TX,78274,48029,Bexar County,7109,31647.4,1.5863,11.3,47.55,0,40,282826,282826.0,1073679.5,7070.65,7070.65,45,5,88.89,68.0,4.4517,18.67,40.64,30.9,ADEQUATE,5,0.025136,0.029476,11.3,72.78,177.72
1800000589,MILLER MICHAEL,Rheumatology,Arthritis,Pain Medicine,Yes,MUSCULOSKELETAL HEALTH GROUP - SAN ANTONIO,TX,78220,48029,Bexar County,8544,28817.6,1.21,13.4,42.89,1,40,282826,282826.0,1073679.5,7070.65,7070.65,45,5,88.89,68.0,3.3728,18.67,40.64,30.9,ADEQUATE,5,0.030209,0.02684,3.05,91.75,213.6
1800000590,TURNER VICTOR,Rheumatology,Arthritis,Geriatric Medicine,No,RHEUMATOLOGY ASSOCIATES - ALAMO HEIGHTS,TX,78213,48029,Bexar County,6098,18973.5,2.0591,4.1,68.78,0,40,282826,282826.0,1073679.5,7070.65,7070.65,45,5,88.89,68.0,3.1114,18.67,40.64,30.9,ADEQUATE,5,0.021561,0.017671,35.9,10.22,152.45
1800000591,DAVIS ANIKA,Rheumatology,Arthritis,Pain Medicine,No,ARTHRITIS CARE CENTER - SAN ANTONIO,TX,78297,48029,Bexar County,8460,22713.8,2.6898,7.9,52.59,0,40,282826,282826.0,1073679.5,7070.65,7070.65,45,5,88.89,68.0,2.6848,18.67,40.64,30.9,ADEQUATE,5,0.029912,0.021155,77.85,44.15,211.5
1800000592,MOORE ISABEL,Rheumatology,Arthritis,Geriatric Medicine,No,RHEUMATOLOGY ASSOCIATES - SAN ANTONIO,TX,78257,48029,Bexar County,4829,20117.0,2.4933,9.4,53.68,0,40,282826,282826.0,1073679.5,7070.65,7070.65,45,5,88.89,68.0,4.1659,18.67,40.64,30.9,ADEQUATE,5,0.017074,0.018737,66.15,56.2,120.72
1800000593,WATSON NOAH,Rheumatology,Arthritis,Geriatric Medicine,No,MUSCULOSKELETAL HEALTH GROUP - ALAMO HEIGHTS,TX,78201,48029,Bexar County,4806,18939.6,2.2195,7.1,48.74,0,40,282826,282826.0,1073679.5,7070.65,7070.65,45,5,88.89,68.0,3.9408,18.67,40.64,30.9,ADEQUATE,5,0.016993,0.01764,48.28,37.05,120.15
1800000594,EVANS ZOE,Rheumatology,Arthritis,Internal Medicine,No,ARTHRITIS CARE CENTER - LEON VALLEY,TX,78255,48029,Bexar County,5780,27167.0,2.1637,8.6,71.83,0,40,282826,282826.0,1073679.5,7070.65,7070.65,45,5,88.89,68.0,4.7002,18.67,40.64,30.9,ADEQUATE,5,0.020437,0.025303,43.8,49.78,144.5
1800000595,NELSON CARLOS,Rheumatology,Arthritis,Geriatric Medicine,Yes,RHEUMATOLOGY ASSOCIATES - SAN ANTONIO,TX,78221,48029,Bexar County,7479,26371.8,2.6359,13.2,60.26,1,40,282826,282826.0,1073679.5,7070.65,7070.65,45,5,88.89,68.0,3.5261,18.67,40.64,30.9,ADEQUATE,5,0.026444,0.024562,74.9,90.4,186.98
1800000596,WILLIAMS ANIKA,Cardiology,Heart Disease,Cardiovascular Imaging,No,HEARTCARE SPECIALISTS - ALLEN,TX,75078,48085,Collin County,3278,11798.6,0.9547,3.8,41.3,0,25,113724,113724.0,401452.9,4548.96,4548.96,18,0,100.0,5.33,3.5993,46.67,31.21,13.01,ADEQUATE,0,0.028824,0.02939,0.9,7.45,131.12
1800000597,GARCIA ISABEL,Cardiology,Heart Disease,Cardiovascular Imaging,No,ADVANCED CARDIOLOGY CENTER - ALLEN,TX,75091,48085,Collin County,4362,18310.1,2.5333,11.1,52.82,0,25,113724,113724.0,401452.9,4548.96,4548.96,18,0,100.0,5.33,4.1976,46.67,31.21,13.01,ADEQUATE,0,0.038356,0.04561,68.85,70.97,174.48
1800000598,PATEL NOAH,Cardiology,Heart Disease,Internal Medicine,Yes,HEARTCARE SPECIALISTS - MCKINNEY,TX,75058,48085,Collin County,5588,18305.4,1.4547,8.4,55.74,1,25,113724,113724.0,401452.9,4548.96,4548.96,18,0,100.0,5.33,3.2758,46.67,31.21,13.01,ADEQUATE,0,0.049137,0.045598,7.55,48.12,223.52
1800000599,WRIGHT ZOE,Cardiology,Heart Disease,Cardiovascular Imaging,Yes,CARDIAC WELLNESS GROUP - FRISCO,TX,75089,48085,Collin County,3934,13656.7,1.3079,9.6,74.19,1,25,113724,113724.0,401452.9,4548.96,4548.96,18,0,100.0,5.33,3.4715,46.67,31.21,13.01,ADEQUATE,0,0.034593,0.034018,4.47,57.88,157.36
1800000600,HARRIS CARLOS,Cardiology,Heart Disease,Cardiovascular Imaging,No,ADVANCED CARDIOLOGY CENTER - PLANO,TX,75080,48085,Collin County,4706,22180.5,1.8817,9.8,32.44,0,25,113724,113724.0,401452.9,4548.96,4548.96,18,0,100.0,5.33,4.7132,46.67,31.21,13.01,ADEQUATE,0,0.041381,0.055251,24.1,59.9,188.24
1800000601,RIVERA JULIA,Cardiology,Heart Disease,Cardiovascular Imaging,No,ADVANCED CARDIOLOGY CENTER - PLANO,TX,75050,48085,Collin County,5480,22847.0,2.5662,7.4,60.76,0,25,113724,113724.0,401452.9,4548.96,4548.96,18,0,100.0,5.33,4.1692,46.67,31.21,13.01,ADEQUATE,0,0.048187,0.056911,70.8,39.88,219.2
1800000602,ADAMS PRIYA,Cardiology,Heart Disease,Cardiovascular Imaging,Yes,CARDIAC WELLNESS GROUP - ALLEN,TX,75027,48085,Collin County,4948,17757.4,1.889,8.3,72.14,1,25,113724,113724.0,401452.9,4548.96,4548.96,18,0,100.0,5.33,3.5888,46.67,31.21,13.01,ADEQUATE,0,0.043509,0.044233,24.4,47.32,197.92
1800000603,JOHNSON DAVID,Cardiology,Heart Disease,Cardiovascular Imaging,Yes,CARDIAC WELLNESS GROUP - MCKINNEY,TX,75036,48085,Collin County,3211,15349.6,2.8641,6.5,55.34,1,25,113724,113724.0,401452.9,4548.96,4548.96,18,0,100.0,5.33,4.7803,46.67,31.21,13.01,ADEQUATE,0,0.028235,0.038235,86.4,31.42,128.44
1800000604,SANCHEZ ELENA,Cardiology,Heart Disease,Cardiovascular Imaging,No,ADVANCED CARDIOLOGY CENTER - FRISCO,TX,75082,48085,Collin County,4185,10855.9,1.4324,5.4,65.7,0,25,113724,113724.0,401452.9,4548.96,4548.96,18,0,100.0,5.33,2.594,46.67,31.21,13.01,ADEQUATE,0,0.0368,0.027042,6.9,22.45,167.4
1800000605,BAKER LUCAS,Cardiology,Heart Disease,Internal Medicine,Yes,HEARTCARE SPECIALISTS - FRISCO,TX,75071,48085,Collin County,4464,19872.2,2.2213,11.7,25.96,1,25,113724,113724.0,401452.9,4548.96,4548.96,18,0,100.0,5.33,4.4517,46.67,31.21,13.01,ADEQUATE,0,0.039253,0.049501,48.45,76.32,178.56
1800000606,LEE SARAH,Cardiology,Heart Disease,Internal Medicine,Yes,CARDIAC WELLNESS GROUP - FRISCO,TX,75044,48085,Collin County,5130,17367.4,2.2649,6.7,59.36,1,25,113724,113724.0,401452.9,4548.96,4548.96,18,0,100.0,5.33,3.3855,46.67,31.21,13.01,ADEQUATE,0,0.045109,0.043261,51.2,33.12,205.2
1800000607,THOMAS AARON,Cardiology,Heart Disease,Geriatric Medicine,Yes,ADVANCED CARDIOLOGY CENTER - MCKINNEY,TX,75077,48085,Collin County,6080,21848.7,2.2666,13.1,41.44,1,25,113724,113724.0,401452.9,4548.96,4548.96,18,0,100.0,5.33,3.5935,46.67,31.21,13.01,ADEQUATE,0,0.053463,0.054424,51.3,89.58,243.2
1800000608,CARTER GEORGE,Cardiology,Heart Disease,Internal Medicine,No,CARDIAC WELLNESS GROUP - MCKINNEY,TX,75036,48085,Collin County,5187,15373.4,2.0943,12.7,49.88,0,25,113724,113724.0,401452.9,4548.96,4548.96,18,0,100.0,5.33,2.9638,46.67,31.21,13.01,ADEQUATE,0,0.04561,0.038294,38.6,86.02,207.48
1800000609,MILLER MICHAEL,Cardiology,Heart Disease,Internal Medicine,Yes,CARDIAC WELLNESS GROUP - PLANO,TX,75034,48085,Collin County,5963,20212.7,2.5359,3.5,69.99,1,25,113724,113724.0,401452.9,4548.96,4548.96,18,0,100.0,5.33,3.3897,46.67,31.21,13.01,ADEQUATE,0,0.052434,0.050349,68.95,4.85,238.52
1800000610,TURNER VICTOR,Cardiology,Heart Disease,Internal Medicine,Yes,CARDIAC WELLNESS GROUP - FRISCO,TX,75075,48085,Collin County,5721,14145.3,2.4085,14.4,70.95,1,25,113724,113724.0,401452.9,4548.96,4548.96,18,0,100.0,5.33,2.4725,46.67,31.21,13.01,ADEQUATE,0,0.050306,0.035235,60.45,99.18,228.84
1800000611,DAVIS ANIKA,Cardiology,Heart Disease,Internal Medicine,No,CARDIAC WELLNESS GROUP - ALLEN,TX,75057,48085,Collin County,2982,13037.8,2.1236,11.9,53.97,0,25,113724,113724.0,401452.9,4548.96,4548.96,18,0,100.0,5.33,4.3722,46.67,31.21,13.01,ADEQUATE,0,0.026221,0.032477,40.5,78.57,119.28
1800000612,MOORE ISABEL,Cardiology,Heart Disease,Cardiovascular Imaging,Yes,HEARTCARE SPECIALISTS - ALLEN,TX,75022,48085,Collin County,3462,10297.6,3.7543,5.6,44.73,1,25,113724,113724.0,401452.9,4548.96,4548.96,18,0,100.0,5.33,2.9745,46.67,31.21,13.01,ADEQUATE,0,0.030442,0.025651,99.75,23.92,138.48
1800000613,WATSON NOAH,Cardiology,Heart Disease,Cardiovascular Imaging,Yes,ADVANCED CARDIOLOGY CENTER - PLANO,TX,75074,48085,Collin County,3389,13034.8,2.0625,4.5,60.25,1,25,113724,113724.0,401452.9,4548.96,4548.96,18,0,100.0,5.33,3.8462,46.67,31.21,13.01,ADEQUATE,0,0.0298,0.032469,36.15,13.9,135.56
1800000614,EVANS ZOE,Cardiology,Heart Disease,Cardiovascular Imaging,Yes,ADVANCED CARDIOLOGY CENTER - PLANO,TX,75053,48085,Collin County,5125,20705.3,1.5724,7.4,73.7,1,25,113724,113724.0,401452.9,4548.96,4548.96,18,0,100.0,5.33,4.0401,46.67,31.21,13.01,ADEQUATE,0,0.045065,0.051576,10.7,39.88,205.0
1800000615,NELSON CARLOS,Cardiology,Heart Disease,Geriatric Medicine,No,ADVANCED CARDIOLOGY CENTER - ALLEN,TX,75014,48085,Collin County,4655,13871.4,1.7437,8.3,44.48,0,25,113724,113724.0,401452.9,4548.96,4548.96,18,0,100.0,5.33,2.9799,46.67,31.21,13.01,ADEQUATE,0,0.040932,0.034553,17.5,47.32,186.2
1800000616,WILLIAMS JULIA,Cardiology,Heart Disease,Geriatric Medicine,Yes,ADVANCED CARDIOLOGY CENTER - MCKINNEY,TX,75030,48085,Collin County,3307,8169.0,1.8664,12.6,31.39,1,25,113724,113724.0,401452.9,4548.96,4548.96,18,0,100.0,5.33,2.4702,46.67,31.21,13.01,ADEQUATE,0,0.029079,0.020349,23.1,85.0,132.28
1800000617,GARCIA PRIYA,Cardiology,Heart Disease,Geriatric Medicine,No,ADVANCED CARDIOLOGY CENTER - ALLEN,TX,75095,48085,Collin County,4021,13332.7,1.8798,4.3,43.04,0,25,113724,113724.0,401452.9,4548.96,4548.96,18,0,100.0,5.33,3.3158,46.67,31.21,13.01,ADEQUATE,0,0.035358,0.033211,24.0,12.12,160.84
1800000618,PATEL DAVID,Cardiology,Heart Disease,Geriatric Medicine,No,ADVANCED CARDIOLOGY CENTER - FRISCO,TX,75027,48085,Collin County,5178,16445.7,2.5682,9.7,77.02,0,25,113724,113724.0,401452.9,4548.96,4548.96,18,0,100.0,5.33,3.1761,46.67,31.21,13.01,ADEQUATE,0,0.045531,0.040965,71.08,58.92,207.12
1800000619,WRIGHT ELENA,Cardiology,Heart Disease,Internal Medicine,No,ADVANCED CARDIOLOGY CENTER - ALLEN,TX,75014,48085,Collin County,3863,17084.1,2.9947,7.6,53.19,0,25,113724,113724.0,401452.9,4548.96,4548.96,18,0,100.0,5.33,4.4225,46.67,31.21,13.01,ADEQUATE,0,0.033968,0.042556,91.0,41.35,154.52
1800000620,HARRIS LUCAS,Cardiology,Heart Disease,Geriatric Medicine,Yes,ADVANCED CARDIOLOGY CENTER - ALLEN,TX,75075,48085,Collin County,5505,15593.6,2.0008,13.2,72.11,1,25,113724,113724.0,401452.9,4548.96,4548.96,18,0,100.0,5.33,2.8326,46.67,31.21,13.01,ADEQUATE,0,0.048407,0.038843,31.65,90.4,220.2
1800000621,THOMPSON EMILY,Endocrinology,Diabetes,Internal Medicine,Yes,DIABETES CARE CENTER - MCKINNEY,TX,75040,48085,Collin County,3997,10317.9,1.1988,14.0,36.18,1,24,136614,136614.0,473248.1,5692.25,5692.25,22,0,100.0,30.67,2.5814,30.67,35.86,17.65,ADEQUATE,0,0.029258,0.021802,2.9,96.25,166.54
1800000622,CLARK DANIEL,Endocrinology,Diabetes,Internal Medicine,Yes,ENDOCRINE SPECIALISTS GROUP - ALLEN,TX,75009,48085,Collin County,7207,31200.3,2.7257,6.8,47.2,1,24,136614,136614.0,473248.1,5692.25,5692.25,22,0,100.0,30.67,4.3292,30.67,35.86,17.65,ADEQUATE,0,0.052754,0.065928,80.15,34.12,300.29
1800000623,MITCHELL KARAN,Endocrinology,Diabetes,Family Medicine,Yes,ENDOCRINE SPECIALISTS GROUP - ALLEN,TX,75021,48085,Collin County,4175,11836.1,1.3969,3.2,83.15,1,24,136614,136614.0,473248.1,5692.25,5692.25,22,0,100.0,30.67,2.835,30.67,35.86,17.65,ADEQUATE,0,0.030561,0.02501,6.1,2.17,173.96
1800000624,WALKER RAHUL,Endocrinology,Diabetes,Internal Medicine,Yes,DIABETES CARE CENTER - ALLEN,TX,75037,48085,Collin County,6417,21235.8,1.0608,10.5,80.14,1,24,136614,136614.0,473248.1,5692.25,5692.25,22,0,100.0,30.67,3.3093,30.67,35.86,17.65,ADEQUATE,0,0.046972,0.044872,1.35,65.92,267.38
1800000625,EDWARDS SOPHIA,Endocrinology,Diabetes,Family Medicine,No,METABOLIC HEALTH ASSOCIATES - FRISCO,TX,75070,48085,Collin County,5666,14533.4,1.0899,4.7,39.83,0,24,136614,136614.0,473248.1,5692.25,5692.25,22,0,100.0,30.67,2.565,30.67,35.86,17.65,ADEQUATE,0,0.041475,0.03071,1.55,15.9,236.08
1800000626,MORGAN FATIMA,Endocrinology,Diabetes,Family Medicine,No,METABOLIC HEALTH ASSOCIATES - ALLEN,TX,75027,48085,Collin County,6658,18389.0,2.7042,5.9,23.54,0,24,136614,136614.0,473248.1,5692.25,5692.25,22,0,100.0,30.67,2.7619,30.67,35.86,17.65,ADEQUATE,0,0.048736,0.038857,78.65,26.48,277.42
1800000627,WHITE MAYA,Endocrinology,Diabetes,Family Medicine,No,METABOLIC HEALTH ASSOCIATES - FRISCO,TX,75086,48085,Collin County,5948,25827.9,2.0914,6.7,58.33,0,24,136614,136614.0,473248.1,5692.25,5692.25,22,0,100.0,30.67,4.3423,30.67,35.86,17.65,ADEQUATE,0,0.043539,0.054576,38.22,33.12,247.83
1800000628,FOSTER THOMAS,Endocrinology,Diabetes,Family Medicine,Yes,METABOLIC HEALTH ASSOCIATES - FRISCO,TX,75069,48085,Collin County,5200,24860.2,1.7998,14.2,72.97,1,24,136614,136614.0,473248.1,5692.25,5692.25,22,0,100.0,30.67,4.7808,30.67,35.86,17.65,ADEQUATE,0,0.038063,0.052531,19.9,97.62,216.67
1800000629,PARKER AMELIA,Endocrinology,Diabetes,Metabolic Medicine,Yes,DIABETES CARE CENTER - PLANO,TX,75028,48085,Collin County,7576,18808.0,2.189,9.0,61.14,1,24,136614,136614.0,473248.1,5692.25,5692.25,22,0,100.0,30.67,2.4826,30.67,35.86,17.65,ADEQUATE,0,0.055456,0.039742,45.55,52.6,315.67
1800000630,WILSON HANNAH,Endocrinology,Diabetes,Metabolic Medicine,No,METABOLIC HEALTH ASSOCIATES - ALLEN,TX,75074,48085,Collin County,4875,21900.3,2.1467,8.3,68.0,0,24,136614,136614.0,473248.1,5692.25,5692.25,22,0,100.0,30.67,4.4924,30.67,35.86,17.65,ADEQUATE,0,0.035684,0.046277,42.3,47.32,203.12
1800000631,GOMEZ NADIA,Endocrinology,Diabetes,Family Medicine,Yes,DIABETES CARE CENTER - FRISCO,TX,75088,48085,Collin County,3984,11093.4,2.7309,4.6,73.32,1,24,136614,136614.0,473248.1,5692.25,5692.25,22,0,100.0,30.67,2.7845,30.67,35.86,17.65,ADEQUATE,0,0.029162,0.023441,80.45,15.05,166.0
1800000632,REED WILLIAM,Endocrinology,Diabetes,Metabolic Medicine,No,ENDOCRINE SPECIALISTS GROUP - FRISCO,TX,75034,48085,Collin County,6692,18032.5,2.2322,12.3,24.5,0,24,136614,136614.0,473248.1,5692.25,5692.25,22,0,100.0,30.67,2.6946,30.67,35.86,17.65,ADEQUATE,0,0.048985,0.038104,49.1,82.12,278.83
1800000633,YOUNG BENJAMIN,Endocrinology,Diabetes,Family Medicine,Yes,METABOLIC HEALTH ASSOCIATES - PLANO,TX,75054,48085,Collin County,5010,18401.2,3.7181,4.8,37.05,1,24,136614,136614.0,473248.1,5692.25,5692.25,22,0,100.0,30.67,3.6729,30.67,35.86,17.65,ADEQUATE,0,0.036673,0.038883,99.65,16.95,208.75
1800000634,JACKSON JAMES,Endocrinology,Diabetes,Internal Medicine,No,DIABETES CARE CENTER - FRISCO,TX,75082,48085,Collin County,6730,17585.7,1.7809,7.7,60.67,0,24,136614,136614.0,473248.1,5692.25,5692.25,22,0,100.0,30.67,2.613,30.67,35.86,17.65,ADEQUATE,0,0.049263,0.03716,19.0,42.3,280.42
1800000635,ROBERTS OLIVIA,Endocrinology,Diabetes,Family Medicine,No,ENDOCRINE SPECIALISTS GROUP - PLANO,TX,75063,48085,Collin County,4718,12829.8,1.5095,10.7,30.57,0,24,136614,136614.0,473248.1,5692.25,5692.25,22,0,100.0,30.67,2.7193,30.67,35.86,17.65,ADEQUATE,0,0.034535,0.02711,9.0,67.7,196.58
1800000636,ANDERSON EMILY,Endocrinology,Diabetes,Internal Medicine,No,ENDOCRINE SPECIALISTS GROUP - PLANO,TX,75072,48085,Collin County,4071,17359.0,2.2043,3.3,78.02,0,24,136614,136614.0,473248.1,5692.25,5692.25,22,0,100.0,30.67,4.2641,30.67,35.86,17.65,ADEQUATE,0,0.029799,0.036681,46.8,3.08,169.62
1800000637,KIM DANIEL,Endocrinology,Diabetes,Internal Medicine,No,DIABETES CARE CENTER - ALLEN,TX,75061,48085,Collin County,5721,18946.7,2.3991,6.4,46.55,0,24,136614,136614.0,473248.1,5692.25,5692.25,22,0,100.0,30.67,3.3118,30.67,35.86,17.65,ADEQUATE,0,0.041877,0.040035,59.75,30.63,238.38
1800000638,TAYLOR KARAN,Endocrinology,Diabetes,Internal Medicine,Yes,DIABETES CARE CENTER - PLANO,TX,75024,48085,Collin County,6150,25164.3,3.4152,5.3,67.69,1,24,136614,136614.0,473248.1,5692.25,5692.25,22,0,100.0,30.67,4.0918,30.67,35.86,17.65,ADEQUATE,0,0.045017,0.053174,98.1,21.45,256.25
1800000639,BROWN RAHUL,Endocrinology,Diabetes,Internal Medicine,Yes,ENDOCRINE SPECIALISTS GROUP - ALLEN,TX,75024,48085,Collin County,6544,22352.5,2.0471,14.1,51.81,1,24,136614,136614.0,473248.1,5692.25,5692.25,22,0,100.0,30.67,3.4157,30.67,35.86,17.65,ADEQUATE,0,0.047901,0.047232,35.1,97.02,272.67
1800000640,MARTIN SOPHIA,Endocrinology,Diabetes,Family Medicine,Yes,METABOLIC HEALTH ASSOCIATES - FRISCO,TX,75069,48085,Collin County,5877,22834.0,2.2188,8.8,46.23,1,24,136614,136614.0,473248.1,5692.25,5692.25,22,0,100.0,30.67,3.8853,30.67,35.86,17.65,ADEQUATE,0,0.043019,0.04825,48.15,51.25,244.88
1800000641,THOMPSON FATIMA,Endocrinology,Diabetes,Family Medicine,Yes,DIABETES CARE CENTER - ALLEN,TX,75067,48085,Collin County,4697,16858.7,2.6486,10.3,66.43,1,24,136614,136614.0,473248.1,5692.25,5692.25,22,0,100.0,30.67,3.5892,30.67,35.86,17.65,ADEQUATE,0,0.034382,0.035623,75.6,64.08,195.71
1800000642,CLARK MAYA,Endocrinology,Diabetes,Family Medicine,Yes,METABOLIC HEALTH ASSOCIATES - MCKINNEY,TX,75043,48085,Collin County,4191,10482.5,2.9791,10.1,35.81,1,24,136614,136614.0,473248.1,5692.25,5692.25,22,0,100.0,30.67,2.5012,30.67,35.86,17.65,ADEQUATE,0,0.030678,0.02215,90.55,62.52,174.62
1800000643,MITCHELL THOMAS,Endocrinology,Diabetes,Family Medicine,No,METABOLIC HEALTH ASSOCIATES - ALLEN,TX,75068,48085,Collin County,7089,29840.3,2.4637,5.0,41.42,0,24,136614,136614.0,473248.1,5692.25,5692.25,22,0,100.0,30.67,4.2094,30.67,35.86,17.65,ADEQUATE,0,0.051891,0.063054,64.1,18.8,295.38
1800000644,WALKER AMELIA,Endocrinology,Diabetes,Internal Medicine,Yes,METABOLIC HEALTH ASSOCIATES - MCKINNEY,TX,75006,48085,Collin County,7421,32558.6,1.5774,11.5,42.89,1,24,136614,136614.0,473248.1,5692.25,5692.25,22,0,100.0,30.67,4.3874,30.67,35.86,17.65,ADEQUATE,0,0.054321,0.068798,10.95,74.52,309.21
1800000645,KIM MAYA,Psychiatry,Mental Health Disorders,Addiction Medicine,Yes,BEHAVIORAL HEALTH PARTNERS - ALLEN,TX,75068,48085,Collin County,5885,23291.2,2.3803,12.0,54.29,1,20,162730,162730.0,553457.1,8136.5,8136.5,26,6,76.92,78.67,3.9577,77.33,43.81,48.22,LOW GAP,6,0.036164,0.042083,58.73,79.45,294.25
1800000646,TAYLOR THOMAS,Psychiatry,Mental Health Disorders,Behavioral Health,Yes,BEHAVIORAL HEALTH PARTNERS - MCKINNEY,TX,75061,48085,Collin County,7810,30890.6,2.4533,11.5,59.71,1,20,162730,162730.0,553457.1,8136.5,8136.5,26,6,76.92,78.67,3.9553,77.33,43.81,48.22,LOW GAP,6,0.047994,0.055814,63.35,74.52,390.5
1800000647,BROWN AMELIA,Psychiatry,Mental Health Disorders,Behavioral Health,Yes,PSYCHIATRY CARE ASSOCIATES - ALLEN,TX,75037,48085,Collin County,11180,40188.7,2.45,14.4,87.8,1,20,162730,162730.0,553457.1,8136.5,8136.5,26,6,76.92,78.67,3.5947,77.33,43.81,48.22,LOW GAP,6,0.068703,0.072614,63.2,99.18,559.0
1800000648,MARTIN HANNAH,Psychiatry,Mental Health Disorders,Child & Adolescent Psychiatry,Yes,COMMUNITY MENTAL HEALTH CENTER - FRISCO,TX,75031,48085,Collin County,8365,36193.3,2.9451,14.4,66.33,1,20,162730,162730.0,553457.1,8136.5,8136.5,26,6,76.92,78.67,4.3268,77.33,43.81,48.22,LOW GAP,6,0.051404,0.065395,89.35,99.18,418.25
1800000649,THOMPSON NADIA,Psychiatry,Mental Health Disorders,Child & Adolescent Psychiatry,No,BEHAVIORAL HEALTH PARTNERS - MCKINNEY,TX,75064,48085,Collin County,6091,27515.7,2.0515,12.1,51.87,0,20,162730,162730.0,553457.1,8136.5,8136.5,26,6,76.92,78.67,4.5174,77.33,43.81,48.22,LOW GAP,6,0.03743,0.049716,35.5,80.23,304.55
1800000650,CLARK WILLIAM,Psychiatry,Mental Health Disorders,Addiction Medicine,Yes,PSYCHIATRY CARE ASSOCIATES - FRISCO,TX,75031,48085,Collin County,7465,31171.3,2.3577,10.5,73.5,1,20,162730,162730.0,553457.1,8136.5,8136.5,26,6,76.92,78.67,4.1757,77.33,43.81,48.22,LOW GAP,6,0.045874,0.056321,57.05,65.92,373.25
1800000651,MITCHELL BENJAMIN,Psychiatry,Mental Health Disorders,Behavioral Health,No,COMMUNITY MENTAL HEALTH CENTER - MCKINNEY,TX,75050,48085,Collin County,6640,16626.7,2.0167,9.5,37.62,0,20,162730,162730.0,553457.1,8136.5,8136.5,26,6,76.92,78.67,2.504,77.33,43.81,48.22,LOW GAP,6,0.040804,0.030042,32.9,57.0,332.0
1800000652,WALKER JAMES,Psychiatry,Mental Health Disorders,Behavioral Health,Yes,BEHAVIORAL HEALTH PARTNERS - PLANO,TX,75046,48085,Collin County,9830,36104.3,2.9659,11.0,98.0,1,20,162730,162730.0,553457.1,8136.5,8136.5,26,6,76.92,78.67,3.6729,77.33,43.81,48.22,LOW GAP,6,0.060407,0.065234,90.1,70.08,491.5
1800000653,EDWARDS OLIVIA,Psychiatry,Mental Health Disorders,Addiction Medicine,Yes,PSYCHIATRY CARE ASSOCIATES - FRISCO,TX,75020,48085,Collin County,9743,23543.7,1.6221,9.1,68.59,1,20,162730,162730.0,553457.1,8136.5,8136.5,26,6,76.92,78.67,2.4165,77.33,43.81,48.22,LOW GAP,6,0.059872,0.042539,12.4,53.65,487.15
1800000654,MORGAN EMILY,Psychiatry,Mental Health Disorders,Behavioral Health,No,PSYCHIATRY CARE ASSOCIATES - FRISCO,TX,75005,48085,Collin County,7758,24380.5,1.9177,5.0,43.33,0,20,162730,162730.0,553457.1,8136.5,8136.5,26,6,76.92,78.67,3.1426,77.33,43.81,48.22,LOW GAP,6,0.047674,0.044051,26.5,18.8,387.9
1800000655,WHITE DANIEL,Psychiatry,Mental Health Disorders,Behavioral Health,No,BEHAVIORAL HEALTH PARTNERS - MCKINNEY,TX,75016,48085,Collin County,7737,28003.8,2.6866,12.8,69.79,0,20,162730,162730.0,553457.1,8136.5,8136.5,26,6,76.92,78.67,3.6195,77.33,43.81,48.22,LOW GAP,6,0.047545,0.050598,77.55,87.05,386.85
1800000656,FOSTER KARAN,Psychiatry,Mental Health Disorders,Addiction Medicine,Yes,COMMUNITY MENTAL HEALTH CENTER - MCKINNEY,TX,75092,48085,Collin County,6421,17322.1,1.7403,9.6,57.28,1,20,162730,162730.0,553457.1,8136.5,8136.5,26,6,76.92,78.67,2.6977,77.33,43.81,48.22,LOW GAP,6,0.039458,0.031298,17.3,57.88,321.05
1800000657,PARKER RAHUL,Psychiatry,Mental Health Disorders,Addiction Medicine,Yes,COMMUNITY MENTAL HEALTH CENTER - ALLEN,TX,75024,48085,Collin County,7425,19228.2,3.0096,5.0,79.74,1,20,162730,162730.0,553457.1,8136.5,8136.5,26,6,76.92,78.67,2.5897,77.33,43.81,48.22,LOW GAP,6,0.045628,0.034742,91.6,18.8,371.25
1800000658,WILSON SOPHIA,Psychiatry,Mental Health Disorders,Child & Adolescent Psychiatry,Yes,COMMUNITY MENTAL HEALTH CENTER - ALLEN,TX,75020,48085,Collin County,11361,31909.5,1.9841,14.2,58.05,1,20,162730,162730.0,553457.1,8136.5,8136.5,26,6,76.92,78.67,2.8087,77.33,43.81,48.22,LOW GAP,6,0.069815,0.057655,30.8,97.62,568.05
1800000659,GOMEZ FATIMA,Psychiatry,Mental Health Disorders,Child & Adolescent Psychiatry,Yes,COMMUNITY MENTAL HEALTH CENTER - ALLEN,TX,75038,48085,Collin County,8496,34553.1,2.7744,8.3,49.69,1,20,162730,162730.0,553457.1,8136.5,8136.5,26,6,76.92,78.67,4.067,77.33,43.81,48.22,LOW GAP,6,0.052209,0.062431,82.25,47.32,424.8
1800000660,REED MAYA,Psychiatry,Mental Health Disorders,Behavioral Health,No,PSYCHIATRY CARE ASSOCIATES - FRISCO,TX,75052,48085,Collin County,10915,26687.9,1.8112,3.2,54.59,0,20,162730,162730.0,553457.1,8136.5,8136.5,26,6,76.92,78.67,2.4451,77.33,43.81,48.22,LOW GAP,6,0.067074,0.04822,20.35,2.17,545.75
1800000661,YOUNG THOMAS,Psychiatry,Mental Health Disorders,Behavioral Health,Yes,BEHAVIORAL HEALTH PARTNERS - MCKINNEY,TX,75045,48085,Collin County,5675,24492.5,2.7127,3.9,44.86,1,20,162730,162730.0,553457.1,8136.5,8136.5,26,6,76.92,78.67,4.3159,77.33,43.81,48.22,LOW GAP,6,0.034874,0.044254,79.1,8.4,283.75
1800000662,JACKSON AMELIA,Psychiatry,Mental Health Disorders,Child & Adolescent Psychiatry,No,COMMUNITY MENTAL HEALTH CENTER - FRISCO,TX,75047,48085,Collin County,6093,18661.9,1.4061,3.9,69.42,0,20,162730,162730.0,553457.1,8136.5,8136.5,26,6,76.92,78.67,3.0628,77.33,43.81,48.22,LOW GAP,6,0.037442,0.033719,6.35,8.4,304.65
1800000663,ROBERTS HANNAH,Psychiatry,Mental Health Disorders,Child & Adolescent Psychiatry,Yes,COMMUNITY MENTAL HEALTH CENTER - PLANO,TX,75085,48085,Collin County,8906,31184.4,1.8557,7.4,61.61,1,20,162730,162730.0,553457.1,8136.5,8136.5,26,6,76.92,78.67,3.5015,77.33,43.81,48.22,LOW GAP,6,0.054729,0.056345,22.6,39.88,445.3
1800000664,ANDERSON NADIA,Psychiatry,Mental Health Disorders,Addiction Medicine,Yes,PSYCHIATRY CARE ASSOCIATES - FRISCO,TX,75091,48085,Collin County,8934,31507.7,2.1966,5.3,42.19,1,20,162730,162730.0,553457.1,8136.5,8136.5,26,6,76.92,78.67,3.5267,77.33,43.81,48.22,LOW GAP,6,0.054901,0.056929,46.22,21.45,446.7
1800000665,WHITE DANIEL,Pulmonary,Respiratory Disease,Sleep Medicine,Yes,RESPIRATORY CARE GROUP - FRISCO,TX,75066,48085,Collin County,7137,31545.5,2.9385,10.5,80.78,1,23,131461,131461.0,494168.8,5715.695652173913,5715.695652173913,21,0,100.0,33.33,4.42,76.0,47.98,26.93,ADEQUATE,0,0.05429,0.063835,89.15,65.92,310.3
1800000666,FOSTER KARAN,Pulmonary,Respiratory Disease,Critical Care Medicine,Yes,LUNG HEALTH SPECIALISTS - ALLEN,TX,75011,48085,Collin County,6914,23685.6,1.6973,13.2,29.22,1,23,131461,131461.0,494168.8,5715.695652173913,5715.695652173913,21,0,100.0,33.33,3.4257,76.0,47.98,26.93,ADEQUATE,0,0.052594,0.04793,15.5,90.4,300.61
1800000667,PARKER RAHUL,Pulmonary,Respiratory Disease,Critical Care Medicine,Yes,LUNG HEALTH SPECIALISTS - FRISCO,TX,75068,48085,Collin County,6723,26635.3,2.2024,9.8,46.03,1,23,131461,131461.0,494168.8,5715.695652173913,5715.695652173913,21,0,100.0,33.33,3.9618,76.0,47.98,26.93,ADEQUATE,0,0.051141,0.053899,46.65,59.9,292.3
1800000668,WILSON SOPHIA,Pulmonary,Respiratory Disease,Internal Medicine,Yes,RESPIRATORY CARE GROUP - PLANO,TX,75019,48085,Collin County,4053,17397.2,2.1453,7.0,59.62,1,23,131461,131461.0,494168.8,5715.695652173913,5715.695652173913,21,0,100.0,33.33,4.2924,76.0,47.98,26.93,ADEQUATE,0,0.03083,0.035205,42.15,36.02,176.22
1800000669,GOMEZ FATIMA,Pulmonary,Respiratory Disease,Critical Care Medicine,No,RESPIRATORY CARE GROUP - MCKINNEY,TX,75026,48085,Collin County,5175,17076.6,1.5005,11.9,63.28,0,23,131461,131461.0,494168.8,5715.695652173913,5715.695652173913,21,0,100.0,33.33,3.2998,76.0,47.98,26.93,ADEQUATE,0,0.039365,0.034556,8.65,78.57,225.0
1800000670,REED MAYA,Pulmonary,Respiratory Disease,Internal Medicine,Yes,LUNG HEALTH SPECIALISTS - FRISCO,TX,75044,48085,Collin County,6335,15867.0,1.9173,4.4,83.54,1,23,131461,131461.0,494168.8,5715.695652173913,5715.695652173913,21,0,100.0,33.33,2.5047,76.0,47.98,26.93,ADEQUATE,0,0.048189,0.032108,26.45,12.88,275.43
1800000671,YOUNG THOMAS,Pulmonary,Respiratory Disease,Internal Medicine,No,LUNG HEALTH SPECIALISTS - PLANO,TX,75055,48085,Collin County,4220,19965.3,2.3407,6.2,50.16,0,23,131461,131461.0,494168.8,5715.695652173913,5715.695652173913,21,0,100.0,33.33,4.7311,76.0,47.98,26.93,ADEQUATE,0,0.032101,0.040402,56.1,29.12,183.48
1800000672,JACKSON AMELIA,Pulmonary,Respiratory Disease,Sleep Medicine,No,PULMONARY & SLEEP CENTER - MCKINNEY,TX,75047,48085,Collin County,7370,34427.8,2.6162,10.5,59.32,0,23,131461,131461.0,494168.8,5715.695652173913,5715.695652173913,21,0,100.0,33.33,4.6713,76.0,47.98,26.93,ADEQUATE,0,0.056062,0.069668,73.85,65.92,320.43
1800000673,ROBERTS HANNAH,Pulmonary,Respiratory Disease,Internal Medicine,No,RESPIRATORY CARE GROUP - PLANO,TX,75056,48085,Collin County,7033,28018.8,3.1774,13.1,82.63,0,23,131461,131461.0,494168.8,5715.695652173913,5715.695652173913,21,0,100.0,33.33,3.9839,76.0,47.98,26.93,ADEQUATE,0,0.053499,0.056699,95.2,89.58,305.78
1800000674,ANDERSON NADIA,Pulmonary,Respiratory Disease,Critical Care Medicine,Yes,RESPIRATORY CARE GROUP - FRISCO,TX,75045,48085,Collin County,4616,18878.7,1.7046,13.5,44.32,1,23,131461,131461.0,494168.8,5715.695652173913,5715.695652173913,21,0,100.0,33.33,4.0898,76.0,47.98,26.93,ADEQUATE,0,0.035113,0.038203,15.8,92.65,200.7
1800000675,KIM WILLIAM,Pulmonary,Respiratory Disease,Critical Care Medicine,Yes,PULMONARY & SLEEP CENTER - PLANO,TX,75026,48085,Collin County,3623,12671.8,2.6303,10.3,83.55,1,23,131461,131461.0,494168.8,5715.695652173913,5715.695652173913,21,0,100.0,33.33,3.4976,76.0,47.98,26.93,ADEQUATE,0,0.02756,0.025643,74.8,64.08,157.52
1800000676,TAYLOR BENJAMIN,Pulmonary,Respiratory Disease,Sleep Medicine,Yes,PULMONARY & SLEEP CENTER - PLANO,TX,75034,48085,Collin County,5988,26479.6,3.0843,6.0,95.89,1,23,131461,131461.0,494168.8,5715.695652173913,5715.695652173913,21,0,100.0,33.33,4.4221,76.0,47.98,26.93,ADEQUATE,0,0.04555,0.053584,93.5,27.55,260.35
1800000677,BROWN JAMES,Pulmonary,Respiratory Disease,Sleep Medicine,No,PULMONARY & SLEEP CENTER - MCKINNEY,TX,75077,48085,Collin County,6862,30254.5,2.7503,10.6,85.83,0,23,131461,131461.0,494168.8,5715.695652173913,5715.695652173913,21,0,100.0,33.33,4.409,76.0,47.98,26.93,ADEQUATE,0,0.052198,0.061223,81.4,66.92,298.35
1800000678,MARTIN OLIVIA,Pulmonary,Respiratory Disease,Internal Medicine,Yes,PULMONARY & SLEEP CENTER - FRISCO,TX,75096,48085,Collin County,6127,25164.4,1.361,9.3,71.61,1,23,131461,131461.0,494168.8,5715.695652173913,5715.695652173913,21,0,100.0,33.33,4.1071,76.0,47.98,26.93,ADEQUATE,0,0.046607,0.050923,5.3,55.35,266.39
1800000679,THOMPSON EMILY,Pulmonary,Respiratory Disease,Sleep Medicine,Yes,PULMONARY & SLEEP CENTER - MCKINNEY,TX,75077,48085,Collin County,6469,27997.0,2.2068,8.1,84.08,1,23,131461,131461.0,494168.8,5715.695652173913,5715.695652173913,21,0,100.0,33.33,4.3279,76.0,47.98,26.93,ADEQUATE,0,0.049209,0.056655,47.1,45.75,281.26
1800000680,CLARK DANIEL,Pulmonary,Respiratory Disease,Internal Medicine,Yes,LUNG HEALTH SPECIALISTS - MCKINNEY,TX,75026,48085,Collin County,4821,15105.2,2.4943,6.0,38.06,1,23,131461,131461.0,494168.8,5715.695652173913,5715.695652173913,21,0,100.0,33.33,3.1332,76.0,47.98,26.93,ADEQUATE,0,0.036672,0.030567,66.4,27.55,209.61
1800000681,MITCHELL KARAN,Pulmonary,Respiratory Disease,Critical Care Medicine,Yes,RESPIRATORY CARE GROUP - FRISCO,TX,75031,48085,Collin County,6680,19885.9,2.5073,12.4,90.2,1,23,131461,131461.0,494168.8,5715.695652173913,5715.695652173913,21,0,100.0,33.33,2.9769,76.0,47.98,26.93,ADEQUATE,0,0.050814,0.040241,67.4,83.0,290.43
1800000682,WALKER RAHUL,Pulmonary,Respiratory Disease,Critical Care Medicine,Yes,PULMONARY & SLEEP CENTER - PLANO,TX,75027,48085,Collin County,5281,19142.1,2.0359,10.3,71.08,1,23,131461,131461.0,494168.8,5715.695652173913,5715.695652173913,21,0,100.0,33.33,3.6247,76.0,47.98,26.93,ADEQUATE,0,0.040172,0.038736,34.25,64.08,229.61
1800000683,EDWARDS SOPHIA,Pulmonary,Respiratory Disease,Internal Medicine,Yes,RESPIRATORY CARE GROUP - ALLEN,TX,75032,48085,Collin County,4786,12339.3,2.9274,14.0,54.35,1,23,131461,131461.0,494168.8,5715.695652173913,5715.695652173913,21,0,100.0,33.33,2.5782,76.0,47.98,26.93,ADEQUATE,0,0.036406,0.02497,88.65,96.25,208.09
1800000684,MORGAN FATIMA,Pulmonary,Respiratory Disease,Sleep Medicine,Yes,RESPIRATORY CARE GROUP - ALLEN,TX,75010,48085,Collin County,5345,17530.2,2.4743,8.8,77.73,1,23,131461,131461.0,494168.8,5715.695652173913,5715.695652173913,21,0,100.0,33.33,3.2797,76.0,47.98,26.93,ADEQUATE,0,0.040658,0.035474,65.0,51.25,232.39
1800000685,WHITE MAYA,Pulmonary,Respiratory Disease,Sleep Medicine,Yes,RESPIRATORY CARE GROUP - ALLEN,TX,75095,48085,Collin County,4580,13532.9,2.0189,4.8,76.11,1,23,131461,131461.0,494168.8,5715.695652173913,5715.695652173913,21,0,100.0,33.33,2.9548,76.0,47.98,26.93,ADEQUATE,0,0.034839,0.027385,33.12,16.95,199.13
1800000686,FOSTER THOMAS,Pulmonary,Respiratory Disease,Critical Care Medicine,No,PULMONARY & SLEEP CENTER - MCKINNEY,TX,75046,48085,Collin County,6787,27373.5,3.0188,4.1,57.75,0,23,131461,131461.0,494168.8,5715.695652173913,5715.695652173913,21,0,100.0,33.33,4.0332,76.0,47.98,26.93,ADEQUATE,0,0.051627,0.055393,92.05,10.22,295.09
1800000687,PARKER AMELIA,Pulmonary,Respiratory Disease,Internal Medicine,No,RESPIRATORY CARE GROUP - ALLEN,TX,75090,48085,Collin County,4536,13194.6,1.4333,5.2,45.75,0,23,131461,131461.0,494168.8,5715.695652173913,5715.695652173913,21,0,100.0,33.33,2.9089,76.0,47.98,26.93,ADEQUATE,0,0.034505,0.026701,7.05,20.38,197.22
1800000688,EVANS MICHAEL,Rheumatology,Arthritis,Pain Medicine,No,MUSCULOSKELETAL HEALTH GROUP - MCKINNEY,TX,75093,48085,Collin County,4748,18679.7,2.6996,13.0,22.39,0,22,153892,153892.0,548681.2,6995.090909090909,6995.090909090909,24,2,91.67,65.33,3.9342,58.67,49.42,36.29,ADEQUATE,2,0.030853,0.034045,78.47,88.8,215.82
1800000689,NELSON VICTOR,Rheumatology,Arthritis,Internal Medicine,No,ARTHRITIS CARE CENTER - MCKINNEY,TX,75016,48085,Collin County,6256,27250.5,1.6196,5.7,45.69,0,22,153892,153892.0,548681.2,6995.090909090909,6995.090909090909,24,2,91.67,65.33,4.3559,58.67,49.42,36.29,ADEQUATE,2,0.040652,0.049665,12.35,24.7,284.36
1800000690,WILLIAMS ANIKA,Rheumatology,Arthritis,Geriatric Medicine,No,MUSCULOSKELETAL HEALTH GROUP - MCKINNEY,TX,75002,48085,Collin County,8716,28484.8,1.776,9.3,73.77,0,22,153892,153892.0,548681.2,6995.090909090909,6995.090909090909,24,2,91.67,65.33,3.2681,58.67,49.42,36.29,ADEQUATE,2,0.056637,0.051915,18.9,55.35,396.18
1800000691,GARCIA ISABEL,Rheumatology,Arthritis,Pain Medicine,No,RHEUMATOLOGY ASSOCIATES - MCKINNEY,TX,75004,48085,Collin County,5032,14283.1,1.7717,4.7,76.25,0,22,153892,153892.0,548681.2,6995.090909090909,6995.090909090909,24,2,91.67,65.33,2.8385,58.67,49.42,36.29,ADEQUATE,2,0.032698,0.026032,18.75,15.9,228.73
1800000692,PATEL NOAH,Rheumatology,Arthritis,Geriatric Medicine,No,MUSCULOSKELETAL HEALTH GROUP - PLANO,TX,75088,48085,Collin County,6810,31672.0,3.5562,3.0,82.22,0,22,153892,153892.0,548681.2,6995.090909090909,6995.090909090909,24,2,91.67,65.33,4.6508,58.67,49.42,36.29,ADEQUATE,2,0.044252,0.057724,99.0,0.3,309.55
1800000693,WRIGHT ZOE,Rheumatology,Arthritis,Pain Medicine,Yes,ARTHRITIS CARE CENTER - PLANO,TX,75042,48085,Collin County,5747,19582.4,1.9135,3.3,57.82,1,22,153892,153892.0,548681.2,6995.090909090909,6995.090909090909,24,2,91.67,65.33,3.4074,58.67,49.42,36.29,ADEQUATE,2,0.037344,0.03569,26.25,3.08,261.23
1800000694,HARRIS CARLOS,Rheumatology,Arthritis,Pain Medicine,No,RHEUMATOLOGY ASSOCIATES - MCKINNEY,TX,75072,48085,Collin County,6151,16708.3,2.1642,12.9,73.94,0,22,153892,153892.0,548681.2,6995.090909090909,6995.090909090909,24,2,91.67,65.33,2.7164,58.67,49.42,36.29,ADEQUATE,2,0.03997,0.030452,43.88,87.95,279.59
1800000695,RIVERA JULIA,Rheumatology,Arthritis,Internal Medicine,Yes,RHEUMATOLOGY ASSOCIATES - PLANO,TX,75074,48085,Collin County,8461,26831.3,2.0729,6.3,49.89,1,22,153892,153892.0,548681.2,6995.090909090909,6995.090909090909,24,2,91.67,65.33,3.1712,58.67,49.42,36.29,ADEQUATE,2,0.05498,0.048901,36.9,29.9,384.59
1800000696,ADAMS PRIYA,Rheumatology,Arthritis,Geriatric Medicine,No,MUSCULOSKELETAL HEALTH GROUP - MCKINNEY,TX,75090,48085,Collin County,8540,27440.9,2.261,13.7,39.01,0,22,153892,153892.0,548681.2,6995.090909090909,6995.090909090909,24,2,91.67,65.33,3.2132,58.67,49.42,36.29,ADEQUATE,2,0.055493,0.050012,50.95,94.25,388.18
1800000697,JOHNSON DAVID,Rheumatology,Arthritis,Pain Medicine,No,RHEUMATOLOGY ASSOCIATES - MCKINNEY,TX,75040,48085,Collin County,8680,36609.3,2.8176,11.4,59.09,0,22,153892,153892.0,548681.2,6995.090909090909,6995.090909090909,24,2,91.67,65.33,4.2177,58.67,49.42,36.29,ADEQUATE,2,0.056403,0.066722,84.3,73.5,394.55
1800000698,SANCHEZ ELENA,Rheumatology,Arthritis,Internal Medicine,Yes,MUSCULOSKELETAL HEALTH GROUP - FRISCO,TX,75057,48085,Collin County,5250,20964.8,3.9029,9.2,38.84,1,22,153892,153892.0,548681.2,6995.090909090909,6995.090909090909,24,2,91.67,65.33,3.9933,58.67,49.42,36.29,ADEQUATE,2,0.034115,0.038209,99.95,54.45,238.64
1800000699,BAKER LUCAS,Rheumatology,Arthritis,Geriatric Medicine,No,RHEUMATOLOGY ASSOCIATES - ALLEN,TX,75086,48085,Collin County,7424,30285.5,1.6848,10.4,27.43,0,22,153892,153892.0,548681.2,6995.090909090909,6995.090909090909,24,2,91.67,65.33,4.0794,58.67,49.42,36.29,ADEQUATE,2,0.048242,0.055197,14.9,64.95,337.45
1800000700,LEE SARAH,Rheumatology,Arthritis,Geriatric Medicine,No,MUSCULOSKELETAL HEALTH GROUP - PLANO,TX,75013,48085,Collin County,9253,28120.1,1.694,9.8,59.28,0,22,153892,153892.0,548681.2,6995.090909090909,6995.090909090909,24,2,91.67,65.33,3.039,58.67,49.42,36.29,ADEQUATE,2,0.060127,0.05125,15.35,59.9,420.59
1800000701,THOMAS AARON,Rheumatology,Arthritis,Internal Medicine,Yes,ARTHRITIS CARE CENTER - MCKINNEY,TX,75084,48085,Collin County,5923,23631.7,1.3749,14.5,35.4,1,22,153892,153892.0,548681.2,6995.090909090909,6995.090909090909,24,2,91.67,65.33,3.9898,58.67,49.42,36.29,ADEQUATE,2,0.038488,0.04307,5.6,99.8,269.23
1800000702,CARTER GEORGE,Rheumatology,Arthritis,Pain Medicine,Yes,RHEUMATOLOGY ASSOCIATES - FRISCO,TX,75077,48085,Collin County,7667,28275.5,2.9445,7.0,69.32,1,22,153892,153892.0,548681.2,6995.090909090909,6995.090909090909,24,2,91.67,65.33,3.6879,58.67,49.42,36.29,ADEQUATE,2,0.049821,0.051534,89.3,36.02,348.5
1800000703,MILLER MICHAEL,Rheumatology,Arthritis,Internal Medicine,Yes,MUSCULOSKELETAL HEALTH GROUP - FRISCO,TX,75099,48085,Collin County,6447,27323.2,2.6936,12.7,49.97,1,22,153892,153892.0,548681.2,6995.090909090909,6995.090909090909,24,2,91.67,65.33,4.2381,58.67,49.42,36.29,ADEQUATE,2,0.041893,0.049798,78.1,86.02,293.05
1800000704,TURNER VICTOR,Rheumatology,Arthritis,Pain Medicine,No,MUSCULOSKELETAL HEALTH GROUP - ALLEN,TX,75007,48085,Collin County,5902,15445.9,2.4567,6.4,71.05,0,22,153892,153892.0,548681.2,6995.090909090909,6995.090909090909,24,2,91.67,65.33,2.6171,58.67,49.42,36.29,ADEQUATE,2,0.038352,0.028151,63.6,30.63,268.27
1800000705,DAVIS ANIKA,Rheumatology,Arthritis,Geriatric Medicine,Yes,RHEUMATOLOGY ASSOCIATES - PLANO,TX,75083,48085,Collin County,8378,31394.4,2.9348,6.0,37.23,1,22,153892,153892.0,548681.2,6995.090909090909,6995.090909090909,24,2,91.67,65.33,3.7472,58.67,49.42,36.29,ADEQUATE,2,0.054441,0.057218,89.05,27.55,380.82
1800000706,MOORE ISABEL,Rheumatology,Arthritis,Pain Medicine,Yes,RHEUMATOLOGY ASSOCIATES - MCKINNEY,TX,75068,48085,Collin County,4926,13574.6,2.4065,10.2,39.32,1,22,153892,153892.0,548681.2,6995.090909090909,6995.090909090909,24,2,91.67,65.33,2.7557,58.67,49.42,36.29,ADEQUATE,2,0.032009,0.02474,60.2,63.25,223.91
1800000707,WATSON NOAH,Rheumatology,Arthritis,Pain Medicine,No,MUSCULOSKELETAL HEALTH GROUP - MCKINNEY,TX,75079,48085,Collin County,8806,28198.7,2.6265,5.8,68.89,0,22,153892,153892.0,548681.2,6995.090909090909,6995.090909090909,24,2,91.67,65.33,3.2022,58.67,49.42,36.29,ADEQUATE,2,0.057222,0.051394,74.5,25.48,400.27
1800000708,EVANS ZOE,Rheumatology,Arthritis,Internal Medicine,No,MUSCULOSKELETAL HEALTH GROUP - PLANO,TX,75052,48085,Collin County,7465,29944.0,1.9897,7.1,80.02,0,22,153892,153892.0,548681.2,6995.090909090909,6995.090909090909,24,2,91.67,65.33,4.0113,58.67,49.42,36.29,ADEQUATE,2,0.048508,0.054574,31.15,37.05,339.32
1800000709,NELSON CARLOS,Rheumatology,Arthritis,Pain Medicine,Yes,RHEUMATOLOGY ASSOCIATES - ALLEN,TX,75041,48085,Collin County,7310,23980.5,1.8552,12.4,43.01,1,22,153892,153892.0,548681.2,6995.090909090909,6995.090909090909,24,2,91.67,65.33,3.2805,58.67,49.42,36.29,ADEQUATE,2,0.047501,0.043706,22.55,83.0,332.27
1800000710,GARCIA PRIYA,Cardiology,Heart Disease,Geriatric Medicine,No,HEARTCARE SPECIALISTS - MESQUITE,TX,75207,48113,Dallas County,4605,20059.6,3.2764,12.9,66.47,0,60,256713,256713.0,931314.9,4278.55,4278.55,41,0,100.0,1.33,4.356,34.67,45.07,12.29,ADEQUATE,0,0.017938,0.021539,96.85,87.95,76.75
1800000711,PATEL DAVID,Cardiology,Heart Disease,Internal Medicine,Yes,HEARTCARE SPECIALISTS - MESQUITE,TX,75242,48113,Dallas County,5488,24171.1,1.7684,13.6,57.55,1,60,256713,256713.0,931314.9,4278.55,4278.55,41,0,100.0,1.33,4.4044,34.67,45.07,12.29,ADEQUATE,0,0.021378,0.025954,18.55,93.52,91.47
1800000712,WRIGHT ELENA,Cardiology,Heart Disease,Internal Medicine,Yes,ADVANCED CARDIOLOGY CENTER - DALLAS,TX,75237,48113,Dallas County,3180,13628.2,2.5095,11.2,33.95,1,60,256713,256713.0,931314.9,4278.55,4278.55,41,0,100.0,1.33,4.2856,34.67,45.07,12.29,ADEQUATE,0,0.012387,0.014633,67.5,71.95,53.0
1800000713,HARRIS LUCAS,Cardiology,Heart Disease,Internal Medicine,Yes,CARDIAC WELLNESS GROUP - DALLAS,TX,75204,48113,Dallas County,3078,14167.0,1.3928,13.3,83.0,1,60,256713,256713.0,931314.9,4278.55,4278.55,41,0,100.0,1.33,4.6027,34.67,45.07,12.29,ADEQUATE,0,0.01199,0.015212,5.85,91.12,51.3
1800000714,RIVERA SARAH,Cardiology,Heart Disease,Geriatric Medicine,Yes,HEARTCARE SPECIALISTS - MESQUITE,TX,75270,48113,Dallas County,3322,12860.7,3.3531,8.2,83.19,1,60,256713,256713.0,931314.9,4278.55,4278.55,41,0,100.0,1.33,3.8714,34.67,45.07,12.29,ADEQUATE,0,0.012941,0.013809,97.5,46.48,55.37
1800000715,ADAMS AARON,Cardiology,Heart Disease,Geriatric Medicine,No,HEARTCARE SPECIALISTS - GARLAND,TX,75260,48113,Dallas County,5206,14753.6,1.9183,3.9,87.77,0,60,256713,256713.0,931314.9,4278.55,4278.55,41,0,100.0,1.33,2.834,34.67,45.07,12.29,ADEQUATE,0,0.020279,0.015842,26.55,8.4,86.77
1800000716,JOHNSON GEORGE,Cardiology,Heart Disease,Internal Medicine,Yes,ADVANCED CARDIOLOGY CENTER - IRVING,TX,75279,48113,Dallas County,4486,21150.7,2.8112,3.6,63.39,1,60,256713,256713.0,931314.9,4278.55,4278.55,41,0,100.0,1.33,4.7148,34.67,45.07,12.29,ADEQUATE,0,0.017475,0.022711,83.8,5.78,74.77
1800000717,SANCHEZ MICHAEL,Cardiology,Heart Disease,Internal Medicine,Yes,HEARTCARE SPECIALISTS - IRVING,TX,75279,48113,Dallas County,4821,17642.6,1.9531,8.5,70.72,1,60,256713,256713.0,931314.9,4278.55,4278.55,41,0,100.0,1.33,3.6595,34.67,45.07,12.29,ADEQUATE,0,0.01878,0.018944,28.42,49.0,80.35
1800000718,BAKER VICTOR,Cardiology,Heart Disease,Geriatric Medicine,Yes,HEARTCARE SPECIALISTS - GARLAND,TX,75201,48113,Dallas County,2826,12847.7,2.8467,3.8,55.46,1,60,256713,256713.0,931314.9,4278.55,4278.55,41,0,100.0,1.33,4.5462,34.67,45.07,12.29,ADEQUATE,0,0.011008,0.013795,85.48,7.45,47.1
1800000719,LEE ANIKA,Cardiology,Heart Disease,Geriatric Medicine,Yes,ADVANCED CARDIOLOGY CENTER - DALLAS,TX,75263,48113,Dallas County,5682,13902.2,1.77,11.0,90.35,1,60,256713,256713.0,931314.9,4278.55,4278.55,41,0,100.0,1.33,2.4467,34.67,45.07,12.29,ADEQUATE,0,0.022134,0.014927,18.65,70.08,94.7
1800000720,THOMAS ISABEL,Cardiology,Heart Disease,Internal Medicine,No,CARDIAC WELLNESS GROUP - DALLAS,TX,75206,48113,Dallas County,4752,12228.4,2.6037,8.2,55.84,0,60,256713,256713.0,931314.9,4278.55,4278.55,41,0,100.0,1.33,2.5733,34.67,45.07,12.29,ADEQUATE,0,0.018511,0.01313,73.12,46.48,79.2
1800000721,CARTER NOAH,Cardiology,Heart Disease,Geriatric Medicine,No,HEARTCARE SPECIALISTS - MESQUITE,TX,75209,48113,Dallas County,2957,9800.4,1.6077,6.0,70.85,0,60,256713,256713.0,931314.9,4278.55,4278.55,41,0,100.0,1.33,3.3143,34.67,45.07,12.29,ADEQUATE,0,0.011519,0.010523,11.92,27.55,49.28
1800000722,MILLER ZOE,Cardiology,Heart Disease,Internal Medicine,Yes,ADVANCED CARDIOLOGY CENTER - IRVING,TX,75206,48113,Dallas County,5163,20476.9,2.4641,4.5,68.07,1,60,256713,256713.0,931314.9,4278.55,4278.55,41,0,100.0,1.33,3.9661,34.67,45.07,12.29,ADEQUATE,0,0.020112,0.021987,64.15,13.9,86.05
1800000723,TURNER CARLOS,Cardiology,Heart Disease,Geriatric Medicine,Yes,HEARTCARE SPECIALISTS - IRVING,TX,75297,48113,Dallas County,5191,23959.6,2.4996,12.2,72.44,1,60,256713,256713.0,931314.9,4278.55,4278.55,41,0,100.0,1.33,4.6156,34.67,45.07,12.29,ADEQUATE,0,0.020221,0.025727,67.0,81.25,86.52
1800000724,DAVIS JULIA,Cardiology,Heart Disease,Cardiovascular Imaging,No,CARDIAC WELLNESS GROUP - DALLAS,TX,75232,48113,Dallas County,4109,12290.5,1.9345,9.7,69.95,0,60,256713,256713.0,931314.9,4278.55,4278.55,41,0,100.0,1.33,2.9911,34.67,45.07,12.29,ADEQUATE,0,0.016006,0.013197,27.25,58.92,68.48
1800000725,MOORE PRIYA,Cardiology,Heart Disease,Internal Medicine,No,HEARTCARE SPECIALISTS - MESQUITE,TX,75261,48113,Dallas County,4982,18509.7,2.6144,12.2,60.81,0,60,256713,256713.0,931314.9,4278.55,4278.55,41,0,100.0,1.33,3.7153,34.67,45.07,12.29,ADEQUATE,0,0.019407,0.019875,73.7,81.25,83.03
1800000726,WATSON DAVID,Cardiology,Heart Disease,Geriatric Medicine,Yes,ADVANCED CARDIOLOGY CENTER - IRVING,TX,75281,48113,Dallas County,4622,16078.1,2.5442,10.7,35.88,1,60,256713,256713.0,931314.9,4278.55,4278.55,41,0,100.0,1.33,3.4786,34.67,45.07,12.29,ADEQUATE,0,0.018005,0.017264,69.45,67.7,77.03
1800000727,EVANS ELENA,Cardiology,Heart Disease,Geriatric Medicine,Yes,ADVANCED CARDIOLOGY CENTER - GARLAND,TX,75204,48113,Dallas County,4837,13019.9,2.5107,9.6,53.11,1,60,256713,256713.0,931314.9,4278.55,4278.55,41,0,100.0,1.33,2.6917,34.67,45.07,12.29,ADEQUATE,0,0.018842,0.01398,67.6,57.88,80.62
1800000728,NELSON LUCAS,Cardiology,Heart Disease,Internal Medicine,No,CARDIAC WELLNESS GROUP - MESQUITE,TX,75223,48113,Dallas County,3711,13645.2,2.6451,4.0,47.98,0,60,256713,256713.0,931314.9,4278.55,4278.55,41,0,100.0,1.33,3.677,34.67,45.07,12.29,ADEQUATE,0,0.014456,0.014652,75.45,9.32,61.85
1800000729,WILLIAMS SARAH,Cardiology,Heart Disease,Internal Medicine,No,ADVANCED CARDIOLOGY CENTER - DALLAS,TX,75269,48113,Dallas County,3821,17766.8,2.0707,5.3,62.45,0,60,256713,256713.0,931314.9,4278.55,4278.55,41,0,100.0,1.33,4.6498,34.67,45.07,12.29,ADEQUATE,0,0.014884,0.019077,36.68,21.45,63.68
1800000730,GARCIA AARON,Cardiology,Heart Disease,Cardiovascular Imaging,No,ADVANCED CARDIOLOGY CENTER - DALLAS,TX,75264,48113,Dallas County,3629,15150.9,2.3557,8.0,45.63,0,60,256713,256713.0,931314.9,4278.55,4278.55,41,0,100.0,1.33,4.175,34.67,45.07,12.29,ADEQUATE,0,0.014136,0.016268,56.9,45.08,60.48
1800000731,PATEL GEORGE,Cardiology,Heart Disease,Geriatric Medicine,Yes,HEARTCARE SPECIALISTS - MESQUITE,TX,75293,48113,Dallas County,3851,14310.8,2.2604,12.3,79.93,1,60,256713,256713.0,931314.9,4278.55,4278.55,41,0,100.0,1.33,3.7161,34.67,45.07,12.29,ADEQUATE,0,0.015001,0.015366,50.85,82.12,64.18
1800000732,WRIGHT MICHAEL,Cardiology,Heart Disease,Internal Medicine,No,ADVANCED CARDIOLOGY CENTER - MESQUITE,TX,75205,48113,Dallas County,4220,15144.1,2.1912,13.6,65.33,0,60,256713,256713.0,931314.9,4278.55,4278.55,41,0,100.0,1.33,3.5886,34.67,45.07,12.29,ADEQUATE,0,0.016439,0.016261,45.9,93.52,70.33
1800000733,HARRIS VICTOR,Cardiology,Heart Disease,Geriatric Medicine,Yes,ADVANCED CARDIOLOGY CENTER - DALLAS,TX,75248,48113,Dallas County,4232,13788.4,2.4738,5.3,70.98,1,60,256713,256713.0,931314.9,4278.55,4278.55,41,0,100.0,1.33,3.2581,34.67,45.07,12.29,ADEQUATE,0,0.016485,0.014805,64.95,21.45,70.53
1800000734,RIVERA ANIKA,Cardiology,Heart Disease,Cardiovascular Imaging,Yes,HEARTCARE SPECIALISTS - GARLAND,TX,75276,48113,Dallas County,4809,21475.5,2.1154,4.9,48.01,1,60,256713,256713.0,931314.9,4278.55,4278.55,41,0,100.0,1.33,4.4657,34.67,45.07,12.29,ADEQUATE,0,0.018733,0.023059,39.9,17.95,80.15
1800000735,ADAMS ISABEL,Cardiology,Heart Disease,Cardiovascular Imaging,No,ADVANCED CARDIOLOGY CENTER - IRVING,TX,75223,48113,Dallas County,2787,7791.7,2.4597,4.0,34.57,0,60,256713,256713.0,931314.9,4278.55,4278.55,41,0,100.0,1.33,2.7957,34.67,45.07,12.29,ADEQUATE,0,0.010856,0.008366,63.7,9.32,46.45
1800000736,JOHNSON NOAH,Cardiology,Heart Disease,Geriatric Medicine,Yes,HEARTCARE SPECIALISTS - GARLAND,TX,75217,48113,Dallas County,3128,14970.7,1.7318,9.9,51.15,1,60,256713,256713.0,931314.9,4278.55,4278.55,41,0,100.0,1.33,4.786,34.67,45.07,12.29,ADEQUATE,0,0.012185,0.016075,16.85,60.78,52.13
1800000737,SANCHEZ ZOE,Cardiology,Heart Disease,Geriatric Medicine,No,ADVANCED CARDIOLOGY CENTER - DALLAS,TX,75245,48113,Dallas County,4979,15698.6,2.0078,7.9,90.05,0,60,256713,256713.0,931314.9,4278.55,4278.55,41,0,100.0,1.33,3.153,34.67,45.07,12.29,ADEQUATE,0,0.019395,0.016856,32.1,44.15,82.98
1800000738,BAKER CARLOS,Cardiology,Heart Disease,Cardiovascular Imaging,Yes,CARDIAC WELLNESS GROUP - MESQUITE,TX,75225,48113,Dallas County,2833,7791.4,2.1581,7.8,86.69,1,60,256713,256713.0,931314.9,4278.55,4278.55,41,0,100.0,1.33,2.7502,34.67,45.07,12.29,ADEQUATE,0,0.011036,0.008366,43.2,43.2,47.22
1800000739,LEE JULIA,Cardiology,Heart Disease,Geriatric Medicine,Yes,CARDIAC WELLNESS GROUP - MESQUITE,TX,75283,48113,Dallas County,3351,13236.1,2.8391,6.6,72.26,1,60,256713,256713.0,931314.9,4278.55,4278.55,41,0,100.0,1.33,3.9499,34.67,45.07,12.29,ADEQUATE,0,0.013053,0.014212,85.1,32.25,55.85
1800000740,THOMAS PRIYA,Cardiology,Heart Disease,Geriatric Medicine,No,CARDIAC WELLNESS GROUP - IRVING,TX,75227,48113,Dallas County,4182,13366.8,1.8749,10.1,65.46,0,60,256713,256713.0,931314.9,4278.55,4278.55,41,0,100.0,1.33,3.1963,34.67,45.07,12.29,ADEQUATE,0,0.016291,0.014353,23.55,62.52,69.7
1800000741,CARTER DAVID,Cardiology,Heart Disease,Geriatric Medicine,Yes,CARDIAC WELLNESS GROUP - MESQUITE,TX,75277,48113,Dallas County,2983,13802.4,2.0501,7.4,62.37,1,60,256713,256713.0,931314.9,4278.55,4278.55,41,0,100.0,1.33,4.627,34.67,45.07,12.29,ADEQUATE,0,0.01162,0.01482,35.4,39.88,49.72
1800000742,MILLER ELENA,Cardiology,Heart Disease,Internal Medicine,Yes,HEARTCARE SPECIALISTS - DALLAS,TX,75234,48113,Dallas County,4684,17408.5,2.1844,11.3,49.62,1,60,256713,256713.0,931314.9,4278.55,4278.55,41,0,100.0,1.33,3.7166,34.67,45.07,12.29,ADEQUATE,0,0.018246,0.018692,45.35,72.78,78.07
1800000743,TURNER LUCAS,Cardiology,Heart Disease,Geriatric Medicine,No,ADVANCED CARDIOLOGY CENTER - MESQUITE,TX,75280,48113,Dallas County,4044,17247.0,1.5369,7.4,44.52,0,60,256713,256713.0,931314.9,4278.55,4278.55,41,0,100.0,1.33,4.2648,34.67,45.07,12.29,ADEQUATE,0,0.015753,0.018519,9.65,39.88,67.4
1800000744,DAVIS SARAH,Cardiology,Heart Disease,Geriatric Medicine,Yes,ADVANCED CARDIOLOGY CENTER - MESQUITE,TX,75249,48113,Dallas County,5409,15693.2,2.6403,14.0,49.99,1,60,256713,256713.0,931314.9,4278.55,4278.55,41,0,100.0,1.33,2.9013,34.67,45.07,12.29,ADEQUATE,0,0.02107,0.016851,75.15,96.25,90.15
1800000745,MOORE AARON,Cardiology,Heart Disease,Cardiovascular Imaging,Yes,HEARTCARE SPECIALISTS - IRVING,TX,75296,48113,Dallas County,3657,11001.3,2.4975,7.2,52.8,1,60,256713,256713.0,931314.9,4278.55,4278.55,41,0,100.0,1.33,3.0083,34.67,45.07,12.29,ADEQUATE,0,0.014245,0.011813,66.75,38.15,60.95
1800000746,WATSON GEORGE,Cardiology,Heart Disease,Cardiovascular Imaging,Yes,ADVANCED CARDIOLOGY CENTER - MESQUITE,TX,75203,48113,Dallas County,4434,18865.0,1.5747,6.4,56.7,1,60,256713,256713.0,931314.9,4278.55,4278.55,41,0,100.0,1.33,4.2546,34.67,45.07,12.29,ADEQUATE,0,0.017272,0.020256,10.75,30.63,73.9
1800000747,EVANS MICHAEL,Cardiology,Heart Disease,Cardiovascular Imaging,Yes,CARDIAC WELLNESS GROUP - MESQUITE,TX,75241,48113,Dallas County,3992,13373.1,3.1815,10.9,72.72,1,60,256713,256713.0,931314.9,4278.55,4278.55,41,0,100.0,1.33,3.35,34.67,45.07,12.29,ADEQUATE,0,0.01555,0.014359,95.4,69.27,66.53
1800000748,NELSON VICTOR,Cardiology,Heart Disease,Geriatric Medicine,No,CARDIAC WELLNESS GROUP - DALLAS,TX,75249,48113,Dallas County,5759,22956.9,1.9676,5.9,61.47,0,60,256713,256713.0,931314.9,4278.55,4278.55,41,0,100.0,1.33,3.9863,34.67,45.07,12.29,ADEQUATE,0,0.022434,0.02465,29.55,26.48,95.98
1800000749,WILLIAMS ANIKA,Cardiology,Heart Disease,Geriatric Medicine,No,CARDIAC WELLNESS GROUP - IRVING,TX,75235,48113,Dallas County,4187,11876.4,2.2329,12.5,39.82,0,60,256713,256713.0,931314.9,4278.55,4278.55,41,0,100.0,1.33,2.8365,34.67,45.07,12.29,ADEQUATE,0,0.01631,0.012752,49.2,84.02,69.78
1800000750,GARCIA ISABEL,Cardiology,Heart Disease,Geriatric Medicine,Yes,ADVANCED CARDIOLOGY CENTER - IRVING,TX,75227,48113,Dallas County,4114,12751.3,1.4477,7.1,53.83,1,60,256713,256713.0,931314.9,4278.55,4278.55,41,0,100.0,1.33,3.0995,34.67,45.07,12.29,ADEQUATE,0,0.016026,0.013692,7.5,37.05,68.57
1800000751,PATEL NOAH,Cardiology,Heart Disease,Geriatric Medicine,No,ADVANCED CARDIOLOGY CENTER - IRVING,TX,75230,48113,Dallas County,4477,17206.1,2.0077,9.4,47.37,0,60,256713,256713.0,931314.9,4278.55,4278.55,41,0,100.0,1.33,3.8432,34.67,45.07,12.29,ADEQUATE,0,0.01744,0.018475,32.05,56.2,74.62
1800000752,WRIGHT ZOE,Cardiology,Heart Disease,Geriatric Medicine,No,ADVANCED CARDIOLOGY CENTER - MESQUITE,TX,75254,48113,Dallas County,3533,16703.4,1.9503,5.4,56.62,0,60,256713,256713.0,931314.9,4278.55,4278.55,41,0,100.0,1.33,4.7278,34.67,45.07,12.29,ADEQUATE,0,0.013762,0.017935,28.25,22.45,58.88
1800000753,HARRIS CARLOS,Cardiology,Heart Disease,Geriatric Medicine,No,CARDIAC WELLNESS GROUP - MESQUITE,TX,75288,48113,Dallas County,4772,15863.7,2.7255,6.1,74.7,0,60,256713,256713.0,931314.9,4278.55,4278.55,41,0,100.0,1.33,3.3243,34.67,45.07,12.29,ADEQUATE,0,0.018589,0.017034,80.08,28.38,79.53
1800000754,RIVERA JULIA,Cardiology,Heart Disease,Internal Medicine,Yes,CARDIAC WELLNESS GROUP - IRVING,TX,75291,48113,Dallas County,4598,16739.4,2.3085,11.7,29.75,1,60,256713,256713.0,931314.9,4278.55,4278.55,41,0,100.0,1.33,3.6406,34.67,45.07,12.29,ADEQUATE,0,0.017911,0.017974,53.97,76.32,76.63
1800000755,ADAMS PRIYA,Cardiology,Heart Disease,Internal Medicine,No,ADVANCED CARDIOLOGY CENTER - IRVING,TX,75266,48113,Dallas County,4221,12946.8,3.0852,8.1,59.3,0,60,256713,256713.0,931314.9,4278.55,4278.55,41,0,100.0,1.33,3.0672,34.67,45.07,12.29,ADEQUATE,0,0.016442,0.013902,93.65,45.75,70.35
1800000756,JOHNSON DAVID,Cardiology,Heart Disease,Cardiovascular Imaging,Yes,CARDIAC WELLNESS GROUP - IRVING,TX,75285,48113,Dallas County,3105,7681.9,2.6848,11.1,58.55,1,60,256713,256713.0,931314.9,4278.55,4278.55,41,0,100.0,1.33,2.474,34.67,45.07,12.29,ADEQUATE,0,0.012095,0.008248,77.45,70.97,51.75
1800000757,SANCHEZ ELENA,Cardiology,Heart Disease,Geriatric Medicine,Yes,CARDIAC WELLNESS GROUP - GARLAND,TX,75235,48113,Dallas County,3466,16052.2,1.732,5.8,67.59,1,60,256713,256713.0,931314.9,4278.55,4278.55,41,0,100.0,1.33,4.6313,34.67,45.07,12.29,ADEQUATE,0,0.013501,0.017236,16.9,25.48,57.77
1800000758,BAKER LUCAS,Cardiology,Heart Disease,Cardiovascular Imaging,Yes,ADVANCED CARDIOLOGY CENTER - DALLAS,TX,75234,48113,Dallas County,5335,18680.9,2.7194,3.3,45.36,1,60,256713,256713.0,931314.9,4278.55,4278.55,41,0,100.0,1.33,3.5016,34.67,45.07,12.29,ADEQUATE,0,0.020782,0.020059,79.4,3.08,88.92
1800000759,LEE SARAH,Cardiology,Heart Disease,Geriatric Medicine,Yes,ADVANCED CARDIOLOGY CENTER - IRVING,TX,75241,48113,Dallas County,4586,11665.8,2.1067,12.0,37.06,1,60,256713,256713.0,931314.9,4278.55,4278.55,41,0,100.0,1.33,2.5438,34.67,45.07,12.29,ADEQUATE,0,0.017864,0.012526,39.4,79.45,76.43
1800000760,THOMAS AARON,Cardiology,Heart Disease,Internal Medicine,Yes,CARDIAC WELLNESS GROUP - MESQUITE,TX,75219,48113,Dallas County,4072,18244.7,2.4304,4.6,56.26,1,60,256713,256713.0,931314.9,4278.55,4278.55,41,0,100.0,1.33,4.4805,34.67,45.07,12.29,ADEQUATE,0,0.015862,0.01959,61.92,15.05,67.87
1800000761,CARTER GEORGE,Cardiology,Heart Disease,Geriatric Medicine,No,CARDIAC WELLNESS GROUP - MESQUITE,TX,75278,48113,Dallas County,5053,22840.5,3.207,11.3,58.58,0,60,256713,256713.0,931314.9,4278.55,4278.55,41,0,100.0,1.33,4.5202,34.67,45.07,12.29,ADEQUATE,0,0.019683,0.024525,95.85,72.78,84.22
1800000762,MILLER MICHAEL,Cardiology,Heart Disease,Internal Medicine,Yes,ADVANCED CARDIOLOGY CENTER - GARLAND,TX,75216,48113,Dallas County,5188,12806.2,2.423,9.3,58.17,1,60,256713,256713.0,931314.9,4278.55,4278.55,41,0,100.0,1.33,2.4684,34.67,45.07,12.29,ADEQUATE,0,0.020209,0.013751,61.35,55.35,86.47
1800000763,TURNER VICTOR,Cardiology,Heart Disease,Geriatric Medicine,Yes,CARDIAC WELLNESS GROUP - GARLAND,TX,75293,48113,Dallas County,5513,15617.8,1.4814,8.6,51.97,1,60,256713,256713.0,931314.9,4278.55,4278.55,41,0,100.0,1.33,2.8329,34.67,45.07,12.29,ADEQUATE,0,0.021475,0.01677,8.2,49.78,91.88
1800000764,DAVIS ANIKA,Cardiology,Heart Disease,Internal Medicine,Yes,CARDIAC WELLNESS GROUP - MESQUITE,TX,75294,48113,Dallas County,3869,12793.9,2.5919,5.2,92.82,1,60,256713,256713.0,931314.9,4278.55,4278.55,41,0,100.0,1.33,3.3068,34.67,45.07,12.29,ADEQUATE,0,0.015071,0.013737,72.35,20.38,64.48
1800000765,MOORE ISABEL,Cardiology,Heart Disease,Geriatric Medicine,No,HEARTCARE SPECIALISTS - MESQUITE,TX,75284,48113,Dallas County,5449,25996.9,1.8497,10.6,95.06,0,60,256713,256713.0,931314.9,4278.55,4278.55,41,0,100.0,1.33,4.7709,34.67,45.07,12.29,ADEQUATE,0,0.021226,0.027914,22.25,66.92,90.82
1800000766,WATSON NOAH,Cardiology,Heart Disease,Internal Medicine,Yes,CARDIAC WELLNESS GROUP - GARLAND,TX,75216,48113,Dallas County,3819,17384.1,2.1397,4.1,69.25,1,60,256713,256713.0,931314.9,4278.55,4278.55,41,0,100.0,1.33,4.552,34.67,45.07,12.29,ADEQUATE,0,0.014877,0.018666,41.85,10.22,63.65
1800000767,EVANS ZOE,Cardiology,Heart Disease,Internal Medicine,No,HEARTCARE SPECIALISTS - MESQUITE,TX,75238,48113,Dallas County,5429,13867.2,1.3974,10.9,45.32,0,60,256713,256713.0,931314.9,4278.55,4278.55,41,0,100.0,1.33,2.5543,34.67,45.07,12.29,ADEQUATE,0,0.021148,0.01489,6.2,69.27,90.48
1800000768,NELSON CARLOS,Cardiology,Heart Disease,Internal Medicine,No,CARDIAC WELLNESS GROUP - IRVING,TX,75231,48113,Dallas County,3974,12767.2,2.285,8.4,71.92,0,60,256713,256713.0,931314.9,4278.55,4278.55,41,0,100.0,1.33,3.2127,34.67,45.07,12.29,ADEQUATE,0,0.01548,0.013709,52.45,48.12,66.23
1800000769,WILLIAMS JULIA,Cardiology,Heart Disease,Cardiovascular Imaging,Yes,ADVANCED CARDIOLOGY CENTER - MESQUITE,TX,75204,48113,Dallas County,4151,14797.2,2.8342,4.0,44.47,1,60,256713,256713.0,931314.9,4278.55,4278.55,41,0,100.0,1.33,3.5647,34.67,45.07,12.29,ADEQUATE,0,0.01617,0.015889,84.85,9.32,69.18
1800000770,THOMAS PRIYA,Endocrinology,Diabetes,Internal Medicine,No,METABOLIC HEALTH ASSOCIATES - DALLAS,TX,75286,48113,Dallas County,4142,17095.9,1.8387,6.6,25.59,0,57,315204,315204.0,1148742.8,5529.894736842105,5529.894736842105,50,0,100.0,28.0,4.1275,26.67,45.62,17.84,ADEQUATE,0,0.013141,0.014882,21.7,32.25,72.67
1800000771,CARTER DAVID,Endocrinology,Diabetes,Internal Medicine,Yes,METABOLIC HEALTH ASSOCIATES - IRVING,TX,75237,48113,Dallas County,6155,27807.5,2.5527,6.7,54.6,1,57,315204,315204.0,1148742.8,5529.894736842105,5529.894736842105,50,0,100.0,28.0,4.5179,26.67,45.62,17.84,ADEQUATE,0,0.019527,0.024207,70.05,33.12,107.98
1800000772,MILLER ELENA,Endocrinology,Diabetes,Family Medicine,Yes,METABOLIC HEALTH ASSOCIATES - MESQUITE,TX,75204,48113,Dallas County,5560,21962.3,3.0268,3.3,65.49,1,57,315204,315204.0,1148742.8,5529.894736842105,5529.894736842105,50,0,100.0,28.0,3.9501,26.67,45.62,17.84,ADEQUATE,0,0.017639,0.019119,92.5,3.08,97.54
1800000773,TURNER LUCAS,Endocrinology,Diabetes,Internal Medicine,Yes,ENDOCRINE SPECIALISTS GROUP - DALLAS,TX,75214,48113,Dallas County,6602,29765.9,2.1058,4.8,19.34,1,57,315204,315204.0,1148742.8,5529.894736842105,5529.894736842105,50,0,100.0,28.0,4.5086,26.67,45.62,17.84,ADEQUATE,0,0.020945,0.025912,39.35,16.95,115.82
1800000774,DAVIS SARAH,Endocrinology,Diabetes,Metabolic Medicine,Yes,DIABETES CARE CENTER - GARLAND,TX,75218,48113,Dallas County,7053,22706.0,2.603,5.7,68.91,1,57,315204,315204.0,1148742.8,5529.894736842105,5529.894736842105,50,0,100.0,28.0,3.2193,26.67,45.62,17.84,ADEQUATE,0,0.022376,0.019766,73.05,24.7,123.74
1800000775,MOORE AARON,Endocrinology,Diabetes,Metabolic Medicine,Yes,METABOLIC HEALTH ASSOCIATES - DALLAS,TX,75272,48113,Dallas County,6771,20087.9,2.1677,5.2,36.7,1,57,315204,315204.0,1148742.8,5529.894736842105,5529.894736842105,50,0,100.0,28.0,2.9668,26.67,45.62,17.84,ADEQUATE,0,0.021481,0.017487,44.0,20.38,118.79
1800000776,WATSON GEORGE,Endocrinology,Diabetes,Metabolic Medicine,Yes,DIABETES CARE CENTER - DALLAS,TX,75235,48113,Dallas County,5805,27418.8,0.9,4.3,32.27,1,57,315204,315204.0,1148742.8,5529.894736842105,5529.894736842105,50,0,100.0,28.0,4.7233,26.67,45.62,17.84,ADEQUATE,0,0.018417,0.023869,0.32,12.12,101.84
1800000777,EVANS MICHAEL,Endocrinology,Diabetes,Metabolic Medicine,No,ENDOCRINE SPECIALISTS GROUP - MESQUITE,TX,75269,48113,Dallas County,4716,15825.7,2.4181,8.7,45.46,0,57,315204,315204.0,1148742.8,5529.894736842105,5529.894736842105,50,0,100.0,28.0,3.3557,26.67,45.62,17.84,ADEQUATE,0,0.014962,0.013777,61.18,50.5,82.74
1800000778,NELSON VICTOR,Endocrinology,Diabetes,Family Medicine,No,ENDOCRINE SPECIALISTS GROUP - IRVING,TX,75210,48113,Dallas County,3608,11934.1,1.5189,11.4,26.62,0,57,315204,315204.0,1148742.8,5529.894736842105,5529.894736842105,50,0,100.0,28.0,3.3077,26.67,45.62,17.84,ADEQUATE,0,0.011447,0.010389,9.35,73.5,63.3
1800000779,WILLIAMS ANIKA,Endocrinology,Diabetes,Family Medicine,No,ENDOCRINE SPECIALISTS GROUP - MESQUITE,TX,75213,48113,Dallas County,5743,19405.3,1.8121,6.1,47.2,0,57,315204,315204.0,1148742.8,5529.894736842105,5529.894736842105,50,0,100.0,28.0,3.3789,26.67,45.62,17.84,ADEQUATE,0,0.01822,0.016893,20.4,28.38,100.75
1800000780,GARCIA ISABEL,Endocrinology,Diabetes,Family Medicine,Yes,METABOLIC HEALTH ASSOCIATES - DALLAS,TX,75256,48113,Dallas County,6451,23191.2,2.3102,11.9,72.52,1,57,315204,315204.0,1148742.8,5529.894736842105,5529.894736842105,50,0,100.0,28.0,3.595,26.67,45.62,17.84,ADEQUATE,0,0.020466,0.020188,54.25,78.57,113.18
1800000781,PATEL NOAH,Endocrinology,Diabetes,Metabolic Medicine,Yes,DIABETES CARE CENTER - MESQUITE,TX,75233,48113,Dallas County,6236,21230.2,1.9089,5.5,54.86,1,57,315204,315204.0,1148742.8,5529.894736842105,5529.894736842105,50,0,100.0,28.0,3.4045,26.67,45.62,17.84,ADEQUATE,0,0.019784,0.018481,25.9,23.2,109.4
1800000782,WRIGHT ZOE,Endocrinology,Diabetes,Family Medicine,Yes,ENDOCRINE SPECIALISTS GROUP - DALLAS,TX,75212,48113,Dallas County,7327,27336.7,2.6765,6.9,64.01,1,57,315204,315204.0,1148742.8,5529.894736842105,5529.894736842105,50,0,100.0,28.0,3.731,26.67,45.62,17.84,ADEQUATE,0,0.023245,0.023797,77.1,35.1,128.54
1800000783,HARRIS CARLOS,Endocrinology,Diabetes,Family Medicine,Yes,METABOLIC HEALTH ASSOCIATES - IRVING,TX,75267,48113,Dallas County,4158,17179.3,3.184,4.2,64.06,1,57,315204,315204.0,1148742.8,5529.894736842105,5529.894736842105,50,0,100.0,28.0,4.1316,26.67,45.62,17.84,ADEQUATE,0,0.013191,0.014955,95.45,11.2,72.95
1800000784,RIVERA JULIA,Endocrinology,Diabetes,Internal Medicine,Yes,METABOLIC HEALTH ASSOCIATES - DALLAS,TX,75293,48113,Dallas County,5426,16615.1,1.7431,5.4,79.68,1,57,315204,315204.0,1148742.8,5529.894736842105,5529.894736842105,50,0,100.0,28.0,3.0621,26.67,45.62,17.84,ADEQUATE,0,0.017214,0.014464,17.45,22.45,95.19
1800000785,ADAMS PRIYA,Endocrinology,Diabetes,Metabolic Medicine,No,DIABETES CARE CENTER - DALLAS,TX,75257,48113,Dallas County,5398,19631.4,1.5318,3.5,64.66,0,57,315204,315204.0,1148742.8,5529.894736842105,5529.894736842105,50,0,100.0,28.0,3.6368,26.67,45.62,17.84,ADEQUATE,0,0.017125,0.017089,9.5,4.85,94.7
1800000786,JOHNSON DAVID,Endocrinology,Diabetes,Metabolic Medicine,No,ENDOCRINE SPECIALISTS GROUP - GARLAND,TX,75263,48113,Dallas County,5813,26526.5,2.4305,3.2,65.4,0,57,315204,315204.0,1148742.8,5529.894736842105,5529.894736842105,50,0,100.0,28.0,4.5633,26.67,45.62,17.84,ADEQUATE,0,0.018442,0.023092,62.0,2.17,101.98
1800000787,SANCHEZ ELENA,Endocrinology,Diabetes,Family Medicine,Yes,METABOLIC HEALTH ASSOCIATES - GARLAND,TX,75283,48113,Dallas County,3564,16514.1,2.4878,4.3,71.37,1,57,315204,315204.0,1148742.8,5529.894736842105,5529.894736842105,50,0,100.0,28.0,4.6336,26.67,45.62,17.84,ADEQUATE,0,0.011307,0.014376,65.75,12.12,62.53
1800000788,BAKER LUCAS,Endocrinology,Diabetes,Internal Medicine,Yes,ENDOCRINE SPECIALISTS GROUP - IRVING,TX,75295,48113,Dallas County,4759,11607.7,2.9465,10.6,49.65,1,57,315204,315204.0,1148742.8,5529.894736842105,5529.894736842105,50,0,100.0,28.0,2.4391,26.67,45.62,17.84,ADEQUATE,0,0.015098,0.010105,89.5,66.92,83.49
1800000789,LEE SARAH,Endocrinology,Diabetes,Internal Medicine,Yes,DIABETES CARE CENTER - MESQUITE,TX,75233,48113,Dallas County,4137,12891.3,2.137,11.9,60.09,1,57,315204,315204.0,1148742.8,5529.894736842105,5529.894736842105,50,0,100.0,28.0,3.1161,26.67,45.62,17.84,ADEQUATE,0,0.013125,0.011222,41.5,78.57,72.58
1800000790,THOMAS AARON,Endocrinology,Diabetes,Family Medicine,Yes,ENDOCRINE SPECIALISTS GROUP - IRVING,TX,75282,48113,Dallas County,7088,31714.9,2.8082,9.1,63.04,1,57,315204,315204.0,1148742.8,5529.894736842105,5529.894736842105,50,0,100.0,28.0,4.4744,26.67,45.62,17.84,ADEQUATE,0,0.022487,0.027608,83.7,53.65,124.35
1800000791,CARTER GEORGE,Endocrinology,Diabetes,Metabolic Medicine,Yes,ENDOCRINE SPECIALISTS GROUP - MESQUITE,TX,75298,48113,Dallas County,5918,17187.7,2.8078,6.7,74.94,1,57,315204,315204.0,1148742.8,5529.894736842105,5529.894736842105,50,0,100.0,28.0,2.9043,26.67,45.62,17.84,ADEQUATE,0,0.018775,0.014962,83.65,33.12,103.82
1800000792,MILLER MICHAEL,Endocrinology,Diabetes,Family Medicine,Yes,DIABETES CARE CENTER - IRVING,TX,75274,48113,Dallas County,4373,13230.6,3.0296,11.5,39.65,1,57,315204,315204.0,1148742.8,5529.894736842105,5529.894736842105,50,0,100.0,28.0,3.0255,26.67,45.62,17.84,ADEQUATE,0,0.013874,0.011517,92.65,74.52,76.72
1800000793,TURNER VICTOR,Endocrinology,Diabetes,Metabolic Medicine,Yes,METABOLIC HEALTH ASSOCIATES - MESQUITE,TX,75291,48113,Dallas County,4401,15618.6,3.3114,4.8,51.21,1,57,315204,315204.0,1148742.8,5529.894736842105,5529.894736842105,50,0,100.0,28.0,3.5489,26.67,45.62,17.84,ADEQUATE,0,0.013962,0.013596,97.15,16.95,77.21
1800000794,DAVIS ANIKA,Endocrinology,Diabetes,Metabolic Medicine,No,ENDOCRINE SPECIALISTS GROUP - IRVING,TX,75230,48113,Dallas County,3929,16302.7,2.3251,3.9,48.57,0,57,315204,315204.0,1148742.8,5529.894736842105,5529.894736842105,50,0,100.0,28.0,4.1493,26.67,45.62,17.84,ADEQUATE,0,0.012465,0.014192,55.05,8.4,68.93
1800000795,MOORE ISABEL,Endocrinology,Diabetes,Internal Medicine,No,ENDOCRINE SPECIALISTS GROUP - GARLAND,TX,75272,48113,Dallas County,5225,22467.6,2.3748,12.8,66.86,0,57,315204,315204.0,1148742.8,5529.894736842105,5529.894736842105,50,0,100.0,28.0,4.3,26.67,45.62,17.84,ADEQUATE,0,0.016577,0.019558,58.38,87.05,91.67
1800000796,WATSON NOAH,Endocrinology,Diabetes,Family Medicine,Yes,METABOLIC HEALTH ASSOCIATES - DALLAS,TX,75220,48113,Dallas County,5571,22413.4,1.8046,11.0,64.03,1,57,315204,315204.0,1148742.8,5529.894736842105,5529.894736842105,50,0,100.0,28.0,4.0232,26.67,45.62,17.84,ADEQUATE,0,0.017674,0.019511,20.1,70.08,97.74
1800000797,EVANS ZOE,Endocrinology,Diabetes,Metabolic Medicine,Yes,METABOLIC HEALTH ASSOCIATES - DALLAS,TX,75259,48113,Dallas County,6476,20782.3,2.0525,10.6,54.58,1,57,315204,315204.0,1148742.8,5529.894736842105,5529.894736842105,50,0,100.0,28.0,3.2091,26.67,45.62,17.84,ADEQUATE,0,0.020545,0.018091,35.58,66.92,113.61
1800000798,NELSON CARLOS,Endocrinology,Diabetes,Family Medicine,No,METABOLIC HEALTH ASSOCIATES - MESQUITE,TX,75226,48113,Dallas County,5261,14347.7,2.3498,12.2,59.21,0,57,315204,315204.0,1148742.8,5529.894736842105,5529.894736842105,50,0,100.0,28.0,2.7272,26.67,45.62,17.84,ADEQUATE,0,0.016691,0.01249,56.7,81.25,92.3
1800000799,WILLIAMS JULIA,Endocrinology,Diabetes,Internal Medicine,No,METABOLIC HEALTH ASSOCIATES - GARLAND,TX,75252,48113,Dallas County,6942,24865.2,3.415,11.5,56.37,0,57,315204,315204.0,1148742.8,5529.894736842105,5529.894736842105,50,0,100.0,28.0,3.5818,26.67,45.62,17.84,ADEQUATE,0,0.022024,0.021646,98.05,74.52,121.79
1800000800,GARCIA PRIYA,Endocrinology,Diabetes,Metabolic Medicine,Yes,ENDOCRINE SPECIALISTS GROUP - IRVING,TX,75272,48113,Dallas County,7031,28875.7,2.4801,4.5,69.68,1,57,315204,315204.0,1148742.8,5529.894736842105,5529.894736842105,50,0,100.0,28.0,4.1069,26.67,45.62,17.84,ADEQUATE,0,0.022306,0.025137,65.4,13.9,123.35
1800000801,PATEL DAVID,Endocrinology,Diabetes,Family Medicine,No,ENDOCRINE SPECIALISTS GROUP - MESQUITE,TX,75257,48113,Dallas County,6835,32507.8,2.422,5.8,51.65,0,57,315204,315204.0,1148742.8,5529.894736842105,5529.894736842105,50,0,100.0,28.0,4.7561,26.67,45.62,17.84,ADEQUATE,0,0.021684,0.028299,61.3,25.48,119.91
1800000802,WRIGHT ELENA,Endocrinology,Diabetes,Metabolic Medicine,No,METABOLIC HEALTH ASSOCIATES - IRVING,TX,75263,48113,Dallas County,4958,19439.3,2.2416,6.9,28.31,0,57,315204,315204.0,1148742.8,5529.894736842105,5529.894736842105,50,0,100.0,28.0,3.9208,26.67,45.62,17.84,ADEQUATE,0,0.015729,0.016922,49.6,35.1,86.98
1800000803,HARRIS LUCAS,Endocrinology,Diabetes,Metabolic Medicine,Yes,ENDOCRINE SPECIALISTS GROUP - GARLAND,TX,75254,48113,Dallas County,5739,26473.0,2.4253,7.1,65.26,1,57,315204,315204.0,1148742.8,5529.894736842105,5529.894736842105,50,0,100.0,28.0,4.6128,26.67,45.62,17.84,ADEQUATE,0,0.018207,0.023045,61.6,37.05,100.68
1800000804,RIVERA SARAH,Endocrinology,Diabetes,Metabolic Medicine,Yes,ENDOCRINE SPECIALISTS GROUP - MESQUITE,TX,75252,48113,Dallas County,6482,22832.3,2.3169,14.1,69.96,1,57,315204,315204.0,1148742.8,5529.894736842105,5529.894736842105,50,0,100.0,28.0,3.5224,26.67,45.62,17.84,ADEQUATE,0,0.020564,0.019876,54.5,97.02,113.72
1800000805,ADAMS AARON,Endocrinology,Diabetes,Internal Medicine,Yes,DIABETES CARE CENTER - DALLAS,TX,75255,48113,Dallas County,5314,22229.8,3.7528,6.4,60.91,1,57,315204,315204.0,1148742.8,5529.894736842105,5529.894736842105,50,0,100.0,28.0,4.1833,26.67,45.62,17.84,ADEQUATE,0,0.016859,0.019351,99.7,30.63,93.23
1800000806,JOHNSON GEORGE,Endocrinology,Diabetes,Family Medicine,Yes,ENDOCRINE SPECIALISTS GROUP - IRVING,TX,75251,48113,Dallas County,4468,17458.3,1.7675,11.4,45.6,1,57,315204,315204.0,1148742.8,5529.894736842105,5529.894736842105,50,0,100.0,28.0,3.9074,26.67,45.62,17.84,ADEQUATE,0,0.014175,0.015198,18.4,73.5,78.39
1800000807,SANCHEZ MICHAEL,Endocrinology,Diabetes,Family Medicine,No,DIABETES CARE CENTER - DALLAS,TX,75210,48113,Dallas County,5310,12897.6,1.9442,9.5,90.02,0,57,315204,315204.0,1148742.8,5529.894736842105,5529.894736842105,50,0,100.0,28.0,2.4289,26.67,45.62,17.84,ADEQUATE,0,0.016846,0.011228,27.9,57.0,93.16
1800000808,BAKER VICTOR,Endocrinology,Diabetes,Internal Medicine,Yes,METABOLIC HEALTH ASSOCIATES - DALLAS,TX,75290,48113,Dallas County,6498,19338.9,2.5806,13.7,50.47,1,57,315204,315204.0,1148742.8,5529.894736842105,5529.894736842105,50,0,100.0,28.0,2.9761,26.67,45.62,17.84,ADEQUATE,0,0.020615,0.016835,71.75,94.25,114.0
1800000809,LEE ANIKA,Endocrinology,Diabetes,Metabolic Medicine,No,METABOLIC HEALTH ASSOCIATES - DALLAS,TX,75203,48113,Dallas County,6469,19588.3,2.3195,7.5,54.36,0,57,315204,315204.0,1148742.8,5529.894736842105,5529.894736842105,50,0,100.0,28.0,3.028,26.67,45.62,17.84,ADEQUATE,0,0.020523,0.017052,54.8,40.48,113.49
1800000810,THOMAS ISABEL,Endocrinology,Diabetes,Internal Medicine,Yes,METABOLIC HEALTH ASSOCIATES - GARLAND,TX,75220,48113,Dallas County,6377,15372.1,2.0409,7.3,69.84,1,57,315204,315204.0,1148742.8,5529.894736842105,5529.894736842105,50,0,100.0,28.0,2.4106,26.67,45.62,17.84,ADEQUATE,0,0.020231,0.013382,34.6,39.15,111.88
1800000811,CARTER NOAH,Endocrinology,Diabetes,Internal Medicine,Yes,METABOLIC HEALTH ASSOCIATES - DALLAS,TX,75237,48113,Dallas County,7256,25881.7,3.2664,8.0,44.91,1,57,315204,315204.0,1148742.8,5529.894736842105,5529.894736842105,50,0,100.0,28.0,3.5669,26.67,45.62,17.84,ADEQUATE,0,0.02302,0.02253,96.6,45.08,127.3
1800000812,MILLER ZOE,Endocrinology,Diabetes,Internal Medicine,Yes,DIABETES CARE CENTER - IRVING,TX,75267,48113,Dallas County,3648,14767.6,2.3107,11.2,92.56,1,57,315204,315204.0,1148742.8,5529.894736842105,5529.894736842105,50,0,100.0,28.0,4.0481,26.67,45.62,17.84,ADEQUATE,0,0.011573,0.012855,54.3,71.95,64.0
1800000813,TURNER CARLOS,Endocrinology,Diabetes,Family Medicine,No,ENDOCRINE SPECIALISTS GROUP - GARLAND,TX,75244,48113,Dallas County,4398,17471.3,2.2771,14.1,44.51,0,57,315204,315204.0,1148742.8,5529.894736842105,5529.894736842105,50,0,100.0,28.0,3.9726,26.67,45.62,17.84,ADEQUATE,0,0.013953,0.015209,51.9,97.02,77.16
1800000814,DAVIS JULIA,Endocrinology,Diabetes,Internal Medicine,Yes,ENDOCRINE SPECIALISTS GROUP - IRVING,TX,75202,48113,Dallas County,7107,20115.3,2.6924,12.5,61.09,1,57,315204,315204.0,1148742.8,5529.894736842105,5529.894736842105,50,0,100.0,28.0,2.8304,26.67,45.62,17.84,ADEQUATE,0,0.022547,0.017511,78.0,84.02,124.68
1800000815,MOORE PRIYA,Endocrinology,Diabetes,Metabolic Medicine,No,METABOLIC HEALTH ASSOCIATES - GARLAND,TX,75236,48113,Dallas County,7129,25729.5,2.3394,4.7,31.28,0,57,315204,315204.0,1148742.8,5529.894736842105,5529.894736842105,50,0,100.0,28.0,3.6091,26.67,45.62,17.84,ADEQUATE,0,0.022617,0.022398,55.9,15.9,125.07
1800000816,WATSON DAVID,Endocrinology,Diabetes,Family Medicine,Yes,METABOLIC HEALTH ASSOCIATES - IRVING,TX,75215,48113,Dallas County,7065,31883.1,1.0385,8.6,36.11,1,57,315204,315204.0,1148742.8,5529.894736842105,5529.894736842105,50,0,100.0,28.0,4.5128,26.67,45.62,17.84,ADEQUATE,0,0.022414,0.027755,1.3,49.78,123.95
1800000817,EVANS ELENA,Endocrinology,Diabetes,Family Medicine,Yes,METABOLIC HEALTH ASSOCIATES - MESQUITE,TX,75208,48113,Dallas County,3750,16006.6,1.1253,9.3,49.83,1,57,315204,315204.0,1148742.8,5529.894736842105,5529.894736842105,50,0,100.0,28.0,4.2684,26.67,45.62,17.84,ADEQUATE,0,0.011897,0.013934,2.0,55.35,65.79
1800000818,NELSON LUCAS,Endocrinology,Diabetes,Internal Medicine,No,ENDOCRINE SPECIALISTS GROUP - IRVING,TX,75247,48113,Dallas County,4652,19147.3,2.6888,8.0,38.14,0,57,315204,315204.0,1148742.8,5529.894736842105,5529.894736842105,50,0,100.0,28.0,4.1159,26.67,45.62,17.84,ADEQUATE,0,0.014759,0.016668,77.75,45.08,81.61
1800000819,WILLIAMS SARAH,Endocrinology,Diabetes,Internal Medicine,Yes,METABOLIC HEALTH ASSOCIATES - DALLAS,TX,75253,48113,Dallas County,4913,12034.6,1.9124,8.0,52.28,1,57,315204,315204.0,1148742.8,5529.894736842105,5529.894736842105,50,0,100.0,28.0,2.4495,26.67,45.62,17.84,ADEQUATE,0,0.015587,0.010476,26.2,45.08,86.19
1800000820,GARCIA AARON,Endocrinology,Diabetes,Metabolic Medicine,Yes,METABOLIC HEALTH ASSOCIATES - IRVING,TX,75203,48113,Dallas County,5791,14824.4,2.4413,3.0,78.48,1,57,315204,315204.0,1148742.8,5529.894736842105,5529.894736842105,50,0,100.0,28.0,2.5599,26.67,45.62,17.84,ADEQUATE,0,0.018372,0.012905,62.8,0.3,101.6
1800000821,PATEL GEORGE,Endocrinology,Diabetes,Internal Medicine,Yes,ENDOCRINE SPECIALISTS GROUP - GARLAND,TX,75270,48113,Dallas County,7304,20122.3,2.0287,6.4,70.29,1,57,315204,315204.0,1148742.8,5529.894736842105,5529.894736842105,50,0,100.0,28.0,2.755,26.67,45.62,17.84,ADEQUATE,0,0.023172,0.017517,33.7,30.63,128.14
1800000822,WRIGHT MICHAEL,Endocrinology,Diabetes,Metabolic Medicine,Yes,ENDOCRINE SPECIALISTS GROUP - DALLAS,TX,75249,48113,Dallas County,4079,12967.0,2.2419,10.8,76.83,1,57,315204,315204.0,1148742.8,5529.894736842105,5529.894736842105,50,0,100.0,28.0,3.179,26.67,45.62,17.84,ADEQUATE,0,0.012941,0.011288,49.68,68.47,71.56
1800000823,HARRIS VICTOR,Endocrinology,Diabetes,Family Medicine,Yes,METABOLIC HEALTH ASSOCIATES - DALLAS,TX,75257,48113,Dallas County,6345,28964.0,1.0886,12.8,86.0,1,57,315204,315204.0,1148742.8,5529.894736842105,5529.894736842105,50,0,100.0,28.0,4.5649,26.67,45.62,17.84,ADEQUATE,0,0.02013,0.025214,1.5,87.05,111.32
1800000824,RIVERA ANIKA,Endocrinology,Diabetes,Metabolic Medicine,No,METABOLIC HEALTH ASSOCIATES - MESQUITE,TX,75227,48113,Dallas County,4042,16684.1,2.1279,14.2,45.56,0,57,315204,315204.0,1148742.8,5529.894736842105,5529.894736842105,50,0,100.0,28.0,4.1277,26.67,45.62,17.84,ADEQUATE,0,0.012823,0.014524,40.85,97.62,70.91
1800000825,ADAMS ISABEL,Endocrinology,Diabetes,Internal Medicine,Yes,DIABETES CARE CENTER - DALLAS,TX,75251,48113,Dallas County,4068,18733.9,2.0556,7.9,41.66,1,57,315204,315204.0,1148742.8,5529.894736842105,5529.894736842105,50,0,100.0,28.0,4.6052,26.67,45.62,17.84,ADEQUATE,0,0.012906,0.016308,35.7,44.15,71.37
1800000826,JOHNSON NOAH,Endocrinology,Diabetes,Family Medicine,No,ENDOCRINE SPECIALISTS GROUP - GARLAND,TX,75230,48113,Dallas County,3568,10733.4,1.8303,9.8,54.1,0,57,315204,315204.0,1148742.8,5529.894736842105,5529.894736842105,50,0,100.0,28.0,3.0082,26.67,45.62,17.84,ADEQUATE,0,0.01132,0.009344,21.2,59.9,62.6
1800000827,MARTIN SOPHIA,Psychiatry,Mental Health Disorders,Behavioral Health,Yes,BEHAVIORAL HEALTH PARTNERS - IRVING,TX,75249,48113,Dallas County,6456,15808.2,2.1471,10.8,88.96,1,48,383239,383239.0,1320148.1,7984.145833333333,7984.145833333333,60,12,80.0,76.0,2.4486,32.0,32.26,37.64,ADEQUATE,12,0.016846,0.011975,42.4,68.47,134.5
1800000828,THOMPSON FATIMA,Psychiatry,Mental Health Disorders,Child & Adolescent Psychiatry,Yes,COMMUNITY MENTAL HEALTH CENTER - DALLAS,TX,75267,48113,Dallas County,10551,42344.8,2.8784,12.6,54.5,1,48,383239,383239.0,1320148.1,7984.145833333333,7984.145833333333,60,12,80.0,76.0,4.0133,32.0,32.26,37.64,ADEQUATE,12,0.027531,0.032076,87.08,85.0,219.81
1800000829,CLARK MAYA,Psychiatry,Mental Health Disorders,Behavioral Health,Yes,COMMUNITY MENTAL HEALTH CENTER - IRVING,TX,75269,48113,Dallas County,5974,26689.5,1.1375,4.5,34.66,1,48,383239,383239.0,1320148.1,7984.145833333333,7984.145833333333,60,12,80.0,76.0,4.4676,32.0,32.26,37.64,ADEQUATE,12,0.015588,0.020217,2.15,13.9,124.46
1800000830,MITCHELL THOMAS,Psychiatry,Mental Health Disorders,Child & Adolescent Psychiatry,Yes,BEHAVIORAL HEALTH PARTNERS - DALLAS,TX,75282,48113,Dallas County,9574,44945.8,1.542,6.0,32.02,1,48,383239,383239.0,1320148.1,7984.145833333333,7984.145833333333,60,12,80.0,76.0,4.6946,32.0,32.26,37.64,ADEQUATE,12,0.024982,0.034046,9.75,27.55,199.46
1800000831,WALKER AMELIA,Psychiatry,Mental Health Disorders,Addiction Medicine,No,COMMUNITY MENTAL HEALTH CENTER - DALLAS,TX,75297,48113,Dallas County,6428,20103.6,1.2551,14.0,48.0,0,48,383239,383239.0,1320148.1,7984.145833333333,7984.145833333333,60,12,80.0,76.0,3.1275,32.0,32.26,37.64,ADEQUATE,12,0.016773,0.015228,3.65,96.25,133.92
1800000832,EDWARDS HANNAH,Psychiatry,Mental Health Disorders,Behavioral Health,No,PSYCHIATRY CARE ASSOCIATES - DALLAS,TX,75232,48113,Dallas County,10950,44820.3,2.0254,5.7,62.3,0,48,383239,383239.0,1320148.1,7984.145833333333,7984.145833333333,60,12,80.0,76.0,4.0932,32.0,32.26,37.64,ADEQUATE,12,0.028572,0.033951,33.4,24.7,228.12
1800000833,MORGAN NADIA,Psychiatry,Mental Health Disorders,Behavioral Health,Yes,COMMUNITY MENTAL HEALTH CENTER - IRVING,TX,75236,48113,Dallas County,6445,22282.5,2.1921,11.0,60.97,1,48,383239,383239.0,1320148.1,7984.145833333333,7984.145833333333,60,12,80.0,76.0,3.4573,32.0,32.26,37.64,ADEQUATE,12,0.016817,0.016879,46.05,70.08,134.27
1800000834,WHITE WILLIAM,Psychiatry,Mental Health Disorders,Behavioral Health,Yes,COMMUNITY MENTAL HEALTH CENTER - MESQUITE,TX,75274,48113,Dallas County,6712,17525.1,2.1295,9.9,53.47,1,48,383239,383239.0,1320148.1,7984.145833333333,7984.145833333333,60,12,80.0,76.0,2.611,32.0,32.26,37.64,ADEQUATE,12,0.017514,0.013275,40.95,60.78,139.83
1800000835,FOSTER BENJAMIN,Psychiatry,Mental Health Disorders,Addiction Medicine,Yes,COMMUNITY MENTAL HEALTH CENTER - DALLAS,TX,75256,48113,Dallas County,10786,30655.0,2.8629,8.1,53.56,1,48,383239,383239.0,1320148.1,7984.145833333333,7984.145833333333,60,12,80.0,76.0,2.8421,32.0,32.26,37.64,ADEQUATE,12,0.028144,0.023221,86.35,45.75,224.71
1800000836,PARKER JAMES,Psychiatry,Mental Health Disorders,Child & Adolescent Psychiatry,Yes,PSYCHIATRY CARE ASSOCIATES - IRVING,TX,75269,48113,Dallas County,6621,20251.5,1.958,5.1,49.86,1,48,383239,383239.0,1320148.1,7984.145833333333,7984.145833333333,60,12,80.0,76.0,3.0587,32.0,32.26,37.64,ADEQUATE,12,0.017276,0.01534,28.8,19.58,137.94
1800000837,WILSON OLIVIA,Psychiatry,Mental Health Disorders,Child & Adolescent Psychiatry,No,COMMUNITY MENTAL HEALTH CENTER - MESQUITE,TX,75252,48113,Dallas County,10488,29480.5,2.7713,6.6,63.41,0,48,383239,383239.0,1320148.1,7984.145833333333,7984.145833333333,60,12,80.0,76.0,2.8109,32.0,32.26,37.64,ADEQUATE,12,0.027367,0.022331,82.05,32.25,218.5
1800000838,GOMEZ EMILY,Psychiatry,Mental Health Disorders,Behavioral Health,Yes,BEHAVIORAL HEALTH PARTNERS - DALLAS,TX,75251,48113,Dallas County,5847,20978.8,1.289,12.4,40.99,1,48,383239,383239.0,1320148.1,7984.145833333333,7984.145833333333,60,12,80.0,76.0,3.588,32.0,32.26,37.64,ADEQUATE,12,0.015257,0.015891,4.1,83.0,121.81
1800000839,REED DANIEL,Psychiatry,Mental Health Disorders,Addiction Medicine,Yes,COMMUNITY MENTAL HEALTH CENTER - MESQUITE,TX,75286,48113,Dallas County,5357,13784.2,3.217,11.8,71.16,1,48,383239,383239.0,1320148.1,7984.145833333333,7984.145833333333,60,12,80.0,76.0,2.5731,32.0,32.26,37.64,ADEQUATE,12,0.013978,0.010441,96.05,77.4,111.6
1800000840,YOUNG KARAN,Psychiatry,Mental Health Disorders,Behavioral Health,No,COMMUNITY MENTAL HEALTH CENTER - MESQUITE,TX,75280,48113,Dallas County,7842,27544.6,1.1624,5.2,74.48,0,48,383239,383239.0,1320148.1,7984.145833333333,7984.145833333333,60,12,80.0,76.0,3.5124,32.0,32.26,37.64,ADEQUATE,12,0.020462,0.020865,2.6,20.38,163.38
1800000841,JACKSON RAHUL,Psychiatry,Mental Health Disorders,Addiction Medicine,Yes,PSYCHIATRY CARE ASSOCIATES - GARLAND,TX,75282,48113,Dallas County,9658,35441.5,1.6323,12.0,27.06,1,48,383239,383239.0,1320148.1,7984.145833333333,7984.145833333333,60,12,80.0,76.0,3.6697,32.0,32.26,37.64,ADEQUATE,12,0.025201,0.026847,12.8,79.45,201.21
1800000842,ROBERTS SOPHIA,Psychiatry,Mental Health Disorders,Child & Adolescent Psychiatry,Yes,PSYCHIATRY CARE ASSOCIATES - GARLAND,TX,75210,48113,Dallas County,8123,27316.1,1.9873,4.2,45.2,1,48,383239,383239.0,1320148.1,7984.145833333333,7984.145833333333,60,12,80.0,76.0,3.3628,32.0,32.26,37.64,ADEQUATE,12,0.021196,0.020692,30.93,11.2,169.23
1800000843,ANDERSON FATIMA,Psychiatry,Mental Health Disorders,Behavioral Health,No,COMMUNITY MENTAL HEALTH CENTER - DALLAS,TX,75252,48113,Dallas County,8738,25270.6,2.612,10.0,62.43,0,48,383239,383239.0,1320148.1,7984.145833333333,7984.145833333333,60,12,80.0,76.0,2.892,32.0,32.26,37.64,ADEQUATE,12,0.0228,0.019142,73.5,61.72,182.04
1800000844,KIM MAYA,Psychiatry,Mental Health Disorders,Child & Adolescent Psychiatry,Yes,PSYCHIATRY CARE ASSOCIATES - IRVING,TX,75242,48113,Dallas County,8521,40431.5,1.3336,10.5,33.05,1,48,383239,383239.0,1320148.1,7984.145833333333,7984.145833333333,60,12,80.0,76.0,4.7449,32.0,32.26,37.64,ADEQUATE,12,0.022234,0.030626,4.9,65.92,177.52
1800000845,TAYLOR THOMAS,Psychiatry,Mental Health Disorders,Child & Adolescent Psychiatry,Yes,COMMUNITY MENTAL HEALTH CENTER - GARLAND,TX,75277,48113,Dallas County,7167,33161.5,2.5327,6.6,71.75,1,48,383239,383239.0,1320148.1,7984.145833333333,7984.145833333333,60,12,80.0,76.0,4.627,32.0,32.26,37.64,ADEQUATE,12,0.018701,0.02512,68.7,32.25,149.31
1800000846,BROWN AMELIA,Psychiatry,Mental Health Disorders,Addiction Medicine,No,BEHAVIORAL HEALTH PARTNERS - MESQUITE,TX,75275,48113,Dallas County,7121,21777.7,1.5643,7.2,72.58,0,48,383239,383239.0,1320148.1,7984.145833333333,7984.145833333333,60,12,80.0,76.0,3.0582,32.0,32.26,37.64,ADEQUATE,12,0.018581,0.016496,10.45,38.15,148.35
1800000847,MARTIN HANNAH,Psychiatry,Mental Health Disorders,Child & Adolescent Psychiatry,No,BEHAVIORAL HEALTH PARTNERS - IRVING,TX,75270,48113,Dallas County,7832,32386.0,1.9337,10.4,68.76,0,48,383239,383239.0,1320148.1,7984.145833333333,7984.145833333333,60,12,80.0,76.0,4.1351,32.0,32.26,37.64,ADEQUATE,12,0.020436,0.024532,27.18,64.95,163.17
1800000848,THOMPSON NADIA,Psychiatry,Mental Health Disorders,Addiction Medicine,Yes,COMMUNITY MENTAL HEALTH CENTER - IRVING,TX,75260,48113,Dallas County,8846,38853.3,2.5448,6.3,70.51,1,48,383239,383239.0,1320148.1,7984.145833333333,7984.145833333333,60,12,80.0,76.0,4.3922,32.0,32.26,37.64,ADEQUATE,12,0.023082,0.029431,69.65,29.9,184.29
1800000849,CLARK WILLIAM,Psychiatry,Mental Health Disorders,Addiction Medicine,No,COMMUNITY MENTAL HEALTH CENTER - GARLAND,TX,75299,48113,Dallas County,10547,34805.7,1.5588,11.4,60.78,0,48,383239,383239.0,1320148.1,7984.145833333333,7984.145833333333,60,12,80.0,76.0,3.3001,32.0,32.26,37.64,ADEQUATE,12,0.027521,0.026365,10.2,73.5,219.73
1800000850,MITCHELL BENJAMIN,Psychiatry,Mental Health Disorders,Addiction Medicine,No,COMMUNITY MENTAL HEALTH CENTER - DALLAS,TX,75236,48113,Dallas County,6186,22446.1,1.6935,10.3,78.51,0,48,383239,383239.0,1320148.1,7984.145833333333,7984.145833333333,60,12,80.0,76.0,3.6285,32.0,32.26,37.64,ADEQUATE,12,0.016141,0.017003,15.3,64.08,128.88
1800000851,WALKER JAMES,Psychiatry,Mental Health Disorders,Behavioral Health,Yes,BEHAVIORAL HEALTH PARTNERS - GARLAND,TX,75221,48113,Dallas County,8418,27789.8,2.3572,3.7,35.24,1,48,383239,383239.0,1320148.1,7984.145833333333,7984.145833333333,60,12,80.0,76.0,3.3012,32.0,32.26,37.64,ADEQUATE,12,0.021965,0.021051,57.0,6.65,175.38
1800000852,EDWARDS OLIVIA,Psychiatry,Mental Health Disorders,Behavioral Health,No,BEHAVIORAL HEALTH PARTNERS - DALLAS,TX,75260,48113,Dallas County,10477,25306.9,1.7349,13.1,57.0,0,48,383239,383239.0,1320148.1,7984.145833333333,7984.145833333333,60,12,80.0,76.0,2.4155,32.0,32.26,37.64,ADEQUATE,12,0.027338,0.01917,17.05,89.58,218.27
1800000853,MORGAN EMILY,Psychiatry,Mental Health Disorders,Behavioral Health,No,PSYCHIATRY CARE ASSOCIATES - DALLAS,TX,75276,48113,Dallas County,9008,21978.6,1.9806,7.1,31.63,0,48,383239,383239.0,1320148.1,7984.145833333333,7984.145833333333,60,12,80.0,76.0,2.4399,32.0,32.26,37.64,ADEQUATE,12,0.023505,0.016649,30.75,37.05,187.67
1800000854,WHITE DANIEL,Psychiatry,Mental Health Disorders,Child & Adolescent Psychiatry,Yes,BEHAVIORAL HEALTH PARTNERS - IRVING,TX,75220,48113,Dallas County,8863,26583.4,2.6104,6.9,45.24,1,48,383239,383239.0,1320148.1,7984.145833333333,7984.145833333333,60,12,80.0,76.0,2.9994,32.0,32.26,37.64,ADEQUATE,12,0.023127,0.020137,73.3,35.1,184.65
1800000855,FOSTER KARAN,Psychiatry,Mental Health Disorders,Behavioral Health,No,PSYCHIATRY CARE ASSOCIATES - IRVING,TX,75248,48113,Dallas County,7892,29180.2,2.0763,4.4,78.01,0,48,383239,383239.0,1320148.1,7984.145833333333,7984.145833333333,60,12,80.0,76.0,3.6974,32.0,32.26,37.64,ADEQUATE,12,0.020593,0.022104,37.2,12.88,164.42
1800000856,PARKER RAHUL,Psychiatry,Mental Health Disorders,Child & Adolescent Psychiatry,No,COMMUNITY MENTAL HEALTH CENTER - IRVING,TX,75219,48113,Dallas County,10538,28269.1,1.89,8.5,98.0,0,48,383239,383239.0,1320148.1,7984.145833333333,7984.145833333333,60,12,80.0,76.0,2.6826,32.0,32.26,37.64,ADEQUATE,12,0.027497,0.021414,24.52,49.0,219.54
1800000857,WILSON SOPHIA,Psychiatry,Mental Health Disorders,Behavioral Health,Yes,COMMUNITY MENTAL HEALTH CENTER - MESQUITE,TX,75264,48113,Dallas County,7028,21470.7,2.082,3.8,43.05,1,48,383239,383239.0,1320148.1,7984.145833333333,7984.145833333333,60,12,80.0,76.0,3.055,32.0,32.26,37.64,ADEQUATE,12,0.018338,0.016264,37.7,7.45,146.42
1800000858,GOMEZ FATIMA,Psychiatry,Mental Health Disorders,Behavioral Health,No,BEHAVIORAL HEALTH PARTNERS - DALLAS,TX,75296,48113,Dallas County,6854,29270.2,2.2494,14.4,48.04,0,48,383239,383239.0,1320148.1,7984.145833333333,7984.145833333333,60,12,80.0,76.0,4.2705,32.0,32.26,37.64,ADEQUATE,12,0.017884,0.022172,50.2,99.18,142.79
1800000859,REED MAYA,Psychiatry,Mental Health Disorders,Addiction Medicine,Yes,BEHAVIORAL HEALTH PARTNERS - MESQUITE,TX,75212,48113,Dallas County,7429,19239.4,3.3804,10.6,84.31,1,48,383239,383239.0,1320148.1,7984.145833333333,7984.145833333333,60,12,80.0,76.0,2.5898,32.0,32.26,37.64,ADEQUATE,12,0.019385,0.014574,97.75,66.92,154.77
1800000860,YOUNG THOMAS,Psychiatry,Mental Health Disorders,Addiction Medicine,Yes,BEHAVIORAL HEALTH PARTNERS - GARLAND,TX,75269,48113,Dallas County,8388,25874.4,2.6755,11.7,52.89,1,48,383239,383239.0,1320148.1,7984.145833333333,7984.145833333333,60,12,80.0,76.0,3.0847,32.0,32.26,37.64,ADEQUATE,12,0.021887,0.0196,77.05,76.32,174.75
1800000861,JACKSON AMELIA,Psychiatry,Mental Health Disorders,Addiction Medicine,Yes,COMMUNITY MENTAL HEALTH CENTER - DALLAS,TX,75210,48113,Dallas County,7658,32336.8,1.9255,7.9,64.69,1,48,383239,383239.0,1320148.1,7984.145833333333,7984.145833333333,60,12,80.0,76.0,4.2226,32.0,32.26,37.64,ADEQUATE,12,0.019982,0.024495,26.88,44.15,159.54
1800000862,ROBERTS HANNAH,Psychiatry,Mental Health Disorders,Addiction Medicine,No,COMMUNITY MENTAL HEALTH CENTER - IRVING,TX,75263,48113,Dallas County,9019,29056.0,1.9594,5.9,44.59,0,48,383239,383239.0,1320148.1,7984.145833333333,7984.145833333333,60,12,80.0,76.0,3.2216,32.0,32.26,37.64,ADEQUATE,12,0.023534,0.02201,28.95,26.48,187.9
1800000863,ANDERSON NADIA,Psychiatry,Mental Health Disorders,Child & Adolescent Psychiatry,Yes,PSYCHIATRY CARE ASSOCIATES - IRVING,TX,75249,48113,Dallas County,6501,19545.6,2.3785,3.6,26.89,1,48,383239,383239.0,1320148.1,7984.145833333333,7984.145833333333,60,12,80.0,76.0,3.0066,32.0,32.26,37.64,ADEQUATE,12,0.016963,0.014806,58.6,5.78,135.44
1800000864,KIM WILLIAM,Psychiatry,Mental Health Disorders,Child & Adolescent Psychiatry,Yes,BEHAVIORAL HEALTH PARTNERS - IRVING,TX,75220,48113,Dallas County,5469,23596.0,2.763,7.0,78.8,1,48,383239,383239.0,1320148.1,7984.145833333333,7984.145833333333,60,12,80.0,76.0,4.3145,32.0,32.26,37.64,ADEQUATE,12,0.01427,0.017874,81.7,36.02,113.94
1800000865,TAYLOR BENJAMIN,Psychiatry,Mental Health Disorders,Addiction Medicine,Yes,COMMUNITY MENTAL HEALTH CENTER - GARLAND,TX,75295,48113,Dallas County,5992,19182.0,2.7109,4.1,58.39,1,48,383239,383239.0,1320148.1,7984.145833333333,7984.145833333333,60,12,80.0,76.0,3.2013,32.0,32.26,37.64,ADEQUATE,12,0.015635,0.01453,78.9,10.22,124.83
1800000866,BROWN JAMES,Psychiatry,Mental Health Disorders,Behavioral Health,No,BEHAVIORAL HEALTH PARTNERS - GARLAND,TX,75260,48113,Dallas County,5999,15726.1,1.6882,5.8,26.79,0,48,383239,383239.0,1320148.1,7984.145833333333,7984.145833333333,60,12,80.0,76.0,2.6215,32.0,32.26,37.64,ADEQUATE,12,0.015653,0.011912,15.05,25.48,124.98
1800000867,MARTIN OLIVIA,Psychiatry,Mental Health Disorders,Child & Adolescent Psychiatry,Yes,BEHAVIORAL HEALTH PARTNERS - MESQUITE,TX,75281,48113,Dallas County,5687,23320.3,2.2107,5.7,67.93,1,48,383239,383239.0,1320148.1,7984.145833333333,7984.145833333333,60,12,80.0,76.0,4.1006,32.0,32.26,37.64,ADEQUATE,12,0.014839,0.017665,47.48,24.7,118.48
1800000868,THOMPSON EMILY,Psychiatry,Mental Health Disorders,Behavioral Health,Yes,COMMUNITY MENTAL HEALTH CENTER - MESQUITE,TX,75228,48113,Dallas County,10368,33185.7,2.4853,11.5,51.66,1,48,383239,383239.0,1320148.1,7984.145833333333,7984.145833333333,60,12,80.0,76.0,3.2008,32.0,32.26,37.64,ADEQUATE,12,0.027054,0.025138,65.6,74.52,216.0
1800000869,CLARK DANIEL,Psychiatry,Mental Health Disorders,Addiction Medicine,Yes,COMMUNITY MENTAL HEALTH CENTER - MESQUITE,TX,75233,48113,Dallas County,8284,38856.2,1.768,6.9,67.27,1,48,383239,383239.0,1320148.1,7984.145833333333,7984.145833333333,60,12,80.0,76.0,4.6905,32.0,32.26,37.64,ADEQUATE,12,0.021616,0.029433,18.45,35.1,172.58
1800000870,MITCHELL KARAN,Psychiatry,Mental Health Disorders,Addiction Medicine,Yes,BEHAVIORAL HEALTH PARTNERS - MESQUITE,TX,75212,48113,Dallas County,9375,32139.6,2.5252,5.8,31.6,1,48,383239,383239.0,1320148.1,7984.145833333333,7984.145833333333,60,12,80.0,76.0,3.4282,32.0,32.26,37.64,ADEQUATE,12,0.024463,0.024345,68.27,25.48,195.31
1800000871,WALKER RAHUL,Psychiatry,Mental Health Disorders,Addiction Medicine,No,BEHAVIORAL HEALTH PARTNERS - DALLAS,TX,75251,48113,Dallas County,10648,33532.8,2.6996,14.3,53.29,0,48,383239,383239.0,1320148.1,7984.145833333333,7984.145833333333,60,12,80.0,76.0,3.1492,32.0,32.26,37.64,ADEQUATE,12,0.027784,0.025401,78.47,98.35,221.83
1800000872,EDWARDS SOPHIA,Psychiatry,Mental Health Disorders,Addiction Medicine,No,COMMUNITY MENTAL HEALTH CENTER - MESQUITE,TX,75289,48113,Dallas County,5627,24887.0,1.7193,10.2,49.57,0,48,383239,383239.0,1320148.1,7984.145833333333,7984.145833333333,60,12,80.0,76.0,4.4228,32.0,32.26,37.64,ADEQUATE,12,0.014683,0.018852,16.23,63.25,117.23
1800000873,MORGAN FATIMA,Psychiatry,Mental Health Disorders,Child & Adolescent Psychiatry,Yes,PSYCHIATRY CARE ASSOCIATES - DALLAS,TX,75281,48113,Dallas County,9182,25926.9,2.092,7.3,49.13,1,48,383239,383239.0,1320148.1,7984.145833333333,7984.145833333333,60,12,80.0,76.0,2.8237,32.0,32.26,37.64,ADEQUATE,12,0.023959,0.019639,38.3,39.15,191.29
1800000874,WHITE MAYA,Psychiatry,Mental Health Disorders,Addiction Medicine,No,PSYCHIATRY CARE ASSOCIATES - IRVING,TX,75262,48113,Dallas County,5765,24790.0,2.8533,4.5,37.32,0,48,383239,383239.0,1320148.1,7984.145833333333,7984.145833333333,60,12,80.0,76.0,4.3001,32.0,32.26,37.64,ADEQUATE,12,0.015043,0.018778,85.75,13.9,120.1
1800000875,REED DANIEL,Pulmonary,Respiratory Disease,Sleep Medicine,No,PULMONARY & SLEEP CENTER - GARLAND,TX,75207,48113,Dallas County,5128,14767.1,2.1579,4.6,87.87,0,55,288852,288852.0,1058132.5,5251.854545454546,5251.854545454546,46,0,100.0,22.67,2.8797,44.0,48.56,19.55,ADEQUATE,0,0.017753,0.013956,43.15,15.05,93.24
1800000876,YOUNG KARAN,Pulmonary,Respiratory Disease,Sleep Medicine,Yes,PULMONARY & SLEEP CENTER - DALLAS,TX,75216,48113,Dallas County,3984,15999.6,2.8358,3.7,94.36,1,55,288852,288852.0,1058132.5,5251.854545454546,5251.854545454546,46,0,100.0,22.67,4.016,44.0,48.56,19.55,ADEQUATE,0,0.013793,0.015121,84.95,6.65,72.44
1800000877,JACKSON RAHUL,Pulmonary,Respiratory Disease,Internal Medicine,Yes,RESPIRATORY CARE GROUP - MESQUITE,TX,75293,48113,Dallas County,5120,18437.5,2.4647,12.8,96.27,1,55,288852,288852.0,1058132.5,5251.854545454546,5251.854545454546,46,0,100.0,22.67,3.6011,44.0,48.56,19.55,ADEQUATE,0,0.017725,0.017425,64.2,87.05,93.09
1800000878,ROBERTS SOPHIA,Pulmonary,Respiratory Disease,Critical Care Medicine,Yes,PULMONARY & SLEEP CENTER - MESQUITE,TX,75292,48113,Dallas County,6916,16856.5,2.7285,5.0,23.81,1,55,288852,288852.0,1058132.5,5251.854545454546,5251.854545454546,46,0,100.0,22.67,2.4373,44.0,48.56,19.55,ADEQUATE,0,0.023943,0.01593,80.3,18.8,125.75
1800000879,ANDERSON FATIMA,Pulmonary,Respiratory Disease,Sleep Medicine,Yes,RESPIRATORY CARE GROUP - DALLAS,TX,75249,48113,Dallas County,5788,23020.0,1.6514,7.1,46.55,1,55,288852,288852.0,1058132.5,5251.854545454546,5251.854545454546,46,0,100.0,22.67,3.9772,44.0,48.56,19.55,ADEQUATE,0,0.020038,0.021755,13.6,37.05,105.24
1800000880,KIM MAYA,Pulmonary,Respiratory Disease,Sleep Medicine,No,RESPIRATORY CARE GROUP - IRVING,TX,75205,48113,Dallas County,5049,24165.1,1.9515,12.8,89.72,0,55,288852,288852.0,1058132.5,5251.854545454546,5251.854545454546,46,0,100.0,22.67,4.7861,44.0,48.56,19.55,ADEQUATE,0,0.01748,0.022837,28.3,87.05,91.8
1800000881,TAYLOR THOMAS,Pulmonary,Respiratory Disease,Internal Medicine,Yes,PULMONARY & SLEEP CENTER - GARLAND,TX,75271,48113,Dallas County,4982,21527.9,1.4812,4.0,28.22,1,55,288852,288852.0,1058132.5,5251.854545454546,5251.854545454546,46,0,100.0,22.67,4.3211,44.0,48.56,19.55,ADEQUATE,0,0.017248,0.020345,8.15,9.32,90.58
1800000882,BROWN AMELIA,Pulmonary,Respiratory Disease,Sleep Medicine,No,RESPIRATORY CARE GROUP - MESQUITE,TX,75206,48113,Dallas County,6770,21585.1,3.0999,9.0,97.62,0,55,288852,288852.0,1058132.5,5251.854545454546,5251.854545454546,46,0,100.0,22.67,3.1883,44.0,48.56,19.55,ADEQUATE,0,0.023438,0.020399,93.95,52.6,123.09
1800000883,MARTIN HANNAH,Pulmonary,Respiratory Disease,Sleep Medicine,Yes,PULMONARY & SLEEP CENTER - MESQUITE,TX,75201,48113,Dallas County,5694,26690.8,2.0571,13.7,88.77,1,55,288852,288852.0,1058132.5,5251.854545454546,5251.854545454546,46,0,100.0,22.67,4.6875,44.0,48.56,19.55,ADEQUATE,0,0.019713,0.025224,35.8,94.25,103.53
1800000884,THOMPSON NADIA,Pulmonary,Respiratory Disease,Sleep Medicine,No,RESPIRATORY CARE GROUP - DALLAS,TX,75247,48113,Dallas County,3566,10459.8,2.361,9.4,38.72,0,55,288852,288852.0,1058132.5,5251.854545454546,5251.854545454546,46,0,100.0,22.67,2.9332,44.0,48.56,19.55,ADEQUATE,0,0.012345,0.009885,57.3,56.2,64.84
1800000885,CLARK WILLIAM,Pulmonary,Respiratory Disease,Internal Medicine,No,LUNG HEALTH SPECIALISTS - DALLAS,TX,75229,48113,Dallas County,3648,14363.0,2.2407,14.3,45.03,0,55,288852,288852.0,1058132.5,5251.854545454546,5251.854545454546,46,0,100.0,22.67,3.9372,44.0,48.56,19.55,ADEQUATE,0,0.012629,0.013574,49.5,98.35,66.33
1800000886,MITCHELL BENJAMIN,Pulmonary,Respiratory Disease,Critical Care Medicine,Yes,RESPIRATORY CARE GROUP - MESQUITE,TX,75286,48113,Dallas County,5034,17664.7,3.2722,8.4,55.87,1,55,288852,288852.0,1058132.5,5251.854545454546,5251.854545454546,46,0,100.0,22.67,3.5091,44.0,48.56,19.55,ADEQUATE,0,0.017428,0.016694,96.75,48.12,91.53
1800000887,WALKER JAMES,Pulmonary,Respiratory Disease,Critical Care Medicine,Yes,LUNG HEALTH SPECIALISTS - IRVING,TX,75244,48113,Dallas County,3428,10242.6,1.8209,14.2,47.64,1,55,288852,288852.0,1058132.5,5251.854545454546,5251.854545454546,46,0,100.0,22.67,2.9879,44.0,48.56,19.55,ADEQUATE,0,0.011868,0.00968,20.82,97.62,62.33
1800000888,EDWARDS OLIVIA,Pulmonary,Respiratory Disease,Sleep Medicine,Yes,PULMONARY & SLEEP CENTER - IRVING,TX,75270,48113,Dallas County,3454,16419.8,2.1696,14.5,41.68,1,55,288852,288852.0,1058132.5,5251.854545454546,5251.854545454546,46,0,100.0,22.67,4.7539,44.0,48.56,19.55,ADEQUATE,0,0.011958,0.015518,44.2,99.8,62.8
1800000889,MORGAN EMILY,Pulmonary,Respiratory Disease,Sleep Medicine,No,PULMONARY & SLEEP CENTER - DALLAS,TX,75215,48113,Dallas County,4291,15293.2,2.0339,5.5,43.16,0,55,288852,288852.0,1058132.5,5251.854545454546,5251.854545454546,46,0,100.0,22.67,3.564,44.0,48.56,19.55,ADEQUATE,0,0.014855,0.014453,34.15,23.2,78.02
1800000890,WHITE DANIEL,Pulmonary,Respiratory Disease,Critical Care Medicine,Yes,RESPIRATORY CARE GROUP - DALLAS,TX,75298,48113,Dallas County,6162,24024.6,1.9679,6.8,78.75,1,55,288852,288852.0,1058132.5,5251.854545454546,5251.854545454546,46,0,100.0,22.67,3.8988,44.0,48.56,19.55,ADEQUATE,0,0.021333,0.022705,29.62,34.12,112.04
1800000891,FOSTER KARAN,Pulmonary,Respiratory Disease,Internal Medicine,No,RESPIRATORY CARE GROUP - GARLAND,TX,75229,48113,Dallas County,5768,23070.1,2.2025,9.2,48.76,0,55,288852,288852.0,1058132.5,5251.854545454546,5251.854545454546,46,0,100.0,22.67,3.9997,44.0,48.56,19.55,ADEQUATE,0,0.019969,0.021803,46.7,54.45,104.87
1800000892,PARKER RAHUL,Pulmonary,Respiratory Disease,Internal Medicine,Yes,LUNG HEALTH SPECIALISTS - MESQUITE,TX,75274,48113,Dallas County,6075,27265.4,1.6695,14.5,76.59,1,55,288852,288852.0,1058132.5,5251.854545454546,5251.854545454546,46,0,100.0,22.67,4.4881,44.0,48.56,19.55,ADEQUATE,0,0.021032,0.025767,14.5,99.8,110.45
1800000893,WILSON SOPHIA,Pulmonary,Respiratory Disease,Sleep Medicine,No,LUNG HEALTH SPECIALISTS - GARLAND,TX,75227,48113,Dallas County,5683,21557.4,1.8352,9.7,36.23,0,55,288852,288852.0,1058132.5,5251.854545454546,5251.854545454546,46,0,100.0,22.67,3.7933,44.0,48.56,19.55,ADEQUATE,0,0.019674,0.020373,21.6,58.92,103.33
1800000894,GOMEZ FATIMA,Pulmonary,Respiratory Disease,Sleep Medicine,Yes,PULMONARY & SLEEP CENTER - MESQUITE,TX,75274,48113,Dallas County,6410,29267.3,2.1165,5.0,69.8,1,55,288852,288852.0,1058132.5,5251.854545454546,5251.854545454546,46,0,100.0,22.67,4.5659,44.0,48.56,19.55,ADEQUATE,0,0.022191,0.027659,40.05,18.8,116.55
1800000895,REED MAYA,Pulmonary,Respiratory Disease,Internal Medicine,No,PULMONARY & SLEEP CENTER - IRVING,TX,75210,48113,Dallas County,4880,14347.1,2.5001,6.0,54.25,0,55,288852,288852.0,1058132.5,5251.854545454546,5251.854545454546,46,0,100.0,22.67,2.94,44.0,48.56,19.55,ADEQUATE,0,0.016894,0.013559,67.1,27.55,88.73
1800000896,YOUNG THOMAS,Pulmonary,Respiratory Disease,Internal Medicine,Yes,PULMONARY & SLEEP CENTER - DALLAS,TX,75253,48113,Dallas County,6875,29003.0,2.5242,8.4,53.83,1,55,288852,288852.0,1058132.5,5251.854545454546,5251.854545454546,46,0,100.0,22.67,4.2186,44.0,48.56,19.55,ADEQUATE,0,0.023801,0.02741,68.2,48.12,125.0
1800000897,JACKSON AMELIA,Pulmonary,Respiratory Disease,Internal Medicine,Yes,PULMONARY & SLEEP CENTER - IRVING,TX,75231,48113,Dallas County,4026,13677.6,1.9749,10.4,52.05,1,55,288852,288852.0,1058132.5,5251.854545454546,5251.854545454546,46,0,100.0,22.67,3.3973,44.0,48.56,19.55,ADEQUATE,0,0.013938,0.012926,30.4,64.95,73.2
1800000898,ROBERTS HANNAH,Pulmonary,Respiratory Disease,Sleep Medicine,Yes,LUNG HEALTH SPECIALISTS - GARLAND,TX,75222,48113,Dallas County,5561,26412.2,1.8139,4.6,69.42,1,55,288852,288852.0,1058132.5,5251.854545454546,5251.854545454546,46,0,100.0,22.67,4.7495,44.0,48.56,19.55,ADEQUATE,0,0.019252,0.024961,20.5,15.05,101.11
1800000899,ANDERSON NADIA,Pulmonary,Respiratory Disease,Internal Medicine,Yes,PULMONARY & SLEEP CENTER - IRVING,TX,75268,48113,Dallas County,3789,10769.7,2.136,8.6,46.48,1,55,288852,288852.0,1058132.5,5251.854545454546,5251.854545454546,46,0,100.0,22.67,2.8424,44.0,48.56,19.55,ADEQUATE,0,0.013117,0.010178,41.45,49.78,68.89
1800000900,KIM WILLIAM,Pulmonary,Respiratory Disease,Internal Medicine,No,PULMONARY & SLEEP CENTER - GARLAND,TX,75266,48113,Dallas County,6845,29284.3,0.9089,6.5,46.57,0,55,288852,288852.0,1058132.5,5251.854545454546,5251.854545454546,46,0,100.0,22.67,4.2782,44.0,48.56,19.55,ADEQUATE,0,0.023697,0.027675,0.7,31.42,124.45
1800000901,TAYLOR BENJAMIN,Pulmonary,Respiratory Disease,Critical Care Medicine,No,LUNG HEALTH SPECIALISTS - MESQUITE,TX,75230,48113,Dallas County,6460,23652.2,2.665,11.6,38.24,0,55,288852,288852.0,1058132.5,5251.854545454546,5251.854545454546,46,0,100.0,22.67,3.6613,44.0,48.56,19.55,ADEQUATE,0,0.022364,0.022353,76.3,75.5,117.45
1800000902,BROWN JAMES,Pulmonary,Respiratory Disease,Sleep Medicine,No,RESPIRATORY CARE GROUP - IRVING,TX,75251,48113,Dallas County,6855,16934.1,2.6571,7.0,19.4,0,55,288852,288852.0,1058132.5,5251.854545454546,5251.854545454546,46,0,100.0,22.67,2.4703,44.0,48.56,19.55,ADEQUATE,0,0.023732,0.016004,75.95,36.02,124.64
1800000903,MARTIN OLIVIA,Pulmonary,Respiratory Disease,Sleep Medicine,Yes,RESPIRATORY CARE GROUP - IRVING,TX,75295,48113,Dallas County,6647,18220.8,1.842,3.5,89.46,1,55,288852,288852.0,1058132.5,5251.854545454546,5251.854545454546,46,0,100.0,22.67,2.7412,44.0,48.56,19.55,ADEQUATE,0,0.023012,0.01722,21.95,4.85,120.85
1800000904,THOMPSON EMILY,Pulmonary,Respiratory Disease,Internal Medicine,Yes,LUNG HEALTH SPECIALISTS - IRVING,TX,75261,48113,Dallas County,5332,15617.9,2.4389,6.2,51.96,1,55,288852,288852.0,1058132.5,5251.854545454546,5251.854545454546,46,0,100.0,22.67,2.9291,44.0,48.56,19.55,ADEQUATE,0,0.018459,0.01476,62.6,29.12,96.95
1800000905,CLARK DANIEL,Pulmonary,Respiratory Disease,Sleep Medicine,Yes,RESPIRATORY CARE GROUP - GARLAND,TX,75210,48113,Dallas County,5519,26062.7,2.6738,3.9,63.22,1,55,288852,288852.0,1058132.5,5251.854545454546,5251.854545454546,46,0,100.0,22.67,4.7224,44.0,48.56,19.55,ADEQUATE,0,0.019107,0.024631,76.82,8.4,100.35
1800000906,MITCHELL KARAN,Pulmonary,Respiratory Disease,Internal Medicine,Yes,LUNG HEALTH SPECIALISTS - IRVING,TX,75211,48113,Dallas County,4065,14596.2,3.4963,6.6,47.49,1,55,288852,288852.0,1058132.5,5251.854545454546,5251.854545454546,46,0,100.0,22.67,3.5907,44.0,48.56,19.55,ADEQUATE,0,0.014073,0.013794,98.7,32.25,73.91
1800000907,WALKER RAHUL,Pulmonary,Respiratory Disease,Critical Care Medicine,Yes,LUNG HEALTH SPECIALISTS - DALLAS,TX,75219,48113,Dallas County,6055,22874.7,3.1363,4.9,66.48,1,55,288852,288852.0,1058132.5,5251.854545454546,5251.854545454546,46,0,100.0,22.67,3.7778,44.0,48.56,19.55,ADEQUATE,0,0.020962,0.021618,94.35,17.95,110.09
1800000908,EDWARDS SOPHIA,Pulmonary,Respiratory Disease,Internal Medicine,Yes,PULMONARY & SLEEP CENTER - GARLAND,TX,75224,48113,Dallas County,5343,16722.8,3.2439,11.5,54.38,1,55,288852,288852.0,1058132.5,5251.854545454546,5251.854545454546,46,0,100.0,22.67,3.1299,44.0,48.56,19.55,ADEQUATE,0,0.018497,0.015804,96.2,74.52,97.15
1800000909,MORGAN FATIMA,Pulmonary,Respiratory Disease,Sleep Medicine,No,PULMONARY & SLEEP CENTER - DALLAS,TX,75231,48113,Dallas County,4860,21386.7,2.0336,9.6,22.27,0,55,288852,288852.0,1058132.5,5251.854545454546,5251.854545454546,46,0,100.0,22.67,4.4006,44.0,48.56,19.55,ADEQUATE,0,0.016825,0.020212,34.1,57.88,88.36
1800000910,WHITE MAYA,Pulmonary,Respiratory Disease,Internal Medicine,No,LUNG HEALTH SPECIALISTS - GARLAND,TX,75269,48113,Dallas County,6944,20375.3,1.7977,9.3,53.21,0,55,288852,288852.0,1058132.5,5251.854545454546,5251.854545454546,46,0,100.0,22.67,2.9342,44.0,48.56,19.55,ADEQUATE,0,0.02404,0.019256,19.85,55.35,126.25
1800000911,FOSTER THOMAS,Pulmonary,Respiratory Disease,Sleep Medicine,Yes,RESPIRATORY CARE GROUP - IRVING,TX,75224,48113,Dallas County,3393,12152.4,2.0149,12.5,54.87,1,55,288852,288852.0,1058132.5,5251.854545454546,5251.854545454546,46,0,100.0,22.67,3.5816,44.0,48.56,19.55,ADEQUATE,0,0.011746,0.011485,32.65,84.02,61.69
1800000912,PARKER AMELIA,Pulmonary,Respiratory Disease,Sleep Medicine,Yes,RESPIRATORY CARE GROUP - DALLAS,TX,75202,48113,Dallas County,6148,26562.9,2.8478,12.4,22.63,1,55,288852,288852.0,1058132.5,5251.854545454546,5251.854545454546,46,0,100.0,22.67,4.3206,44.0,48.56,19.55,ADEQUATE,0,0.021284,0.025104,85.6,83.0,111.78
1800000913,WILSON HANNAH,Pulmonary,Respiratory Disease,Sleep Medicine,Yes,PULMONARY & SLEEP CENTER - MESQUITE,TX,75237,48113,Dallas County,3601,15821.3,2.6988,4.6,33.96,1,55,288852,288852.0,1058132.5,5251.854545454546,5251.854545454546,46,0,100.0,22.67,4.3936,44.0,48.56,19.55,ADEQUATE,0,0.012467,0.014952,78.4,15.05,65.47
1800000914,GOMEZ NADIA,Pulmonary,Respiratory Disease,Internal Medicine,Yes,PULMONARY & SLEEP CENTER - MESQUITE,TX,75248,48113,Dallas County,6624,16936.6,0.966,5.1,89.54,1,55,288852,288852.0,1058132.5,5251.854545454546,5251.854545454546,46,0,100.0,22.67,2.5569,44.0,48.56,19.55,ADEQUATE,0,0.022932,0.016006,1.0,19.58,120.44
1800000915,REED WILLIAM,Pulmonary,Respiratory Disease,Critical Care Medicine,No,PULMONARY & SLEEP CENTER - MESQUITE,TX,75205,48113,Dallas County,4599,13573.7,2.4124,9.9,84.63,0,55,288852,288852.0,1058132.5,5251.854545454546,5251.854545454546,46,0,100.0,22.67,2.9514,44.0,48.56,19.55,ADEQUATE,0,0.015922,0.012828,60.8,60.78,83.62
1800000916,YOUNG BENJAMIN,Pulmonary,Respiratory Disease,Critical Care Medicine,Yes,RESPIRATORY CARE GROUP - MESQUITE,TX,75294,48113,Dallas County,6081,25138.3,3.0846,12.7,45.11,1,55,288852,288852.0,1058132.5,5251.854545454546,5251.854545454546,46,0,100.0,22.67,4.1339,44.0,48.56,19.55,ADEQUATE,0,0.021052,0.023757,93.55,86.02,110.56
1800000917,JACKSON JAMES,Pulmonary,Respiratory Disease,Internal Medicine,No,LUNG HEALTH SPECIALISTS - IRVING,TX,75220,48113,Dallas County,6709,30124.2,2.6425,9.9,45.41,0,55,288852,288852.0,1058132.5,5251.854545454546,5251.854545454546,46,0,100.0,22.67,4.4901,44.0,48.56,19.55,ADEQUATE,0,0.023226,0.028469,75.3,60.78,121.98
1800000918,ROBERTS OLIVIA,Pulmonary,Respiratory Disease,Critical Care Medicine,No,RESPIRATORY CARE GROUP - IRVING,TX,75221,48113,Dallas County,3392,8901.7,2.7139,7.8,68.69,0,55,288852,288852.0,1058132.5,5251.854545454546,5251.854545454546,46,0,100.0,22.67,2.6243,44.0,48.56,19.55,ADEQUATE,0,0.011743,0.008413,79.15,43.2,61.67
1800000919,ANDERSON EMILY,Pulmonary,Respiratory Disease,Critical Care Medicine,Yes,LUNG HEALTH SPECIALISTS - IRVING,TX,75216,48113,Dallas County,4452,18019.4,2.0437,8.0,63.34,1,55,288852,288852.0,1058132.5,5251.854545454546,5251.854545454546,46,0,100.0,22.67,4.0475,44.0,48.56,19.55,ADEQUATE,0,0.015413,0.017029,34.8,45.08,80.95
1800000920,KIM DANIEL,Pulmonary,Respiratory Disease,Critical Care Medicine,Yes,RESPIRATORY CARE GROUP - DALLAS,TX,75237,48113,Dallas County,5656,15628.3,1.9945,7.8,44.33,1,55,288852,288852.0,1058132.5,5251.854545454546,5251.854545454546,46,0,100.0,22.67,2.7631,44.0,48.56,19.55,ADEQUATE,0,0.019581,0.01477,31.45,43.2,102.84
1800000921,TAYLOR KARAN,Pulmonary,Respiratory Disease,Critical Care Medicine,Yes,LUNG HEALTH SPECIALISTS - MESQUITE,TX,75289,48113,Dallas County,5511,15306.4,2.4746,11.9,74.99,1,55,288852,288852.0,1058132.5,5251.854545454546,5251.854545454546,46,0,100.0,22.67,2.7774,44.0,48.56,19.55,ADEQUATE,0,0.019079,0.014465,65.1,78.57,100.2
1800000922,BROWN RAHUL,Pulmonary,Respiratory Disease,Sleep Medicine,Yes,PULMONARY & SLEEP CENTER - IRVING,TX,75242,48113,Dallas County,5292,18567.0,1.146,11.6,59.66,1,55,288852,288852.0,1058132.5,5251.854545454546,5251.854545454546,46,0,100.0,22.67,3.5085,44.0,48.56,19.55,ADEQUATE,0,0.018321,0.017547,2.25,75.5,96.22
1800000923,MARTIN SOPHIA,Pulmonary,Respiratory Disease,Sleep Medicine,No,RESPIRATORY CARE GROUP - MESQUITE,TX,75242,48113,Dallas County,5571,25329.0,2.4623,4.7,72.71,0,55,288852,288852.0,1058132.5,5251.854545454546,5251.854545454546,46,0,100.0,22.67,4.5466,44.0,48.56,19.55,ADEQUATE,0,0.019287,0.023937,64.05,15.9,101.29
1800000924,THOMPSON FATIMA,Pulmonary,Respiratory Disease,Sleep Medicine,No,LUNG HEALTH SPECIALISTS - IRVING,TX,75206,48113,Dallas County,5941,20728.2,1.5823,12.2,74.21,0,55,288852,288852.0,1058132.5,5251.854545454546,5251.854545454546,46,0,100.0,22.67,3.489,44.0,48.56,19.55,ADEQUATE,0,0.020568,0.019589,11.12,81.25,108.02
1800000925,CLARK MAYA,Pulmonary,Respiratory Disease,Sleep Medicine,Yes,RESPIRATORY CARE GROUP - GARLAND,TX,75246,48113,Dallas County,6254,28459.8,2.2592,4.1,52.75,1,55,288852,288852.0,1058132.5,5251.854545454546,5251.854545454546,46,0,100.0,22.67,4.5507,44.0,48.56,19.55,ADEQUATE,0,0.021651,0.026896,50.8,10.22,113.71
1800000926,MITCHELL THOMAS,Pulmonary,Respiratory Disease,Internal Medicine,No,LUNG HEALTH SPECIALISTS - MESQUITE,TX,75266,48113,Dallas County,4023,12046.1,3.6946,8.5,40.17,0,55,288852,288852.0,1058132.5,5251.854545454546,5251.854545454546,46,0,100.0,22.67,2.9943,44.0,48.56,19.55,ADEQUATE,0,0.013928,0.011384,99.55,49.0,73.15
1800000927,WALKER AMELIA,Pulmonary,Respiratory Disease,Critical Care Medicine,Yes,RESPIRATORY CARE GROUP - MESQUITE,TX,75253,48113,Dallas County,3377,11409.9,3.229,4.0,43.78,1,55,288852,288852.0,1058132.5,5251.854545454546,5251.854545454546,46,0,100.0,22.67,3.3787,44.0,48.56,19.55,ADEQUATE,0,0.011691,0.010783,96.15,9.32,61.4
1800000928,EDWARDS HANNAH,Pulmonary,Respiratory Disease,Critical Care Medicine,No,LUNG HEALTH SPECIALISTS - IRVING,TX,75249,48113,Dallas County,3440,12095.7,1.9894,12.5,44.59,0,55,288852,288852.0,1058132.5,5251.854545454546,5251.854545454546,46,0,100.0,22.67,3.5162,44.0,48.56,19.55,ADEQUATE,0,0.011909,0.011431,31.08,84.02,62.55
1800000929,MORGAN NADIA,Pulmonary,Respiratory Disease,Sleep Medicine,No,PULMONARY & SLEEP CENTER - MESQUITE,TX,75216,48113,Dallas County,5782,18716.8,3.3054,12.2,79.9,0,55,288852,288852.0,1058132.5,5251.854545454546,5251.854545454546,46,0,100.0,22.67,3.2371,44.0,48.56,19.55,ADEQUATE,0,0.020017,0.017689,97.05,81.25,105.13
1800000930,THOMAS AARON,Rheumatology,Arthritis,Pain Medicine,No,MUSCULOSKELETAL HEALTH GROUP - IRVING,TX,75271,48113,Dallas County,7915,24842.5,2.6456,13.5,73.61,0,52,352893,352893.0,1240779.3,6786.403846153846,6786.403846153846,56,4,92.86,61.33,3.1387,20.0,44.19,28.17,ADEQUATE,4,0.022429,0.020022,75.55,92.65,152.21
1800000931,CARTER GEORGE,Rheumatology,Arthritis,Geriatric Medicine,Yes,MUSCULOSKELETAL HEALTH GROUP - DALLAS,TX,75278,48113,Dallas County,7709,36419.0,1.7651,10.3,92.02,1,52,352893,352893.0,1240779.3,6786.403846153846,6786.403846153846,56,4,92.86,61.33,4.7242,20.0,44.19,28.17,ADEQUATE,4,0.021845,0.029352,18.25,64.08,148.25
1800000932,MILLER MICHAEL,Rheumatology,Arthritis,Internal Medicine,Yes,MUSCULOSKELETAL HEALTH GROUP - DALLAS,TX,75275,48113,Dallas County,7454,22417.9,2.1706,8.5,59.3,1,52,352893,352893.0,1240779.3,6786.403846153846,6786.403846153846,56,4,92.86,61.33,3.0075,20.0,44.19,28.17,ADEQUATE,4,0.021123,0.018068,44.25,49.0,143.35
1800000933,TURNER VICTOR,Rheumatology,Arthritis,Geriatric Medicine,Yes,ARTHRITIS CARE CENTER - MESQUITE,TX,75231,48113,Dallas County,5562,15422.1,1.8163,6.6,28.4,1,52,352893,352893.0,1240779.3,6786.403846153846,6786.403846153846,56,4,92.86,61.33,2.7728,20.0,44.19,28.17,ADEQUATE,4,0.015761,0.012429,20.6,32.25,106.96
1800000934,DAVIS ANIKA,Rheumatology,Arthritis,Internal Medicine,Yes,ARTHRITIS CARE CENTER - MESQUITE,TX,75296,48113,Dallas County,6126,27657.5,2.7838,4.2,52.92,1,52,352893,352893.0,1240779.3,6786.403846153846,6786.403846153846,56,4,92.86,61.33,4.5148,20.0,44.19,28.17,ADEQUATE,4,0.017359,0.02229,82.75,11.2,117.81
1800000935,MOORE ISABEL,Rheumatology,Arthritis,Internal Medicine,Yes,MUSCULOSKELETAL HEALTH GROUP - MESQUITE,TX,75289,48113,Dallas County,6574,30013.1,2.8557,6.2,60.31,1,52,352893,352893.0,1240779.3,6786.403846153846,6786.403846153846,56,4,92.86,61.33,4.5654,20.0,44.19,28.17,ADEQUATE,4,0.018629,0.024189,85.95,29.12,126.42
1800000936,WATSON NOAH,Rheumatology,Arthritis,Internal Medicine,No,MUSCULOSKELETAL HEALTH GROUP - MESQUITE,TX,75283,48113,Dallas County,4941,16646.8,1.5851,6.5,37.17,0,52,352893,352893.0,1240779.3,6786.403846153846,6786.403846153846,56,4,92.86,61.33,3.3691,20.0,44.19,28.17,ADEQUATE,4,0.014001,0.013416,11.25,31.42,95.02
1800000937,EVANS ZOE,Rheumatology,Arthritis,Internal Medicine,No,MUSCULOSKELETAL HEALTH GROUP - DALLAS,TX,75223,48113,Dallas County,6058,26835.1,2.0267,10.5,43.09,0,52,352893,352893.0,1240779.3,6786.403846153846,6786.403846153846,56,4,92.86,61.33,4.4297,20.0,44.19,28.17,ADEQUATE,4,0.017167,0.021628,33.55,65.92,116.5
1800000938,NELSON CARLOS,Rheumatology,Arthritis,Internal Medicine,No,ARTHRITIS CARE CENTER - IRVING,TX,75222,48113,Dallas County,5893,27213.3,1.4341,7.7,63.49,0,52,352893,352893.0,1240779.3,6786.403846153846,6786.403846153846,56,4,92.86,61.33,4.6179,20.0,44.19,28.17,ADEQUATE,4,0.016699,0.021932,7.1,42.3,113.33
1800000939,WILLIAMS JULIA,Rheumatology,Arthritis,Pain Medicine,No,RHEUMATOLOGY ASSOCIATES - MESQUITE,TX,75269,48113,Dallas County,6979,18530.9,1.439,3.5,37.24,0,52,352893,352893.0,1240779.3,6786.403846153846,6786.403846153846,56,4,92.86,61.33,2.6552,20.0,44.19,28.17,ADEQUATE,4,0.019777,0.014935,7.25,4.85,134.21
1800000940,GARCIA PRIYA,Rheumatology,Arthritis,Internal Medicine,Yes,MUSCULOSKELETAL HEALTH GROUP - MESQUITE,TX,75226,48113,Dallas County,8181,24933.6,2.3623,4.2,45.21,1,52,352893,352893.0,1240779.3,6786.403846153846,6786.403846153846,56,4,92.86,61.33,3.0477,20.0,44.19,28.17,ADEQUATE,4,0.023183,0.020095,57.45,11.2,157.33
1800000941,PATEL DAVID,Rheumatology,Arthritis,Geriatric Medicine,No,RHEUMATOLOGY ASSOCIATES - MESQUITE,TX,75280,48113,Dallas County,8248,31770.7,3.0781,5.9,67.65,0,52,352893,352893.0,1240779.3,6786.403846153846,6786.403846153846,56,4,92.86,61.33,3.8519,20.0,44.19,28.17,ADEQUATE,4,0.023373,0.025605,93.4,26.48,158.62
1800000942,WRIGHT ELENA,Rheumatology,Arthritis,Internal Medicine,Yes,ARTHRITIS CARE CENTER - MESQUITE,TX,75248,48113,Dallas County,8135,29616.8,2.3176,6.0,55.05,1,52,352893,352893.0,1240779.3,6786.403846153846,6786.403846153846,56,4,92.86,61.33,3.6407,20.0,44.19,28.17,ADEQUATE,4,0.023052,0.02387,54.62,27.55,156.44
1800000943,HARRIS LUCAS,Rheumatology,Arthritis,Geriatric Medicine,No,MUSCULOSKELETAL HEALTH GROUP - GARLAND,TX,75224,48113,Dallas County,7019,30511.7,2.054,13.2,28.45,0,52,352893,352893.0,1240779.3,6786.403846153846,6786.403846153846,56,4,92.86,61.33,4.347,20.0,44.19,28.17,ADEQUATE,4,0.01989,0.024591,35.65,90.4,134.98
1800000944,RIVERA SARAH,Rheumatology,Arthritis,Pain Medicine,Yes,RHEUMATOLOGY ASSOCIATES - DALLAS,TX,75285,48113,Dallas County,6823,31065.6,2.8796,7.1,48.31,1,52,352893,352893.0,1240779.3,6786.403846153846,6786.403846153846,56,4,92.86,61.33,4.5531,20.0,44.19,28.17,ADEQUATE,4,0.019334,0.025037,87.15,37.05,131.21
1800000945,ADAMS AARON,Rheumatology,Arthritis,Geriatric Medicine,Yes,ARTHRITIS CARE CENTER - MESQUITE,TX,75205,48113,Dallas County,7727,22309.2,1.9164,9.6,54.35,1,52,352893,352893.0,1240779.3,6786.403846153846,6786.403846153846,56,4,92.86,61.33,2.8872,20.0,44.19,28.17,ADEQUATE,4,0.021896,0.01798,26.4,57.88,148.6
1800000946,JOHNSON GEORGE,Rheumatology,Arthritis,Geriatric Medicine,No,MUSCULOSKELETAL HEALTH GROUP - IRVING,TX,75225,48113,Dallas County,5339,23257.8,1.7509,4.0,97.01,0,52,352893,352893.0,1240779.3,6786.403846153846,6786.403846153846,56,4,92.86,61.33,4.3562,20.0,44.19,28.17,ADEQUATE,4,0.015129,0.018745,17.75,9.32,102.67
1800000947,SANCHEZ MICHAEL,Rheumatology,Arthritis,Internal Medicine,No,MUSCULOSKELETAL HEALTH GROUP - MESQUITE,TX,75245,48113,Dallas County,5285,24771.7,2.0731,7.9,94.86,0,52,352893,352893.0,1240779.3,6786.403846153846,6786.403846153846,56,4,92.86,61.33,4.6872,20.0,44.19,28.17,ADEQUATE,4,0.014976,0.019965,36.95,44.15,101.63
1800000948,BAKER VICTOR,Rheumatology,Arthritis,Internal Medicine,Yes,ARTHRITIS CARE CENTER - DALLAS,TX,75223,48113,Dallas County,7095,19519.4,2.3405,11.3,40.15,1,52,352893,352893.0,1240779.3,6786.403846153846,6786.403846153846,56,4,92.86,61.33,2.7511,20.0,44.19,28.17,ADEQUATE,4,0.020105,0.015732,56.05,72.78,136.44
1800000949,LEE ANIKA,Rheumatology,Arthritis,Internal Medicine,No,ARTHRITIS CARE CENTER - DALLAS,TX,75216,48113,Dallas County,4936,19799.5,2.6787,3.1,10.2,0,52,352893,352893.0,1240779.3,6786.403846153846,6786.403846153846,56,4,92.86,61.33,4.0112,20.0,44.19,28.17,ADEQUATE,4,0.013987,0.015957,77.2,1.15,94.92
1800000950,THOMAS ISABEL,Rheumatology,Arthritis,Geriatric Medicine,No,ARTHRITIS CARE CENTER - IRVING,TX,75269,48113,Dallas County,7807,28549.3,2.0264,11.6,67.56,0,52,352893,352893.0,1240779.3,6786.403846153846,6786.403846153846,56,4,92.86,61.33,3.6569,20.0,44.19,28.17,ADEQUATE,4,0.022123,0.023009,33.48,75.5,150.13
1800000951,CARTER NOAH,Rheumatology,Arthritis,Pain Medicine,No,ARTHRITIS CARE CENTER - MESQUITE,TX,75264,48113,Dallas County,8156,20125.7,2.0264,3.0,98.0,0,52,352893,352893.0,1240779.3,6786.403846153846,6786.403846153846,56,4,92.86,61.33,2.4676,20.0,44.19,28.17,ADEQUATE,4,0.023112,0.01622,33.48,0.3,156.85
1800000952,MILLER ZOE,Rheumatology,Arthritis,Pain Medicine,No,MUSCULOSKELETAL HEALTH GROUP - DALLAS,TX,75240,48113,Dallas County,6511,16062.6,2.1171,5.9,84.34,0,52,352893,352893.0,1240779.3,6786.403846153846,6786.403846153846,56,4,92.86,61.33,2.467,20.0,44.19,28.17,ADEQUATE,4,0.01845,0.012946,40.1,26.48,125.21
1800000953,TURNER CARLOS,Rheumatology,Arthritis,Geriatric Medicine,No,ARTHRITIS CARE CENTER - GARLAND,TX,75240,48113,Dallas County,7700,26422.4,2.3748,4.9,67.31,0,52,352893,352893.0,1240779.3,6786.403846153846,6786.403846153846,56,4,92.86,61.33,3.4315,20.0,44.19,28.17,ADEQUATE,4,0.02182,0.021295,58.38,17.95,148.08
1800000954,DAVIS JULIA,Rheumatology,Arthritis,Pain Medicine,Yes,RHEUMATOLOGY ASSOCIATES - MESQUITE,TX,75292,48113,Dallas County,6543,26061.2,1.6235,7.6,61.9,1,52,352893,352893.0,1240779.3,6786.403846153846,6786.403846153846,56,4,92.86,61.33,3.9831,20.0,44.19,28.17,ADEQUATE,4,0.018541,0.021004,12.5,41.35,125.83
1800000955,MOORE PRIYA,Rheumatology,Arthritis,Internal Medicine,Yes,ARTHRITIS CARE CENTER - DALLAS,TX,75244,48113,Dallas County,8660,22425.2,2.7706,4.4,53.2,1,52,352893,352893.0,1240779.3,6786.403846153846,6786.403846153846,56,4,92.86,61.33,2.5895,20.0,44.19,28.17,ADEQUATE,4,0.02454,0.018073,82.0,12.88,166.54
1800000956,WATSON DAVID,Rheumatology,Arthritis,Pain Medicine,Yes,ARTHRITIS CARE CENTER - DALLAS,TX,75270,48113,Dallas County,5462,21748.6,2.1822,11.5,72.54,1,52,352893,352893.0,1240779.3,6786.403846153846,6786.403846153846,56,4,92.86,61.33,3.9818,20.0,44.19,28.17,ADEQUATE,4,0.015478,0.017528,45.2,74.52,105.04
1800000957,EVANS ELENA,Rheumatology,Arthritis,Geriatric Medicine,Yes,ARTHRITIS CARE CENTER - MESQUITE,TX,75274,48113,Dallas County,6265,20109.2,3.007,4.5,58.12,1,52,352893,352893.0,1240779.3,6786.403846153846,6786.403846153846,56,4,92.86,61.33,3.2098,20.0,44.19,28.17,ADEQUATE,4,0.017753,0.016207,91.55,13.9,120.48
1800000958,NELSON LUCAS,Rheumatology,Arthritis,Geriatric Medicine,No,ARTHRITIS CARE CENTER - GARLAND,TX,75282,48113,Dallas County,6553,18482.3,2.4656,13.3,67.56,0,52,352893,352893.0,1240779.3,6786.403846153846,6786.403846153846,56,4,92.86,61.33,2.8204,20.0,44.19,28.17,ADEQUATE,4,0.018569,0.014896,64.25,91.12,126.02
1800000959,WILLIAMS SARAH,Rheumatology,Arthritis,Geriatric Medicine,Yes,RHEUMATOLOGY ASSOCIATES - MESQUITE,TX,75229,48113,Dallas County,5466,20648.4,3.0658,7.8,38.12,1,52,352893,352893.0,1240779.3,6786.403846153846,6786.403846153846,56,4,92.86,61.33,3.7776,20.0,44.19,28.17,ADEQUATE,4,0.015489,0.016641,93.2,43.2,105.12
1800000960,GARCIA AARON,Rheumatology,Arthritis,Geriatric Medicine,Yes,RHEUMATOLOGY ASSOCIATES - DALLAS,TX,75210,48113,Dallas County,5445,24071.6,2.472,3.9,59.5,1,52,352893,352893.0,1240779.3,6786.403846153846,6786.403846153846,56,4,92.86,61.33,4.4209,20.0,44.19,28.17,ADEQUATE,4,0.01543,0.0194,64.9,8.4,104.71
1800000961,PATEL GEORGE,Rheumatology,Arthritis,Internal Medicine,No,RHEUMATOLOGY ASSOCIATES - GARLAND,TX,75277,48113,Dallas County,4569,17261.1,1.715,7.3,58.84,0,52,352893,352893.0,1240779.3,6786.403846153846,6786.403846153846,56,4,92.86,61.33,3.7779,20.0,44.19,28.17,ADEQUATE,4,0.012947,0.013911,16.0,39.15,87.87
1800000962,WRIGHT MICHAEL,Rheumatology,Arthritis,Pain Medicine,Yes,RHEUMATOLOGY ASSOCIATES - IRVING,TX,75260,48113,Dallas County,8153,23287.1,1.8828,12.0,50.81,1,52,352893,352893.0,1240779.3,6786.403846153846,6786.403846153846,56,4,92.86,61.33,2.8563,20.0,44.19,28.17,ADEQUATE,4,0.023103,0.018768,24.15,79.45,156.79
1800000963,HARRIS VICTOR,Rheumatology,Arthritis,Geriatric Medicine,No,RHEUMATOLOGY ASSOCIATES - IRVING,TX,75235,48113,Dallas County,6824,22921.5,2.1346,5.6,65.88,0,52,352893,352893.0,1240779.3,6786.403846153846,6786.403846153846,56,4,92.86,61.33,3.359,20.0,44.19,28.17,ADEQUATE,4,0.019337,0.018473,41.35,23.92,131.23
1800000964,RIVERA ANIKA,Rheumatology,Arthritis,Pain Medicine,No,RHEUMATOLOGY ASSOCIATES - IRVING,TX,75258,48113,Dallas County,6309,20673.9,2.6963,10.4,54.48,0,52,352893,352893.0,1240779.3,6786.403846153846,6786.403846153846,56,4,92.86,61.33,3.2769,20.0,44.19,28.17,ADEQUATE,4,0.017878,0.016662,78.22,64.95,121.33
1800000965,ADAMS ISABEL,Rheumatology,Arthritis,Pain Medicine,Yes,RHEUMATOLOGY ASSOCIATES - MESQUITE,TX,75215,48113,Dallas County,4496,17511.4,2.3132,6.6,44.55,1,52,352893,352893.0,1240779.3,6786.403846153846,6786.403846153846,56,4,92.86,61.33,3.8949,20.0,44.19,28.17,ADEQUATE,4,0.01274,0.014113,54.4,32.25,86.46
1800000966,JOHNSON NOAH,Rheumatology,Arthritis,Internal Medicine,No,RHEUMATOLOGY ASSOCIATES - GARLAND,TX,75272,48113,Dallas County,7794,29634.9,2.2561,12.6,65.6,0,52,352893,352893.0,1240779.3,6786.403846153846,6786.403846153846,56,4,92.86,61.33,3.8023,20.0,44.19,28.17,ADEQUATE,4,0.022086,0.023884,50.65,85.0,149.88
1800000967,SANCHEZ ZOE,Rheumatology,Arthritis,Internal Medicine,Yes,RHEUMATOLOGY ASSOCIATES - DALLAS,TX,75296,48113,Dallas County,8286,22054.4,1.3287,5.9,59.08,1,52,352893,352893.0,1240779.3,6786.403846153846,6786.403846153846,56,4,92.86,61.33,2.6616,20.0,44.19,28.17,ADEQUATE,4,0.02348,0.017775,4.75,26.48,159.35
1800000968,BAKER CARLOS,Rheumatology,Arthritis,Geriatric Medicine,Yes,MUSCULOSKELETAL HEALTH GROUP - MESQUITE,TX,75266,48113,Dallas County,8295,20543.3,2.5493,11.6,32.49,1,52,352893,352893.0,1240779.3,6786.403846153846,6786.403846153846,56,4,92.86,61.33,2.4766,20.0,44.19,28.17,ADEQUATE,4,0.023506,0.016557,69.85,75.5,159.52
1800000969,LEE JULIA,Rheumatology,Arthritis,Pain Medicine,No,MUSCULOSKELETAL HEALTH GROUP - DALLAS,TX,75281,48113,Dallas County,8325,27025.7,2.426,9.5,71.53,0,52,352893,352893.0,1240779.3,6786.403846153846,6786.403846153846,56,4,92.86,61.33,3.2463,20.0,44.19,28.17,ADEQUATE,4,0.023591,0.021781,61.65,57.0,160.1
1800000970,THOMAS PRIYA,Rheumatology,Arthritis,Internal Medicine,Yes,MUSCULOSKELETAL HEALTH GROUP - DALLAS,TX,75251,48113,Dallas County,5304,18914.2,1.6925,5.5,62.05,1,52,352893,352893.0,1240779.3,6786.403846153846,6786.403846153846,56,4,92.86,61.33,3.566,20.0,44.19,28.17,ADEQUATE,4,0.01503,0.015244,15.15,23.2,102.0
1800000971,CARTER DAVID,Rheumatology,Arthritis,Internal Medicine,Yes,RHEUMATOLOGY ASSOCIATES - MESQUITE,TX,75222,48113,Dallas County,7009,32286.3,2.7429,9.9,62.77,1,52,352893,352893.0,1240779.3,6786.403846153846,6786.403846153846,56,4,92.86,61.33,4.6064,20.0,44.19,28.17,ADEQUATE,4,0.019862,0.026021,80.95,60.78,134.79
1800000972,MILLER ELENA,Rheumatology,Arthritis,Pain Medicine,Yes,RHEUMATOLOGY ASSOCIATES - DALLAS,TX,75206,48113,Dallas County,8029,26837.1,1.8604,12.4,67.29,1,52,352893,352893.0,1240779.3,6786.403846153846,6786.403846153846,56,4,92.86,61.33,3.3425,20.0,44.19,28.17,ADEQUATE,4,0.022752,0.021629,22.9,83.0,154.4
1800000973,TURNER LUCAS,Rheumatology,Arthritis,Internal Medicine,Yes,MUSCULOSKELETAL HEALTH GROUP - IRVING,TX,75275,48113,Dallas County,8975,28667.9,2.0854,7.9,71.34,1,52,352893,352893.0,1240779.3,6786.403846153846,6786.403846153846,56,4,92.86,61.33,3.1942,20.0,44.19,28.17,ADEQUATE,4,0.025433,0.023105,37.85,44.15,172.6
1800000974,DAVIS SARAH,Rheumatology,Arthritis,Internal Medicine,No,RHEUMATOLOGY ASSOCIATES - DALLAS,TX,75212,48113,Dallas County,5797,14577.2,3.4082,10.0,55.43,0,52,352893,352893.0,1240779.3,6786.403846153846,6786.403846153846,56,4,92.86,61.33,2.5146,20.0,44.19,28.17,ADEQUATE,4,0.016427,0.011748,98.0,61.72,111.48
1800000975,MOORE AARON,Rheumatology,Arthritis,Internal Medicine,No,RHEUMATOLOGY ASSOCIATES - DALLAS,TX,75249,48113,Dallas County,8547,35002.8,2.4144,9.7,57.17,0,52,352893,352893.0,1240779.3,6786.403846153846,6786.403846153846,56,4,92.86,61.33,4.0953,20.0,44.19,28.17,ADEQUATE,4,0.02422,0.02821,60.95,58.92,164.37
1800000976,WATSON GEORGE,Rheumatology,Arthritis,Pain Medicine,No,RHEUMATOLOGY ASSOCIATES - GARLAND,TX,75208,48113,Dallas County,7526,31030.6,3.2005,12.8,50.97,0,52,352893,352893.0,1240779.3,6786.403846153846,6786.403846153846,56,4,92.86,61.33,4.1231,20.0,44.19,28.17,ADEQUATE,4,0.021327,0.025009,95.7,87.05,144.73
1800000977,EVANS MICHAEL,Rheumatology,Arthritis,Geriatric Medicine,Yes,RHEUMATOLOGY ASSOCIATES - IRVING,TX,75216,48113,Dallas County,4603,15452.2,1.9594,6.5,40.91,1,52,352893,352893.0,1240779.3,6786.403846153846,6786.403846153846,56,4,92.86,61.33,3.357,20.0,44.19,28.17,ADEQUATE,4,0.013044,0.012454,28.95,31.42,88.52
1800000978,NELSON VICTOR,Rheumatology,Arthritis,Pain Medicine,No,RHEUMATOLOGY ASSOCIATES - DALLAS,TX,75292,48113,Dallas County,4719,19231.4,2.7595,14.5,48.55,0,52,352893,352893.0,1240779.3,6786.403846153846,6786.403846153846,56,4,92.86,61.33,4.0753,20.0,44.19,28.17,ADEQUATE,4,0.013372,0.015499,81.5,99.8,90.75
1800000979,WILLIAMS ANIKA,Rheumatology,Arthritis,Pain Medicine,Yes,ARTHRITIS CARE CENTER - MESQUITE,TX,75288,48113,Dallas County,6501,20480.1,2.4489,6.3,66.04,1,52,352893,352893.0,1240779.3,6786.403846153846,6786.403846153846,56,4,92.86,61.33,3.1503,20.0,44.19,28.17,ADEQUATE,4,0.018422,0.016506,63.05,29.9,125.02
1800000980,GARCIA ISABEL,Rheumatology,Arthritis,Pain Medicine,No,ARTHRITIS CARE CENTER - GARLAND,TX,75238,48113,Dallas County,5397,23963.6,2.4928,10.0,32.93,0,52,352893,352893.0,1240779.3,6786.403846153846,6786.403846153846,56,4,92.86,61.33,4.4402,20.0,44.19,28.17,ADEQUATE,4,0.015294,0.019313,66.1,61.72,103.79
1800000981,PATEL NOAH,Rheumatology,Arthritis,Pain Medicine,No,RHEUMATOLOGY ASSOCIATES - GARLAND,TX,75209,48113,Dallas County,8868,25161.9,1.6241,7.2,40.48,0,52,352893,352893.0,1240779.3,6786.403846153846,6786.403846153846,56,4,92.86,61.33,2.8374,20.0,44.19,28.17,ADEQUATE,4,0.025129,0.020279,12.55,38.15,170.54
1800000982,BAKER CARLOS,Cardiology,Heart Disease,Geriatric Medicine,Yes,HEARTCARE SPECIALISTS - KATY,TX,77037,48201,Harris County,5500,17847.6,1.9866,14.2,84.6,1,107,476926,476926.0,1682926.7,4457.252336448598,4457.252336448598,75,0,100.0,2.67,3.245,22.67,50.72,11.68,ADEQUATE,0,0.011532,0.010605,30.85,97.62,51.4
1800000983,LEE JULIA,Cardiology,Heart Disease,Geriatric Medicine,Yes,CARDIAC WELLNESS GROUP - HOUSTON,TX,77093,48201,Harris County,5326,23033.5,2.4823,7.6,66.14,1,107,476926,476926.0,1682926.7,4457.252336448598,4457.252336448598,75,0,100.0,2.67,4.3247,22.67,50.72,11.68,ADEQUATE,0,0.011167,0.013687,65.45,41.35,49.78
1800000984,THOMAS PRIYA,Cardiology,Heart Disease,Geriatric Medicine,Yes,ADVANCED CARDIOLOGY CENTER - SUGAR LAND,TX,77041,48201,Harris County,5220,15383.4,2.8674,4.7,67.45,1,107,476926,476926.0,1682926.7,4457.252336448598,4457.252336448598,75,0,100.0,2.67,2.947,22.67,50.72,11.68,ADEQUATE,0,0.010945,0.009141,86.55,15.9,48.79
1800000985,CARTER DAVID,Cardiology,Heart Disease,Cardiovascular Imaging,Yes,ADVANCED CARDIOLOGY CENTER - HOUSTON,TX,77081,48201,Harris County,4797,22296.8,2.6665,11.3,67.34,1,107,476926,476926.0,1682926.7,4457.252336448598,4457.252336448598,75,0,100.0,2.67,4.6481,22.67,50.72,11.68,ADEQUATE,0,0.010058,0.013249,76.45,72.78,44.83
1800000986,MILLER ELENA,Cardiology,Heart Disease,Geriatric Medicine,No,HEARTCARE SPECIALISTS - HOUSTON,TX,77087,48201,Harris County,3142,9436.1,2.6563,12.9,55.55,0,107,476926,476926.0,1682926.7,4457.252336448598,4457.252336448598,75,0,100.0,2.67,3.0032,22.67,50.72,11.68,ADEQUATE,0,0.006588,0.005607,75.85,87.95,29.36
1800000987,TURNER LUCAS,Cardiology,Heart Disease,Geriatric Medicine,No,ADVANCED CARDIOLOGY CENTER - SUGAR LAND,TX,77063,48201,Harris County,4296,16313.7,2.8155,4.4,13.66,0,107,476926,476926.0,1682926.7,4457.252336448598,4457.252336448598,75,0,100.0,2.67,3.7974,22.67,50.72,11.68,ADEQUATE,0,0.009008,0.009694,84.2,12.88,40.15
1800000988,DAVIS SARAH,Cardiology,Heart Disease,Cardiovascular Imaging,Yes,HEARTCARE SPECIALISTS - KATY,TX,77035,48201,Harris County,4204,16115.0,2.2765,5.9,37.81,1,107,476926,476926.0,1682926.7,4457.252336448598,4457.252336448598,75,0,100.0,2.67,3.8333,22.67,50.72,11.68,ADEQUATE,0,0.008815,0.009576,51.8,26.48,39.29
1800000989,MOORE AARON,Cardiology,Heart Disease,Geriatric Medicine,No,ADVANCED CARDIOLOGY CENTER - PASADENA,TX,77030,48201,Harris County,4443,19877.4,2.0914,5.3,46.58,0,107,476926,476926.0,1682926.7,4457.252336448598,4457.252336448598,75,0,100.0,2.67,4.4739,22.67,50.72,11.68,ADEQUATE,0,0.009316,0.011811,38.22,21.45,41.52
1800000990,WATSON GEORGE,Cardiology,Heart Disease,Geriatric Medicine,Yes,ADVANCED CARDIOLOGY CENTER - SUGAR LAND,TX,77029,48201,Harris County,3734,9677.2,2.5904,9.0,56.37,1,107,476926,476926.0,1682926.7,4457.252336448598,4457.252336448598,75,0,100.0,2.67,2.5916,22.67,50.72,11.68,ADEQUATE,0,0.007829,0.00575,72.15,52.6,34.9
1800000991,EVANS MICHAEL,Cardiology,Heart Disease,Geriatric Medicine,No,HEARTCARE SPECIALISTS - SUGAR LAND,TX,77030,48201,Harris County,3228,9602.3,2.4239,13.2,51.92,0,107,476926,476926.0,1682926.7,4457.252336448598,4457.252336448598,75,0,100.0,2.67,2.9747,22.67,50.72,11.68,ADEQUATE,0,0.006768,0.005706,61.5,90.4,30.17
1800000992,NELSON VICTOR,Cardiology,Heart Disease,Geriatric Medicine,Yes,CARDIAC WELLNESS GROUP - KATY,TX,77041,48201,Harris County,5100,17078.2,1.2127,5.9,55.05,1,107,476926,476926.0,1682926.7,4457.252336448598,4457.252336448598,75,0,100.0,2.67,3.3487,22.67,50.72,11.68,ADEQUATE,0,0.010693,0.010148,3.1,26.48,47.66
1800000993,WILLIAMS ANIKA,Cardiology,Heart Disease,Geriatric Medicine,No,ADVANCED CARDIOLOGY CENTER - KATY,TX,77019,48201,Harris County,5077,13958.3,2.6178,7.5,50.46,0,107,476926,476926.0,1682926.7,4457.252336448598,4457.252336448598,75,0,100.0,2.67,2.7493,22.67,50.72,11.68,ADEQUATE,0,0.010645,0.008294,74.05,40.48,47.45
1800000994,GARCIA ISABEL,Cardiology,Heart Disease,Geriatric Medicine,No,CARDIAC WELLNESS GROUP - HOUSTON,TX,77096,48201,Harris County,4413,10940.5,1.8933,7.8,40.05,0,107,476926,476926.0,1682926.7,4457.252336448598,4457.252336448598,75,0,100.0,2.67,2.4792,22.67,50.72,11.68,ADEQUATE,0,0.009253,0.006501,24.95,43.2,41.24
1800000995,PATEL NOAH,Cardiology,Heart Disease,Geriatric Medicine,Yes,ADVANCED CARDIOLOGY CENTER - PASADENA,TX,77005,48201,Harris County,4425,18839.8,2.0674,8.6,66.67,1,107,476926,476926.0,1682926.7,4457.252336448598,4457.252336448598,75,0,100.0,2.67,4.2576,22.67,50.72,11.68,ADEQUATE,0,0.009278,0.011195,36.45,49.78,41.36
1800000996,WRIGHT ZOE,Cardiology,Heart Disease,Cardiovascular Imaging,No,HEARTCARE SPECIALISTS - SUGAR LAND,TX,77006,48201,Harris County,5588,25436.1,2.1886,5.3,40.45,0,107,476926,476926.0,1682926.7,4457.252336448598,4457.252336448598,75,0,100.0,2.67,4.5519,22.67,50.72,11.68,ADEQUATE,0,0.011717,0.015114,45.5,21.45,52.22
1800000997,HARRIS CARLOS,Cardiology,Heart Disease,Cardiovascular Imaging,Yes,HEARTCARE SPECIALISTS - PASADENA,TX,77018,48201,Harris County,3251,8710.8,2.8249,11.9,42.13,1,107,476926,476926.0,1682926.7,4457.252336448598,4457.252336448598,75,0,100.0,2.67,2.6794,22.67,50.72,11.68,ADEQUATE,0,0.006817,0.005176,84.7,78.57,30.38
1800000998,RIVERA JULIA,Cardiology,Heart Disease,Internal Medicine,Yes,CARDIAC WELLNESS GROUP - HOUSTON,TX,77024,48201,Harris County,3159,13744.3,2.8093,12.7,52.52,1,107,476926,476926.0,1682926.7,4457.252336448598,4457.252336448598,75,0,100.0,2.67,4.3508,22.67,50.72,11.68,ADEQUATE,0,0.006624,0.008167,83.75,86.02,29.52
1800000999,ADAMS PRIYA,Cardiology,Heart Disease,Geriatric Medicine,No,HEARTCARE SPECIALISTS - PASADENA,TX,77088,48201,Harris County,3536,13023.3,3.1257,10.0,48.63,0,107,476926,476926.0,1682926.7,4457.252336448598,4457.252336448598,75,0,100.0,2.67,3.6831,22.67,50.72,11.68,ADEQUATE,0,0.007414,0.007738,94.2,61.72,33.05
1800001000,JOHNSON DAVID,Cardiology,Heart Disease,Internal Medicine,Yes,ADVANCED CARDIOLOGY CENTER - PASADENA,TX,77050,48201,Harris County,3065,12747.9,2.1278,7.9,33.97,1,107,476926,476926.0,1682926.7,4457.252336448598,4457.252336448598,75,0,100.0,2.67,4.1592,22.67,50.72,11.68,ADEQUATE,0,0.006427,0.007575,40.78,44.15,28.64
1800001001,SANCHEZ ELENA,Cardiology,Heart Disease,Internal Medicine,No,HEARTCARE SPECIALISTS - SUGAR LAND,TX,77024,48201,Harris County,3380,14315.4,3.0058,5.3,53.66,0,107,476926,476926.0,1682926.7,4457.252336448598,4457.252336448598,75,0,100.0,2.67,4.2353,22.67,50.72,11.68,ADEQUATE,0,0.007087,0.008506,91.45,21.45,31.59
1800001002,BAKER LUCAS,Cardiology,Heart Disease,Geriatric Medicine,Yes,ADVANCED CARDIOLOGY CENTER - HOUSTON,TX,77040,48201,Harris County,5683,21902.3,1.8279,9.7,32.41,1,107,476926,476926.0,1682926.7,4457.252336448598,4457.252336448598,75,0,100.0,2.67,3.854,22.67,50.72,11.68,ADEQUATE,0,0.011916,0.013014,21.1,58.92,53.11
1800001003,LEE SARAH,Cardiology,Heart Disease,Internal Medicine,Yes,ADVANCED CARDIOLOGY CENTER - HOUSTON,TX,77086,48201,Harris County,5307,18263.0,2.2855,7.4,45.9,1,107,476926,476926.0,1682926.7,4457.252336448598,4457.252336448598,75,0,100.0,2.67,3.4413,22.67,50.72,11.68,ADEQUATE,0,0.011128,0.010852,52.6,39.88,49.6
1800001004,THOMAS AARON,Cardiology,Heart Disease,Cardiovascular Imaging,No,CARDIAC WELLNESS GROUP - SUGAR LAND,TX,77071,48201,Harris County,5300,20541.7,2.9085,7.1,53.05,0,107,476926,476926.0,1682926.7,4457.252336448598,4457.252336448598,75,0,100.0,2.67,3.8758,22.67,50.72,11.68,ADEQUATE,0,0.011113,0.012206,88.1,37.05,49.53
1800001005,CARTER GEORGE,Cardiology,Heart Disease,Cardiovascular Imaging,Yes,HEARTCARE SPECIALISTS - PASADENA,TX,77053,48201,Harris County,3750,16173.0,3.2126,11.8,62.62,1,107,476926,476926.0,1682926.7,4457.252336448598,4457.252336448598,75,0,100.0,2.67,4.3128,22.67,50.72,11.68,ADEQUATE,0,0.007863,0.00961,95.9,77.4,35.05
1800001006,MILLER MICHAEL,Cardiology,Heart Disease,Cardiovascular Imaging,Yes,HEARTCARE SPECIALISTS - HOUSTON,TX,77014,48201,Harris County,3226,10250.4,1.8901,4.6,49.98,1,107,476926,476926.0,1682926.7,4457.252336448598,4457.252336448598,75,0,100.0,2.67,3.1774,22.67,50.72,11.68,ADEQUATE,0,0.006764,0.006091,24.62,15.05,30.15
1800001007,TURNER VICTOR,Cardiology,Heart Disease,Cardiovascular Imaging,Yes,HEARTCARE SPECIALISTS - KATY,TX,77048,48201,Harris County,5434,25282.1,2.4082,12.8,71.28,1,107,476926,476926.0,1682926.7,4457.252336448598,4457.252336448598,75,0,100.0,2.67,4.6526,22.67,50.72,11.68,ADEQUATE,0,0.011394,0.015023,60.35,87.05,50.79
1800001008,DAVIS ANIKA,Cardiology,Heart Disease,Internal Medicine,No,CARDIAC WELLNESS GROUP - KATY,TX,77071,48201,Harris County,3764,11835.9,2.989,4.0,54.98,0,107,476926,476926.0,1682926.7,4457.252336448598,4457.252336448598,75,0,100.0,2.67,3.1445,22.67,50.72,11.68,ADEQUATE,0,0.007892,0.007033,90.8,9.32,35.18
1800001009,MOORE ISABEL,Cardiology,Heart Disease,Cardiovascular Imaging,Yes,HEARTCARE SPECIALISTS - SUGAR LAND,TX,77003,48201,Harris County,3990,14352.7,3.1805,8.1,73.69,1,107,476926,476926.0,1682926.7,4457.252336448598,4457.252336448598,75,0,100.0,2.67,3.5972,22.67,50.72,11.68,ADEQUATE,0,0.008366,0.008528,95.35,45.75,37.29
1800001010,WATSON NOAH,Cardiology,Heart Disease,Internal Medicine,Yes,CARDIAC WELLNESS GROUP - SUGAR LAND,TX,77034,48201,Harris County,5376,15045.9,1.8052,4.5,65.78,1,107,476926,476926.0,1682926.7,4457.252336448598,4457.252336448598,75,0,100.0,2.67,2.7987,22.67,50.72,11.68,ADEQUATE,0,0.011272,0.00894,20.15,13.9,50.24
1800001011,EVANS ZOE,Cardiology,Heart Disease,Geriatric Medicine,No,CARDIAC WELLNESS GROUP - HOUSTON,TX,77081,48201,Harris County,5138,12839.0,2.6613,6.6,60.38,0,107,476926,476926.0,1682926.7,4457.252336448598,4457.252336448598,75,0,100.0,2.67,2.4988,22.67,50.72,11.68,ADEQUATE,0,0.010773,0.007629,76.1,32.25,48.02
1800001012,NELSON CARLOS,Cardiology,Heart Disease,Internal Medicine,Yes,ADVANCED CARDIOLOGY CENTER - SUGAR LAND,TX,77021,48201,Harris County,5167,16829.3,2.7926,11.0,39.74,1,107,476926,476926.0,1682926.7,4457.252336448598,4457.252336448598,75,0,100.0,2.67,3.2571,22.67,50.72,11.68,ADEQUATE,0,0.010834,0.01,83.05,70.08,48.29
1800001013,WILLIAMS JULIA,Cardiology,Heart Disease,Internal Medicine,Yes,ADVANCED CARDIOLOGY CENTER - PASADENA,TX,77063,48201,Harris County,5662,20265.1,1.8173,14.1,49.46,1,107,476926,476926.0,1682926.7,4457.252336448598,4457.252336448598,75,0,100.0,2.67,3.5791,22.67,50.72,11.68,ADEQUATE,0,0.011872,0.012042,20.65,97.02,52.92
1800001014,GARCIA PRIYA,Cardiology,Heart Disease,Cardiovascular Imaging,Yes,CARDIAC WELLNESS GROUP - KATY,TX,77018,48201,Harris County,4768,17009.4,2.9039,10.2,55.85,1,107,476926,476926.0,1682926.7,4457.252336448598,4457.252336448598,75,0,100.0,2.67,3.5674,22.67,50.72,11.68,ADEQUATE,0,0.009997,0.010107,87.95,63.25,44.56
1800001015,PATEL DAVID,Cardiology,Heart Disease,Cardiovascular Imaging,Yes,CARDIAC WELLNESS GROUP - SUGAR LAND,TX,77093,48201,Harris County,4311,19546.0,2.2432,13.8,56.91,1,107,476926,476926.0,1682926.7,4457.252336448598,4457.252336448598,75,0,100.0,2.67,4.534,22.67,50.72,11.68,ADEQUATE,0,0.009039,0.011614,49.8,94.9,40.29
1800001016,WRIGHT ELENA,Cardiology,Heart Disease,Internal Medicine,Yes,ADVANCED CARDIOLOGY CENTER - PASADENA,TX,77092,48201,Harris County,4931,11937.0,3.1203,4.6,61.04,1,107,476926,476926.0,1682926.7,4457.252336448598,4457.252336448598,75,0,100.0,2.67,2.4208,22.67,50.72,11.68,ADEQUATE,0,0.010339,0.007093,94.15,15.05,46.08
1800001017,HARRIS LUCAS,Cardiology,Heart Disease,Internal Medicine,No,CARDIAC WELLNESS GROUP - HOUSTON,TX,77086,48201,Harris County,5728,19447.3,2.3368,4.9,72.03,0,107,476926,476926.0,1682926.7,4457.252336448598,4457.252336448598,75,0,100.0,2.67,3.3951,22.67,50.72,11.68,ADEQUATE,0,0.01201,0.011556,55.45,17.95,53.53
1800001018,RIVERA SARAH,Cardiology,Heart Disease,Internal Medicine,Yes,ADVANCED CARDIOLOGY CENTER - SUGAR LAND,TX,77009,48201,Harris County,2941,11884.4,1.9699,9.9,44.29,1,107,476926,476926.0,1682926.7,4457.252336448598,4457.252336448598,75,0,100.0,2.67,4.0409,22.67,50.72,11.68,ADEQUATE,0,0.006167,0.007062,29.88,60.78,27.49
1800001019,ADAMS AARON,Cardiology,Heart Disease,Cardiovascular Imaging,Yes,HEARTCARE SPECIALISTS - HOUSTON,TX,77060,48201,Harris County,3058,9802.4,2.5632,8.7,59.1,1,107,476926,476926.0,1682926.7,4457.252336448598,4457.252336448598,75,0,100.0,2.67,3.2055,22.67,50.72,11.68,ADEQUATE,0,0.006412,0.005825,70.65,50.5,28.58
1800001020,JOHNSON GEORGE,Cardiology,Heart Disease,Geriatric Medicine,Yes,CARDIAC WELLNESS GROUP - PASADENA,TX,77061,48201,Harris County,4898,12921.8,1.6685,11.0,41.04,1,107,476926,476926.0,1682926.7,4457.252336448598,4457.252336448598,75,0,100.0,2.67,2.6382,22.67,50.72,11.68,ADEQUATE,0,0.01027,0.007678,14.35,70.08,45.78
1800001021,SANCHEZ MICHAEL,Cardiology,Heart Disease,Cardiovascular Imaging,No,ADVANCED CARDIOLOGY CENTER - PASADENA,TX,77092,48201,Harris County,3936,9652.0,1.2668,6.9,71.36,0,107,476926,476926.0,1682926.7,4457.252336448598,4457.252336448598,75,0,100.0,2.67,2.4522,22.67,50.72,11.68,ADEQUATE,0,0.008253,0.005735,3.8,35.1,36.79
1800001022,BAKER VICTOR,Cardiology,Heart Disease,Internal Medicine,Yes,CARDIAC WELLNESS GROUP - SUGAR LAND,TX,77004,48201,Harris County,4821,21360.6,2.5114,5.0,63.85,1,107,476926,476926.0,1682926.7,4457.252336448598,4457.252336448598,75,0,100.0,2.67,4.4307,22.67,50.72,11.68,ADEQUATE,0,0.010108,0.012693,67.7,18.8,45.06
1800001023,LEE ANIKA,Cardiology,Heart Disease,Internal Medicine,Yes,CARDIAC WELLNESS GROUP - HOUSTON,TX,77092,48201,Harris County,3981,16092.6,1.9498,5.8,49.51,1,107,476926,476926.0,1682926.7,4457.252336448598,4457.252336448598,75,0,100.0,2.67,4.0424,22.67,50.72,11.68,ADEQUATE,0,0.008347,0.009562,28.2,25.48,37.21
1800001024,THOMAS ISABEL,Cardiology,Heart Disease,Internal Medicine,Yes,ADVANCED CARDIOLOGY CENTER - HOUSTON,TX,77075,48201,Harris County,4329,16437.2,0.9283,5.9,38.14,1,107,476926,476926.0,1682926.7,4457.252336448598,4457.252336448598,75,0,100.0,2.67,3.797,22.67,50.72,11.68,ADEQUATE,0,0.009077,0.009767,0.85,26.48,40.46
1800001025,CARTER NOAH,Cardiology,Heart Disease,Internal Medicine,Yes,CARDIAC WELLNESS GROUP - SUGAR LAND,TX,77024,48201,Harris County,4740,14140.4,2.2853,5.1,35.64,1,107,476926,476926.0,1682926.7,4457.252336448598,4457.252336448598,75,0,100.0,2.67,2.9832,22.67,50.72,11.68,ADEQUATE,0,0.009939,0.008402,52.55,19.58,44.3
1800001026,MILLER ZOE,Cardiology,Heart Disease,Cardiovascular Imaging,Yes,ADVANCED CARDIOLOGY CENTER - PASADENA,TX,77085,48201,Harris County,3304,12033.0,2.834,3.6,66.6,1,107,476926,476926.0,1682926.7,4457.252336448598,4457.252336448598,75,0,100.0,2.67,3.6419,22.67,50.72,11.68,ADEQUATE,0,0.006928,0.00715,84.8,5.78,30.88
1800001027,TURNER CARLOS,Cardiology,Heart Disease,Cardiovascular Imaging,No,HEARTCARE SPECIALISTS - SUGAR LAND,TX,77018,48201,Harris County,5398,19125.2,2.429,8.0,70.69,0,107,476926,476926.0,1682926.7,4457.252336448598,4457.252336448598,75,0,100.0,2.67,3.543,22.67,50.72,11.68,ADEQUATE,0,0.011318,0.011364,61.85,45.08,50.45
1800001028,DAVIS JULIA,Cardiology,Heart Disease,Internal Medicine,No,HEARTCARE SPECIALISTS - SUGAR LAND,TX,77037,48201,Harris County,5449,16995.6,1.6354,11.7,57.72,0,107,476926,476926.0,1682926.7,4457.252336448598,4457.252336448598,75,0,100.0,2.67,3.119,22.67,50.72,11.68,ADEQUATE,0,0.011425,0.010099,12.85,76.32,50.93
1800001029,MOORE PRIYA,Cardiology,Heart Disease,Internal Medicine,No,CARDIAC WELLNESS GROUP - HOUSTON,TX,77081,48201,Harris County,5425,21661.7,2.7999,9.6,56.94,0,107,476926,476926.0,1682926.7,4457.252336448598,4457.252336448598,75,0,100.0,2.67,3.9929,22.67,50.72,11.68,ADEQUATE,0,0.011375,0.012871,83.35,57.88,50.7
1800001030,WATSON DAVID,Cardiology,Heart Disease,Cardiovascular Imaging,Yes,HEARTCARE SPECIALISTS - SUGAR LAND,TX,77093,48201,Harris County,5320,24968.2,1.6254,11.6,63.18,1,107,476926,476926.0,1682926.7,4457.252336448598,4457.252336448598,75,0,100.0,2.67,4.6933,22.67,50.72,11.68,ADEQUATE,0,0.011155,0.014836,12.6,75.5,49.72
1800001031,EVANS ELENA,Cardiology,Heart Disease,Internal Medicine,No,ADVANCED CARDIOLOGY CENTER - PASADENA,TX,77018,48201,Harris County,4472,17705.8,3.0504,4.8,71.55,0,107,476926,476926.0,1682926.7,4457.252336448598,4457.252336448598,75,0,100.0,2.67,3.9593,22.67,50.72,11.68,ADEQUATE,0,0.009377,0.010521,93.1,16.95,41.79
1800001032,NELSON LUCAS,Cardiology,Heart Disease,Internal Medicine,Yes,CARDIAC WELLNESS GROUP - KATY,TX,77052,48201,Harris County,3574,8797.8,2.4843,7.5,70.21,1,107,476926,476926.0,1682926.7,4457.252336448598,4457.252336448598,75,0,100.0,2.67,2.4616,22.67,50.72,11.68,ADEQUATE,0,0.007494,0.005228,65.55,40.48,33.4
1800001033,WILLIAMS SARAH,Cardiology,Heart Disease,Geriatric Medicine,No,HEARTCARE SPECIALISTS - SUGAR LAND,TX,77089,48201,Harris County,4743,14223.5,2.0882,3.2,32.49,0,107,476926,476926.0,1682926.7,4457.252336448598,4457.252336448598,75,0,100.0,2.67,2.9988,22.67,50.72,11.68,ADEQUATE,0,0.009945,0.008452,38.1,2.17,44.33
1800001034,GARCIA AARON,Cardiology,Heart Disease,Internal Medicine,Yes,ADVANCED CARDIOLOGY CENTER - SUGAR LAND,TX,77066,48201,Harris County,3050,8585.4,2.3099,7.2,58.76,1,107,476926,476926.0,1682926.7,4457.252336448598,4457.252336448598,75,0,100.0,2.67,2.8149,22.67,50.72,11.68,ADEQUATE,0,0.006395,0.005101,54.2,38.15,28.5
1800001035,PATEL GEORGE,Cardiology,Heart Disease,Geriatric Medicine,Yes,ADVANCED CARDIOLOGY CENTER - PASADENA,TX,77006,48201,Harris County,4061,12323.2,1.8778,12.4,29.52,1,107,476926,476926.0,1682926.7,4457.252336448598,4457.252336448598,75,0,100.0,2.67,3.0345,22.67,50.72,11.68,ADEQUATE,0,0.008515,0.007322,23.8,83.0,37.95
1800001036,WRIGHT MICHAEL,Cardiology,Heart Disease,Internal Medicine,Yes,CARDIAC WELLNESS GROUP - PASADENA,TX,77045,48201,Harris County,3569,10818.4,3.2555,5.3,56.53,1,107,476926,476926.0,1682926.7,4457.252336448598,4457.252336448598,75,0,100.0,2.67,3.0312,22.67,50.72,11.68,ADEQUATE,0,0.007483,0.006428,96.55,21.45,33.36
1800001037,HARRIS VICTOR,Cardiology,Heart Disease,Internal Medicine,Yes,ADVANCED CARDIOLOGY CENTER - KATY,TX,77097,48201,Harris County,2899,12309.6,2.8539,5.7,68.33,1,107,476926,476926.0,1682926.7,4457.252336448598,4457.252336448598,75,0,100.0,2.67,4.2462,22.67,50.72,11.68,ADEQUATE,0,0.006079,0.007314,85.8,24.7,27.09
1800001038,RIVERA ANIKA,Cardiology,Heart Disease,Internal Medicine,No,ADVANCED CARDIOLOGY CENTER - HOUSTON,TX,77081,48201,Harris County,4549,12870.6,2.3375,12.4,38.25,0,107,476926,476926.0,1682926.7,4457.252336448598,4457.252336448598,75,0,100.0,2.67,2.8293,22.67,50.72,11.68,ADEQUATE,0,0.009538,0.007648,55.58,83.0,42.51
1800001039,ADAMS ISABEL,Cardiology,Heart Disease,Geriatric Medicine,Yes,ADVANCED CARDIOLOGY CENTER - HOUSTON,TX,77076,48201,Harris County,3755,10540.5,0.9,12.2,59.65,1,107,476926,476926.0,1682926.7,4457.252336448598,4457.252336448598,75,0,100.0,2.67,2.8071,22.67,50.72,11.68,ADEQUATE,0,0.007873,0.006263,0.32,81.25,35.09
1800001040,JOHNSON NOAH,Cardiology,Heart Disease,Geriatric Medicine,No,CARDIAC WELLNESS GROUP - SUGAR LAND,TX,77095,48201,Harris County,3394,9155.1,2.1189,13.2,78.31,0,107,476926,476926.0,1682926.7,4457.252336448598,4457.252336448598,75,0,100.0,2.67,2.6974,22.67,50.72,11.68,ADEQUATE,0,0.007116,0.00544,40.3,90.4,31.72
1800001041,SANCHEZ ZOE,Cardiology,Heart Disease,Geriatric Medicine,Yes,CARDIAC WELLNESS GROUP - KATY,TX,77063,48201,Harris County,4064,15200.3,2.0055,12.5,65.82,1,107,476926,476926.0,1682926.7,4457.252336448598,4457.252336448598,75,0,100.0,2.67,3.7402,22.67,50.72,11.68,ADEQUATE,0,0.008521,0.009032,31.87,84.02,37.98
1800001042,BAKER CARLOS,Cardiology,Heart Disease,Cardiovascular Imaging,Yes,HEARTCARE SPECIALISTS - PASADENA,TX,77018,48201,Harris County,5625,21386.2,2.5433,3.4,64.23,1,107,476926,476926.0,1682926.7,4457.252336448598,4457.252336448598,75,0,100.0,2.67,3.802,22.67,50.72,11.68,ADEQUATE,0,0.011794,0.012708,69.3,3.98,52.57
1800001043,LEE JULIA,Cardiology,Heart Disease,Geriatric Medicine,Yes,ADVANCED CARDIOLOGY CENTER - SUGAR LAND,TX,77016,48201,Harris County,4579,12786.9,2.1429,3.1,62.41,1,107,476926,476926.0,1682926.7,4457.252336448598,4457.252336448598,75,0,100.0,2.67,2.7925,22.67,50.72,11.68,ADEQUATE,0,0.009601,0.007598,41.95,1.15,42.79
1800001044,THOMAS PRIYA,Cardiology,Heart Disease,Cardiovascular Imaging,No,CARDIAC WELLNESS GROUP - HOUSTON,TX,77091,48201,Harris County,5318,20193.8,1.4663,5.3,57.61,0,107,476926,476926.0,1682926.7,4457.252336448598,4457.252336448598,75,0,100.0,2.67,3.7973,22.67,50.72,11.68,ADEQUATE,0,0.011151,0.011999,7.75,21.45,49.7
1800001045,CARTER DAVID,Cardiology,Heart Disease,Internal Medicine,No,HEARTCARE SPECIALISTS - PASADENA,TX,77061,48201,Harris County,3654,15573.6,2.7099,6.8,80.36,0,107,476926,476926.0,1682926.7,4457.252336448598,4457.252336448598,75,0,100.0,2.67,4.2621,22.67,50.72,11.68,ADEQUATE,0,0.007662,0.009254,78.85,34.12,34.15
1800001046,MILLER ELENA,Cardiology,Heart Disease,Internal Medicine,No,CARDIAC WELLNESS GROUP - KATY,TX,77084,48201,Harris County,5377,17207.0,2.6397,11.8,63.54,0,107,476926,476926.0,1682926.7,4457.252336448598,4457.252336448598,75,0,100.0,2.67,3.2001,22.67,50.72,11.68,ADEQUATE,0,0.011274,0.010224,75.1,77.4,50.25
1800001047,TURNER LUCAS,Cardiology,Heart Disease,Cardiovascular Imaging,Yes,ADVANCED CARDIOLOGY CENTER - KATY,TX,77098,48201,Harris County,5184,15712.4,2.924,3.3,41.79,1,107,476926,476926.0,1682926.7,4457.252336448598,4457.252336448598,75,0,100.0,2.67,3.0309,22.67,50.72,11.68,ADEQUATE,0,0.01087,0.009336,88.6,3.08,48.45
1800001048,DAVIS SARAH,Cardiology,Heart Disease,Geriatric Medicine,Yes,ADVANCED CARDIOLOGY CENTER - PASADENA,TX,77043,48201,Harris County,2944,8277.1,1.7882,5.2,61.21,1,107,476926,476926.0,1682926.7,4457.252336448598,4457.252336448598,75,0,100.0,2.67,2.8115,22.67,50.72,11.68,ADEQUATE,0,0.006173,0.004918,19.55,20.38,27.51
1800001049,MOORE AARON,Cardiology,Heart Disease,Cardiovascular Imaging,No,HEARTCARE SPECIALISTS - SUGAR LAND,TX,77017,48201,Harris County,4854,18786.5,2.414,9.5,46.04,0,107,476926,476926.0,1682926.7,4457.252336448598,4457.252336448598,75,0,100.0,2.67,3.8703,22.67,50.72,11.68,ADEQUATE,0,0.010178,0.011163,60.9,57.0,45.36
1800001050,WATSON GEORGE,Cardiology,Heart Disease,Geriatric Medicine,No,CARDIAC WELLNESS GROUP - SUGAR LAND,TX,77061,48201,Harris County,5694,16290.3,2.2723,4.7,56.83,0,107,476926,476926.0,1682926.7,4457.252336448598,4457.252336448598,75,0,100.0,2.67,2.861,22.67,50.72,11.68,ADEQUATE,0,0.011939,0.00968,51.45,15.9,53.21
1800001051,EVANS MICHAEL,Cardiology,Heart Disease,Internal Medicine,No,HEARTCARE SPECIALISTS - SUGAR LAND,TX,77074,48201,Harris County,4152,18699.6,2.1948,12.3,61.18,0,107,476926,476926.0,1682926.7,4457.252336448598,4457.252336448598,75,0,100.0,2.67,4.5038,22.67,50.72,11.68,ADEQUATE,0,0.008706,0.011111,46.15,82.12,38.8
1800001052,NELSON VICTOR,Cardiology,Heart Disease,Cardiovascular Imaging,No,CARDIAC WELLNESS GROUP - HOUSTON,TX,77092,48201,Harris County,4579,13074.2,2.8182,9.7,82.37,0,107,476926,476926.0,1682926.7,4457.252336448598,4457.252336448598,75,0,100.0,2.67,2.8553,22.67,50.72,11.68,ADEQUATE,0,0.009601,0.007769,84.45,58.92,42.79
1800001053,WILLIAMS ANIKA,Cardiology,Heart Disease,Geriatric Medicine,No,CARDIAC WELLNESS GROUP - SUGAR LAND,TX,77023,48201,Harris County,5384,13955.4,1.8202,9.7,41.12,0,107,476926,476926.0,1682926.7,4457.252336448598,4457.252336448598,75,0,100.0,2.67,2.592,22.67,50.72,11.68,ADEQUATE,0,0.011289,0.008292,20.75,58.92,50.32
1800001054,GARCIA ISABEL,Cardiology,Heart Disease,Geriatric Medicine,Yes,CARDIAC WELLNESS GROUP - PASADENA,TX,77056,48201,Harris County,4159,16669.8,3.2442,10.9,76.53,1,107,476926,476926.0,1682926.7,4457.252336448598,4457.252336448598,75,0,100.0,2.67,4.0081,22.67,50.72,11.68,ADEQUATE,0,0.00872,0.009905,96.25,69.27,38.87
1800001055,PATEL NOAH,Cardiology,Heart Disease,Internal Medicine,Yes,CARDIAC WELLNESS GROUP - KATY,TX,77084,48201,Harris County,2922,9604.3,1.5198,8.2,55.87,1,107,476926,476926.0,1682926.7,4457.252336448598,4457.252336448598,75,0,100.0,2.67,3.2869,22.67,50.72,11.68,ADEQUATE,0,0.006127,0.005707,9.4,46.48,27.31
1800001056,WRIGHT ZOE,Cardiology,Heart Disease,Internal Medicine,Yes,CARDIAC WELLNESS GROUP - SUGAR LAND,TX,77092,48201,Harris County,5074,12359.2,2.2052,5.0,62.4,1,107,476926,476926.0,1682926.7,4457.252336448598,4457.252336448598,75,0,100.0,2.67,2.4358,22.67,50.72,11.68,ADEQUATE,0,0.010639,0.007344,46.85,18.8,47.42
1800001057,HARRIS CARLOS,Cardiology,Heart Disease,Cardiovascular Imaging,No,ADVANCED CARDIOLOGY CENTER - HOUSTON,TX,77073,48201,Harris County,5392,18366.6,2.046,12.6,72.58,0,107,476926,476926.0,1682926.7,4457.252336448598,4457.252336448598,75,0,100.0,2.67,3.4063,22.67,50.72,11.68,ADEQUATE,0,0.011306,0.010913,34.95,85.0,50.39
1800001058,RIVERA JULIA,Cardiology,Heart Disease,Geriatric Medicine,Yes,HEARTCARE SPECIALISTS - HOUSTON,TX,77055,48201,Harris County,3622,11483.1,1.1761,11.2,52.71,1,107,476926,476926.0,1682926.7,4457.252336448598,4457.252336448598,75,0,100.0,2.67,3.1704,22.67,50.72,11.68,ADEQUATE,0,0.007594,0.006823,2.75,71.95,33.85
1800001059,ADAMS PRIYA,Cardiology,Heart Disease,Cardiovascular Imaging,Yes,CARDIAC WELLNESS GROUP - SUGAR LAND,TX,77083,48201,Harris County,3528,11218.9,2.7208,13.9,74.05,1,107,476926,476926.0,1682926.7,4457.252336448598,4457.252336448598,75,0,100.0,2.67,3.18,22.67,50.72,11.68,ADEQUATE,0,0.007397,0.006666,79.65,95.48,32.97
1800001060,JOHNSON DAVID,Cardiology,Heart Disease,Cardiovascular Imaging,Yes,CARDIAC WELLNESS GROUP - HOUSTON,TX,77037,48201,Harris County,5513,13790.5,2.0119,7.6,70.57,1,107,476926,476926.0,1682926.7,4457.252336448598,4457.252336448598,75,0,100.0,2.67,2.5015,22.67,50.72,11.68,ADEQUATE,0,0.011559,0.008194,32.4,41.35,51.52
1800001061,SANCHEZ ELENA,Cardiology,Heart Disease,Geriatric Medicine,No,CARDIAC WELLNESS GROUP - HOUSTON,TX,77032,48201,Harris County,3950,13073.5,2.6925,7.8,51.06,0,107,476926,476926.0,1682926.7,4457.252336448598,4457.252336448598,75,0,100.0,2.67,3.3097,22.67,50.72,11.68,ADEQUATE,0,0.008282,0.007768,78.05,43.2,36.92
1800001062,BAKER LUCAS,Cardiology,Heart Disease,Geriatric Medicine,Yes,HEARTCARE SPECIALISTS - PASADENA,TX,77041,48201,Harris County,5503,20663.0,2.6692,5.4,47.5,1,107,476926,476926.0,1682926.7,4457.252336448598,4457.252336448598,75,0,100.0,2.67,3.7549,22.67,50.72,11.68,ADEQUATE,0,0.011538,0.012278,76.6,22.45,51.43
1800001063,LEE SARAH,Cardiology,Heart Disease,Geriatric Medicine,No,ADVANCED CARDIOLOGY CENTER - SUGAR LAND,TX,77011,48201,Harris County,3048,13761.2,2.7443,12.1,31.12,0,107,476926,476926.0,1682926.7,4457.252336448598,4457.252336448598,75,0,100.0,2.67,4.5148,22.67,50.72,11.68,ADEQUATE,0,0.006391,0.008177,81.05,80.23,28.49
1800001064,THOMAS AARON,Cardiology,Heart Disease,Geriatric Medicine,Yes,CARDIAC WELLNESS GROUP - SUGAR LAND,TX,77073,48201,Harris County,4008,16990.6,1.952,3.8,65.05,1,107,476926,476926.0,1682926.7,4457.252336448598,4457.252336448598,75,0,100.0,2.67,4.2392,22.67,50.72,11.68,ADEQUATE,0,0.008404,0.010096,28.35,7.45,37.46
1800001065,CARTER GEORGE,Cardiology,Heart Disease,Internal Medicine,No,CARDIAC WELLNESS GROUP - HOUSTON,TX,77023,48201,Harris County,2862,10931.1,2.2395,5.0,33.6,0,107,476926,476926.0,1682926.7,4457.252336448598,4457.252336448598,75,0,100.0,2.67,3.8194,22.67,50.72,11.68,ADEQUATE,0,0.006001,0.006495,49.4,18.8,26.75
1800001066,MILLER MICHAEL,Cardiology,Heart Disease,Cardiovascular Imaging,No,HEARTCARE SPECIALISTS - HOUSTON,TX,77010,48201,Harris County,4016,16867.7,3.2035,7.3,30.6,0,107,476926,476926.0,1682926.7,4457.252336448598,4457.252336448598,75,0,100.0,2.67,4.2001,22.67,50.72,11.68,ADEQUATE,0,0.008421,0.010023,95.75,39.15,37.53
1800001067,TURNER VICTOR,Cardiology,Heart Disease,Geriatric Medicine,Yes,HEARTCARE SPECIALISTS - KATY,TX,77028,48201,Harris County,3929,12740.3,3.5037,4.1,62.24,1,107,476926,476926.0,1682926.7,4457.252336448598,4457.252336448598,75,0,100.0,2.67,3.2426,22.67,50.72,11.68,ADEQUATE,0,0.008238,0.00757,98.85,10.22,36.72
1800001068,DAVIS ANIKA,Cardiology,Heart Disease,Internal Medicine,No,HEARTCARE SPECIALISTS - SUGAR LAND,TX,77063,48201,Harris County,4092,15503.4,1.7313,14.4,46.15,0,107,476926,476926.0,1682926.7,4457.252336448598,4457.252336448598,75,0,100.0,2.67,3.7887,22.67,50.72,11.68,ADEQUATE,0,0.00858,0.009212,16.8,99.18,38.24
1800001069,MOORE ISABEL,Cardiology,Heart Disease,Geriatric Medicine,No,CARDIAC WELLNESS GROUP - PASADENA,TX,77022,48201,Harris County,5713,16986.6,2.3876,12.2,47.45,0,107,476926,476926.0,1682926.7,4457.252336448598,4457.252336448598,75,0,100.0,2.67,2.9733,22.67,50.72,11.68,ADEQUATE,0,0.011979,0.010093,59.0,81.25,53.39
1800001070,WATSON NOAH,Cardiology,Heart Disease,Internal Medicine,No,HEARTCARE SPECIALISTS - PASADENA,TX,77063,48201,Harris County,5709,26673.1,2.4387,11.9,65.83,0,107,476926,476926.0,1682926.7,4457.252336448598,4457.252336448598,75,0,100.0,2.67,4.6721,22.67,50.72,11.68,ADEQUATE,0,0.01197,0.015849,62.55,78.57,53.36
1800001071,EVANS ZOE,Cardiology,Heart Disease,Internal Medicine,Yes,HEARTCARE SPECIALISTS - KATY,TX,77022,48201,Harris County,3138,14883.8,1.8536,3.1,72.34,1,107,476926,476926.0,1682926.7,4457.252336448598,4457.252336448598,75,0,100.0,2.67,4.7431,22.67,50.72,11.68,ADEQUATE,0,0.00658,0.008844,22.45,1.15,29.33
1800001072,NELSON CARLOS,Cardiology,Heart Disease,Geriatric Medicine,No,HEARTCARE SPECIALISTS - KATY,TX,77091,48201,Harris County,4992,21805.0,2.294,7.2,27.61,0,107,476926,476926.0,1682926.7,4457.252336448598,4457.252336448598,75,0,100.0,2.67,4.368,22.67,50.72,11.68,ADEQUATE,0,0.010467,0.012957,53.0,38.15,46.65
1800001073,WILLIAMS JULIA,Cardiology,Heart Disease,Geriatric Medicine,No,CARDIAC WELLNESS GROUP - PASADENA,TX,77094,48201,Harris County,4512,18191.2,1.4182,13.3,37.31,0,107,476926,476926.0,1682926.7,4457.252336448598,4457.252336448598,75,0,100.0,2.67,4.0317,22.67,50.72,11.68,ADEQUATE,0,0.009461,0.010809,6.55,91.12,42.17
1800001074,GARCIA PRIYA,Cardiology,Heart Disease,Geriatric Medicine,Yes,ADVANCED CARDIOLOGY CENTER - PASADENA,TX,77094,48201,Harris County,4945,12283.6,2.1461,7.2,53.25,1,107,476926,476926.0,1682926.7,4457.252336448598,4457.252336448598,75,0,100.0,2.67,2.484,22.67,50.72,11.68,ADEQUATE,0,0.010368,0.007299,42.22,38.15,46.21
1800001075,PATEL DAVID,Cardiology,Heart Disease,Cardiovascular Imaging,No,HEARTCARE SPECIALISTS - PASADENA,TX,77067,48201,Harris County,5373,20251.0,2.0878,9.2,58.7,0,107,476926,476926.0,1682926.7,4457.252336448598,4457.252336448598,75,0,100.0,2.67,3.769,22.67,50.72,11.68,ADEQUATE,0,0.011266,0.012033,38.05,54.45,50.21
1800001076,WRIGHT ELENA,Cardiology,Heart Disease,Internal Medicine,Yes,HEARTCARE SPECIALISTS - HOUSTON,TX,77033,48201,Harris County,4384,13264.3,3.2721,6.3,77.17,1,107,476926,476926.0,1682926.7,4457.252336448598,4457.252336448598,75,0,100.0,2.67,3.0256,22.67,50.72,11.68,ADEQUATE,0,0.009192,0.007882,96.7,29.9,40.97
1800001077,HARRIS LUCAS,Cardiology,Heart Disease,Cardiovascular Imaging,Yes,ADVANCED CARDIOLOGY CENTER - SUGAR LAND,TX,77092,48201,Harris County,3507,15369.8,3.5514,4.8,38.4,1,107,476926,476926.0,1682926.7,4457.252336448598,4457.252336448598,75,0,100.0,2.67,4.3826,22.67,50.72,11.68,ADEQUATE,0,0.007353,0.009133,98.95,16.95,32.78
1800001078,RIVERA SARAH,Cardiology,Heart Disease,Internal Medicine,No,CARDIAC WELLNESS GROUP - PASADENA,TX,77011,48201,Harris County,5636,14678.3,2.0481,3.2,48.93,0,107,476926,476926.0,1682926.7,4457.252336448598,4457.252336448598,75,0,100.0,2.67,2.6044,22.67,50.72,11.68,ADEQUATE,0,0.011817,0.008722,35.2,2.17,52.67
1800001079,ADAMS AARON,Cardiology,Heart Disease,Internal Medicine,Yes,ADVANCED CARDIOLOGY CENTER - SUGAR LAND,TX,77047,48201,Harris County,4535,17297.0,1.91,7.9,49.39,1,107,476926,476926.0,1682926.7,4457.252336448598,4457.252336448598,75,0,100.0,2.67,3.8141,22.67,50.72,11.68,ADEQUATE,0,0.009509,0.010278,26.0,44.15,42.38
1800001080,JOHNSON GEORGE,Cardiology,Heart Disease,Cardiovascular Imaging,No,ADVANCED CARDIOLOGY CENTER - PASADENA,TX,77012,48201,Harris County,5484,16939.2,2.1391,11.4,77.29,0,107,476926,476926.0,1682926.7,4457.252336448598,4457.252336448598,75,0,100.0,2.67,3.0888,22.67,50.72,11.68,ADEQUATE,0,0.011499,0.010065,41.65,73.5,51.25
1800001081,SANCHEZ MICHAEL,Cardiology,Heart Disease,Cardiovascular Imaging,Yes,CARDIAC WELLNESS GROUP - PASADENA,TX,77095,48201,Harris County,3610,12106.8,2.5105,4.1,44.01,1,107,476926,476926.0,1682926.7,4457.252336448598,4457.252336448598,75,0,100.0,2.67,3.3537,22.67,50.72,11.68,ADEQUATE,0,0.007569,0.007194,67.55,10.22,33.74
1800001082,BAKER VICTOR,Cardiology,Heart Disease,Internal Medicine,No,ADVANCED CARDIOLOGY CENTER - SUGAR LAND,TX,77082,48201,Harris County,5624,26107.8,2.0231,4.1,65.58,0,107,476926,476926.0,1682926.7,4457.252336448598,4457.252336448598,75,0,100.0,2.67,4.6422,22.67,50.72,11.68,ADEQUATE,0,0.011792,0.015513,33.28,10.22,52.56
1800001083,LEE ANIKA,Cardiology,Heart Disease,Geriatric Medicine,Yes,ADVANCED CARDIOLOGY CENTER - HOUSTON,TX,77033,48201,Harris County,5195,24004.7,2.6158,12.6,68.87,1,107,476926,476926.0,1682926.7,4457.252336448598,4457.252336448598,75,0,100.0,2.67,4.6207,22.67,50.72,11.68,ADEQUATE,0,0.010893,0.014264,73.75,85.0,48.55
1800001084,THOMAS ISABEL,Cardiology,Heart Disease,Internal Medicine,No,CARDIAC WELLNESS GROUP - HOUSTON,TX,77003,48201,Harris County,5408,22271.6,2.6636,9.0,64.61,0,107,476926,476926.0,1682926.7,4457.252336448598,4457.252336448598,75,0,100.0,2.67,4.1183,22.67,50.72,11.68,ADEQUATE,0,0.011339,0.013234,76.2,52.6,50.54
1800001085,CARTER NOAH,Cardiology,Heart Disease,Internal Medicine,No,HEARTCARE SPECIALISTS - PASADENA,TX,77077,48201,Harris County,3011,14344.0,2.3627,5.1,66.95,0,107,476926,476926.0,1682926.7,4457.252336448598,4457.252336448598,75,0,100.0,2.67,4.7639,22.67,50.72,11.68,ADEQUATE,0,0.006313,0.008523,57.55,19.58,28.14
1800001086,MILLER ZOE,Cardiology,Heart Disease,Internal Medicine,Yes,HEARTCARE SPECIALISTS - HOUSTON,TX,77002,48201,Harris County,4377,16025.8,1.7653,8.6,78.59,1,107,476926,476926.0,1682926.7,4457.252336448598,4457.252336448598,75,0,100.0,2.67,3.6614,22.67,50.72,11.68,ADEQUATE,0,0.009178,0.009523,18.3,49.78,40.91
1800001087,TURNER CARLOS,Cardiology,Heart Disease,Cardiovascular Imaging,Yes,CARDIAC WELLNESS GROUP - PASADENA,TX,77080,48201,Harris County,5247,19165.7,2.0864,5.2,43.32,1,107,476926,476926.0,1682926.7,4457.252336448598,4457.252336448598,75,0,100.0,2.67,3.6527,22.67,50.72,11.68,ADEQUATE,0,0.011002,0.011388,37.9,20.38,49.04
1800001088,DAVIS JULIA,Cardiology,Heart Disease,Cardiovascular Imaging,No,ADVANCED CARDIOLOGY CENTER - KATY,TX,77063,48201,Harris County,5415,14808.2,2.776,5.1,71.66,0,107,476926,476926.0,1682926.7,4457.252336448598,4457.252336448598,75,0,100.0,2.67,2.7347,22.67,50.72,11.68,ADEQUATE,0,0.011354,0.008799,82.35,19.58,50.61
1800001089,MITCHELL BENJAMIN,Endocrinology,Diabetes,Internal Medicine,No,DIABETES CARE CENTER - SUGAR LAND,TX,77016,48201,Harris County,5177,18771.9,1.8576,9.5,77.35,0,102,552360,552360.0,1964530.7,5415.294117647059,5415.294117647059,87,0,100.0,25.33,3.626,64.0,38.14,21.65,ADEQUATE,0,0.009373,0.009555,22.75,57.0,50.75
1800001090,WALKER JAMES,Endocrinology,Diabetes,Metabolic Medicine,Yes,METABOLIC HEALTH ASSOCIATES - SUGAR LAND,TX,77060,48201,Harris County,3763,16495.2,1.89,10.1,85.04,1,102,552360,552360.0,1964530.7,5415.294117647059,5415.294117647059,87,0,100.0,25.33,4.3835,64.0,38.14,21.65,ADEQUATE,0,0.006813,0.008397,24.52,62.52,36.89
1800001091,EDWARDS OLIVIA,Endocrinology,Diabetes,Family Medicine,Yes,METABOLIC HEALTH ASSOCIATES - PASADENA,TX,77043,48201,Harris County,3684,12635.7,2.7757,11.0,68.86,1,102,552360,552360.0,1964530.7,5415.294117647059,5415.294117647059,87,0,100.0,25.33,3.4299,64.0,38.14,21.65,ADEQUATE,0,0.00667,0.006432,82.3,70.08,36.12
1800001092,MORGAN EMILY,Endocrinology,Diabetes,Metabolic Medicine,No,DIABETES CARE CENTER - PASADENA,TX,77043,48201,Harris County,6365,19934.3,1.5536,13.5,50.38,0,102,552360,552360.0,1964530.7,5415.294117647059,5415.294117647059,87,0,100.0,25.33,3.1319,64.0,38.14,21.65,ADEQUATE,0,0.011523,0.010147,10.1,92.65,62.4
1800001093,WHITE DANIEL,Endocrinology,Diabetes,Internal Medicine,Yes,DIABETES CARE CENTER - SUGAR LAND,TX,77092,48201,Harris County,4948,17679.9,1.7488,7.4,49.56,1,102,552360,552360.0,1964530.7,5415.294117647059,5415.294117647059,87,0,100.0,25.33,3.5731,64.0,38.14,21.65,ADEQUATE,0,0.008958,0.009,17.65,39.88,48.51
1800001094,FOSTER KARAN,Endocrinology,Diabetes,Family Medicine,No,METABOLIC HEALTH ASSOCIATES - HOUSTON,TX,77010,48201,Harris County,5967,22504.8,2.9577,13.9,30.41,0,102,552360,552360.0,1964530.7,5415.294117647059,5415.294117647059,87,0,100.0,25.33,3.7715,64.0,38.14,21.65,ADEQUATE,0,0.010803,0.011456,89.9,95.48,58.5
1800001095,PARKER RAHUL,Endocrinology,Diabetes,Family Medicine,Yes,DIABETES CARE CENTER - HOUSTON,TX,77070,48201,Harris County,4812,19387.9,2.071,6.1,42.88,1,102,552360,552360.0,1964530.7,5415.294117647059,5415.294117647059,87,0,100.0,25.33,4.0291,64.0,38.14,21.65,ADEQUATE,0,0.008712,0.009869,36.75,28.38,47.18
1800001096,WILSON SOPHIA,Endocrinology,Diabetes,Family Medicine,Yes,DIABETES CARE CENTER - PASADENA,TX,77087,48201,Harris County,4375,14165.3,2.4666,3.6,64.28,1,102,552360,552360.0,1964530.7,5415.294117647059,5415.294117647059,87,0,100.0,25.33,3.2378,64.0,38.14,21.65,ADEQUATE,0,0.007921,0.007211,64.38,5.78,42.89
1800001097,GOMEZ FATIMA,Endocrinology,Diabetes,Family Medicine,Yes,METABOLIC HEALTH ASSOCIATES - SUGAR LAND,TX,77062,48201,Harris County,4611,17699.7,2.6417,4.8,67.75,1,102,552360,552360.0,1964530.7,5415.294117647059,5415.294117647059,87,0,100.0,25.33,3.8386,64.0,38.14,21.65,ADEQUATE,0,0.008348,0.00901,75.25,16.95,45.21
1800001098,REED MAYA,Endocrinology,Diabetes,Metabolic Medicine,Yes,DIABETES CARE CENTER - HOUSTON,TX,77065,48201,Harris County,3626,8820.3,2.219,13.4,76.35,1,102,552360,552360.0,1964530.7,5415.294117647059,5415.294117647059,87,0,100.0,25.33,2.4325,64.0,38.14,21.65,ADEQUATE,0,0.006565,0.00449,48.2,91.75,35.55
1800001099,YOUNG THOMAS,Endocrinology,Diabetes,Family Medicine,Yes,DIABETES CARE CENTER - KATY,TX,77096,48201,Harris County,5615,23722.4,2.0603,5.9,62.03,1,102,552360,552360.0,1964530.7,5415.294117647059,5415.294117647059,87,0,100.0,25.33,4.2248,64.0,38.14,21.65,ADEQUATE,0,0.010165,0.012075,35.98,26.48,55.05
1800001100,JACKSON AMELIA,Endocrinology,Diabetes,Internal Medicine,No,METABOLIC HEALTH ASSOCIATES - HOUSTON,TX,77071,48201,Harris County,6935,23302.8,1.8505,4.2,51.13,0,102,552360,552360.0,1964530.7,5415.294117647059,5415.294117647059,87,0,100.0,25.33,3.3602,64.0,38.14,21.65,ADEQUATE,0,0.012555,0.011862,22.35,11.2,67.99
1800001101,ROBERTS HANNAH,Endocrinology,Diabetes,Metabolic Medicine,No,METABOLIC HEALTH ASSOCIATES - HOUSTON,TX,77020,48201,Harris County,5868,17402.1,1.843,11.9,46.65,0,102,552360,552360.0,1964530.7,5415.294117647059,5415.294117647059,87,0,100.0,25.33,2.9656,64.0,38.14,21.65,ADEQUATE,0,0.010624,0.008858,22.0,78.57,57.53
1800001102,ANDERSON NADIA,Endocrinology,Diabetes,Internal Medicine,Yes,METABOLIC HEALTH ASSOCIATES - SUGAR LAND,TX,77092,48201,Harris County,5737,20509.3,0.9,10.2,61.05,1,102,552360,552360.0,1964530.7,5415.294117647059,5415.294117647059,87,0,100.0,25.33,3.5749,64.0,38.14,21.65,ADEQUATE,0,0.010386,0.01044,0.32,63.25,56.25
1800001103,KIM WILLIAM,Endocrinology,Diabetes,Family Medicine,No,DIABETES CARE CENTER - KATY,TX,77035,48201,Harris County,5778,15959.7,2.4323,3.1,62.79,0,102,552360,552360.0,1964530.7,5415.294117647059,5415.294117647059,87,0,100.0,25.33,2.7621,64.0,38.14,21.65,ADEQUATE,0,0.010461,0.008124,62.1,1.15,56.65
1800001104,TAYLOR BENJAMIN,Endocrinology,Diabetes,Family Medicine,Yes,ENDOCRINE SPECIALISTS GROUP - KATY,TX,77005,48201,Harris County,5772,25366.2,3.002,12.9,73.97,1,102,552360,552360.0,1964530.7,5415.294117647059,5415.294117647059,87,0,100.0,25.33,4.3947,64.0,38.14,21.65,ADEQUATE,0,0.01045,0.012912,91.2,87.95,56.59
1800001105,BROWN JAMES,Endocrinology,Diabetes,Family Medicine,Yes,METABOLIC HEALTH ASSOCIATES - KATY,TX,77069,48201,Harris County,6504,17058.9,2.6537,9.9,69.32,1,102,552360,552360.0,1964530.7,5415.294117647059,5415.294117647059,87,0,100.0,25.33,2.6228,64.0,38.14,21.65,ADEQUATE,0,0.011775,0.008683,75.78,60.78,63.76
1800001106,MARTIN OLIVIA,Endocrinology,Diabetes,Metabolic Medicine,No,METABOLIC HEALTH ASSOCIATES - KATY,TX,77094,48201,Harris County,3940,17332.5,1.8719,3.0,55.67,0,102,552360,552360.0,1964530.7,5415.294117647059,5415.294117647059,87,0,100.0,25.33,4.3991,64.0,38.14,21.65,ADEQUATE,0,0.007133,0.008823,23.3,0.3,38.63
1800001107,THOMPSON EMILY,Endocrinology,Diabetes,Metabolic Medicine,Yes,ENDOCRINE SPECIALISTS GROUP - PASADENA,TX,77003,48201,Harris County,3995,10923.6,2.2605,3.5,72.78,1,102,552360,552360.0,1964530.7,5415.294117647059,5415.294117647059,87,0,100.0,25.33,2.7343,64.0,38.14,21.65,ADEQUATE,0,0.007233,0.00556,50.9,4.85,39.17
1800001108,CLARK DANIEL,Endocrinology,Diabetes,Metabolic Medicine,Yes,DIABETES CARE CENTER - HOUSTON,TX,77010,48201,Harris County,7257,19790.4,1.7666,8.7,78.48,1,102,552360,552360.0,1964530.7,5415.294117647059,5415.294117647059,87,0,100.0,25.33,2.7271,64.0,38.14,21.65,ADEQUATE,0,0.013138,0.010074,18.35,50.5,71.15
1800001109,MITCHELL KARAN,Endocrinology,Diabetes,Metabolic Medicine,Yes,ENDOCRINE SPECIALISTS GROUP - SUGAR LAND,TX,77044,48201,Harris County,7218,30563.4,1.6112,13.2,40.41,1,102,552360,552360.0,1964530.7,5415.294117647059,5415.294117647059,87,0,100.0,25.33,4.2343,64.0,38.14,21.65,ADEQUATE,0,0.013068,0.015558,12.1,90.4,70.76
1800001110,WALKER RAHUL,Endocrinology,Diabetes,Internal Medicine,Yes,ENDOCRINE SPECIALISTS GROUP - PASADENA,TX,77022,48201,Harris County,5985,22040.3,1.2505,12.1,56.25,1,102,552360,552360.0,1964530.7,5415.294117647059,5415.294117647059,87,0,100.0,25.33,3.6826,64.0,38.14,21.65,ADEQUATE,0,0.010835,0.011219,3.6,80.23,58.68
1800001111,EDWARDS SOPHIA,Endocrinology,Diabetes,Internal Medicine,No,METABOLIC HEALTH ASSOCIATES - HOUSTON,TX,77074,48201,Harris County,5340,18861.2,2.4782,13.4,68.95,0,102,552360,552360.0,1964530.7,5415.294117647059,5415.294117647059,87,0,100.0,25.33,3.5321,64.0,38.14,21.65,ADEQUATE,0,0.009668,0.009601,65.3,91.75,52.35
1800001112,MORGAN FATIMA,Endocrinology,Diabetes,Family Medicine,Yes,METABOLIC HEALTH ASSOCIATES - HOUSTON,TX,77037,48201,Harris County,5035,22670.8,1.5014,8.1,48.35,1,102,552360,552360.0,1964530.7,5415.294117647059,5415.294117647059,87,0,100.0,25.33,4.5026,64.0,38.14,21.65,ADEQUATE,0,0.009115,0.01154,8.7,45.75,49.36
1800001113,WHITE MAYA,Endocrinology,Diabetes,Internal Medicine,Yes,METABOLIC HEALTH ASSOCIATES - KATY,TX,77039,48201,Harris County,6805,31295.4,2.2419,5.2,54.07,1,102,552360,552360.0,1964530.7,5415.294117647059,5415.294117647059,87,0,100.0,25.33,4.5989,64.0,38.14,21.65,ADEQUATE,0,0.01232,0.01593,49.68,20.38,66.72
1800001114,FOSTER THOMAS,Endocrinology,Diabetes,Family Medicine,No,ENDOCRINE SPECIALISTS GROUP - HOUSTON,TX,77015,48201,Harris County,4162,15742.7,2.5696,14.5,34.25,0,102,552360,552360.0,1964530.7,5415.294117647059,5415.294117647059,87,0,100.0,25.33,3.7825,64.0,38.14,21.65,ADEQUATE,0,0.007535,0.008013,71.2,99.8,40.8
1800001115,PARKER AMELIA,Endocrinology,Diabetes,Metabolic Medicine,Yes,METABOLIC HEALTH ASSOCIATES - SUGAR LAND,TX,77005,48201,Harris County,4981,21761.5,1.9627,9.5,55.49,1,102,552360,552360.0,1964530.7,5415.294117647059,5415.294117647059,87,0,100.0,25.33,4.3689,64.0,38.14,21.65,ADEQUATE,0,0.009018,0.011077,29.18,57.0,48.83
1800001116,WILSON HANNAH,Endocrinology,Diabetes,Internal Medicine,Yes,DIABETES CARE CENTER - HOUSTON,TX,77011,48201,Harris County,6375,18421.4,1.9101,4.2,62.17,1,102,552360,552360.0,1964530.7,5415.294117647059,5415.294117647059,87,0,100.0,25.33,2.8896,64.0,38.14,21.65,ADEQUATE,0,0.011541,0.009377,26.08,11.2,62.5
1800001117,GOMEZ NADIA,Endocrinology,Diabetes,Internal Medicine,Yes,DIABETES CARE CENTER - SUGAR LAND,TX,77002,48201,Harris County,5358,14115.8,2.5663,9.0,48.64,1,102,552360,552360.0,1964530.7,5415.294117647059,5415.294117647059,87,0,100.0,25.33,2.6345,64.0,38.14,21.65,ADEQUATE,0,0.0097,0.007185,70.88,52.6,52.53
1800001118,REED WILLIAM,Endocrinology,Diabetes,Metabolic Medicine,Yes,METABOLIC HEALTH ASSOCIATES - SUGAR LAND,TX,77081,48201,Harris County,3632,9395.7,2.1931,7.7,27.7,1,102,552360,552360.0,1964530.7,5415.294117647059,5415.294117647059,87,0,100.0,25.33,2.5869,64.0,38.14,21.65,ADEQUATE,0,0.006575,0.004783,46.1,42.3,35.61
1800001119,YOUNG BENJAMIN,Endocrinology,Diabetes,Metabolic Medicine,No,DIABETES CARE CENTER - SUGAR LAND,TX,77007,48201,Harris County,5014,14790.8,2.3192,12.5,93.27,0,102,552360,552360.0,1964530.7,5415.294117647059,5415.294117647059,87,0,100.0,25.33,2.9499,64.0,38.14,21.65,ADEQUATE,0,0.009077,0.007529,54.75,84.02,49.16
1800001120,JACKSON JAMES,Endocrinology,Diabetes,Family Medicine,No,METABOLIC HEALTH ASSOCIATES - SUGAR LAND,TX,77029,48201,Harris County,5866,15210.0,1.8837,12.4,49.79,0,102,552360,552360.0,1964530.7,5415.294117647059,5415.294117647059,87,0,100.0,25.33,2.5929,64.0,38.14,21.65,ADEQUATE,0,0.01062,0.007742,24.25,83.0,57.51
1800001121,ROBERTS OLIVIA,Endocrinology,Diabetes,Family Medicine,Yes,ENDOCRINE SPECIALISTS GROUP - PASADENA,TX,77081,48201,Harris County,3745,9759.4,2.1251,11.1,39.23,1,102,552360,552360.0,1964530.7,5415.294117647059,5415.294117647059,87,0,100.0,25.33,2.606,64.0,38.14,21.65,ADEQUATE,0,0.00678,0.004968,40.55,70.97,36.72
1800001122,ANDERSON EMILY,Endocrinology,Diabetes,Internal Medicine,Yes,METABOLIC HEALTH ASSOCIATES - KATY,TX,77085,48201,Harris County,6825,26725.7,1.8086,11.3,43.43,1,102,552360,552360.0,1964530.7,5415.294117647059,5415.294117647059,87,0,100.0,25.33,3.9159,64.0,38.14,21.65,ADEQUATE,0,0.012356,0.013604,20.3,72.78,66.91
1800001123,KIM DANIEL,Endocrinology,Diabetes,Metabolic Medicine,Yes,DIABETES CARE CENTER - KATY,TX,77021,48201,Harris County,6976,18982.2,2.1571,5.3,67.25,1,102,552360,552360.0,1964530.7,5415.294117647059,5415.294117647059,87,0,100.0,25.33,2.7211,64.0,38.14,21.65,ADEQUATE,0,0.012629,0.009662,43.08,21.45,68.39
1800001124,TAYLOR KARAN,Endocrinology,Diabetes,Metabolic Medicine,Yes,METABOLIC HEALTH ASSOCIATES - PASADENA,TX,77069,48201,Harris County,6125,23427.4,1.9715,12.3,36.59,1,102,552360,552360.0,1964530.7,5415.294117647059,5415.294117647059,87,0,100.0,25.33,3.8249,64.0,38.14,21.65,ADEQUATE,0,0.011089,0.011925,30.05,82.12,60.05
1800001125,BROWN RAHUL,Endocrinology,Diabetes,Family Medicine,Yes,METABOLIC HEALTH ASSOCIATES - SUGAR LAND,TX,77087,48201,Harris County,4141,19703.9,1.4299,11.4,29.87,1,102,552360,552360.0,1964530.7,5415.294117647059,5415.294117647059,87,0,100.0,25.33,4.7582,64.0,38.14,21.65,ADEQUATE,0,0.007497,0.01003,6.75,73.5,40.6
1800001126,MARTIN SOPHIA,Endocrinology,Diabetes,Internal Medicine,Yes,DIABETES CARE CENTER - PASADENA,TX,77046,48201,Harris County,6841,28364.1,2.4447,13.1,40.34,1,102,552360,552360.0,1964530.7,5415.294117647059,5415.294117647059,87,0,100.0,25.33,4.1462,64.0,38.14,21.65,ADEQUATE,0,0.012385,0.014438,62.9,89.58,67.07
1800001127,THOMPSON FATIMA,Endocrinology,Diabetes,Internal Medicine,Yes,METABOLIC HEALTH ASSOCIATES - HOUSTON,TX,77005,48201,Harris County,3717,11427.0,1.6544,7.0,49.87,1,102,552360,552360.0,1964530.7,5415.294117647059,5415.294117647059,87,0,100.0,25.33,3.0743,64.0,38.14,21.65,ADEQUATE,0,0.006729,0.005817,13.85,36.02,36.44
1800001128,CLARK MAYA,Endocrinology,Diabetes,Metabolic Medicine,No,METABOLIC HEALTH ASSOCIATES - HOUSTON,TX,77039,48201,Harris County,5483,13660.7,2.2763,4.8,27.82,0,102,552360,552360.0,1964530.7,5415.294117647059,5415.294117647059,87,0,100.0,25.33,2.4915,64.0,38.14,21.65,ADEQUATE,0,0.009926,0.006954,51.72,16.95,53.75
1800001129,MITCHELL THOMAS,Endocrinology,Diabetes,Internal Medicine,Yes,METABOLIC HEALTH ASSOCIATES - KATY,TX,77098,48201,Harris County,5115,12829.4,2.232,3.5,41.08,1,102,552360,552360.0,1964530.7,5415.294117647059,5415.294117647059,87,0,100.0,25.33,2.5082,64.0,38.14,21.65,ADEQUATE,0,0.00926,0.006531,49.0,4.85,50.15
1800001130,WALKER AMELIA,Endocrinology,Diabetes,Internal Medicine,Yes,ENDOCRINE SPECIALISTS GROUP - PASADENA,TX,77022,48201,Harris County,7301,24092.3,2.1893,8.6,72.56,1,102,552360,552360.0,1964530.7,5415.294117647059,5415.294117647059,87,0,100.0,25.33,3.2999,64.0,38.14,21.65,ADEQUATE,0,0.013218,0.012264,45.6,49.78,71.58
1800001131,EDWARDS HANNAH,Endocrinology,Diabetes,Internal Medicine,Yes,DIABETES CARE CENTER - HOUSTON,TX,77090,48201,Harris County,5452,16686.9,2.3858,9.8,95.56,1,102,552360,552360.0,1964530.7,5415.294117647059,5415.294117647059,87,0,100.0,25.33,3.0607,64.0,38.14,21.65,ADEQUATE,0,0.00987,0.008494,58.9,59.9,53.45
1800001132,MORGAN NADIA,Endocrinology,Diabetes,Metabolic Medicine,No,ENDOCRINE SPECIALISTS GROUP - KATY,TX,77034,48201,Harris County,5105,22857.9,2.2294,12.6,41.96,0,102,552360,552360.0,1964530.7,5415.294117647059,5415.294117647059,87,0,100.0,25.33,4.4776,64.0,38.14,21.65,ADEQUATE,0,0.009242,0.011635,48.8,85.0,50.05
1800001133,WHITE WILLIAM,Endocrinology,Diabetes,Metabolic Medicine,No,METABOLIC HEALTH ASSOCIATES - PASADENA,TX,77068,48201,Harris County,6582,18391.2,2.7255,10.3,28.12,0,102,552360,552360.0,1964530.7,5415.294117647059,5415.294117647059,87,0,100.0,25.33,2.7942,64.0,38.14,21.65,ADEQUATE,0,0.011916,0.009362,80.08,64.08,64.53
1800001134,FOSTER BENJAMIN,Endocrinology,Diabetes,Family Medicine,No,METABOLIC HEALTH ASSOCIATES - HOUSTON,TX,77010,48201,Harris County,4428,20453.4,2.4028,11.8,65.0,0,102,552360,552360.0,1964530.7,5415.294117647059,5415.294117647059,87,0,100.0,25.33,4.6191,64.0,38.14,21.65,ADEQUATE,0,0.008017,0.010411,60.05,77.4,43.41
1800001135,PARKER JAMES,Endocrinology,Diabetes,Internal Medicine,Yes,ENDOCRINE SPECIALISTS GROUP - PASADENA,TX,77032,48201,Harris County,5733,22485.5,3.1006,9.6,31.87,1,102,552360,552360.0,1964530.7,5415.294117647059,5415.294117647059,87,0,100.0,25.33,3.9221,64.0,38.14,21.65,ADEQUATE,0,0.010379,0.011446,94.05,57.88,56.21
1800001136,WILSON OLIVIA,Endocrinology,Diabetes,Internal Medicine,No,ENDOCRINE SPECIALISTS GROUP - KATY,TX,77033,48201,Harris County,4381,13243.9,1.3079,10.8,13.39,0,102,552360,552360.0,1964530.7,5415.294117647059,5415.294117647059,87,0,100.0,25.33,3.023,64.0,38.14,21.65,ADEQUATE,0,0.007931,0.006742,4.47,68.47,42.95
1800001137,GOMEZ EMILY,Endocrinology,Diabetes,Internal Medicine,No,METABOLIC HEALTH ASSOCIATES - SUGAR LAND,TX,77083,48201,Harris County,5731,15338.2,2.2088,10.7,66.2,0,102,552360,552360.0,1964530.7,5415.294117647059,5415.294117647059,87,0,100.0,25.33,2.6764,64.0,38.14,21.65,ADEQUATE,0,0.010375,0.007808,47.28,67.7,56.19
1800001138,REED DANIEL,Endocrinology,Diabetes,Metabolic Medicine,No,ENDOCRINE SPECIALISTS GROUP - SUGAR LAND,TX,77022,48201,Harris County,4260,14815.3,2.7289,10.3,49.33,0,102,552360,552360.0,1964530.7,5415.294117647059,5415.294117647059,87,0,100.0,25.33,3.4778,64.0,38.14,21.65,ADEQUATE,0,0.007712,0.007541,80.35,64.08,41.76
1800001139,YOUNG KARAN,Endocrinology,Diabetes,Family Medicine,Yes,ENDOCRINE SPECIALISTS GROUP - SUGAR LAND,TX,77016,48201,Harris County,4003,17901.1,1.3249,10.7,48.64,1,102,552360,552360.0,1964530.7,5415.294117647059,5415.294117647059,87,0,100.0,25.33,4.4719,64.0,38.14,21.65,ADEQUATE,0,0.007247,0.009112,4.7,67.7,39.25
1800001140,JACKSON RAHUL,Endocrinology,Diabetes,Metabolic Medicine,No,DIABETES CARE CENTER - HOUSTON,TX,77029,48201,Harris County,5869,27587.9,3.0285,12.5,52.07,0,102,552360,552360.0,1964530.7,5415.294117647059,5415.294117647059,87,0,100.0,25.33,4.7006,64.0,38.14,21.65,ADEQUATE,0,0.010625,0.014043,92.55,84.02,57.54
1800001141,ROBERTS SOPHIA,Endocrinology,Diabetes,Metabolic Medicine,No,METABOLIC HEALTH ASSOCIATES - PASADENA,TX,77019,48201,Harris County,7247,27962.0,2.5264,6.1,36.13,0,102,552360,552360.0,1964530.7,5415.294117647059,5415.294117647059,87,0,100.0,25.33,3.8584,64.0,38.14,21.65,ADEQUATE,0,0.01312,0.014233,68.4,28.38,71.05
1800001142,ANDERSON FATIMA,Endocrinology,Diabetes,Internal Medicine,Yes,DIABETES CARE CENTER - SUGAR LAND,TX,77017,48201,Harris County,6937,24638.1,1.7927,13.2,68.06,1,102,552360,552360.0,1964530.7,5415.294117647059,5415.294117647059,87,0,100.0,25.33,3.5517,64.0,38.14,21.65,ADEQUATE,0,0.012559,0.012541,19.75,90.4,68.01
1800001143,KIM MAYA,Endocrinology,Diabetes,Family Medicine,Yes,METABOLIC HEALTH ASSOCIATES - KATY,TX,77018,48201,Harris County,5208,13841.6,2.5356,3.2,60.14,1,102,552360,552360.0,1964530.7,5415.294117647059,5415.294117647059,87,0,100.0,25.33,2.6578,64.0,38.14,21.65,ADEQUATE,0,0.009429,0.007046,68.9,2.17,51.06
1800001144,TAYLOR THOMAS,Endocrinology,Diabetes,Family Medicine,Yes,ENDOCRINE SPECIALISTS GROUP - PASADENA,TX,77094,48201,Harris County,4485,18416.7,2.6231,10.8,65.08,1,102,552360,552360.0,1964530.7,5415.294117647059,5415.294117647059,87,0,100.0,25.33,4.1063,64.0,38.14,21.65,ADEQUATE,0,0.00812,0.009375,74.35,68.47,43.97
1800001145,BROWN AMELIA,Endocrinology,Diabetes,Family Medicine,Yes,ENDOCRINE SPECIALISTS GROUP - SUGAR LAND,TX,77004,48201,Harris County,4783,17213.7,1.6634,10.5,47.28,1,102,552360,552360.0,1964530.7,5415.294117647059,5415.294117647059,87,0,100.0,25.33,3.5989,64.0,38.14,21.65,ADEQUATE,0,0.008659,0.008762,14.1,65.92,46.89
1800001146,MARTIN HANNAH,Endocrinology,Diabetes,Metabolic Medicine,Yes,ENDOCRINE SPECIALISTS GROUP - KATY,TX,77008,48201,Harris County,4018,15787.8,3.4346,11.0,37.98,1,102,552360,552360.0,1964530.7,5415.294117647059,5415.294117647059,87,0,100.0,25.33,3.9293,64.0,38.14,21.65,ADEQUATE,0,0.007274,0.008036,98.35,70.08,39.39
1800001147,THOMPSON NADIA,Endocrinology,Diabetes,Internal Medicine,No,DIABETES CARE CENTER - SUGAR LAND,TX,77054,48201,Harris County,6197,27313.7,2.8825,5.7,79.74,0,102,552360,552360.0,1964530.7,5415.294117647059,5415.294117647059,87,0,100.0,25.33,4.4076,64.0,38.14,21.65,ADEQUATE,0,0.011219,0.013903,87.35,24.7,60.75
1800001148,CLARK WILLIAM,Endocrinology,Diabetes,Metabolic Medicine,Yes,DIABETES CARE CENTER - SUGAR LAND,TX,77080,48201,Harris County,5927,24986.5,1.873,6.9,64.63,1,102,552360,552360.0,1964530.7,5415.294117647059,5415.294117647059,87,0,100.0,25.33,4.2157,64.0,38.14,21.65,ADEQUATE,0,0.01073,0.012719,23.42,35.1,58.11
1800001149,MITCHELL BENJAMIN,Endocrinology,Diabetes,Metabolic Medicine,Yes,DIABETES CARE CENTER - HOUSTON,TX,77072,48201,Harris County,6588,31330.8,2.5663,9.1,50.67,1,102,552360,552360.0,1964530.7,5415.294117647059,5415.294117647059,87,0,100.0,25.33,4.7557,64.0,38.14,21.65,ADEQUATE,0,0.011927,0.015948,70.88,53.65,64.59
1800001150,WALKER JAMES,Endocrinology,Diabetes,Internal Medicine,Yes,METABOLIC HEALTH ASSOCIATES - PASADENA,TX,77063,48201,Harris County,6251,22429.7,2.2726,10.0,61.07,1,102,552360,552360.0,1964530.7,5415.294117647059,5415.294117647059,87,0,100.0,25.33,3.5882,64.0,38.14,21.65,ADEQUATE,0,0.011317,0.011417,51.5,61.72,61.28
1800001151,EDWARDS OLIVIA,Endocrinology,Diabetes,Metabolic Medicine,No,DIABETES CARE CENTER - HOUSTON,TX,77014,48201,Harris County,5500,24527.1,2.178,10.2,60.25,0,102,552360,552360.0,1964530.7,5415.294117647059,5415.294117647059,87,0,100.0,25.33,4.4595,64.0,38.14,21.65,ADEQUATE,0,0.009957,0.012485,44.85,63.25,53.92
1800001152,MORGAN EMILY,Endocrinology,Diabetes,Family Medicine,Yes,METABOLIC HEALTH ASSOCIATES - HOUSTON,TX,77011,48201,Harris County,5275,22030.2,3.3261,13.2,44.81,1,102,552360,552360.0,1964530.7,5415.294117647059,5415.294117647059,87,0,100.0,25.33,4.1763,64.0,38.14,21.65,ADEQUATE,0,0.00955,0.011214,97.25,90.4,51.72
1800001153,WHITE DANIEL,Endocrinology,Diabetes,Internal Medicine,Yes,DIABETES CARE CENTER - HOUSTON,TX,77086,48201,Harris County,6728,31951.0,1.8986,6.7,26.23,1,102,552360,552360.0,1964530.7,5415.294117647059,5415.294117647059,87,0,100.0,25.33,4.749,64.0,38.14,21.65,ADEQUATE,0,0.01218,0.016264,25.2,33.12,65.96
1800001154,FOSTER KARAN,Endocrinology,Diabetes,Internal Medicine,Yes,ENDOCRINE SPECIALISTS GROUP - KATY,TX,77027,48201,Harris County,4492,10947.7,1.7041,4.9,38.18,1,102,552360,552360.0,1964530.7,5415.294117647059,5415.294117647059,87,0,100.0,25.33,2.4372,64.0,38.14,21.65,ADEQUATE,0,0.008132,0.005573,15.75,17.95,44.04
1800001155,PARKER RAHUL,Endocrinology,Diabetes,Internal Medicine,Yes,DIABETES CARE CENTER - PASADENA,TX,77028,48201,Harris County,4603,11240.1,1.9439,11.8,47.73,1,102,552360,552360.0,1964530.7,5415.294117647059,5415.294117647059,87,0,100.0,25.33,2.4419,64.0,38.14,21.65,ADEQUATE,0,0.008333,0.005722,27.75,77.4,45.13
1800001156,WILSON SOPHIA,Endocrinology,Diabetes,Metabolic Medicine,Yes,METABOLIC HEALTH ASSOCIATES - PASADENA,TX,77093,48201,Harris County,6455,15512.0,2.1269,13.9,52.94,1,102,552360,552360.0,1964530.7,5415.294117647059,5415.294117647059,87,0,100.0,25.33,2.4031,64.0,38.14,21.65,ADEQUATE,0,0.011686,0.007896,40.7,95.48,63.28
1800001157,GOMEZ FATIMA,Endocrinology,Diabetes,Internal Medicine,Yes,ENDOCRINE SPECIALISTS GROUP - SUGAR LAND,TX,77016,48201,Harris County,4613,17268.8,1.2612,4.3,56.98,1,102,552360,552360.0,1964530.7,5415.294117647059,5415.294117647059,87,0,100.0,25.33,3.7435,64.0,38.14,21.65,ADEQUATE,0,0.008351,0.00879,3.7,12.12,45.23
1800001158,REED MAYA,Endocrinology,Diabetes,Internal Medicine,No,DIABETES CARE CENTER - HOUSTON,TX,77035,48201,Harris County,7060,20365.1,2.0685,12.1,67.97,0,102,552360,552360.0,1964530.7,5415.294117647059,5415.294117647059,87,0,100.0,25.33,2.8846,64.0,38.14,21.65,ADEQUATE,0,0.012782,0.010366,36.55,80.23,69.22
1800001159,YOUNG THOMAS,Endocrinology,Diabetes,Family Medicine,Yes,DIABETES CARE CENTER - PASADENA,TX,77002,48201,Harris County,6436,15642.8,1.6956,3.3,66.49,1,102,552360,552360.0,1964530.7,5415.294117647059,5415.294117647059,87,0,100.0,25.33,2.4305,64.0,38.14,21.65,ADEQUATE,0,0.011652,0.007963,15.45,3.08,63.1
1800001160,JACKSON AMELIA,Endocrinology,Diabetes,Metabolic Medicine,Yes,DIABETES CARE CENTER - KATY,TX,77069,48201,Harris County,4577,20783.8,2.0301,8.3,39.1,1,102,552360,552360.0,1964530.7,5415.294117647059,5415.294117647059,87,0,100.0,25.33,4.5409,64.0,38.14,21.65,ADEQUATE,0,0.008286,0.01058,33.85,47.32,44.87
1800001161,ROBERTS HANNAH,Endocrinology,Diabetes,Family Medicine,Yes,METABOLIC HEALTH ASSOCIATES - HOUSTON,TX,77024,48201,Harris County,6183,15072.0,1.8571,6.5,43.36,1,102,552360,552360.0,1964530.7,5415.294117647059,5415.294117647059,87,0,100.0,25.33,2.4377,64.0,38.14,21.65,ADEQUATE,0,0.011194,0.007672,22.68,31.42,60.62
1800001162,ANDERSON NADIA,Endocrinology,Diabetes,Internal Medicine,No,ENDOCRINE SPECIALISTS GROUP - KATY,TX,77011,48201,Harris County,3553,9632.8,2.349,8.3,59.94,0,102,552360,552360.0,1964530.7,5415.294117647059,5415.294117647059,87,0,100.0,25.33,2.7112,64.0,38.14,21.65,ADEQUATE,0,0.006432,0.004903,56.6,47.32,34.83
1800001163,KIM WILLIAM,Endocrinology,Diabetes,Metabolic Medicine,Yes,METABOLIC HEALTH ASSOCIATES - SUGAR LAND,TX,77032,48201,Harris County,5807,20337.8,2.2119,13.8,47.5,1,102,552360,552360.0,1964530.7,5415.294117647059,5415.294117647059,87,0,100.0,25.33,3.5023,64.0,38.14,21.65,ADEQUATE,0,0.010513,0.010352,47.65,94.9,56.93
1800001164,TAYLOR BENJAMIN,Endocrinology,Diabetes,Metabolic Medicine,Yes,DIABETES CARE CENTER - PASADENA,TX,77033,48201,Harris County,6938,24279.8,2.8613,5.4,45.83,1,102,552360,552360.0,1964530.7,5415.294117647059,5415.294117647059,87,0,100.0,25.33,3.4995,64.0,38.14,21.65,ADEQUATE,0,0.012561,0.012359,86.25,22.45,68.02
1800001165,BROWN JAMES,Endocrinology,Diabetes,Family Medicine,Yes,DIABETES CARE CENTER - SUGAR LAND,TX,77081,48201,Harris County,6409,24930.1,2.0413,12.8,31.06,1,102,552360,552360.0,1964530.7,5415.294117647059,5415.294117647059,87,0,100.0,25.33,3.8899,64.0,38.14,21.65,ADEQUATE,0,0.011603,0.01269,34.65,87.05,62.83
1800001166,MARTIN OLIVIA,Endocrinology,Diabetes,Family Medicine,No,DIABETES CARE CENTER - KATY,TX,77097,48201,Harris County,6803,26808.0,2.1278,3.8,67.11,0,102,552360,552360.0,1964530.7,5415.294117647059,5415.294117647059,87,0,100.0,25.33,3.9406,64.0,38.14,21.65,ADEQUATE,0,0.012316,0.013646,40.78,7.45,66.7
1800001167,THOMPSON EMILY,Endocrinology,Diabetes,Metabolic Medicine,No,METABOLIC HEALTH ASSOCIATES - PASADENA,TX,77049,48201,Harris County,6745,26030.2,2.5625,9.2,80.19,0,102,552360,552360.0,1964530.7,5415.294117647059,5415.294117647059,87,0,100.0,25.33,3.8592,64.0,38.14,21.65,ADEQUATE,0,0.012211,0.01325,70.55,54.45,66.13
1800001168,CLARK DANIEL,Endocrinology,Diabetes,Metabolic Medicine,No,METABOLIC HEALTH ASSOCIATES - KATY,TX,77013,48201,Harris County,4169,15002.1,2.1724,4.5,56.02,0,102,552360,552360.0,1964530.7,5415.294117647059,5415.294117647059,87,0,100.0,25.33,3.5985,64.0,38.14,21.65,ADEQUATE,0,0.007548,0.007636,44.4,13.9,40.87
1800001169,MITCHELL KARAN,Endocrinology,Diabetes,Internal Medicine,No,METABOLIC HEALTH ASSOCIATES - SUGAR LAND,TX,77059,48201,Harris County,5116,16920.1,3.8165,9.6,54.14,0,102,552360,552360.0,1964530.7,5415.294117647059,5415.294117647059,87,0,100.0,25.33,3.3073,64.0,38.14,21.65,ADEQUATE,0,0.009262,0.008613,99.8,57.88,50.16
1800001170,WALKER RAHUL,Endocrinology,Diabetes,Internal Medicine,No,ENDOCRINE SPECIALISTS GROUP - KATY,TX,77079,48201,Harris County,7293,20745.7,3.0044,10.9,63.93,0,102,552360,552360.0,1964530.7,5415.294117647059,5415.294117647059,87,0,100.0,25.33,2.8446,64.0,38.14,21.65,ADEQUATE,0,0.013203,0.01056,91.35,69.27,71.5
1800001171,EDWARDS SOPHIA,Endocrinology,Diabetes,Metabolic Medicine,Yes,ENDOCRINE SPECIALISTS GROUP - HOUSTON,TX,77041,48201,Harris County,5198,14671.5,2.8948,7.3,53.37,1,102,552360,552360.0,1964530.7,5415.294117647059,5415.294117647059,87,0,100.0,25.33,2.8225,64.0,38.14,21.65,ADEQUATE,0,0.009411,0.007468,87.7,39.15,50.96
1800001172,MORGAN FATIMA,Endocrinology,Diabetes,Internal Medicine,Yes,METABOLIC HEALTH ASSOCIATES - PASADENA,TX,77077,48201,Harris County,6981,25103.4,2.5268,8.2,54.61,1,102,552360,552360.0,1964530.7,5415.294117647059,5415.294117647059,87,0,100.0,25.33,3.596,64.0,38.14,21.65,ADEQUATE,0,0.012638,0.012778,68.45,46.48,68.44
1800001173,WHITE MAYA,Endocrinology,Diabetes,Family Medicine,Yes,ENDOCRINE SPECIALISTS GROUP - KATY,TX,77092,48201,Harris County,6094,19372.7,1.1439,5.6,71.11,1,102,552360,552360.0,1964530.7,5415.294117647059,5415.294117647059,87,0,100.0,25.33,3.179,64.0,38.14,21.65,ADEQUATE,0,0.011033,0.009861,2.2,23.92,59.75
1800001174,FOSTER THOMAS,Endocrinology,Diabetes,Family Medicine,Yes,METABOLIC HEALTH ASSOCIATES - SUGAR LAND,TX,77009,48201,Harris County,5152,19155.2,2.036,14.1,68.75,1,102,552360,552360.0,1964530.7,5415.294117647059,5415.294117647059,87,0,100.0,25.33,3.718,64.0,38.14,21.65,ADEQUATE,0,0.009327,0.009751,34.3,97.02,50.51
1800001175,PARKER AMELIA,Endocrinology,Diabetes,Metabolic Medicine,No,METABOLIC HEALTH ASSOCIATES - HOUSTON,TX,77087,48201,Harris County,6867,29712.4,3.0255,4.4,81.89,0,102,552360,552360.0,1964530.7,5415.294117647059,5415.294117647059,87,0,100.0,25.33,4.3268,64.0,38.14,21.65,ADEQUATE,0,0.012432,0.015124,92.35,12.88,67.32
1800001176,WILSON HANNAH,Endocrinology,Diabetes,Metabolic Medicine,Yes,METABOLIC HEALTH ASSOCIATES - SUGAR LAND,TX,77024,48201,Harris County,6200,14933.2,2.1966,10.5,34.33,1,102,552360,552360.0,1964530.7,5415.294117647059,5415.294117647059,87,0,100.0,25.33,2.4086,64.0,38.14,21.65,ADEQUATE,0,0.011225,0.007601,46.22,65.92,60.78
1800001177,GOMEZ NADIA,Endocrinology,Diabetes,Internal Medicine,Yes,DIABETES CARE CENTER - HOUSTON,TX,77065,48201,Harris County,4651,20682.8,2.8247,9.3,36.64,1,102,552360,552360.0,1964530.7,5415.294117647059,5415.294117647059,87,0,100.0,25.33,4.447,64.0,38.14,21.65,ADEQUATE,0,0.00842,0.010528,84.65,55.35,45.6
1800001178,REED WILLIAM,Endocrinology,Diabetes,Metabolic Medicine,No,ENDOCRINE SPECIALISTS GROUP - HOUSTON,TX,77030,48201,Harris County,6188,19443.6,2.0938,8.8,68.44,0,102,552360,552360.0,1964530.7,5415.294117647059,5415.294117647059,87,0,100.0,25.33,3.1421,64.0,38.14,21.65,ADEQUATE,0,0.011203,0.009897,38.45,51.25,60.67
1800001179,YOUNG BENJAMIN,Endocrinology,Diabetes,Family Medicine,Yes,DIABETES CARE CENTER - KATY,TX,77007,48201,Harris County,3987,17157.1,1.8068,9.2,85.02,1,102,552360,552360.0,1964530.7,5415.294117647059,5415.294117647059,87,0,100.0,25.33,4.3033,64.0,38.14,21.65,ADEQUATE,0,0.007218,0.008733,20.2,54.45,39.09
1800001180,JACKSON JAMES,Endocrinology,Diabetes,Internal Medicine,Yes,ENDOCRINE SPECIALISTS GROUP - SUGAR LAND,TX,77096,48201,Harris County,3779,9335.1,2.0138,3.1,52.4,1,102,552360,552360.0,1964530.7,5415.294117647059,5415.294117647059,87,0,100.0,25.33,2.4703,64.0,38.14,21.65,ADEQUATE,0,0.006842,0.004752,32.5,1.15,37.05
1800001181,ROBERTS OLIVIA,Endocrinology,Diabetes,Metabolic Medicine,Yes,METABOLIC HEALTH ASSOCIATES - SUGAR LAND,TX,77079,48201,Harris County,3702,16022.9,1.6637,5.0,53.62,1,102,552360,552360.0,1964530.7,5415.294117647059,5415.294117647059,87,0,100.0,25.33,4.3282,64.0,38.14,21.65,ADEQUATE,0,0.006702,0.008156,14.15,18.8,36.29
1800001182,ANDERSON EMILY,Endocrinology,Diabetes,Metabolic Medicine,Yes,ENDOCRINE SPECIALISTS GROUP - PASADENA,TX,77076,48201,Harris County,4064,15096.5,1.6791,9.5,76.47,1,102,552360,552360.0,1964530.7,5415.294117647059,5415.294117647059,87,0,100.0,25.33,3.7147,64.0,38.14,21.65,ADEQUATE,0,0.007358,0.007685,14.7,57.0,39.84
1800001183,KIM DANIEL,Endocrinology,Diabetes,Family Medicine,No,DIABETES CARE CENTER - HOUSTON,TX,77060,48201,Harris County,4131,19754.9,3.3584,4.5,75.11,0,102,552360,552360.0,1964530.7,5415.294117647059,5415.294117647059,87,0,100.0,25.33,4.7821,64.0,38.14,21.65,ADEQUATE,0,0.007479,0.010056,97.55,13.9,40.5
1800001184,TAYLOR KARAN,Endocrinology,Diabetes,Family Medicine,Yes,METABOLIC HEALTH ASSOCIATES - HOUSTON,TX,77025,48201,Harris County,5046,23753.0,2.0178,11.9,43.24,1,102,552360,552360.0,1964530.7,5415.294117647059,5415.294117647059,87,0,100.0,25.33,4.7073,64.0,38.14,21.65,ADEQUATE,0,0.009135,0.012091,33.0,78.57,49.47
1800001185,BROWN RAHUL,Endocrinology,Diabetes,Metabolic Medicine,No,DIABETES CARE CENTER - HOUSTON,TX,77097,48201,Harris County,4865,15846.3,2.8389,4.6,73.8,0,102,552360,552360.0,1964530.7,5415.294117647059,5415.294117647059,87,0,100.0,25.33,3.2572,64.0,38.14,21.65,ADEQUATE,0,0.008808,0.008066,85.05,15.05,47.7
1800001186,MARTIN SOPHIA,Endocrinology,Diabetes,Family Medicine,No,DIABETES CARE CENTER - PASADENA,TX,77016,48201,Harris County,6026,25647.2,1.6507,6.3,66.72,0,102,552360,552360.0,1964530.7,5415.294117647059,5415.294117647059,87,0,100.0,25.33,4.2561,64.0,38.14,21.65,ADEQUATE,0,0.01091,0.013055,13.5,29.9,59.08
1800001187,THOMPSON FATIMA,Endocrinology,Diabetes,Internal Medicine,Yes,METABOLIC HEALTH ASSOCIATES - KATY,TX,77023,48201,Harris County,6177,25176.6,2.8709,11.5,52.31,1,102,552360,552360.0,1964530.7,5415.294117647059,5415.294117647059,87,0,100.0,25.33,4.0759,64.0,38.14,21.65,ADEQUATE,0,0.011183,0.012816,86.8,74.52,60.56
1800001188,CLARK MAYA,Endocrinology,Diabetes,Family Medicine,Yes,DIABETES CARE CENTER - SUGAR LAND,TX,77071,48201,Harris County,3559,16837.5,1.0134,11.6,52.7,1,102,552360,552360.0,1964530.7,5415.294117647059,5415.294117647059,87,0,100.0,25.33,4.731,64.0,38.14,21.65,ADEQUATE,0,0.006443,0.008571,1.25,75.5,34.89
1800001189,MITCHELL THOMAS,Endocrinology,Diabetes,Family Medicine,No,METABOLIC HEALTH ASSOCIATES - KATY,TX,77097,48201,Harris County,4187,16844.2,2.5996,3.5,51.79,0,102,552360,552360.0,1964530.7,5415.294117647059,5415.294117647059,87,0,100.0,25.33,4.023,64.0,38.14,21.65,ADEQUATE,0,0.00758,0.008574,72.85,4.85,41.05
1800001190,WALKER AMELIA,Endocrinology,Diabetes,Internal Medicine,No,METABOLIC HEALTH ASSOCIATES - PASADENA,TX,77021,48201,Harris County,4797,12971.5,2.2195,14.3,51.49,0,102,552360,552360.0,1964530.7,5415.294117647059,5415.294117647059,87,0,100.0,25.33,2.7041,64.0,38.14,21.65,ADEQUATE,0,0.008685,0.006603,48.28,98.35,47.03
1800001191,MORGAN EMILY,Psychiatry,Mental Health Disorders,Addiction Medicine,Yes,COMMUNITY MENTAL HEALTH CENTER - KATY,TX,77007,48201,Harris County,9621,40449.7,1.891,3.8,61.86,1,86,671625,671625.0,2331678.3,7809.593023255814,7809.593023255814,105,19,81.9,74.67,4.2043,57.33,45.5,42.24,ADEQUATE,19,0.014325,0.017348,24.7,7.45,111.87
1800001192,WHITE DANIEL,Psychiatry,Mental Health Disorders,Child & Adolescent Psychiatry,No,PSYCHIATRY CARE ASSOCIATES - SUGAR LAND,TX,77052,48201,Harris County,9866,36636.9,2.5184,7.6,53.68,0,86,671625,671625.0,2331678.3,7809.593023255814,7809.593023255814,105,19,81.9,74.67,3.7135,57.33,45.5,42.24,ADEQUATE,19,0.01469,0.015713,67.92,41.35,114.72
1800001193,FOSTER KARAN,Psychiatry,Mental Health Disorders,Child & Adolescent Psychiatry,No,PSYCHIATRY CARE ASSOCIATES - SUGAR LAND,TX,77092,48201,Harris County,9565,43656.5,2.619,11.3,66.05,0,86,671625,671625.0,2331678.3,7809.593023255814,7809.593023255814,105,19,81.9,74.67,4.5642,57.33,45.5,42.24,ADEQUATE,19,0.014242,0.018723,74.1,72.78,111.22
1800001194,PARKER RAHUL,Psychiatry,Mental Health Disorders,Addiction Medicine,Yes,PSYCHIATRY CARE ASSOCIATES - SUGAR LAND,TX,77038,48201,Harris County,10137,30338.7,2.0603,9.0,54.98,1,86,671625,671625.0,2331678.3,7809.593023255814,7809.593023255814,105,19,81.9,74.67,2.9929,57.33,45.5,42.24,ADEQUATE,19,0.015093,0.013012,35.98,52.6,117.87
1800001195,WILSON SOPHIA,Psychiatry,Mental Health Disorders,Addiction Medicine,No,BEHAVIORAL HEALTH PARTNERS - PASADENA,TX,77010,48201,Harris County,5444,15636.3,2.2518,12.4,16.12,0,86,671625,671625.0,2331678.3,7809.593023255814,7809.593023255814,105,19,81.9,74.67,2.8722,57.33,45.5,42.24,ADEQUATE,19,0.008106,0.006706,50.35,83.0,63.3
1800001196,GOMEZ FATIMA,Psychiatry,Mental Health Disorders,Addiction Medicine,No,COMMUNITY MENTAL HEALTH CENTER - PASADENA,TX,77059,48201,Harris County,6221,16648.1,2.2452,5.9,55.81,0,86,671625,671625.0,2331678.3,7809.593023255814,7809.593023255814,105,19,81.9,74.67,2.6761,57.33,45.5,42.24,ADEQUATE,19,0.009263,0.00714,49.85,26.48,72.34
1800001197,REED MAYA,Psychiatry,Mental Health Disorders,Behavioral Health,No,PSYCHIATRY CARE ASSOCIATES - SUGAR LAND,TX,77005,48201,Harris County,9340,24380.4,0.9,3.6,49.1,0,86,671625,671625.0,2331678.3,7809.593023255814,7809.593023255814,105,19,81.9,74.67,2.6103,57.33,45.5,42.24,ADEQUATE,19,0.013907,0.010456,0.32,5.78,108.6
1800001198,YOUNG THOMAS,Psychiatry,Mental Health Disorders,Child & Adolescent Psychiatry,Yes,BEHAVIORAL HEALTH PARTNERS - HOUSTON,TX,77044,48201,Harris County,6540,23507.7,3.0214,13.8,73.7,1,86,671625,671625.0,2331678.3,7809.593023255814,7809.593023255814,105,19,81.9,74.67,3.5944,57.33,45.5,42.24,ADEQUATE,19,0.009738,0.010082,92.25,94.9,76.05
1800001199,JACKSON AMELIA,Psychiatry,Mental Health Disorders,Addiction Medicine,No,COMMUNITY MENTAL HEALTH CENTER - HOUSTON,TX,77061,48201,Harris County,10865,40175.3,2.1175,11.8,36.9,0,86,671625,671625.0,2331678.3,7809.593023255814,7809.593023255814,105,19,81.9,74.67,3.6977,57.33,45.5,42.24,ADEQUATE,19,0.016177,0.01723,40.2,77.4,126.34
1800001200,ROBERTS HANNAH,Psychiatry,Mental Health Disorders,Behavioral Health,No,BEHAVIORAL HEALTH PARTNERS - SUGAR LAND,TX,77089,48201,Harris County,7465,18102.4,1.5631,8.8,66.51,0,86,671625,671625.0,2331678.3,7809.593023255814,7809.593023255814,105,19,81.9,74.67,2.425,57.33,45.5,42.24,ADEQUATE,19,0.011115,0.007764,10.35,51.25,86.8
1800001201,ANDERSON NADIA,Psychiatry,Mental Health Disorders,Child & Adolescent Psychiatry,Yes,PSYCHIATRY CARE ASSOCIATES - PASADENA,TX,77032,48201,Harris County,9903,33041.3,2.4899,8.7,19.37,1,86,671625,671625.0,2331678.3,7809.593023255814,7809.593023255814,105,19,81.9,74.67,3.3365,57.33,45.5,42.24,ADEQUATE,19,0.014745,0.014171,65.9,50.5,115.15
1800001202,KIM WILLIAM,Psychiatry,Mental Health Disorders,Child & Adolescent Psychiatry,Yes,COMMUNITY MENTAL HEALTH CENTER - HOUSTON,TX,77087,48201,Harris County,6937,27197.1,2.2107,6.3,65.6,1,86,671625,671625.0,2331678.3,7809.593023255814,7809.593023255814,105,19,81.9,74.67,3.9206,57.33,45.5,42.24,ADEQUATE,19,0.010329,0.011664,47.48,29.9,80.66
1800001203,TAYLOR BENJAMIN,Psychiatry,Mental Health Disorders,Child & Adolescent Psychiatry,No,COMMUNITY MENTAL HEALTH CENTER - HOUSTON,TX,77087,48201,Harris County,5509,21319.4,3.0337,4.7,63.14,0,86,671625,671625.0,2331678.3,7809.593023255814,7809.593023255814,105,19,81.9,74.67,3.8699,57.33,45.5,42.24,ADEQUATE,19,0.008202,0.009143,92.75,15.9,64.06
1800001204,BROWN JAMES,Psychiatry,Mental Health Disorders,Behavioral Health,Yes,COMMUNITY MENTAL HEALTH CENTER - HOUSTON,TX,77063,48201,Harris County,7040,18406.5,2.9708,12.7,50.01,1,86,671625,671625.0,2331678.3,7809.593023255814,7809.593023255814,105,19,81.9,74.67,2.6146,57.33,45.5,42.24,ADEQUATE,19,0.010482,0.007894,90.3,86.02,81.86
1800001205,MARTIN OLIVIA,Psychiatry,Mental Health Disorders,Child & Adolescent Psychiatry,Yes,BEHAVIORAL HEALTH PARTNERS - SUGAR LAND,TX,77001,48201,Harris County,10105,47738.5,2.4617,10.0,88.99,1,86,671625,671625.0,2331678.3,7809.593023255814,7809.593023255814,105,19,81.9,74.67,4.7242,57.33,45.5,42.24,ADEQUATE,19,0.015046,0.020474,63.95,61.72,117.5
1800001206,THOMPSON EMILY,Psychiatry,Mental Health Disorders,Addiction Medicine,No,BEHAVIORAL HEALTH PARTNERS - PASADENA,TX,77068,48201,Harris County,7020,26025.1,2.3771,5.4,81.13,0,86,671625,671625.0,2331678.3,7809.593023255814,7809.593023255814,105,19,81.9,74.67,3.7073,57.33,45.5,42.24,ADEQUATE,19,0.010452,0.011162,58.5,22.45,81.63
1800001207,CLARK DANIEL,Psychiatry,Mental Health Disorders,Child & Adolescent Psychiatry,Yes,COMMUNITY MENTAL HEALTH CENTER - KATY,TX,77028,48201,Harris County,5447,15155.0,2.8058,6.1,61.23,1,86,671625,671625.0,2331678.3,7809.593023255814,7809.593023255814,105,19,81.9,74.67,2.7823,57.33,45.5,42.24,ADEQUATE,19,0.00811,0.0065,83.55,28.38,63.34
1800001208,MITCHELL KARAN,Psychiatry,Mental Health Disorders,Behavioral Health,Yes,PSYCHIATRY CARE ASSOCIATES - HOUSTON,TX,77039,48201,Harris County,5536,20785.7,1.2133,12.4,44.94,1,86,671625,671625.0,2331678.3,7809.593023255814,7809.593023255814,105,19,81.9,74.67,3.7546,57.33,45.5,42.24,ADEQUATE,19,0.008243,0.008914,3.15,83.0,64.37
1800001209,WALKER RAHUL,Psychiatry,Mental Health Disorders,Child & Adolescent Psychiatry,Yes,BEHAVIORAL HEALTH PARTNERS - SUGAR LAND,TX,77011,48201,Harris County,8251,39433.8,2.8219,6.2,22.73,1,86,671625,671625.0,2331678.3,7809.593023255814,7809.593023255814,105,19,81.9,74.67,4.7793,57.33,45.5,42.24,ADEQUATE,19,0.012285,0.016912,84.5,29.12,95.94
1800001210,EDWARDS SOPHIA,Psychiatry,Mental Health Disorders,Addiction Medicine,Yes,BEHAVIORAL HEALTH PARTNERS - KATY,TX,77002,48201,Harris County,5888,23839.3,2.63,12.2,66.51,1,86,671625,671625.0,2331678.3,7809.593023255814,7809.593023255814,105,19,81.9,74.67,4.0488,57.33,45.5,42.24,ADEQUATE,19,0.008767,0.010224,74.72,81.25,68.47
1800001211,MORGAN FATIMA,Psychiatry,Mental Health Disorders,Behavioral Health,Yes,PSYCHIATRY CARE ASSOCIATES - PASADENA,TX,77005,48201,Harris County,10316,37897.2,2.779,13.0,66.58,1,86,671625,671625.0,2331678.3,7809.593023255814,7809.593023255814,105,19,81.9,74.67,3.6736,57.33,45.5,42.24,ADEQUATE,19,0.01536,0.016253,82.6,88.8,119.95
1800001212,WHITE MAYA,Psychiatry,Mental Health Disorders,Behavioral Health,No,BEHAVIORAL HEALTH PARTNERS - SUGAR LAND,TX,77006,48201,Harris County,8528,22518.8,2.0131,5.8,21.32,0,86,671625,671625.0,2331678.3,7809.593023255814,7809.593023255814,105,19,81.9,74.67,2.6406,57.33,45.5,42.24,ADEQUATE,19,0.012698,0.009658,32.45,25.48,99.16
1800001213,FOSTER THOMAS,Psychiatry,Mental Health Disorders,Addiction Medicine,Yes,BEHAVIORAL HEALTH PARTNERS - KATY,TX,77059,48201,Harris County,9506,30226.4,2.4934,7.5,43.27,1,86,671625,671625.0,2331678.3,7809.593023255814,7809.593023255814,105,19,81.9,74.67,3.1797,57.33,45.5,42.24,ADEQUATE,19,0.014154,0.012963,66.2,40.48,110.53
1800001214,PARKER AMELIA,Psychiatry,Mental Health Disorders,Addiction Medicine,No,BEHAVIORAL HEALTH PARTNERS - KATY,TX,77056,48201,Harris County,5799,20864.8,2.0436,7.5,57.78,0,86,671625,671625.0,2331678.3,7809.593023255814,7809.593023255814,105,19,81.9,74.67,3.598,57.33,45.5,42.24,ADEQUATE,19,0.008634,0.008948,34.75,40.48,67.43
1800001215,WILSON HANNAH,Psychiatry,Mental Health Disorders,Addiction Medicine,No,COMMUNITY MENTAL HEALTH CENTER - SUGAR LAND,TX,77070,48201,Harris County,6113,19574.6,2.4908,13.2,57.19,0,86,671625,671625.0,2331678.3,7809.593023255814,7809.593023255814,105,19,81.9,74.67,3.2021,57.33,45.5,42.24,ADEQUATE,19,0.009102,0.008395,65.97,90.4,71.08
1800001216,GOMEZ NADIA,Psychiatry,Mental Health Disorders,Child & Adolescent Psychiatry,No,PSYCHIATRY CARE ASSOCIATES - SUGAR LAND,TX,77049,48201,Harris County,7083,21047.8,1.9652,8.8,23.69,0,86,671625,671625.0,2331678.3,7809.593023255814,7809.593023255814,105,19,81.9,74.67,2.9716,57.33,45.5,42.24,ADEQUATE,19,0.010546,0.009027,29.35,51.25,82.36
1800001217,REED WILLIAM,Psychiatry,Mental Health Disorders,Addiction Medicine,Yes,PSYCHIATRY CARE ASSOCIATES - PASADENA,TX,77039,48201,Harris County,5320,21803.7,2.794,9.1,48.67,1,86,671625,671625.0,2331678.3,7809.593023255814,7809.593023255814,105,19,81.9,74.67,4.0984,57.33,45.5,42.24,ADEQUATE,19,0.007921,0.009351,83.2,53.65,61.86
1800001218,YOUNG BENJAMIN,Psychiatry,Mental Health Disorders,Addiction Medicine,Yes,PSYCHIATRY CARE ASSOCIATES - PASADENA,TX,77081,48201,Harris County,10642,26456.7,1.7181,5.7,68.29,1,86,671625,671625.0,2331678.3,7809.593023255814,7809.593023255814,105,19,81.9,74.67,2.4861,57.33,45.5,42.24,ADEQUATE,19,0.015845,0.011347,16.1,24.7,123.74
1800001219,JACKSON JAMES,Psychiatry,Mental Health Disorders,Addiction Medicine,Yes,COMMUNITY MENTAL HEALTH CENTER - PASADENA,TX,77052,48201,Harris County,9922,34639.6,2.0607,10.5,85.3,1,86,671625,671625.0,2331678.3,7809.593023255814,7809.593023255814,105,19,81.9,74.67,3.4912,57.33,45.5,42.24,ADEQUATE,19,0.014773,0.014856,36.05,65.92,115.37
1800001220,ROBERTS OLIVIA,Psychiatry,Mental Health Disorders,Addiction Medicine,No,PSYCHIATRY CARE ASSOCIATES - HOUSTON,TX,77057,48201,Harris County,6692,24348.8,1.9002,9.4,82.86,0,86,671625,671625.0,2331678.3,7809.593023255814,7809.593023255814,105,19,81.9,74.67,3.6385,57.33,45.5,42.24,ADEQUATE,19,0.009964,0.010443,25.35,56.2,77.81
1800001221,ANDERSON EMILY,Psychiatry,Mental Health Disorders,Behavioral Health,Yes,COMMUNITY MENTAL HEALTH CENTER - HOUSTON,TX,77045,48201,Harris County,10510,28943.0,1.9679,4.3,88.08,1,86,671625,671625.0,2331678.3,7809.593023255814,7809.593023255814,105,19,81.9,74.67,2.7539,57.33,45.5,42.24,ADEQUATE,19,0.015649,0.012413,29.62,12.12,122.21
1800001222,KIM DANIEL,Psychiatry,Mental Health Disorders,Child & Adolescent Psychiatry,No,PSYCHIATRY CARE ASSOCIATES - KATY,TX,77044,48201,Harris County,6922,16874.2,2.9168,14.1,62.88,0,86,671625,671625.0,2331678.3,7809.593023255814,7809.593023255814,105,19,81.9,74.67,2.4378,57.33,45.5,42.24,ADEQUATE,19,0.010306,0.007237,88.25,97.02,80.49
1800001223,TAYLOR KARAN,Psychiatry,Mental Health Disorders,Child & Adolescent Psychiatry,Yes,COMMUNITY MENTAL HEALTH CENTER - PASADENA,TX,77043,48201,Harris County,7259,24197.8,2.8599,11.9,54.93,1,86,671625,671625.0,2331678.3,7809.593023255814,7809.593023255814,105,19,81.9,74.67,3.3335,57.33,45.5,42.24,ADEQUATE,19,0.010808,0.010378,86.1,78.57,84.41
1800001224,BROWN RAHUL,Psychiatry,Mental Health Disorders,Addiction Medicine,Yes,PSYCHIATRY CARE ASSOCIATES - HOUSTON,TX,77040,48201,Harris County,9156,24099.6,2.8499,12.5,87.41,1,86,671625,671625.0,2331678.3,7809.593023255814,7809.593023255814,105,19,81.9,74.67,2.6321,57.33,45.5,42.24,ADEQUATE,19,0.013633,0.010336,85.7,84.02,106.47
1800001225,MARTIN SOPHIA,Psychiatry,Mental Health Disorders,Addiction Medicine,No,PSYCHIATRY CARE ASSOCIATES - KATY,TX,77022,48201,Harris County,10913,26236.2,1.9627,6.8,51.34,0,86,671625,671625.0,2331678.3,7809.593023255814,7809.593023255814,105,19,81.9,74.67,2.4041,57.33,45.5,42.24,ADEQUATE,19,0.016249,0.011252,29.18,34.12,126.9
1800001226,THOMPSON FATIMA,Psychiatry,Mental Health Disorders,Addiction Medicine,No,PSYCHIATRY CARE ASSOCIATES - SUGAR LAND,TX,77035,48201,Harris County,6862,22289.0,2.2784,5.2,54.93,0,86,671625,671625.0,2331678.3,7809.593023255814,7809.593023255814,105,19,81.9,74.67,3.2482,57.33,45.5,42.24,ADEQUATE,19,0.010217,0.009559,52.1,20.38,79.79
1800001227,CLARK MAYA,Psychiatry,Mental Health Disorders,Child & Adolescent Psychiatry,No,COMMUNITY MENTAL HEALTH CENTER - SUGAR LAND,TX,77018,48201,Harris County,5357,13809.5,2.4357,11.1,41.14,0,86,671625,671625.0,2331678.3,7809.593023255814,7809.593023255814,105,19,81.9,74.67,2.5778,57.33,45.5,42.24,ADEQUATE,19,0.007976,0.005923,62.35,70.97,62.29
1800001228,MITCHELL THOMAS,Psychiatry,Mental Health Disorders,Addiction Medicine,Yes,PSYCHIATRY CARE ASSOCIATES - KATY,TX,77078,48201,Harris County,10329,26594.1,2.064,12.9,81.97,1,86,671625,671625.0,2331678.3,7809.593023255814,7809.593023255814,105,19,81.9,74.67,2.5747,57.33,45.5,42.24,ADEQUATE,19,0.015379,0.011406,36.25,87.95,120.1
1800001229,WALKER AMELIA,Psychiatry,Mental Health Disorders,Child & Adolescent Psychiatry,No,BEHAVIORAL HEALTH PARTNERS - PASADENA,TX,77048,48201,Harris County,7924,25964.8,2.1591,3.2,84.73,0,86,671625,671625.0,2331678.3,7809.593023255814,7809.593023255814,105,19,81.9,74.67,3.2767,57.33,45.5,42.24,ADEQUATE,19,0.011798,0.011136,43.4,2.17,92.14
1800001230,EDWARDS HANNAH,Psychiatry,Mental Health Disorders,Behavioral Health,Yes,BEHAVIORAL HEALTH PARTNERS - KATY,TX,77099,48201,Harris County,5603,18615.7,2.6038,12.4,60.2,1,86,671625,671625.0,2331678.3,7809.593023255814,7809.593023255814,105,19,81.9,74.67,3.3225,57.33,45.5,42.24,ADEQUATE,19,0.008342,0.007984,73.2,83.0,65.15
1800001231,MORGAN NADIA,Psychiatry,Mental Health Disorders,Addiction Medicine,Yes,PSYCHIATRY CARE ASSOCIATES - HOUSTON,TX,77068,48201,Harris County,5341,24855.7,3.272,12.9,58.41,1,86,671625,671625.0,2331678.3,7809.593023255814,7809.593023255814,105,19,81.9,74.67,4.6538,57.33,45.5,42.24,ADEQUATE,19,0.007952,0.01066,96.65,87.95,62.1
1800001232,WHITE WILLIAM,Psychiatry,Mental Health Disorders,Child & Adolescent Psychiatry,Yes,PSYCHIATRY CARE ASSOCIATES - PASADENA,TX,77022,48201,Harris County,10505,37310.5,2.7463,5.2,67.01,1,86,671625,671625.0,2331678.3,7809.593023255814,7809.593023255814,105,19,81.9,74.67,3.5517,57.33,45.5,42.24,ADEQUATE,19,0.015641,0.016002,81.25,20.38,122.15
1800001233,FOSTER BENJAMIN,Psychiatry,Mental Health Disorders,Behavioral Health,No,PSYCHIATRY CARE ASSOCIATES - HOUSTON,TX,77057,48201,Harris County,7091,28986.8,2.6883,5.9,66.39,0,86,671625,671625.0,2331678.3,7809.593023255814,7809.593023255814,105,19,81.9,74.67,4.0878,57.33,45.5,42.24,ADEQUATE,19,0.010558,0.012432,77.7,26.48,82.45
1800001234,PARKER JAMES,Psychiatry,Mental Health Disorders,Addiction Medicine,Yes,COMMUNITY MENTAL HEALTH CENTER - HOUSTON,TX,77065,48201,Harris County,5422,20010.8,3.5855,12.1,67.52,1,86,671625,671625.0,2331678.3,7809.593023255814,7809.593023255814,105,19,81.9,74.67,3.6907,57.33,45.5,42.24,ADEQUATE,19,0.008073,0.008582,99.25,80.23,63.05
1800001235,WILSON OLIVIA,Psychiatry,Mental Health Disorders,Addiction Medicine,No,COMMUNITY MENTAL HEALTH CENTER - SUGAR LAND,TX,77028,48201,Harris County,6093,28400.4,2.6454,3.9,75.48,0,86,671625,671625.0,2331678.3,7809.593023255814,7809.593023255814,105,19,81.9,74.67,4.6612,57.33,45.5,42.24,ADEQUATE,19,0.009072,0.01218,75.5,8.4,70.85
1800001236,GOMEZ EMILY,Psychiatry,Mental Health Disorders,Addiction Medicine,Yes,PSYCHIATRY CARE ASSOCIATES - KATY,TX,77076,48201,Harris County,7501,23522.7,2.9399,8.4,31.04,1,86,671625,671625.0,2331678.3,7809.593023255814,7809.593023255814,105,19,81.9,74.67,3.1359,57.33,45.5,42.24,ADEQUATE,19,0.011168,0.010088,89.2,48.12,87.22
1800001237,REED DANIEL,Psychiatry,Mental Health Disorders,Child & Adolescent Psychiatry,Yes,COMMUNITY MENTAL HEALTH CENTER - SUGAR LAND,TX,77057,48201,Harris County,10386,44358.7,1.8672,6.4,65.7,1,86,671625,671625.0,2331678.3,7809.593023255814,7809.593023255814,105,19,81.9,74.67,4.271,57.33,45.5,42.24,ADEQUATE,19,0.015464,0.019024,23.15,30.63,120.77
1800001238,YOUNG KARAN,Psychiatry,Mental Health Disorders,Child & Adolescent Psychiatry,Yes,COMMUNITY MENTAL HEALTH CENTER - HOUSTON,TX,77013,48201,Harris County,6780,27707.6,1.9493,7.3,54.19,1,86,671625,671625.0,2331678.3,7809.593023255814,7809.593023255814,105,19,81.9,74.67,4.0867,57.33,45.5,42.24,ADEQUATE,19,0.010095,0.011883,28.15,39.15,78.84
1800001239,JACKSON RAHUL,Psychiatry,Mental Health Disorders,Addiction Medicine,No,COMMUNITY MENTAL HEALTH CENTER - HOUSTON,TX,77009,48201,Harris County,9758,26356.4,2.0153,12.0,52.74,0,86,671625,671625.0,2331678.3,7809.593023255814,7809.593023255814,105,19,81.9,74.67,2.701,57.33,45.5,42.24,ADEQUATE,19,0.014529,0.011304,32.75,79.45,113.47
1800001240,ROBERTS SOPHIA,Psychiatry,Mental Health Disorders,Addiction Medicine,Yes,BEHAVIORAL HEALTH PARTNERS - SUGAR LAND,TX,77092,48201,Harris County,9764,32521.7,1.9372,13.3,91.4,1,86,671625,671625.0,2331678.3,7809.593023255814,7809.593023255814,105,19,81.9,74.67,3.3308,57.33,45.5,42.24,ADEQUATE,19,0.014538,0.013948,27.3,91.12,113.53
1800001241,ANDERSON FATIMA,Psychiatry,Mental Health Disorders,Behavioral Health,No,BEHAVIORAL HEALTH PARTNERS - KATY,TX,77085,48201,Harris County,7909,32823.0,1.4328,12.2,59.99,0,86,671625,671625.0,2331678.3,7809.593023255814,7809.593023255814,105,19,81.9,74.67,4.1501,57.33,45.5,42.24,ADEQUATE,19,0.011776,0.014077,6.95,81.25,91.97
1800001242,KIM MAYA,Psychiatry,Mental Health Disorders,Child & Adolescent Psychiatry,Yes,COMMUNITY MENTAL HEALTH CENTER - SUGAR LAND,TX,77016,48201,Harris County,9095,22073.1,2.2174,14.0,84.85,1,86,671625,671625.0,2331678.3,7809.593023255814,7809.593023255814,105,19,81.9,74.67,2.4269,57.33,45.5,42.24,ADEQUATE,19,0.013542,0.009467,48.05,96.25,105.76
1800001243,TAYLOR THOMAS,Psychiatry,Mental Health Disorders,Behavioral Health,Yes,PSYCHIATRY CARE ASSOCIATES - HOUSTON,TX,77059,48201,Harris County,8769,21088.7,2.1519,8.8,9.99,1,86,671625,671625.0,2331678.3,7809.593023255814,7809.593023255814,105,19,81.9,74.67,2.4049,57.33,45.5,42.24,ADEQUATE,19,0.013056,0.009044,42.75,51.25,101.97
1800001244,BROWN AMELIA,Psychiatry,Mental Health Disorders,Child & Adolescent Psychiatry,No,BEHAVIORAL HEALTH PARTNERS - HOUSTON,TX,77038,48201,Harris County,7432,22644.7,1.7185,4.0,26.68,0,86,671625,671625.0,2331678.3,7809.593023255814,7809.593023255814,105,19,81.9,74.67,3.0469,57.33,45.5,42.24,ADEQUATE,19,0.011066,0.009712,16.15,9.32,86.42
1800001245,MARTIN HANNAH,Psychiatry,Mental Health Disorders,Behavioral Health,Yes,BEHAVIORAL HEALTH PARTNERS - SUGAR LAND,TX,77075,48201,Harris County,10167,44946.5,2.6738,10.4,60.71,1,86,671625,671625.0,2331678.3,7809.593023255814,7809.593023255814,105,19,81.9,74.67,4.4208,57.33,45.5,42.24,ADEQUATE,19,0.015138,0.019276,76.82,64.95,118.22
1800001246,THOMPSON NADIA,Psychiatry,Mental Health Disorders,Child & Adolescent Psychiatry,No,BEHAVIORAL HEALTH PARTNERS - KATY,TX,77059,48201,Harris County,6116,24993.6,3.003,9.9,56.08,0,86,671625,671625.0,2331678.3,7809.593023255814,7809.593023255814,105,19,81.9,74.67,4.0866,57.33,45.5,42.24,ADEQUATE,19,0.009106,0.010719,91.3,60.78,71.12
1800001247,CLARK WILLIAM,Psychiatry,Mental Health Disorders,Behavioral Health,Yes,PSYCHIATRY CARE ASSOCIATES - SUGAR LAND,TX,77059,48201,Harris County,6040,19184.5,1.6527,14.0,44.9,1,86,671625,671625.0,2331678.3,7809.593023255814,7809.593023255814,105,19,81.9,74.67,3.1762,57.33,45.5,42.24,ADEQUATE,19,0.008993,0.008228,13.65,96.25,70.23
1800001248,MITCHELL BENJAMIN,Psychiatry,Mental Health Disorders,Behavioral Health,Yes,COMMUNITY MENTAL HEALTH CENTER - SUGAR LAND,TX,77083,48201,Harris County,6459,19374.6,1.8926,8.8,45.16,1,86,671625,671625.0,2331678.3,7809.593023255814,7809.593023255814,105,19,81.9,74.67,2.9996,57.33,45.5,42.24,ADEQUATE,19,0.009617,0.008309,24.85,51.25,75.1
1800001249,WALKER JAMES,Psychiatry,Mental Health Disorders,Behavioral Health,No,BEHAVIORAL HEALTH PARTNERS - SUGAR LAND,TX,77078,48201,Harris County,8233,34965.1,1.4029,5.7,51.33,0,86,671625,671625.0,2331678.3,7809.593023255814,7809.593023255814,105,19,81.9,74.67,4.2469,57.33,45.5,42.24,ADEQUATE,19,0.012258,0.014996,6.3,24.7,95.73
1800001250,EDWARDS OLIVIA,Psychiatry,Mental Health Disorders,Child & Adolescent Psychiatry,No,COMMUNITY MENTAL HEALTH CENTER - KATY,TX,77047,48201,Harris County,9857,25392.8,2.1812,4.5,77.59,0,86,671625,671625.0,2331678.3,7809.593023255814,7809.593023255814,105,19,81.9,74.67,2.5761,57.33,45.5,42.24,ADEQUATE,19,0.014676,0.01089,45.15,13.9,114.62
1800001251,MORGAN EMILY,Psychiatry,Mental Health Disorders,Child & Adolescent Psychiatry,Yes,COMMUNITY MENTAL HEALTH CENTER - PASADENA,TX,77035,48201,Harris County,8211,24827.6,1.7021,4.4,80.44,1,86,671625,671625.0,2331678.3,7809.593023255814,7809.593023255814,105,19,81.9,74.67,3.0237,57.33,45.5,42.24,ADEQUATE,19,0.012226,0.010648,15.7,12.88,95.48
1800001252,WHITE DANIEL,Psychiatry,Mental Health Disorders,Behavioral Health,Yes,PSYCHIATRY CARE ASSOCIATES - PASADENA,TX,77070,48201,Harris County,6848,20543.8,2.3218,6.1,66.03,1,86,671625,671625.0,2331678.3,7809.593023255814,7809.593023255814,105,19,81.9,74.67,3.0,57.33,45.5,42.24,ADEQUATE,19,0.010196,0.008811,54.85,28.38,79.63
1800001253,FOSTER KARAN,Psychiatry,Mental Health Disorders,Child & Adolescent Psychiatry,No,BEHAVIORAL HEALTH PARTNERS - SUGAR LAND,TX,77071,48201,Harris County,8103,32377.0,1.495,6.4,79.85,0,86,671625,671625.0,2331678.3,7809.593023255814,7809.593023255814,105,19,81.9,74.67,3.9957,57.33,45.5,42.24,ADEQUATE,19,0.012065,0.013886,8.5,30.63,94.22
1800001254,PARKER RAHUL,Psychiatry,Mental Health Disorders,Addiction Medicine,Yes,PSYCHIATRY CARE ASSOCIATES - SUGAR LAND,TX,77050,48201,Harris County,5457,19021.6,1.9468,9.7,69.97,1,86,671625,671625.0,2331678.3,7809.593023255814,7809.593023255814,105,19,81.9,74.67,3.4857,57.33,45.5,42.24,ADEQUATE,19,0.008125,0.008158,28.0,58.92,63.45
1800001255,WILSON SOPHIA,Psychiatry,Mental Health Disorders,Child & Adolescent Psychiatry,Yes,COMMUNITY MENTAL HEALTH CENTER - KATY,TX,77090,48201,Harris County,6860,23102.5,2.7073,7.7,54.69,1,86,671625,671625.0,2331678.3,7809.593023255814,7809.593023255814,105,19,81.9,74.67,3.3677,57.33,45.5,42.24,ADEQUATE,19,0.010214,0.009908,78.8,42.3,79.77
1800001256,GOMEZ FATIMA,Psychiatry,Mental Health Disorders,Behavioral Health,Yes,BEHAVIORAL HEALTH PARTNERS - PASADENA,TX,77083,48201,Harris County,5927,14559.9,2.5611,4.8,75.13,1,86,671625,671625.0,2331678.3,7809.593023255814,7809.593023255814,105,19,81.9,74.67,2.4565,57.33,45.5,42.24,ADEQUATE,19,0.008825,0.006244,70.5,16.95,68.92
1800001257,REED MAYA,Psychiatry,Mental Health Disorders,Child & Adolescent Psychiatry,No,PSYCHIATRY CARE ASSOCIATES - HOUSTON,TX,77046,48201,Harris County,9207,28535.3,2.7278,13.8,29.13,0,86,671625,671625.0,2331678.3,7809.593023255814,7809.593023255814,105,19,81.9,74.67,3.0993,57.33,45.5,42.24,ADEQUATE,19,0.013709,0.012238,80.2,94.9,107.06
1800001258,YOUNG THOMAS,Psychiatry,Mental Health Disorders,Addiction Medicine,Yes,PSYCHIATRY CARE ASSOCIATES - KATY,TX,77042,48201,Harris County,8803,36151.9,2.5318,8.7,52.65,1,86,671625,671625.0,2331678.3,7809.593023255814,7809.593023255814,105,19,81.9,74.67,4.1068,57.33,45.5,42.24,ADEQUATE,19,0.013107,0.015505,68.65,50.5,102.36
1800001259,JACKSON AMELIA,Psychiatry,Mental Health Disorders,Child & Adolescent Psychiatry,No,COMMUNITY MENTAL HEALTH CENTER - HOUSTON,TX,77005,48201,Harris County,7614,32993.9,2.7143,12.3,63.93,0,86,671625,671625.0,2331678.3,7809.593023255814,7809.593023255814,105,19,81.9,74.67,4.3333,57.33,45.5,42.24,ADEQUATE,19,0.011337,0.01415,79.2,82.12,88.53
1800001260,ROBERTS HANNAH,Psychiatry,Mental Health Disorders,Child & Adolescent Psychiatry,Yes,BEHAVIORAL HEALTH PARTNERS - SUGAR LAND,TX,77089,48201,Harris County,9451,37381.7,0.9,6.2,54.9,1,86,671625,671625.0,2331678.3,7809.593023255814,7809.593023255814,105,19,81.9,74.67,3.9553,57.33,45.5,42.24,ADEQUATE,19,0.014072,0.016032,0.32,29.12,109.9
1800001261,ANDERSON NADIA,Psychiatry,Mental Health Disorders,Addiction Medicine,Yes,BEHAVIORAL HEALTH PARTNERS - HOUSTON,TX,77031,48201,Harris County,6684,31654.5,1.873,6.0,55.79,1,86,671625,671625.0,2331678.3,7809.593023255814,7809.593023255814,105,19,81.9,74.67,4.7359,57.33,45.5,42.24,ADEQUATE,19,0.009952,0.013576,23.42,27.55,77.72
1800001262,KIM WILLIAM,Psychiatry,Mental Health Disorders,Behavioral Health,Yes,COMMUNITY MENTAL HEALTH CENTER - PASADENA,TX,77019,48201,Harris County,10157,41130.8,2.6754,10.7,55.76,1,86,671625,671625.0,2331678.3,7809.593023255814,7809.593023255814,105,19,81.9,74.67,4.0495,57.33,45.5,42.24,ADEQUATE,19,0.015123,0.01764,77.0,67.7,118.1
1800001263,TAYLOR BENJAMIN,Psychiatry,Mental Health Disorders,Child & Adolescent Psychiatry,Yes,COMMUNITY MENTAL HEALTH CENTER - SUGAR LAND,TX,77093,48201,Harris County,7052,19624.1,2.3985,6.7,41.6,1,86,671625,671625.0,2331678.3,7809.593023255814,7809.593023255814,105,19,81.9,74.67,2.7828,57.33,45.5,42.24,ADEQUATE,19,0.0105,0.008416,59.6,33.12,82.0
1800001264,BROWN JAMES,Psychiatry,Mental Health Disorders,Child & Adolescent Psychiatry,Yes,BEHAVIORAL HEALTH PARTNERS - HOUSTON,TX,77022,48201,Harris County,7755,20425.2,1.8989,9.4,70.67,1,86,671625,671625.0,2331678.3,7809.593023255814,7809.593023255814,105,19,81.9,74.67,2.6338,57.33,45.5,42.24,ADEQUATE,19,0.011547,0.00876,25.3,56.2,90.17
1800001265,MARTIN OLIVIA,Psychiatry,Mental Health Disorders,Addiction Medicine,No,BEHAVIORAL HEALTH PARTNERS - KATY,TX,77037,48201,Harris County,7732,33909.4,1.8688,8.0,56.27,0,86,671625,671625.0,2331678.3,7809.593023255814,7809.593023255814,105,19,81.9,74.67,4.3856,57.33,45.5,42.24,ADEQUATE,19,0.011512,0.014543,23.2,45.08,89.91
1800001266,THOMPSON EMILY,Psychiatry,Mental Health Disorders,Addiction Medicine,No,PSYCHIATRY CARE ASSOCIATES - KATY,TX,77073,48201,Harris County,9889,41508.9,1.438,4.8,64.66,0,86,671625,671625.0,2331678.3,7809.593023255814,7809.593023255814,105,19,81.9,74.67,4.1975,57.33,45.5,42.24,ADEQUATE,19,0.014724,0.017802,7.2,16.95,114.99
1800001267,CLARK DANIEL,Psychiatry,Mental Health Disorders,Addiction Medicine,Yes,PSYCHIATRY CARE ASSOCIATES - HOUSTON,TX,77063,48201,Harris County,6890,29929.4,2.3404,13.1,55.35,1,86,671625,671625.0,2331678.3,7809.593023255814,7809.593023255814,105,19,81.9,74.67,4.3439,57.33,45.5,42.24,ADEQUATE,19,0.010259,0.012836,56.0,89.58,80.12
1800001268,MITCHELL KARAN,Psychiatry,Mental Health Disorders,Behavioral Health,Yes,COMMUNITY MENTAL HEALTH CENTER - SUGAR LAND,TX,77065,48201,Harris County,6072,21080.5,2.869,7.7,60.3,1,86,671625,671625.0,2331678.3,7809.593023255814,7809.593023255814,105,19,81.9,74.67,3.4718,57.33,45.5,42.24,ADEQUATE,19,0.009041,0.009041,86.65,42.3,70.6
1800001269,WALKER RAHUL,Psychiatry,Mental Health Disorders,Addiction Medicine,No,COMMUNITY MENTAL HEALTH CENTER - HOUSTON,TX,77070,48201,Harris County,5835,19781.4,2.4235,6.2,76.44,0,86,671625,671625.0,2331678.3,7809.593023255814,7809.593023255814,105,19,81.9,74.67,3.3901,57.33,45.5,42.24,ADEQUATE,19,0.008688,0.008484,61.45,29.12,67.85
1800001270,EDWARDS SOPHIA,Psychiatry,Mental Health Disorders,Child & Adolescent Psychiatry,No,PSYCHIATRY CARE ASSOCIATES - KATY,TX,77044,48201,Harris County,8865,30970.5,2.3608,7.8,60.48,0,86,671625,671625.0,2331678.3,7809.593023255814,7809.593023255814,105,19,81.9,74.67,3.4936,57.33,45.5,42.24,ADEQUATE,19,0.013199,0.013282,57.25,43.2,103.08
1800001271,MORGAN FATIMA,Psychiatry,Mental Health Disorders,Behavioral Health,Yes,COMMUNITY MENTAL HEALTH CENTER - PASADENA,TX,77008,48201,Harris County,7020,28311.4,2.9493,14.3,81.79,1,86,671625,671625.0,2331678.3,7809.593023255814,7809.593023255814,105,19,81.9,74.67,4.033,57.33,45.5,42.24,ADEQUATE,19,0.010452,0.012142,89.65,98.35,81.63
1800001272,WHITE MAYA,Psychiatry,Mental Health Disorders,Addiction Medicine,Yes,BEHAVIORAL HEALTH PARTNERS - KATY,TX,77008,48201,Harris County,6518,26524.4,2.5721,11.1,79.2,1,86,671625,671625.0,2331678.3,7809.593023255814,7809.593023255814,105,19,81.9,74.67,4.0694,57.33,45.5,42.24,ADEQUATE,19,0.009705,0.011376,71.45,70.97,75.79
1800001273,FOSTER THOMAS,Psychiatry,Mental Health Disorders,Addiction Medicine,No,COMMUNITY MENTAL HEALTH CENTER - HOUSTON,TX,77052,48201,Harris County,6918,17237.1,1.6653,6.5,56.6,0,86,671625,671625.0,2331678.3,7809.593023255814,7809.593023255814,105,19,81.9,74.67,2.4916,57.33,45.5,42.24,ADEQUATE,19,0.0103,0.007393,14.3,31.42,80.44
1800001274,PARKER AMELIA,Psychiatry,Mental Health Disorders,Child & Adolescent Psychiatry,No,BEHAVIORAL HEALTH PARTNERS - SUGAR LAND,TX,77057,48201,Harris County,6629,19630.3,2.1028,10.9,56.27,0,86,671625,671625.0,2331678.3,7809.593023255814,7809.593023255814,105,19,81.9,74.67,2.9613,57.33,45.5,42.24,ADEQUATE,19,0.00987,0.008419,39.1,69.27,77.08
1800001275,WILSON HANNAH,Psychiatry,Mental Health Disorders,Child & Adolescent Psychiatry,Yes,PSYCHIATRY CARE ASSOCIATES - SUGAR LAND,TX,77051,48201,Harris County,7511,34236.3,2.0813,11.0,53.0,1,86,671625,671625.0,2331678.3,7809.593023255814,7809.593023255814,105,19,81.9,74.67,4.5582,57.33,45.5,42.24,ADEQUATE,19,0.011183,0.014683,37.6,70.08,87.34
1800001276,GOMEZ NADIA,Psychiatry,Mental Health Disorders,Child & Adolescent Psychiatry,Yes,COMMUNITY MENTAL HEALTH CENTER - PASADENA,TX,77040,48201,Harris County,7443,35235.0,2.8749,8.7,20.46,1,86,671625,671625.0,2331678.3,7809.593023255814,7809.593023255814,105,19,81.9,74.67,4.734,57.33,45.5,42.24,ADEQUATE,19,0.011082,0.015111,86.95,50.5,86.55
1800001277,EDWARDS SOPHIA,Pulmonary,Respiratory Disease,Sleep Medicine,Yes,PULMONARY & SLEEP CENTER - PASADENA,TX,77085,48201,Harris County,3392,11877.9,2.2787,14.0,49.53,1,99,498597,498597.0,1750506.4,5036.333333333333,5036.333333333333,78,0,100.0,14.67,3.5017,42.67,53.06,18.03,ADEQUATE,0,0.006803,0.006785,52.15,96.25,34.26
1800001278,MORGAN FATIMA,Pulmonary,Respiratory Disease,Sleep Medicine,No,PULMONARY & SLEEP CENTER - PASADENA,TX,77091,48201,Harris County,3658,17536.9,2.5529,13.3,73.71,0,99,498597,498597.0,1750506.4,5036.333333333333,5036.333333333333,78,0,100.0,14.67,4.7941,42.67,53.06,18.03,ADEQUATE,0,0.007337,0.010018,70.1,91.12,36.95
1800001279,WHITE MAYA,Pulmonary,Respiratory Disease,Critical Care Medicine,No,RESPIRATORY CARE GROUP - KATY,TX,77084,48201,Harris County,4671,15766.6,2.0088,12.4,35.89,0,99,498597,498597.0,1750506.4,5036.333333333333,5036.333333333333,78,0,100.0,14.67,3.3754,42.67,53.06,18.03,ADEQUATE,0,0.009368,0.009007,32.2,83.0,47.18
1800001280,FOSTER THOMAS,Pulmonary,Respiratory Disease,Sleep Medicine,No,LUNG HEALTH SPECIALISTS - SUGAR LAND,TX,77075,48201,Harris County,4588,20334.8,1.8793,7.1,52.56,0,99,498597,498597.0,1750506.4,5036.333333333333,5036.333333333333,78,0,100.0,14.67,4.4322,42.67,53.06,18.03,ADEQUATE,0,0.009202,0.011617,23.92,37.05,46.34
1800001281,PARKER AMELIA,Pulmonary,Respiratory Disease,Critical Care Medicine,Yes,LUNG HEALTH SPECIALISTS - KATY,TX,77078,48201,Harris County,5455,16630.2,2.0893,11.4,71.0,1,99,498597,498597.0,1750506.4,5036.333333333333,5036.333333333333,78,0,100.0,14.67,3.0486,42.67,53.06,18.03,ADEQUATE,0,0.010941,0.0095,38.15,73.5,55.1
1800001282,WILSON HANNAH,Pulmonary,Respiratory Disease,Sleep Medicine,No,LUNG HEALTH SPECIALISTS - HOUSTON,TX,77086,48201,Harris County,5077,18435.7,1.8496,13.9,63.77,0,99,498597,498597.0,1750506.4,5036.333333333333,5036.333333333333,78,0,100.0,14.67,3.6312,42.67,53.06,18.03,ADEQUATE,0,0.010183,0.010532,22.2,95.48,51.28
1800001283,GOMEZ NADIA,Pulmonary,Respiratory Disease,Internal Medicine,Yes,RESPIRATORY CARE GROUP - PASADENA,TX,77090,48201,Harris County,4089,16846.9,2.3176,3.0,46.92,1,99,498597,498597.0,1750506.4,5036.333333333333,5036.333333333333,78,0,100.0,14.67,4.1201,42.67,53.06,18.03,ADEQUATE,0,0.008201,0.009624,54.62,0.3,41.3
1800001284,REED WILLIAM,Pulmonary,Respiratory Disease,Critical Care Medicine,Yes,RESPIRATORY CARE GROUP - HOUSTON,TX,77067,48201,Harris County,5673,14526.0,1.9531,6.0,90.29,1,99,498597,498597.0,1750506.4,5036.333333333333,5036.333333333333,78,0,100.0,14.67,2.5605,42.67,53.06,18.03,ADEQUATE,0,0.011378,0.008298,28.42,27.55,57.3
1800001285,YOUNG BENJAMIN,Pulmonary,Respiratory Disease,Critical Care Medicine,Yes,LUNG HEALTH SPECIALISTS - HOUSTON,TX,77063,48201,Harris County,5115,15858.1,1.6362,5.4,46.72,1,99,498597,498597.0,1750506.4,5036.333333333333,5036.333333333333,78,0,100.0,14.67,3.1003,42.67,53.06,18.03,ADEQUATE,0,0.010259,0.009059,12.9,22.45,51.67
1800001286,JACKSON JAMES,Pulmonary,Respiratory Disease,Critical Care Medicine,No,LUNG HEALTH SPECIALISTS - HOUSTON,TX,77051,48201,Harris County,4976,15084.1,1.8345,7.8,45.38,0,99,498597,498597.0,1750506.4,5036.333333333333,5036.333333333333,78,0,100.0,14.67,3.0314,42.67,53.06,18.03,ADEQUATE,0,0.00998,0.008617,21.52,43.2,50.26
1800001287,ROBERTS OLIVIA,Pulmonary,Respiratory Disease,Critical Care Medicine,Yes,RESPIRATORY CARE GROUP - HOUSTON,TX,77055,48201,Harris County,5939,28416.8,2.3937,13.4,66.53,1,99,498597,498597.0,1750506.4,5036.333333333333,5036.333333333333,78,0,100.0,14.67,4.7848,42.67,53.06,18.03,ADEQUATE,0,0.011911,0.016233,59.25,91.75,59.99
1800001288,ANDERSON EMILY,Pulmonary,Respiratory Disease,Internal Medicine,No,RESPIRATORY CARE GROUP - HOUSTON,TX,77079,48201,Harris County,6090,17445.9,1.2355,5.5,56.04,0,99,498597,498597.0,1750506.4,5036.333333333333,5036.333333333333,78,0,100.0,14.67,2.8647,42.67,53.06,18.03,ADEQUATE,0,0.012214,0.009966,3.45,23.2,61.52
1800001289,KIM DANIEL,Pulmonary,Respiratory Disease,Sleep Medicine,No,PULMONARY & SLEEP CENTER - KATY,TX,77051,48201,Harris County,5119,23993.9,1.8928,5.8,37.27,0,99,498597,498597.0,1750506.4,5036.333333333333,5036.333333333333,78,0,100.0,14.67,4.6872,42.67,53.06,18.03,ADEQUATE,0,0.010267,0.013707,24.9,25.48,51.71
1800001290,TAYLOR KARAN,Pulmonary,Respiratory Disease,Sleep Medicine,Yes,RESPIRATORY CARE GROUP - HOUSTON,TX,77010,48201,Harris County,6101,23456.1,1.3864,12.0,11.94,1,99,498597,498597.0,1750506.4,5036.333333333333,5036.333333333333,78,0,100.0,14.67,3.8446,42.67,53.06,18.03,ADEQUATE,0,0.012236,0.0134,5.8,79.45,61.63
1800001291,BROWN RAHUL,Pulmonary,Respiratory Disease,Sleep Medicine,Yes,PULMONARY & SLEEP CENTER - SUGAR LAND,TX,77051,48201,Harris County,4818,21163.8,3.067,3.3,62.0,1,99,498597,498597.0,1750506.4,5036.333333333333,5036.333333333333,78,0,100.0,14.67,4.3927,42.67,53.06,18.03,ADEQUATE,0,0.009663,0.01209,93.25,3.08,48.67
1800001292,MARTIN SOPHIA,Pulmonary,Respiratory Disease,Critical Care Medicine,Yes,LUNG HEALTH SPECIALISTS - PASADENA,TX,77097,48201,Harris County,4487,18180.8,2.1303,11.2,54.97,1,99,498597,498597.0,1750506.4,5036.333333333333,5036.333333333333,78,0,100.0,14.67,4.0519,42.67,53.06,18.03,ADEQUATE,0,0.008999,0.010386,41.05,71.95,45.32
1800001293,THOMPSON FATIMA,Pulmonary,Respiratory Disease,Critical Care Medicine,Yes,LUNG HEALTH SPECIALISTS - KATY,TX,77077,48201,Harris County,3524,8695.4,2.9226,10.4,50.58,1,99,498597,498597.0,1750506.4,5036.333333333333,5036.333333333333,78,0,100.0,14.67,2.4675,42.67,53.06,18.03,ADEQUATE,0,0.007068,0.004967,88.5,64.95,35.6
1800001294,CLARK MAYA,Pulmonary,Respiratory Disease,Critical Care Medicine,No,LUNG HEALTH SPECIALISTS - HOUSTON,TX,77051,48201,Harris County,4024,10588.4,2.2996,6.6,51.68,0,99,498597,498597.0,1750506.4,5036.333333333333,5036.333333333333,78,0,100.0,14.67,2.6313,42.67,53.06,18.03,ADEQUATE,0,0.008071,0.006049,53.32,32.25,40.65
1800001295,MITCHELL THOMAS,Pulmonary,Respiratory Disease,Critical Care Medicine,No,PULMONARY & SLEEP CENTER - PASADENA,TX,77056,48201,Harris County,5043,14209.8,1.8535,11.8,49.63,0,99,498597,498597.0,1750506.4,5036.333333333333,5036.333333333333,78,0,100.0,14.67,2.8177,42.67,53.06,18.03,ADEQUATE,0,0.010114,0.008118,22.4,77.4,50.94
1800001296,WALKER AMELIA,Pulmonary,Respiratory Disease,Internal Medicine,Yes,LUNG HEALTH SPECIALISTS - HOUSTON,TX,77012,48201,Harris County,3688,8901.3,2.5008,12.2,57.63,1,99,498597,498597.0,1750506.4,5036.333333333333,5036.333333333333,78,0,100.0,14.67,2.4136,42.67,53.06,18.03,ADEQUATE,0,0.007397,0.005085,67.15,81.25,37.25
1800001297,EDWARDS HANNAH,Pulmonary,Respiratory Disease,Critical Care Medicine,Yes,PULMONARY & SLEEP CENTER - HOUSTON,TX,77092,48201,Harris County,6622,22288.8,2.131,5.9,84.37,1,99,498597,498597.0,1750506.4,5036.333333333333,5036.333333333333,78,0,100.0,14.67,3.3659,42.67,53.06,18.03,ADEQUATE,0,0.013281,0.012733,41.1,26.48,66.89
1800001298,MORGAN NADIA,Pulmonary,Respiratory Disease,Sleep Medicine,No,RESPIRATORY CARE GROUP - KATY,TX,77049,48201,Harris County,5150,16649.6,2.5252,6.9,61.47,0,99,498597,498597.0,1750506.4,5036.333333333333,5036.333333333333,78,0,100.0,14.67,3.2329,42.67,53.06,18.03,ADEQUATE,0,0.010329,0.009511,68.27,35.1,52.02
1800001299,WHITE WILLIAM,Pulmonary,Respiratory Disease,Critical Care Medicine,Yes,RESPIRATORY CARE GROUP - KATY,TX,77018,48201,Harris County,4233,19909.1,2.7067,10.4,60.02,1,99,498597,498597.0,1750506.4,5036.333333333333,5036.333333333333,78,0,100.0,14.67,4.7033,42.67,53.06,18.03,ADEQUATE,0,0.00849,0.011373,78.75,64.95,42.76
1800001300,FOSTER BENJAMIN,Pulmonary,Respiratory Disease,Sleep Medicine,Yes,RESPIRATORY CARE GROUP - PASADENA,TX,77097,48201,Harris County,4009,10739.2,3.4255,13.7,88.92,1,99,498597,498597.0,1750506.4,5036.333333333333,5036.333333333333,78,0,100.0,14.67,2.6788,42.67,53.06,18.03,ADEQUATE,0,0.008041,0.006135,98.25,94.25,40.49
1800001301,PARKER JAMES,Pulmonary,Respiratory Disease,Sleep Medicine,Yes,RESPIRATORY CARE GROUP - HOUSTON,TX,77010,48201,Harris County,3873,9987.1,3.0484,14.3,33.51,1,99,498597,498597.0,1750506.4,5036.333333333333,5036.333333333333,78,0,100.0,14.67,2.5786,42.67,53.06,18.03,ADEQUATE,0,0.007768,0.005705,93.05,98.35,39.12
1800001302,WILSON OLIVIA,Pulmonary,Respiratory Disease,Sleep Medicine,No,LUNG HEALTH SPECIALISTS - HOUSTON,TX,77055,48201,Harris County,4530,11743.0,2.1615,5.3,43.44,0,99,498597,498597.0,1750506.4,5036.333333333333,5036.333333333333,78,0,100.0,14.67,2.5923,42.67,53.06,18.03,ADEQUATE,0,0.009085,0.006708,43.6,21.45,45.76
1800001303,GOMEZ EMILY,Pulmonary,Respiratory Disease,Critical Care Medicine,Yes,RESPIRATORY CARE GROUP - KATY,TX,77069,48201,Harris County,5992,18757.7,2.1032,8.0,90.87,1,99,498597,498597.0,1750506.4,5036.333333333333,5036.333333333333,78,0,100.0,14.67,3.1305,42.67,53.06,18.03,ADEQUATE,0,0.012018,0.010716,39.15,45.08,60.53
1800001304,REED DANIEL,Pulmonary,Respiratory Disease,Sleep Medicine,Yes,PULMONARY & SLEEP CENTER - HOUSTON,TX,77070,48201,Harris County,5514,14639.0,2.128,6.7,98.0,1,99,498597,498597.0,1750506.4,5036.333333333333,5036.333333333333,78,0,100.0,14.67,2.6549,42.67,53.06,18.03,ADEQUATE,0,0.011059,0.008363,40.9,33.12,55.7
1800001305,YOUNG KARAN,Pulmonary,Respiratory Disease,Critical Care Medicine,Yes,LUNG HEALTH SPECIALISTS - PASADENA,TX,77005,48201,Harris County,4262,10573.3,2.1376,9.0,48.25,1,99,498597,498597.0,1750506.4,5036.333333333333,5036.333333333333,78,0,100.0,14.67,2.4808,42.67,53.06,18.03,ADEQUATE,0,0.008548,0.00604,41.55,52.6,43.05
1800001306,JACKSON RAHUL,Pulmonary,Respiratory Disease,Critical Care Medicine,No,RESPIRATORY CARE GROUP - SUGAR LAND,TX,77080,48201,Harris County,4340,16846.0,2.0836,7.8,71.43,0,99,498597,498597.0,1750506.4,5036.333333333333,5036.333333333333,78,0,100.0,14.67,3.8816,42.67,53.06,18.03,ADEQUATE,0,0.008704,0.009624,37.75,43.2,43.84
1800001307,ROBERTS SOPHIA,Pulmonary,Respiratory Disease,Internal Medicine,No,PULMONARY & SLEEP CENTER - KATY,TX,77087,48201,Harris County,6014,19917.1,2.5559,4.2,69.25,0,99,498597,498597.0,1750506.4,5036.333333333333,5036.333333333333,78,0,100.0,14.67,3.3118,42.67,53.06,18.03,ADEQUATE,0,0.012062,0.011378,70.3,11.2,60.75
1800001308,ANDERSON FATIMA,Pulmonary,Respiratory Disease,Sleep Medicine,Yes,PULMONARY & SLEEP CENTER - PASADENA,TX,77004,48201,Harris County,5594,16776.5,2.411,10.4,52.22,1,99,498597,498597.0,1750506.4,5036.333333333333,5036.333333333333,78,0,100.0,14.67,2.999,42.67,53.06,18.03,ADEQUATE,0,0.011219,0.009584,60.7,64.95,56.51
1800001309,KIM MAYA,Pulmonary,Respiratory Disease,Critical Care Medicine,No,PULMONARY & SLEEP CENTER - SUGAR LAND,TX,77071,48201,Harris County,6436,22574.2,3.0051,12.8,72.07,0,99,498597,498597.0,1750506.4,5036.333333333333,5036.333333333333,78,0,100.0,14.67,3.5075,42.67,53.06,18.03,ADEQUATE,0,0.012908,0.012896,91.4,87.05,65.01
1800001310,TAYLOR THOMAS,Pulmonary,Respiratory Disease,Sleep Medicine,Yes,RESPIRATORY CARE GROUP - SUGAR LAND,TX,77044,48201,Harris County,5839,16257.0,1.9567,8.0,54.21,1,99,498597,498597.0,1750506.4,5036.333333333333,5036.333333333333,78,0,100.0,14.67,2.7842,42.67,53.06,18.03,ADEQUATE,0,0.011711,0.009287,28.75,45.08,58.98
1800001311,BROWN AMELIA,Pulmonary,Respiratory Disease,Sleep Medicine,Yes,PULMONARY & SLEEP CENTER - HOUSTON,TX,77091,48201,Harris County,4693,22151.4,2.1731,13.6,55.8,1,99,498597,498597.0,1750506.4,5036.333333333333,5036.333333333333,78,0,100.0,14.67,4.7201,42.67,53.06,18.03,ADEQUATE,0,0.009412,0.012654,44.55,93.52,47.4
1800001312,MARTIN HANNAH,Pulmonary,Respiratory Disease,Sleep Medicine,Yes,RESPIRATORY CARE GROUP - KATY,TX,77054,48201,Harris County,5616,23346.2,2.0284,6.9,57.45,1,99,498597,498597.0,1750506.4,5036.333333333333,5036.333333333333,78,0,100.0,14.67,4.1571,42.67,53.06,18.03,ADEQUATE,0,0.011264,0.013337,33.65,35.1,56.73
1800001313,THOMPSON NADIA,Pulmonary,Respiratory Disease,Internal Medicine,Yes,LUNG HEALTH SPECIALISTS - HOUSTON,TX,77006,48201,Harris County,3419,14110.4,2.568,7.2,78.88,1,99,498597,498597.0,1750506.4,5036.333333333333,5036.333333333333,78,0,100.0,14.67,4.1271,42.67,53.06,18.03,ADEQUATE,0,0.006857,0.008061,71.0,38.15,34.54
1800001314,CLARK WILLIAM,Pulmonary,Respiratory Disease,Sleep Medicine,No,RESPIRATORY CARE GROUP - KATY,TX,77091,48201,Harris County,4965,17773.1,2.2942,3.8,19.68,0,99,498597,498597.0,1750506.4,5036.333333333333,5036.333333333333,78,0,100.0,14.67,3.5797,42.67,53.06,18.03,ADEQUATE,0,0.009958,0.010153,53.05,7.45,50.15
1800001315,MITCHELL BENJAMIN,Pulmonary,Respiratory Disease,Critical Care Medicine,Yes,RESPIRATORY CARE GROUP - PASADENA,TX,77083,48201,Harris County,5692,14567.6,1.8311,10.8,66.93,1,99,498597,498597.0,1750506.4,5036.333333333333,5036.333333333333,78,0,100.0,14.67,2.5593,42.67,53.06,18.03,ADEQUATE,0,0.011416,0.008322,21.25,68.47,57.49
1800001316,WALKER JAMES,Pulmonary,Respiratory Disease,Internal Medicine,Yes,RESPIRATORY CARE GROUP - HOUSTON,TX,77019,48201,Harris County,4483,15977.1,2.9224,3.4,72.49,1,99,498597,498597.0,1750506.4,5036.333333333333,5036.333333333333,78,0,100.0,14.67,3.5639,42.67,53.06,18.03,ADEQUATE,0,0.008991,0.009127,88.45,3.98,45.28
1800001317,EDWARDS OLIVIA,Pulmonary,Respiratory Disease,Critical Care Medicine,Yes,RESPIRATORY CARE GROUP - HOUSTON,TX,77099,48201,Harris County,4484,17988.3,3.2915,11.5,50.19,1,99,498597,498597.0,1750506.4,5036.333333333333,5036.333333333333,78,0,100.0,14.67,4.0117,42.67,53.06,18.03,ADEQUATE,0,0.008993,0.010276,97.0,74.52,45.29
1800001318,MORGAN EMILY,Pulmonary,Respiratory Disease,Sleep Medicine,Yes,PULMONARY & SLEEP CENTER - KATY,TX,77020,48201,Harris County,5522,23331.0,2.4988,10.5,41.09,1,99,498597,498597.0,1750506.4,5036.333333333333,5036.333333333333,78,0,100.0,14.67,4.2251,42.67,53.06,18.03,ADEQUATE,0,0.011075,0.013328,66.9,65.92,55.78
1800001319,WHITE DANIEL,Pulmonary,Respiratory Disease,Internal Medicine,Yes,LUNG HEALTH SPECIALISTS - HOUSTON,TX,77034,48201,Harris County,6128,18361.4,2.5416,9.7,70.3,1,99,498597,498597.0,1750506.4,5036.333333333333,5036.333333333333,78,0,100.0,14.67,2.9963,42.67,53.06,18.03,ADEQUATE,0,0.01229,0.010489,69.23,58.92,61.9
1800001320,FOSTER KARAN,Pulmonary,Respiratory Disease,Sleep Medicine,No,PULMONARY & SLEEP CENTER - PASADENA,TX,77040,48201,Harris County,3679,16921.1,1.9221,8.2,57.91,0,99,498597,498597.0,1750506.4,5036.333333333333,5036.333333333333,78,0,100.0,14.67,4.5994,42.67,53.06,18.03,ADEQUATE,0,0.007379,0.009666,26.7,46.48,37.16
1800001321,PARKER RAHUL,Pulmonary,Respiratory Disease,Critical Care Medicine,Yes,PULMONARY & SLEEP CENTER - SUGAR LAND,TX,77022,48201,Harris County,6467,26758.4,2.6174,6.2,68.25,1,99,498597,498597.0,1750506.4,5036.333333333333,5036.333333333333,78,0,100.0,14.67,4.1377,42.67,53.06,18.03,ADEQUATE,0,0.01297,0.015286,74.0,29.12,65.32
1800001322,WILSON SOPHIA,Pulmonary,Respiratory Disease,Critical Care Medicine,Yes,RESPIRATORY CARE GROUP - KATY,TX,77012,48201,Harris County,6437,18613.2,2.156,7.7,66.12,1,99,498597,498597.0,1750506.4,5036.333333333333,5036.333333333333,78,0,100.0,14.67,2.8916,42.67,53.06,18.03,ADEQUATE,0,0.01291,0.010633,42.9,42.3,65.02
1800001323,GOMEZ FATIMA,Pulmonary,Respiratory Disease,Internal Medicine,Yes,RESPIRATORY CARE GROUP - SUGAR LAND,TX,77040,48201,Harris County,4427,10945.6,2.6166,14.2,67.39,1,99,498597,498597.0,1750506.4,5036.333333333333,5036.333333333333,78,0,100.0,14.67,2.4725,42.67,53.06,18.03,ADEQUATE,0,0.008879,0.006253,73.9,97.62,44.72
1800001324,REED MAYA,Pulmonary,Respiratory Disease,Critical Care Medicine,No,RESPIRATORY CARE GROUP - SUGAR LAND,TX,77028,48201,Harris County,6112,15489.0,2.8179,11.6,64.77,0,99,498597,498597.0,1750506.4,5036.333333333333,5036.333333333333,78,0,100.0,14.67,2.5342,42.67,53.06,18.03,ADEQUATE,0,0.012258,0.008848,84.4,75.5,61.74
1800001325,YOUNG THOMAS,Pulmonary,Respiratory Disease,Sleep Medicine,Yes,PULMONARY & SLEEP CENTER - KATY,TX,77091,48201,Harris County,5179,20434.6,2.5933,12.6,41.29,1,99,498597,498597.0,1750506.4,5036.333333333333,5036.333333333333,78,0,100.0,14.67,3.9457,42.67,53.06,18.03,ADEQUATE,0,0.010387,0.011674,72.5,85.0,52.31
1800001326,JACKSON AMELIA,Pulmonary,Respiratory Disease,Internal Medicine,No,RESPIRATORY CARE GROUP - PASADENA,TX,77077,48201,Harris County,5760,25757.6,2.2715,9.5,37.09,0,99,498597,498597.0,1750506.4,5036.333333333333,5036.333333333333,78,0,100.0,14.67,4.4718,42.67,53.06,18.03,ADEQUATE,0,0.011552,0.014714,51.4,57.0,58.18
1800001327,ROBERTS HANNAH,Pulmonary,Respiratory Disease,Critical Care Medicine,Yes,LUNG HEALTH SPECIALISTS - KATY,TX,77069,48201,Harris County,4454,18382.2,2.9754,12.9,47.17,1,99,498597,498597.0,1750506.4,5036.333333333333,5036.333333333333,78,0,100.0,14.67,4.1271,42.67,53.06,18.03,ADEQUATE,0,0.008933,0.010501,90.4,87.95,44.99
1800001328,ANDERSON NADIA,Pulmonary,Respiratory Disease,Critical Care Medicine,Yes,RESPIRATORY CARE GROUP - PASADENA,TX,77034,48201,Harris County,4099,17037.5,2.5682,11.4,49.04,1,99,498597,498597.0,1750506.4,5036.333333333333,5036.333333333333,78,0,100.0,14.67,4.1565,42.67,53.06,18.03,ADEQUATE,0,0.008221,0.009733,71.08,73.5,41.4
1800001329,KIM WILLIAM,Pulmonary,Respiratory Disease,Critical Care Medicine,Yes,PULMONARY & SLEEP CENTER - KATY,TX,77032,48201,Harris County,3638,10329.5,2.4164,8.6,24.76,1,99,498597,498597.0,1750506.4,5036.333333333333,5036.333333333333,78,0,100.0,14.67,2.8393,42.67,53.06,18.03,ADEQUATE,0,0.007296,0.005901,61.05,49.78,36.75
1800001330,TAYLOR BENJAMIN,Pulmonary,Respiratory Disease,Critical Care Medicine,No,RESPIRATORY CARE GROUP - PASADENA,TX,77050,48201,Harris County,6741,23904.2,2.9477,8.8,61.6,0,99,498597,498597.0,1750506.4,5036.333333333333,5036.333333333333,78,0,100.0,14.67,3.5461,42.67,53.06,18.03,ADEQUATE,0,0.01352,0.013656,89.55,51.25,68.09
1800001331,BROWN JAMES,Pulmonary,Respiratory Disease,Critical Care Medicine,Yes,RESPIRATORY CARE GROUP - SUGAR LAND,TX,77039,48201,Harris County,5234,24268.4,2.5202,12.9,23.38,1,99,498597,498597.0,1750506.4,5036.333333333333,5036.333333333333,78,0,100.0,14.67,4.6367,42.67,53.06,18.03,ADEQUATE,0,0.010497,0.013864,68.05,87.95,52.87
1800001332,MARTIN OLIVIA,Pulmonary,Respiratory Disease,Critical Care Medicine,Yes,PULMONARY & SLEEP CENTER - KATY,TX,77061,48201,Harris County,3619,11137.4,2.7827,6.8,51.05,1,99,498597,498597.0,1750506.4,5036.333333333333,5036.333333333333,78,0,100.0,14.67,3.0775,42.67,53.06,18.03,ADEQUATE,0,0.007258,0.006362,82.65,34.12,36.56
1800001333,THOMPSON EMILY,Pulmonary,Respiratory Disease,Sleep Medicine,Yes,PULMONARY & SLEEP CENTER - HOUSTON,TX,77010,48201,Harris County,6191,18783.5,1.9047,8.9,75.7,1,99,498597,498597.0,1750506.4,5036.333333333333,5036.333333333333,78,0,100.0,14.67,3.034,42.67,53.06,18.03,ADEQUATE,0,0.012417,0.01073,25.55,51.8,62.54
1800001334,CLARK DANIEL,Pulmonary,Respiratory Disease,Critical Care Medicine,Yes,RESPIRATORY CARE GROUP - KATY,TX,77045,48201,Harris County,5185,21187.6,1.9759,3.4,42.44,1,99,498597,498597.0,1750506.4,5036.333333333333,5036.333333333333,78,0,100.0,14.67,4.0863,42.67,53.06,18.03,ADEQUATE,0,0.010399,0.012104,30.55,3.98,52.37
1800001335,MITCHELL KARAN,Pulmonary,Respiratory Disease,Sleep Medicine,Yes,LUNG HEALTH SPECIALISTS - HOUSTON,TX,77070,48201,Harris County,3334,11484.9,2.4163,4.1,54.44,1,99,498597,498597.0,1750506.4,5036.333333333333,5036.333333333333,78,0,100.0,14.67,3.4448,42.67,53.06,18.03,ADEQUATE,0,0.006687,0.006561,61.0,10.22,33.68
1800001336,WALKER RAHUL,Pulmonary,Respiratory Disease,Internal Medicine,No,LUNG HEALTH SPECIALISTS - PASADENA,TX,77032,48201,Harris County,6495,30519.9,2.029,6.6,57.3,0,99,498597,498597.0,1750506.4,5036.333333333333,5036.333333333333,78,0,100.0,14.67,4.699,42.67,53.06,18.03,ADEQUATE,0,0.013027,0.017435,33.75,32.25,65.61
1800001337,EDWARDS SOPHIA,Pulmonary,Respiratory Disease,Sleep Medicine,No,PULMONARY & SLEEP CENTER - KATY,TX,77090,48201,Harris County,4773,12935.4,3.0994,6.8,73.27,0,99,498597,498597.0,1750506.4,5036.333333333333,5036.333333333333,78,0,100.0,14.67,2.7101,42.67,53.06,18.03,ADEQUATE,0,0.009573,0.00739,93.85,34.12,48.21
1800001338,MORGAN FATIMA,Pulmonary,Respiratory Disease,Sleep Medicine,Yes,PULMONARY & SLEEP CENTER - KATY,TX,77003,48201,Harris County,4642,22036.3,2.7233,4.5,33.22,1,99,498597,498597.0,1750506.4,5036.333333333333,5036.333333333333,78,0,100.0,14.67,4.7472,42.67,53.06,18.03,ADEQUATE,0,0.00931,0.012589,79.85,13.9,46.89
1800001339,WHITE MAYA,Pulmonary,Respiratory Disease,Internal Medicine,No,PULMONARY & SLEEP CENTER - KATY,TX,77006,48201,Harris County,6570,20867.1,3.0859,4.5,49.62,0,99,498597,498597.0,1750506.4,5036.333333333333,5036.333333333333,78,0,100.0,14.67,3.1761,42.67,53.06,18.03,ADEQUATE,0,0.013177,0.011921,93.75,13.9,66.36
1800001340,FOSTER THOMAS,Pulmonary,Respiratory Disease,Sleep Medicine,Yes,RESPIRATORY CARE GROUP - PASADENA,TX,77091,48201,Harris County,4330,18906.7,2.2322,13.4,62.93,1,99,498597,498597.0,1750506.4,5036.333333333333,5036.333333333333,78,0,100.0,14.67,4.3664,42.67,53.06,18.03,ADEQUATE,0,0.008684,0.010801,49.1,91.75,43.74
1800001341,PARKER AMELIA,Pulmonary,Respiratory Disease,Critical Care Medicine,Yes,LUNG HEALTH SPECIALISTS - KATY,TX,77052,48201,Harris County,6698,27880.2,3.0752,5.6,60.65,1,99,498597,498597.0,1750506.4,5036.333333333333,5036.333333333333,78,0,100.0,14.67,4.1625,42.67,53.06,18.03,ADEQUATE,0,0.013434,0.015927,93.35,23.92,67.66
1800001342,WILSON HANNAH,Pulmonary,Respiratory Disease,Critical Care Medicine,Yes,LUNG HEALTH SPECIALISTS - SUGAR LAND,TX,77044,48201,Harris County,6337,19489.8,3.2168,7.8,62.04,1,99,498597,498597.0,1750506.4,5036.333333333333,5036.333333333333,78,0,100.0,14.67,3.0756,42.67,53.06,18.03,ADEQUATE,0,0.01271,0.011134,96.0,43.2,64.01
1800001343,GOMEZ NADIA,Pulmonary,Respiratory Disease,Sleep Medicine,Yes,RESPIRATORY CARE GROUP - SUGAR LAND,TX,77096,48201,Harris County,5902,14900.7,3.0855,4.5,33.54,1,99,498597,498597.0,1750506.4,5036.333333333333,5036.333333333333,78,0,100.0,14.67,2.5247,42.67,53.06,18.03,ADEQUATE,0,0.011837,0.008512,93.7,13.9,59.62
1800001344,REED WILLIAM,Pulmonary,Respiratory Disease,Sleep Medicine,Yes,LUNG HEALTH SPECIALISTS - PASADENA,TX,77087,48201,Harris County,3737,9474.9,2.1148,6.7,51.2,1,99,498597,498597.0,1750506.4,5036.333333333333,5036.333333333333,78,0,100.0,14.67,2.5354,42.67,53.06,18.03,ADEQUATE,0,0.007495,0.005413,39.8,33.12,37.75
1800001345,YOUNG BENJAMIN,Pulmonary,Respiratory Disease,Sleep Medicine,Yes,RESPIRATORY CARE GROUP - SUGAR LAND,TX,77013,48201,Harris County,6077,22129.0,2.2664,5.9,46.06,1,99,498597,498597.0,1750506.4,5036.333333333333,5036.333333333333,78,0,100.0,14.67,3.6414,42.67,53.06,18.03,ADEQUATE,0,0.012188,0.012641,51.25,26.48,61.38
1800001346,JACKSON JAMES,Pulmonary,Respiratory Disease,Critical Care Medicine,Yes,PULMONARY & SLEEP CENTER - HOUSTON,TX,77038,48201,Harris County,6225,15793.4,2.3543,5.4,50.34,1,99,498597,498597.0,1750506.4,5036.333333333333,5036.333333333333,78,0,100.0,14.67,2.5371,42.67,53.06,18.03,ADEQUATE,0,0.012485,0.009022,56.85,22.45,62.88
1800001347,ROBERTS OLIVIA,Pulmonary,Respiratory Disease,Sleep Medicine,Yes,LUNG HEALTH SPECIALISTS - PASADENA,TX,77063,48201,Harris County,4006,14833.7,3.6917,13.1,63.58,1,99,498597,498597.0,1750506.4,5036.333333333333,5036.333333333333,78,0,100.0,14.67,3.7029,42.67,53.06,18.03,ADEQUATE,0,0.008035,0.008474,99.5,89.58,40.46
1800001348,ANDERSON EMILY,Pulmonary,Respiratory Disease,Internal Medicine,Yes,LUNG HEALTH SPECIALISTS - HOUSTON,TX,77034,48201,Harris County,6310,26469.5,2.2996,7.3,50.27,1,99,498597,498597.0,1750506.4,5036.333333333333,5036.333333333333,78,0,100.0,14.67,4.1948,42.67,53.06,18.03,ADEQUATE,0,0.012656,0.015121,53.32,39.15,63.74
1800001349,KIM DANIEL,Pulmonary,Respiratory Disease,Internal Medicine,No,RESPIRATORY CARE GROUP - PASADENA,TX,77079,48201,Harris County,4581,17630.3,2.5445,12.2,66.16,0,99,498597,498597.0,1750506.4,5036.333333333333,5036.333333333333,78,0,100.0,14.67,3.8486,42.67,53.06,18.03,ADEQUATE,0,0.009188,0.010072,69.6,81.25,46.27
1800001350,TAYLOR KARAN,Pulmonary,Respiratory Disease,Sleep Medicine,Yes,RESPIRATORY CARE GROUP - KATY,TX,77067,48201,Harris County,4923,23102.1,2.3467,5.3,68.64,1,99,498597,498597.0,1750506.4,5036.333333333333,5036.333333333333,78,0,100.0,14.67,4.6927,42.67,53.06,18.03,ADEQUATE,0,0.009874,0.013197,56.45,21.45,49.73
1800001351,BROWN RAHUL,Pulmonary,Respiratory Disease,Critical Care Medicine,No,PULMONARY & SLEEP CENTER - PASADENA,TX,77073,48201,Harris County,4345,16280.2,2.3918,9.0,42.78,0,99,498597,498597.0,1750506.4,5036.333333333333,5036.333333333333,78,0,100.0,14.67,3.7469,42.67,53.06,18.03,ADEQUATE,0,0.008714,0.0093,59.15,52.6,43.89
1800001352,MARTIN SOPHIA,Pulmonary,Respiratory Disease,Internal Medicine,Yes,LUNG HEALTH SPECIALISTS - KATY,TX,77021,48201,Harris County,3979,14846.9,2.4068,12.4,72.94,1,99,498597,498597.0,1750506.4,5036.333333333333,5036.333333333333,78,0,100.0,14.67,3.7313,42.67,53.06,18.03,ADEQUATE,0,0.00798,0.008481,60.3,83.0,40.19
1800001353,THOMPSON FATIMA,Pulmonary,Respiratory Disease,Sleep Medicine,No,LUNG HEALTH SPECIALISTS - HOUSTON,TX,77065,48201,Harris County,5583,19672.6,2.3518,8.2,54.59,0,99,498597,498597.0,1750506.4,5036.333333333333,5036.333333333333,78,0,100.0,14.67,3.5237,42.67,53.06,18.03,ADEQUATE,0,0.011197,0.011238,56.8,46.48,56.39
1800001354,CLARK MAYA,Pulmonary,Respiratory Disease,Critical Care Medicine,Yes,RESPIRATORY CARE GROUP - PASADENA,TX,77087,48201,Harris County,5664,23604.8,1.7017,9.2,66.69,1,99,498597,498597.0,1750506.4,5036.333333333333,5036.333333333333,78,0,100.0,14.67,4.1675,42.67,53.06,18.03,ADEQUATE,0,0.01136,0.013485,15.65,54.45,57.21
1800001355,MITCHELL THOMAS,Pulmonary,Respiratory Disease,Sleep Medicine,Yes,PULMONARY & SLEEP CENTER - PASADENA,TX,77065,48201,Harris County,5995,20576.7,1.7837,7.2,51.37,1,99,498597,498597.0,1750506.4,5036.333333333333,5036.333333333333,78,0,100.0,14.67,3.4323,42.67,53.06,18.03,ADEQUATE,0,0.012024,0.011755,19.2,38.15,60.56
1800001356,WALKER AMELIA,Pulmonary,Respiratory Disease,Critical Care Medicine,Yes,RESPIRATORY CARE GROUP - SUGAR LAND,TX,77003,48201,Harris County,3961,10655.8,1.7633,3.2,31.78,1,99,498597,498597.0,1750506.4,5036.333333333333,5036.333333333333,78,0,100.0,14.67,2.6902,42.67,53.06,18.03,ADEQUATE,0,0.007944,0.006087,18.15,2.17,40.01
1800001357,EDWARDS HANNAH,Pulmonary,Respiratory Disease,Sleep Medicine,Yes,LUNG HEALTH SPECIALISTS - KATY,TX,77072,48201,Harris County,3729,12300.7,1.7747,4.5,72.27,1,99,498597,498597.0,1750506.4,5036.333333333333,5036.333333333333,78,0,100.0,14.67,3.2987,42.67,53.06,18.03,ADEQUATE,0,0.007479,0.007027,18.8,13.9,37.67
1800001358,MORGAN NADIA,Pulmonary,Respiratory Disease,Critical Care Medicine,Yes,RESPIRATORY CARE GROUP - PASADENA,TX,77069,48201,Harris County,3383,8216.2,0.9066,9.5,64.54,1,99,498597,498597.0,1750506.4,5036.333333333333,5036.333333333333,78,0,100.0,14.67,2.4287,42.67,53.06,18.03,ADEQUATE,0,0.006785,0.004694,0.65,57.0,34.17
1800001359,WHITE WILLIAM,Pulmonary,Respiratory Disease,Sleep Medicine,Yes,RESPIRATORY CARE GROUP - HOUSTON,TX,77017,48201,Harris County,6148,15683.4,2.5711,9.3,61.13,1,99,498597,498597.0,1750506.4,5036.333333333333,5036.333333333333,78,0,100.0,14.67,2.551,42.67,53.06,18.03,ADEQUATE,0,0.012331,0.008959,71.4,55.35,62.1
1800001360,FOSTER BENJAMIN,Pulmonary,Respiratory Disease,Critical Care Medicine,Yes,PULMONARY & SLEEP CENTER - KATY,TX,77073,48201,Harris County,6040,24490.5,1.9917,11.8,85.72,1,99,498597,498597.0,1750506.4,5036.333333333333,5036.333333333333,78,0,100.0,14.67,4.0547,42.67,53.06,18.03,ADEQUATE,0,0.012114,0.013991,31.35,77.4,61.01
1800001361,PARKER JAMES,Pulmonary,Respiratory Disease,Internal Medicine,Yes,PULMONARY & SLEEP CENTER - HOUSTON,TX,77032,48201,Harris County,5162,22430.3,1.5848,10.2,60.22,1,99,498597,498597.0,1750506.4,5036.333333333333,5036.333333333333,78,0,100.0,14.67,4.3453,42.67,53.06,18.03,ADEQUATE,0,0.010353,0.012814,11.2,63.25,52.14
1800001362,WILSON OLIVIA,Pulmonary,Respiratory Disease,Critical Care Medicine,No,LUNG HEALTH SPECIALISTS - SUGAR LAND,TX,77039,48201,Harris County,4378,10921.2,1.9606,9.7,58.3,0,99,498597,498597.0,1750506.4,5036.333333333333,5036.333333333333,78,0,100.0,14.67,2.4946,42.67,53.06,18.03,ADEQUATE,0,0.008781,0.006239,29.05,58.92,44.22
1800001363,GOMEZ EMILY,Pulmonary,Respiratory Disease,Sleep Medicine,No,RESPIRATORY CARE GROUP - SUGAR LAND,TX,77026,48201,Harris County,6661,21621.2,2.3945,13.1,87.49,0,99,498597,498597.0,1750506.4,5036.333333333333,5036.333333333333,78,0,100.0,14.67,3.2459,42.67,53.06,18.03,ADEQUATE,0,0.013359,0.012351,59.4,89.58,67.28
1800001364,REED DANIEL,Pulmonary,Respiratory Disease,Internal Medicine,Yes,LUNG HEALTH SPECIALISTS - KATY,TX,77096,48201,Harris County,3527,11273.1,1.9065,9.1,91.38,1,99,498597,498597.0,1750506.4,5036.333333333333,5036.333333333333,78,0,100.0,14.67,3.1962,42.67,53.06,18.03,ADEQUATE,0,0.007074,0.00644,25.65,53.65,35.63
1800001365,YOUNG KARAN,Pulmonary,Respiratory Disease,Internal Medicine,No,RESPIRATORY CARE GROUP - SUGAR LAND,TX,77090,48201,Harris County,5434,25062.6,3.1775,3.3,70.85,0,99,498597,498597.0,1750506.4,5036.333333333333,5036.333333333333,78,0,100.0,14.67,4.6122,42.67,53.06,18.03,ADEQUATE,0,0.010899,0.014317,95.25,3.08,54.89
1800001366,JACKSON RAHUL,Pulmonary,Respiratory Disease,Sleep Medicine,Yes,PULMONARY & SLEEP CENTER - PASADENA,TX,77026,48201,Harris County,4762,12060.2,2.4329,9.9,41.09,1,99,498597,498597.0,1750506.4,5036.333333333333,5036.333333333333,78,0,100.0,14.67,2.5326,42.67,53.06,18.03,ADEQUATE,0,0.009551,0.00689,62.15,60.78,48.1
1800001367,ROBERTS SOPHIA,Pulmonary,Respiratory Disease,Sleep Medicine,Yes,PULMONARY & SLEEP CENTER - HOUSTON,TX,77040,48201,Harris County,4799,16522.2,2.8764,6.9,39.66,1,99,498597,498597.0,1750506.4,5036.333333333333,5036.333333333333,78,0,100.0,14.67,3.4428,42.67,53.06,18.03,ADEQUATE,0,0.009625,0.009439,87.0,35.1,48.47
1800001368,ANDERSON FATIMA,Pulmonary,Respiratory Disease,Internal Medicine,Yes,RESPIRATORY CARE GROUP - KATY,TX,77002,48201,Harris County,4743,22673.7,2.202,11.4,51.55,1,99,498597,498597.0,1750506.4,5036.333333333333,5036.333333333333,78,0,100.0,14.67,4.7805,42.67,53.06,18.03,ADEQUATE,0,0.009513,0.012953,46.6,73.5,47.91
1800001369,KIM MAYA,Pulmonary,Respiratory Disease,Sleep Medicine,Yes,PULMONARY & SLEEP CENTER - KATY,TX,77068,48201,Harris County,4659,16829.1,2.86,12.8,56.56,1,99,498597,498597.0,1750506.4,5036.333333333333,5036.333333333333,78,0,100.0,14.67,3.6122,42.67,53.06,18.03,ADEQUATE,0,0.009344,0.009614,86.15,87.05,47.06
1800001370,TAYLOR THOMAS,Pulmonary,Respiratory Disease,Critical Care Medicine,Yes,LUNG HEALTH SPECIALISTS - KATY,TX,77077,48201,Harris County,5351,14460.8,2.959,4.7,81.37,1,99,498597,498597.0,1750506.4,5036.333333333333,5036.333333333333,78,0,100.0,14.67,2.7024,42.67,53.06,18.03,ADEQUATE,0,0.010732,0.008261,89.95,15.9,54.05
1800001371,BROWN AMELIA,Pulmonary,Respiratory Disease,Internal Medicine,No,PULMONARY & SLEEP CENTER - KATY,TX,77063,48201,Harris County,4143,11081.7,3.1469,13.2,37.7,0,99,498597,498597.0,1750506.4,5036.333333333333,5036.333333333333,78,0,100.0,14.67,2.6748,42.67,53.06,18.03,ADEQUATE,0,0.008309,0.006331,94.45,90.4,41.85
1800001372,MARTIN HANNAH,Pulmonary,Respiratory Disease,Critical Care Medicine,Yes,LUNG HEALTH SPECIALISTS - PASADENA,TX,77026,48201,Harris County,4540,21357.3,2.3017,3.4,98.0,1,99,498597,498597.0,1750506.4,5036.333333333333,5036.333333333333,78,0,100.0,14.67,4.7043,42.67,53.06,18.03,ADEQUATE,0,0.009106,0.012201,53.55,3.98,45.86
1800001373,THOMPSON NADIA,Pulmonary,Respiratory Disease,Internal Medicine,Yes,RESPIRATORY CARE GROUP - KATY,TX,77038,48201,Harris County,5677,21344.8,2.789,4.8,43.58,1,99,498597,498597.0,1750506.4,5036.333333333333,5036.333333333333,78,0,100.0,14.67,3.7599,42.67,53.06,18.03,ADEQUATE,0,0.011386,0.012194,82.95,16.95,57.34
1800001374,CLARK WILLIAM,Pulmonary,Respiratory Disease,Critical Care Medicine,Yes,PULMONARY & SLEEP CENTER - PASADENA,TX,77084,48201,Harris County,6543,21401.6,1.6541,9.1,18.41,1,99,498597,498597.0,1750506.4,5036.333333333333,5036.333333333333,78,0,100.0,14.67,3.2709,42.67,53.06,18.03,ADEQUATE,0,0.013123,0.012226,13.8,53.65,66.09
1800001375,MITCHELL BENJAMIN,Pulmonary,Respiratory Disease,Sleep Medicine,No,LUNG HEALTH SPECIALISTS - HOUSTON,TX,77046,48201,Harris County,4292,13521.6,2.2269,3.7,59.44,0,99,498597,498597.0,1750506.4,5036.333333333333,5036.333333333333,78,0,100.0,14.67,3.1504,42.67,53.06,18.03,ADEQUATE,0,0.008608,0.007724,48.65,6.65,43.35
1800001376,LEE ANIKA,Rheumatology,Arthritis,Internal Medicine,Yes,MUSCULOSKELETAL HEALTH GROUP - SUGAR LAND,TX,77059,48201,Harris County,7375,26701.0,1.5471,3.4,68.5,1,95,630269,630269.0,2295145.4,6634.41052631579,6634.41052631579,99,4,95.96,58.67,3.6205,60.0,42.45,31.85,ADEQUATE,4,0.011701,0.011634,9.95,3.98,77.63
1800001377,THOMAS ISABEL,Rheumatology,Arthritis,Internal Medicine,No,MUSCULOSKELETAL HEALTH GROUP - PASADENA,TX,77087,48201,Harris County,5069,21841.7,2.3272,8.5,41.96,0,95,630269,630269.0,2295145.4,6634.41052631579,6634.41052631579,99,4,95.96,58.67,4.3089,60.0,42.45,31.85,ADEQUATE,4,0.008043,0.009516,55.15,49.0,53.36
1800001378,CARTER NOAH,Rheumatology,Arthritis,Pain Medicine,No,ARTHRITIS CARE CENTER - KATY,TX,77009,48201,Harris County,6975,29961.0,2.3505,7.3,34.77,0,95,630269,630269.0,2295145.4,6634.41052631579,6634.41052631579,99,4,95.96,58.67,4.2955,60.0,42.45,31.85,ADEQUATE,4,0.011067,0.013054,56.75,39.15,73.42
1800001379,MILLER ZOE,Rheumatology,Arthritis,Internal Medicine,Yes,RHEUMATOLOGY ASSOCIATES - PASADENA,TX,77036,48201,Harris County,6655,17979.9,2.6275,6.8,39.19,1,95,630269,630269.0,2295145.4,6634.41052631579,6634.41052631579,99,4,95.96,58.67,2.7017,60.0,42.45,31.85,ADEQUATE,4,0.010559,0.007834,74.6,34.12,70.05
1800001380,TURNER CARLOS,Rheumatology,Arthritis,Internal Medicine,Yes,RHEUMATOLOGY ASSOCIATES - SUGAR LAND,TX,77015,48201,Harris County,6657,22710.6,2.8472,7.4,50.07,1,95,630269,630269.0,2295145.4,6634.41052631579,6634.41052631579,99,4,95.96,58.67,3.4115,60.0,42.45,31.85,ADEQUATE,4,0.010562,0.009895,85.55,39.88,70.07
1800001381,DAVIS JULIA,Rheumatology,Arthritis,Geriatric Medicine,No,MUSCULOSKELETAL HEALTH GROUP - HOUSTON,TX,77064,48201,Harris County,8026,31777.8,2.8615,8.7,56.46,0,95,630269,630269.0,2295145.4,6634.41052631579,6634.41052631579,99,4,95.96,58.67,3.9594,60.0,42.45,31.85,ADEQUATE,4,0.012734,0.013846,86.3,50.5,84.48
1800001382,MOORE PRIYA,Rheumatology,Arthritis,Internal Medicine,Yes,MUSCULOSKELETAL HEALTH GROUP - PASADENA,TX,77008,48201,Harris County,7772,26903.8,2.855,9.9,77.88,1,95,630269,630269.0,2295145.4,6634.41052631579,6634.41052631579,99,4,95.96,58.67,3.4616,60.0,42.45,31.85,ADEQUATE,4,0.012331,0.011722,85.85,60.78,81.81
1800001383,WATSON DAVID,Rheumatology,Arthritis,Geriatric Medicine,Yes,ARTHRITIS CARE CENTER - PASADENA,TX,77096,48201,Harris County,4618,18141.4,2.3375,7.0,98.0,1,95,630269,630269.0,2295145.4,6634.41052631579,6634.41052631579,99,4,95.96,58.67,3.9284,60.0,42.45,31.85,ADEQUATE,4,0.007327,0.007904,55.58,36.02,48.61
1800001384,EVANS ELENA,Rheumatology,Arthritis,Pain Medicine,No,RHEUMATOLOGY ASSOCIATES - SUGAR LAND,TX,77063,48201,Harris County,8549,38920.0,2.2779,11.8,65.0,0,95,630269,630269.0,2295145.4,6634.41052631579,6634.41052631579,99,4,95.96,58.67,4.5526,60.0,42.45,31.85,ADEQUATE,4,0.013564,0.016958,52.0,77.4,89.99
1800001385,NELSON LUCAS,Rheumatology,Arthritis,Pain Medicine,Yes,ARTHRITIS CARE CENTER - SUGAR LAND,TX,77043,48201,Harris County,8679,29445.8,2.0641,8.0,49.47,1,95,630269,630269.0,2295145.4,6634.41052631579,6634.41052631579,99,4,95.96,58.67,3.3928,60.0,42.45,31.85,ADEQUATE,4,0.01377,0.01283,36.3,45.08,91.36
1800001386,WILLIAMS SARAH,Rheumatology,Arthritis,Pain Medicine,Yes,ARTHRITIS CARE CENTER - HOUSTON,TX,77095,48201,Harris County,5224,21902.7,1.3322,4.2,86.05,1,95,630269,630269.0,2295145.4,6634.41052631579,6634.41052631579,99,4,95.96,58.67,4.1927,60.0,42.45,31.85,ADEQUATE,4,0.008289,0.009543,4.85,11.2,54.99
1800001387,GARCIA AARON,Rheumatology,Arthritis,Geriatric Medicine,Yes,MUSCULOSKELETAL HEALTH GROUP - SUGAR LAND,TX,77014,48201,Harris County,5554,24177.0,1.954,5.9,82.52,1,95,630269,630269.0,2295145.4,6634.41052631579,6634.41052631579,99,4,95.96,58.67,4.3531,60.0,42.45,31.85,ADEQUATE,4,0.008812,0.010534,28.6,26.48,58.46
1800001388,PATEL GEORGE,Rheumatology,Arthritis,Pain Medicine,Yes,ARTHRITIS CARE CENTER - PASADENA,TX,77098,48201,Harris County,6966,30090.7,2.4884,3.3,70.69,1,95,630269,630269.0,2295145.4,6634.41052631579,6634.41052631579,99,4,95.96,58.67,4.3197,60.0,42.45,31.85,ADEQUATE,4,0.011052,0.013111,65.8,3.08,73.33
1800001389,WRIGHT MICHAEL,Rheumatology,Arthritis,Pain Medicine,Yes,ARTHRITIS CARE CENTER - SUGAR LAND,TX,77062,48201,Harris County,4475,14950.9,1.4348,3.4,62.73,1,95,630269,630269.0,2295145.4,6634.41052631579,6634.41052631579,99,4,95.96,58.67,3.341,60.0,42.45,31.85,ADEQUATE,4,0.0071,0.006514,7.15,3.98,47.11
1800001390,HARRIS VICTOR,Rheumatology,Arthritis,Pain Medicine,Yes,MUSCULOSKELETAL HEALTH GROUP - KATY,TX,77036,48201,Harris County,6332,23436.3,1.3693,3.5,70.91,1,95,630269,630269.0,2295145.4,6634.41052631579,6634.41052631579,99,4,95.96,58.67,3.7012,60.0,42.45,31.85,ADEQUATE,4,0.010047,0.010211,5.4,4.85,66.65
1800001391,RIVERA ANIKA,Rheumatology,Arthritis,Internal Medicine,No,MUSCULOSKELETAL HEALTH GROUP - SUGAR LAND,TX,77026,48201,Harris County,5046,17634.7,2.4093,6.8,61.66,0,95,630269,630269.0,2295145.4,6634.41052631579,6634.41052631579,99,4,95.96,58.67,3.4948,60.0,42.45,31.85,ADEQUATE,4,0.008006,0.007683,60.55,34.12,53.12
1800001392,ADAMS ISABEL,Rheumatology,Arthritis,Internal Medicine,Yes,RHEUMATOLOGY ASSOCIATES - PASADENA,TX,77062,48201,Harris County,7658,19169.1,2.7439,3.1,44.03,1,95,630269,630269.0,2295145.4,6634.41052631579,6634.41052631579,99,4,95.96,58.67,2.5031,60.0,42.45,31.85,ADEQUATE,4,0.01215,0.008352,81.0,1.15,80.61
1800001393,JOHNSON NOAH,Rheumatology,Arthritis,Geriatric Medicine,No,MUSCULOSKELETAL HEALTH GROUP - KATY,TX,77011,48201,Harris County,8096,27653.0,1.3032,13.8,37.49,0,95,630269,630269.0,2295145.4,6634.41052631579,6634.41052631579,99,4,95.96,58.67,3.4156,60.0,42.45,31.85,ADEQUATE,4,0.012845,0.012048,4.25,94.9,85.22
1800001394,SANCHEZ ZOE,Rheumatology,Arthritis,Geriatric Medicine,No,MUSCULOSKELETAL HEALTH GROUP - SUGAR LAND,TX,77059,48201,Harris County,5833,18462.1,0.9,11.1,68.23,0,95,630269,630269.0,2295145.4,6634.41052631579,6634.41052631579,99,4,95.96,58.67,3.1651,60.0,42.45,31.85,ADEQUATE,4,0.009255,0.008044,0.32,70.97,61.4
1800001395,BAKER CARLOS,Rheumatology,Arthritis,Internal Medicine,Yes,ARTHRITIS CARE CENTER - KATY,TX,77039,48201,Harris County,7684,34007.4,2.0525,13.5,56.65,1,95,630269,630269.0,2295145.4,6634.41052631579,6634.41052631579,99,4,95.96,58.67,4.4257,60.0,42.45,31.85,ADEQUATE,4,0.012192,0.014817,35.58,92.65,80.88
1800001396,LEE JULIA,Rheumatology,Arthritis,Pain Medicine,Yes,ARTHRITIS CARE CENTER - SUGAR LAND,TX,77056,48201,Harris County,4530,12175.1,2.6331,12.8,32.15,1,95,630269,630269.0,2295145.4,6634.41052631579,6634.41052631579,99,4,95.96,58.67,2.6877,60.0,42.45,31.85,ADEQUATE,4,0.007187,0.005305,74.85,87.05,47.68
1800001397,THOMAS PRIYA,Rheumatology,Arthritis,Geriatric Medicine,No,ARTHRITIS CARE CENTER - HOUSTON,TX,77051,48201,Harris County,5224,14704.7,2.7361,5.8,59.19,0,95,630269,630269.0,2295145.4,6634.41052631579,6634.41052631579,99,4,95.96,58.67,2.8148,60.0,42.45,31.85,ADEQUATE,4,0.008289,0.006407,80.7,25.48,54.99
1800001398,CARTER DAVID,Rheumatology,Arthritis,Pain Medicine,No,RHEUMATOLOGY ASSOCIATES - HOUSTON,TX,77016,48201,Harris County,5793,14516.1,1.3722,5.1,58.42,0,95,630269,630269.0,2295145.4,6634.41052631579,6634.41052631579,99,4,95.96,58.67,2.5058,60.0,42.45,31.85,ADEQUATE,4,0.009191,0.006325,5.5,19.58,60.98
1800001399,MILLER ELENA,Rheumatology,Arthritis,Geriatric Medicine,Yes,RHEUMATOLOGY ASSOCIATES - KATY,TX,77090,48201,Harris County,5746,26947.2,2.3812,14.0,94.84,1,95,630269,630269.0,2295145.4,6634.41052631579,6634.41052631579,99,4,95.96,58.67,4.6897,60.0,42.45,31.85,ADEQUATE,4,0.009117,0.011741,58.8,96.25,60.48
1800001400,TURNER LUCAS,Rheumatology,Arthritis,Pain Medicine,Yes,RHEUMATOLOGY ASSOCIATES - HOUSTON,TX,77019,48201,Harris County,7498,26545.5,2.1503,6.2,59.83,1,95,630269,630269.0,2295145.4,6634.41052631579,6634.41052631579,99,4,95.96,58.67,3.5403,60.0,42.45,31.85,ADEQUATE,4,0.011897,0.011566,42.6,29.12,78.93
1800001401,DAVIS SARAH,Rheumatology,Arthritis,Pain Medicine,Yes,MUSCULOSKELETAL HEALTH GROUP - KATY,TX,77057,48201,Harris County,7375,18026.2,2.7789,10.7,68.14,1,95,630269,630269.0,2295145.4,6634.41052631579,6634.41052631579,99,4,95.96,58.67,2.4442,60.0,42.45,31.85,ADEQUATE,4,0.011701,0.007854,82.55,67.7,77.63
1800001402,MOORE AARON,Rheumatology,Arthritis,Pain Medicine,Yes,ARTHRITIS CARE CENTER - PASADENA,TX,77056,48201,Harris County,8220,34576.5,2.4099,5.0,41.98,1,95,630269,630269.0,2295145.4,6634.41052631579,6634.41052631579,99,4,95.96,58.67,4.2064,60.0,42.45,31.85,ADEQUATE,4,0.013042,0.015065,60.65,18.8,86.53
1800001403,WATSON GEORGE,Rheumatology,Arthritis,Internal Medicine,No,MUSCULOSKELETAL HEALTH GROUP - PASADENA,TX,77098,48201,Harris County,7243,34622.9,2.1461,7.9,48.58,0,95,630269,630269.0,2295145.4,6634.41052631579,6634.41052631579,99,4,95.96,58.67,4.7802,60.0,42.45,31.85,ADEQUATE,4,0.011492,0.015085,42.22,44.15,76.24
1800001404,EVANS MICHAEL,Rheumatology,Arthritis,Pain Medicine,Yes,RHEUMATOLOGY ASSOCIATES - HOUSTON,TX,77065,48201,Harris County,5535,19458.3,1.6017,13.6,71.8,1,95,630269,630269.0,2295145.4,6634.41052631579,6634.41052631579,99,4,95.96,58.67,3.5155,60.0,42.45,31.85,ADEQUATE,4,0.008782,0.008478,11.6,93.52,58.26
1800001405,NELSON VICTOR,Rheumatology,Arthritis,Pain Medicine,No,ARTHRITIS CARE CENTER - SUGAR LAND,TX,77019,48201,Harris County,6467,18166.8,3.1622,4.0,63.14,0,95,630269,630269.0,2295145.4,6634.41052631579,6634.41052631579,99,4,95.96,58.67,2.8092,60.0,42.45,31.85,ADEQUATE,4,0.010261,0.007915,94.8,9.32,68.07
1800001406,WILLIAMS ANIKA,Rheumatology,Arthritis,Geriatric Medicine,Yes,MUSCULOSKELETAL HEALTH GROUP - KATY,TX,77044,48201,Harris County,6809,26225.2,2.6117,4.0,88.23,1,95,630269,630269.0,2295145.4,6634.41052631579,6634.41052631579,99,4,95.96,58.67,3.8515,60.0,42.45,31.85,ADEQUATE,4,0.010803,0.011426,73.45,9.32,71.67
1800001407,GARCIA ISABEL,Rheumatology,Arthritis,Internal Medicine,Yes,ARTHRITIS CARE CENTER - KATY,TX,77041,48201,Harris County,4311,11731.8,2.468,9.5,78.2,1,95,630269,630269.0,2295145.4,6634.41052631579,6634.41052631579,99,4,95.96,58.67,2.7214,60.0,42.45,31.85,ADEQUATE,4,0.00684,0.005112,64.55,57.0,45.38
1800001408,PATEL NOAH,Rheumatology,Arthritis,Internal Medicine,Yes,ARTHRITIS CARE CENTER - SUGAR LAND,TX,77004,48201,Harris County,8504,23669.8,1.3449,9.7,67.91,1,95,630269,630269.0,2295145.4,6634.41052631579,6634.41052631579,99,4,95.96,58.67,2.7834,60.0,42.45,31.85,ADEQUATE,4,0.013493,0.010313,5.05,58.92,89.52
1800001409,WRIGHT ZOE,Rheumatology,Arthritis,Pain Medicine,Yes,MUSCULOSKELETAL HEALTH GROUP - SUGAR LAND,TX,77085,48201,Harris County,5338,20952.0,2.5121,5.3,68.86,1,95,630269,630269.0,2295145.4,6634.41052631579,6634.41052631579,99,4,95.96,58.67,3.9251,60.0,42.45,31.85,ADEQUATE,4,0.008469,0.009129,67.75,21.45,56.19
1800001410,HARRIS CARLOS,Rheumatology,Arthritis,Pain Medicine,No,ARTHRITIS CARE CENTER - PASADENA,TX,77017,48201,Harris County,8150,34506.8,2.3378,12.7,67.91,0,95,630269,630269.0,2295145.4,6634.41052631579,6634.41052631579,99,4,95.96,58.67,4.234,60.0,42.45,31.85,ADEQUATE,4,0.012931,0.015035,55.7,86.02,85.79
1800001411,RIVERA JULIA,Rheumatology,Arthritis,Geriatric Medicine,Yes,MUSCULOSKELETAL HEALTH GROUP - HOUSTON,TX,77050,48201,Harris County,7476,31397.2,2.4685,5.4,63.06,1,95,630269,630269.0,2295145.4,6634.41052631579,6634.41052631579,99,4,95.96,58.67,4.1997,60.0,42.45,31.85,ADEQUATE,4,0.011862,0.01368,64.65,22.45,78.69
1800001412,ADAMS PRIYA,Rheumatology,Arthritis,Internal Medicine,Yes,RHEUMATOLOGY ASSOCIATES - HOUSTON,TX,77037,48201,Harris County,7301,20270.6,2.8143,12.1,42.37,1,95,630269,630269.0,2295145.4,6634.41052631579,6634.41052631579,99,4,95.96,58.67,2.7764,60.0,42.45,31.85,ADEQUATE,4,0.011584,0.008832,84.0,80.23,76.85
1800001413,JOHNSON DAVID,Rheumatology,Arthritis,Geriatric Medicine,No,RHEUMATOLOGY ASSOCIATES - HOUSTON,TX,77055,48201,Harris County,6987,32998.8,1.6472,4.5,40.82,0,95,630269,630269.0,2295145.4,6634.41052631579,6634.41052631579,99,4,95.96,58.67,4.7229,60.0,42.45,31.85,ADEQUATE,4,0.011086,0.014378,13.3,13.9,73.55
1800001414,SANCHEZ ELENA,Rheumatology,Arthritis,Geriatric Medicine,Yes,RHEUMATOLOGY ASSOCIATES - HOUSTON,TX,77002,48201,Harris County,4452,15937.8,1.5715,8.7,67.94,1,95,630269,630269.0,2295145.4,6634.41052631579,6634.41052631579,99,4,95.96,58.67,3.5799,60.0,42.45,31.85,ADEQUATE,4,0.007064,0.006944,10.62,50.5,46.86
1800001415,BAKER LUCAS,Rheumatology,Arthritis,Geriatric Medicine,No,MUSCULOSKELETAL HEALTH GROUP - HOUSTON,TX,77020,48201,Harris County,7563,31348.1,2.3732,12.1,16.01,0,95,630269,630269.0,2295145.4,6634.41052631579,6634.41052631579,99,4,95.96,58.67,4.1449,60.0,42.45,31.85,ADEQUATE,4,0.012,0.013658,58.25,80.23,79.61
1800001416,LEE SARAH,Rheumatology,Arthritis,Geriatric Medicine,No,ARTHRITIS CARE CENTER - PASADENA,TX,77003,48201,Harris County,8683,22242.7,1.8216,9.0,72.7,0,95,630269,630269.0,2295145.4,6634.41052631579,6634.41052631579,99,4,95.96,58.67,2.5616,60.0,42.45,31.85,ADEQUATE,4,0.013777,0.009691,20.9,52.6,91.4
1800001417,THOMAS AARON,Rheumatology,Arthritis,Geriatric Medicine,No,MUSCULOSKELETAL HEALTH GROUP - KATY,TX,77065,48201,Harris County,8791,30192.8,1.6077,10.9,92.7,0,95,630269,630269.0,2295145.4,6634.41052631579,6634.41052631579,99,4,95.96,58.67,3.4345,60.0,42.45,31.85,ADEQUATE,4,0.013948,0.013155,11.92,69.27,92.54
1800001418,CARTER GEORGE,Rheumatology,Arthritis,Pain Medicine,Yes,RHEUMATOLOGY ASSOCIATES - HOUSTON,TX,77094,48201,Harris County,8151,26787.6,2.3614,5.6,91.98,1,95,630269,630269.0,2295145.4,6634.41052631579,6634.41052631579,99,4,95.96,58.67,3.2864,60.0,42.45,31.85,ADEQUATE,4,0.012933,0.011671,57.35,23.92,85.8
1800001419,MILLER MICHAEL,Rheumatology,Arthritis,Internal Medicine,No,RHEUMATOLOGY ASSOCIATES - HOUSTON,TX,77013,48201,Harris County,4806,18776.5,2.0872,6.1,37.96,0,95,630269,630269.0,2295145.4,6634.41052631579,6634.41052631579,99,4,95.96,58.67,3.9069,60.0,42.45,31.85,ADEQUATE,4,0.007625,0.008181,38.0,28.38,50.59
1800001420,TURNER VICTOR,Rheumatology,Arthritis,Internal Medicine,Yes,MUSCULOSKELETAL HEALTH GROUP - PASADENA,TX,77009,48201,Harris County,4818,21087.8,2.7125,10.1,38.54,1,95,630269,630269.0,2295145.4,6634.41052631579,6634.41052631579,99,4,95.96,58.67,4.3769,60.0,42.45,31.85,ADEQUATE,4,0.007644,0.009188,79.0,62.52,50.72
1800001421,DAVIS ANIKA,Rheumatology,Arthritis,Pain Medicine,Yes,RHEUMATOLOGY ASSOCIATES - SUGAR LAND,TX,77075,48201,Harris County,8802,24772.1,2.3566,6.9,50.94,1,95,630269,630269.0,2295145.4,6634.41052631579,6634.41052631579,99,4,95.96,58.67,2.8144,60.0,42.45,31.85,ADEQUATE,4,0.013965,0.010793,56.95,35.1,92.65
1800001422,MOORE ISABEL,Rheumatology,Arthritis,Pain Medicine,Yes,RHEUMATOLOGY ASSOCIATES - HOUSTON,TX,77003,48201,Harris County,5408,21329.6,2.7636,10.3,74.08,1,95,630269,630269.0,2295145.4,6634.41052631579,6634.41052631579,99,4,95.96,58.67,3.9441,60.0,42.45,31.85,ADEQUATE,4,0.00858,0.009293,81.75,64.08,56.93
1800001423,WATSON NOAH,Rheumatology,Arthritis,Internal Medicine,Yes,RHEUMATOLOGY ASSOCIATES - SUGAR LAND,TX,77062,48201,Harris County,5891,17668.5,1.4195,8.9,74.6,1,95,630269,630269.0,2295145.4,6634.41052631579,6634.41052631579,99,4,95.96,58.67,2.9992,60.0,42.45,31.85,ADEQUATE,4,0.009347,0.007698,6.7,51.8,62.01
1800001424,EVANS ZOE,Rheumatology,Arthritis,Geriatric Medicine,Yes,ARTHRITIS CARE CENTER - HOUSTON,TX,77042,48201,Harris County,4393,18337.9,1.4925,13.5,79.92,1,95,630269,630269.0,2295145.4,6634.41052631579,6634.41052631579,99,4,95.96,58.67,4.1743,60.0,42.45,31.85,ADEQUATE,4,0.00697,0.00799,8.4,92.65,46.24
1800001425,NELSON CARLOS,Rheumatology,Arthritis,Internal Medicine,Yes,ARTHRITIS CARE CENTER - SUGAR LAND,TX,77069,48201,Harris County,5165,21148.8,3.3819,8.3,83.26,1,95,630269,630269.0,2295145.4,6634.41052631579,6634.41052631579,99,4,95.96,58.67,4.0946,60.0,42.45,31.85,ADEQUATE,4,0.008195,0.009215,97.8,47.32,54.37
1800001426,WILLIAMS JULIA,Rheumatology,Arthritis,Internal Medicine,No,ARTHRITIS CARE CENTER - KATY,TX,77070,48201,Harris County,7739,29137.0,1.6401,8.7,68.88,0,95,630269,630269.0,2295145.4,6634.41052631579,6634.41052631579,99,4,95.96,58.67,3.765,60.0,42.45,31.85,ADEQUATE,4,0.012279,0.012695,13.0,50.5,81.46
1800001427,GARCIA PRIYA,Rheumatology,Arthritis,Pain Medicine,Yes,RHEUMATOLOGY ASSOCIATES - SUGAR LAND,TX,77090,48201,Harris County,6265,18794.9,2.9275,3.9,56.14,1,95,630269,630269.0,2295145.4,6634.41052631579,6634.41052631579,99,4,95.96,58.67,3.0,60.0,42.45,31.85,ADEQUATE,4,0.00994,0.008189,88.7,8.4,65.95
1800001428,PATEL DAVID,Rheumatology,Arthritis,Internal Medicine,No,ARTHRITIS CARE CENTER - KATY,TX,77077,48201,Harris County,5705,25497.9,1.7972,12.9,32.9,0,95,630269,630269.0,2295145.4,6634.41052631579,6634.41052631579,99,4,95.96,58.67,4.4694,60.0,42.45,31.85,ADEQUATE,4,0.009052,0.011109,19.8,87.95,60.05
1800001429,WRIGHT ELENA,Rheumatology,Arthritis,Pain Medicine,No,RHEUMATOLOGY ASSOCIATES - PASADENA,TX,77057,48201,Harris County,5905,23879.5,2.6112,10.1,83.02,0,95,630269,630269.0,2295145.4,6634.41052631579,6634.41052631579,99,4,95.96,58.67,4.0439,60.0,42.45,31.85,ADEQUATE,4,0.009369,0.010404,73.38,62.52,62.16
1800001430,HARRIS LUCAS,Rheumatology,Arthritis,Internal Medicine,Yes,MUSCULOSKELETAL HEALTH GROUP - HOUSTON,TX,77034,48201,Harris County,5139,17388.8,2.4608,6.4,75.51,1,95,630269,630269.0,2295145.4,6634.41052631579,6634.41052631579,99,4,95.96,58.67,3.3837,60.0,42.45,31.85,ADEQUATE,4,0.008154,0.007576,63.85,30.63,54.09
1800001431,RIVERA SARAH,Rheumatology,Arthritis,Geriatric Medicine,No,RHEUMATOLOGY ASSOCIATES - SUGAR LAND,TX,77066,48201,Harris County,6967,27768.2,3.148,6.1,52.7,0,95,630269,630269.0,2295145.4,6634.41052631579,6634.41052631579,99,4,95.96,58.67,3.9857,60.0,42.45,31.85,ADEQUATE,4,0.011054,0.012099,94.5,28.38,73.34
1800001432,ADAMS AARON,Rheumatology,Arthritis,Pain Medicine,No,MUSCULOSKELETAL HEALTH GROUP - KATY,TX,77075,48201,Harris County,6271,29528.3,1.7862,10.5,60.24,0,95,630269,630269.0,2295145.4,6634.41052631579,6634.41052631579,99,4,95.96,58.67,4.7087,60.0,42.45,31.85,ADEQUATE,4,0.00995,0.012866,19.38,65.92,66.01
1800001433,JOHNSON GEORGE,Rheumatology,Arthritis,Geriatric Medicine,Yes,ARTHRITIS CARE CENTER - SUGAR LAND,TX,77018,48201,Harris County,4458,12038.7,2.3803,9.0,43.18,1,95,630269,630269.0,2295145.4,6634.41052631579,6634.41052631579,99,4,95.96,58.67,2.7005,60.0,42.45,31.85,ADEQUATE,4,0.007073,0.005245,58.73,52.6,46.93
1800001434,SANCHEZ MICHAEL,Rheumatology,Arthritis,Pain Medicine,Yes,ARTHRITIS CARE CENTER - PASADENA,TX,77057,48201,Harris County,8668,22388.5,1.742,11.5,69.92,1,95,630269,630269.0,2295145.4,6634.41052631579,6634.41052631579,99,4,95.96,58.67,2.5829,60.0,42.45,31.85,ADEQUATE,4,0.013753,0.009755,17.4,74.52,91.24
1800001435,BAKER VICTOR,Rheumatology,Arthritis,Internal Medicine,Yes,RHEUMATOLOGY ASSOCIATES - KATY,TX,77073,48201,Harris County,6986,31322.8,2.2265,13.5,64.52,1,95,630269,630269.0,2295145.4,6634.41052631579,6634.41052631579,99,4,95.96,58.67,4.4837,60.0,42.45,31.85,ADEQUATE,4,0.011084,0.013647,48.6,92.65,73.54
1800001436,LEE ANIKA,Rheumatology,Arthritis,Internal Medicine,No,MUSCULOSKELETAL HEALTH GROUP - HOUSTON,TX,77029,48201,Harris County,7190,32904.5,2.1068,8.7,30.91,0,95,630269,630269.0,2295145.4,6634.41052631579,6634.41052631579,99,4,95.96,58.67,4.5764,60.0,42.45,31.85,ADEQUATE,4,0.011408,0.014337,39.45,50.5,75.68
1800001437,THOMAS ISABEL,Rheumatology,Arthritis,Geriatric Medicine,Yes,RHEUMATOLOGY ASSOCIATES - SUGAR LAND,TX,77073,48201,Harris County,6669,28615.6,3.0262,11.2,51.16,1,95,630269,630269.0,2295145.4,6634.41052631579,6634.41052631579,99,4,95.96,58.67,4.2908,60.0,42.45,31.85,ADEQUATE,4,0.010581,0.012468,92.4,71.95,70.2
1800001438,CARTER NOAH,Rheumatology,Arthritis,Pain Medicine,Yes,ARTHRITIS CARE CENTER - PASADENA,TX,77099,48201,Harris County,5354,18697.2,2.2648,10.7,50.52,1,95,630269,630269.0,2295145.4,6634.41052631579,6634.41052631579,99,4,95.96,58.67,3.4922,60.0,42.45,31.85,ADEQUATE,4,0.008495,0.008146,51.15,67.7,56.36
1800001439,MILLER ZOE,Rheumatology,Arthritis,Pain Medicine,Yes,ARTHRITIS CARE CENTER - SUGAR LAND,TX,77080,48201,Harris County,8780,41786.7,1.285,11.8,90.58,1,95,630269,630269.0,2295145.4,6634.41052631579,6634.41052631579,99,4,95.96,58.67,4.7593,60.0,42.45,31.85,ADEQUATE,4,0.013931,0.018207,4.0,77.4,92.42
1800001440,TURNER CARLOS,Rheumatology,Arthritis,Internal Medicine,Yes,ARTHRITIS CARE CENTER - PASADENA,TX,77090,48201,Harris County,8026,23615.7,2.5572,13.5,56.3,1,95,630269,630269.0,2295145.4,6634.41052631579,6634.41052631579,99,4,95.96,58.67,2.9424,60.0,42.45,31.85,ADEQUATE,4,0.012734,0.010289,70.35,92.65,84.48
1800001441,DAVIS JULIA,Rheumatology,Arthritis,Geriatric Medicine,Yes,MUSCULOSKELETAL HEALTH GROUP - HOUSTON,TX,77060,48201,Harris County,8266,30367.8,1.6154,4.1,72.4,1,95,630269,630269.0,2295145.4,6634.41052631579,6634.41052631579,99,4,95.96,58.67,3.6738,60.0,42.45,31.85,ADEQUATE,4,0.013115,0.013231,12.25,10.22,87.01
1800001442,MOORE PRIYA,Rheumatology,Arthritis,Internal Medicine,Yes,MUSCULOSKELETAL HEALTH GROUP - PASADENA,TX,77074,48201,Harris County,4387,19961.7,2.2088,14.3,61.04,1,95,630269,630269.0,2295145.4,6634.41052631579,6634.41052631579,99,4,95.96,58.67,4.5502,60.0,42.45,31.85,ADEQUATE,4,0.006961,0.008697,47.28,98.35,46.18
1800001443,WATSON DAVID,Rheumatology,Arthritis,Geriatric Medicine,Yes,MUSCULOSKELETAL HEALTH GROUP - HOUSTON,TX,77048,48201,Harris County,4376,19656.5,2.1767,11.2,47.1,1,95,630269,630269.0,2295145.4,6634.41052631579,6634.41052631579,99,4,95.96,58.67,4.4919,60.0,42.45,31.85,ADEQUATE,4,0.006943,0.008564,44.75,71.95,46.06
1800001444,EVANS ELENA,Rheumatology,Arthritis,Internal Medicine,Yes,ARTHRITIS CARE CENTER - PASADENA,TX,77009,48201,Harris County,4831,12821.5,2.8437,9.9,98.0,1,95,630269,630269.0,2295145.4,6634.41052631579,6634.41052631579,99,4,95.96,58.67,2.654,60.0,42.45,31.85,ADEQUATE,4,0.007665,0.005586,85.4,60.78,50.85
1800001445,NELSON LUCAS,Rheumatology,Arthritis,Pain Medicine,No,ARTHRITIS CARE CENTER - PASADENA,TX,77097,48201,Harris County,5893,24511.8,1.7706,7.6,58.22,0,95,630269,630269.0,2295145.4,6634.41052631579,6634.41052631579,99,4,95.96,58.67,4.1595,60.0,42.45,31.85,ADEQUATE,4,0.00935,0.01068,18.7,41.35,62.03
1800001446,WILLIAMS SARAH,Rheumatology,Arthritis,Pain Medicine,Yes,MUSCULOSKELETAL HEALTH GROUP - KATY,TX,77069,48201,Harris County,4965,21045.9,2.173,9.4,70.24,1,95,630269,630269.0,2295145.4,6634.41052631579,6634.41052631579,99,4,95.96,58.67,4.2389,60.0,42.45,31.85,ADEQUATE,4,0.007878,0.00917,44.5,56.2,52.26
1800001447,GARCIA AARON,Rheumatology,Arthritis,Internal Medicine,No,MUSCULOSKELETAL HEALTH GROUP - SUGAR LAND,TX,77079,48201,Harris County,8038,26428.1,2.7461,7.6,69.22,0,95,630269,630269.0,2295145.4,6634.41052631579,6634.41052631579,99,4,95.96,58.67,3.2879,60.0,42.45,31.85,ADEQUATE,4,0.012753,0.011515,81.2,41.35,84.61
1800001448,PATEL GEORGE,Rheumatology,Arthritis,Pain Medicine,Yes,ARTHRITIS CARE CENTER - PASADENA,TX,77048,48201,Harris County,6100,19502.9,2.0402,11.0,55.17,1,95,630269,630269.0,2295145.4,6634.41052631579,6634.41052631579,99,4,95.96,58.67,3.1972,60.0,42.45,31.85,ADEQUATE,4,0.009678,0.008497,34.5,70.08,64.21
1800001449,WRIGHT MICHAEL,Rheumatology,Arthritis,Internal Medicine,No,ARTHRITIS CARE CENTER - KATY,TX,77010,48201,Harris County,5901,16401.9,2.4702,12.1,73.12,0,95,630269,630269.0,2295145.4,6634.41052631579,6634.41052631579,99,4,95.96,58.67,2.7795,60.0,42.45,31.85,ADEQUATE,4,0.009363,0.007146,64.75,80.23,62.12
1800001450,HARRIS VICTOR,Rheumatology,Arthritis,Pain Medicine,Yes,ARTHRITIS CARE CENTER - KATY,TX,77019,48201,Harris County,8485,37680.8,2.6134,9.3,74.14,1,95,630269,630269.0,2295145.4,6634.41052631579,6634.41052631579,99,4,95.96,58.67,4.4409,60.0,42.45,31.85,ADEQUATE,4,0.013463,0.016418,73.55,55.35,89.32
1800001451,RIVERA ANIKA,Rheumatology,Arthritis,Internal Medicine,Yes,RHEUMATOLOGY ASSOCIATES - HOUSTON,TX,77033,48201,Harris County,8774,37803.8,2.843,12.3,75.4,1,95,630269,630269.0,2295145.4,6634.41052631579,6634.41052631579,99,4,95.96,58.67,4.3086,60.0,42.45,31.85,ADEQUATE,4,0.013921,0.016471,85.35,82.12,92.36
1800001452,ADAMS ISABEL,Rheumatology,Arthritis,Internal Medicine,Yes,RHEUMATOLOGY ASSOCIATES - PASADENA,TX,77038,48201,Harris County,6043,15996.1,2.7319,10.0,63.16,1,95,630269,630269.0,2295145.4,6634.41052631579,6634.41052631579,99,4,95.96,58.67,2.647,60.0,42.45,31.85,ADEQUATE,4,0.009588,0.00697,80.55,61.72,63.61
1800001453,JOHNSON NOAH,Rheumatology,Arthritis,Geriatric Medicine,No,MUSCULOSKELETAL HEALTH GROUP - KATY,TX,77051,48201,Harris County,8537,30780.0,2.3845,12.8,27.71,0,95,630269,630269.0,2295145.4,6634.41052631579,6634.41052631579,99,4,95.96,58.67,3.6055,60.0,42.45,31.85,ADEQUATE,4,0.013545,0.013411,58.85,87.05,89.86
1800001454,SANCHEZ ZOE,Rheumatology,Arthritis,Internal Medicine,Yes,RHEUMATOLOGY ASSOCIATES - KATY,TX,77066,48201,Harris County,7183,19068.5,1.5038,9.2,60.22,1,95,630269,630269.0,2295145.4,6634.41052631579,6634.41052631579,99,4,95.96,58.67,2.6547,60.0,42.45,31.85,ADEQUATE,4,0.011397,0.008308,8.8,54.45,75.61
1800001455,BAKER CARLOS,Rheumatology,Arthritis,Geriatric Medicine,No,MUSCULOSKELETAL HEALTH GROUP - KATY,TX,77098,48201,Harris County,6256,27979.2,1.9926,5.2,55.21,0,95,630269,630269.0,2295145.4,6634.41052631579,6634.41052631579,99,4,95.96,58.67,4.4724,60.0,42.45,31.85,ADEQUATE,4,0.009926,0.012191,31.4,20.38,65.85
1800001456,LEE JULIA,Rheumatology,Arthritis,Pain Medicine,No,RHEUMATOLOGY ASSOCIATES - SUGAR LAND,TX,77058,48201,Harris County,8437,26641.6,1.6063,12.7,56.74,0,95,630269,630269.0,2295145.4,6634.41052631579,6634.41052631579,99,4,95.96,58.67,3.1577,60.0,42.45,31.85,ADEQUATE,4,0.013386,0.011608,11.85,86.02,88.81
1800001457,THOMAS PRIYA,Rheumatology,Arthritis,Geriatric Medicine,Yes,MUSCULOSKELETAL HEALTH GROUP - KATY,TX,77078,48201,Harris County,4428,16239.7,2.4234,8.3,78.63,1,95,630269,630269.0,2295145.4,6634.41052631579,6634.41052631579,99,4,95.96,58.67,3.6675,60.0,42.45,31.85,ADEQUATE,4,0.007026,0.007076,61.4,47.32,46.61
1800001458,CARTER DAVID,Rheumatology,Arthritis,Geriatric Medicine,Yes,ARTHRITIS CARE CENTER - SUGAR LAND,TX,77089,48201,Harris County,8305,25397.6,2.5936,13.7,43.45,1,95,630269,630269.0,2295145.4,6634.41052631579,6634.41052631579,99,4,95.96,58.67,3.0581,60.0,42.45,31.85,ADEQUATE,4,0.013177,0.011066,72.6,94.25,87.42
1800001459,MILLER ELENA,Rheumatology,Arthritis,Geriatric Medicine,No,ARTHRITIS CARE CENTER - PASADENA,TX,77056,48201,Harris County,8426,20615.6,2.6173,6.4,39.97,0,95,630269,630269.0,2295145.4,6634.41052631579,6634.41052631579,99,4,95.96,58.67,2.4467,60.0,42.45,31.85,ADEQUATE,4,0.013369,0.008982,73.95,30.63,88.69
1800001460,TURNER LUCAS,Rheumatology,Arthritis,Internal Medicine,Yes,RHEUMATOLOGY ASSOCIATES - KATY,TX,77077,48201,Harris County,7265,18458.6,2.0846,11.5,61.47,1,95,630269,630269.0,2295145.4,6634.41052631579,6634.41052631579,99,4,95.96,58.67,2.5408,60.0,42.45,31.85,ADEQUATE,4,0.011527,0.008042,37.8,74.52,76.47
1800001461,DAVIS SARAH,Rheumatology,Arthritis,Internal Medicine,Yes,MUSCULOSKELETAL HEALTH GROUP - SUGAR LAND,TX,77018,48201,Harris County,8045,20161.2,2.3021,7.7,80.99,1,95,630269,630269.0,2295145.4,6634.41052631579,6634.41052631579,99,4,95.96,58.67,2.5061,60.0,42.45,31.85,ADEQUATE,4,0.012764,0.008784,53.62,42.3,84.68
1800001462,MOORE AARON,Rheumatology,Arthritis,Geriatric Medicine,Yes,ARTHRITIS CARE CENTER - HOUSTON,TX,77014,48201,Harris County,4432,17233.4,2.3935,6.8,72.87,1,95,630269,630269.0,2295145.4,6634.41052631579,6634.41052631579,99,4,95.96,58.67,3.8884,60.0,42.45,31.85,ADEQUATE,4,0.007032,0.007509,59.2,34.12,46.65
1800001463,WATSON GEORGE,Rheumatology,Arthritis,Geriatric Medicine,Yes,MUSCULOSKELETAL HEALTH GROUP - SUGAR LAND,TX,77045,48201,Harris County,4726,18189.5,2.5705,5.1,78.34,1,95,630269,630269.0,2295145.4,6634.41052631579,6634.41052631579,99,4,95.96,58.67,3.8488,60.0,42.45,31.85,ADEQUATE,4,0.007498,0.007925,71.3,19.58,49.75
1800001464,EVANS MICHAEL,Rheumatology,Arthritis,Pain Medicine,No,MUSCULOSKELETAL HEALTH GROUP - HOUSTON,TX,77034,48201,Harris County,7793,27492.7,3.1505,10.8,58.55,0,95,630269,630269.0,2295145.4,6634.41052631579,6634.41052631579,99,4,95.96,58.67,3.5279,60.0,42.45,31.85,ADEQUATE,4,0.012365,0.011979,94.6,68.47,82.03
1800001465,NELSON VICTOR,Rheumatology,Arthritis,Internal Medicine,No,ARTHRITIS CARE CENTER - SUGAR LAND,TX,77012,48201,Harris County,7765,30772.4,1.7141,7.0,47.03,0,95,630269,630269.0,2295145.4,6634.41052631579,6634.41052631579,99,4,95.96,58.67,3.963,60.0,42.45,31.85,ADEQUATE,4,0.01232,0.013408,15.95,36.02,81.74
1800001466,WILLIAMS ANIKA,Rheumatology,Arthritis,Pain Medicine,Yes,ARTHRITIS CARE CENTER - SUGAR LAND,TX,77028,48201,Harris County,4739,20149.0,2.2856,9.6,60.2,1,95,630269,630269.0,2295145.4,6634.41052631579,6634.41052631579,99,4,95.96,58.67,4.2517,60.0,42.45,31.85,ADEQUATE,4,0.007519,0.008779,52.65,57.88,49.88
1800001467,GARCIA ISABEL,Rheumatology,Arthritis,Geriatric Medicine,Yes,MUSCULOSKELETAL HEALTH GROUP - SUGAR LAND,TX,77039,48201,Harris County,8543,39457.4,2.466,11.5,53.4,1,95,630269,630269.0,2295145.4,6634.41052631579,6634.41052631579,99,4,95.96,58.67,4.6187,60.0,42.45,31.85,ADEQUATE,4,0.013555,0.017192,64.3,74.52,89.93
1800001468,PATEL NOAH,Rheumatology,Arthritis,Pain Medicine,No,ARTHRITIS CARE CENTER - PASADENA,TX,77020,48201,Harris County,6263,17593.5,3.0847,12.4,47.52,0,95,630269,630269.0,2295145.4,6634.41052631579,6634.41052631579,99,4,95.96,58.67,2.8091,60.0,42.45,31.85,ADEQUATE,4,0.009937,0.007666,93.6,83.0,65.93
1800001469,WRIGHT ZOE,Rheumatology,Arthritis,Geriatric Medicine,No,MUSCULOSKELETAL HEALTH GROUP - HOUSTON,TX,77049,48201,Harris County,8759,40936.8,2.638,8.5,70.61,0,95,630269,630269.0,2295145.4,6634.41052631579,6634.41052631579,99,4,95.96,58.67,4.6737,60.0,42.45,31.85,ADEQUATE,4,0.013897,0.017836,75.0,49.0,92.2
1800001470,HARRIS CARLOS,Rheumatology,Arthritis,Internal Medicine,No,ARTHRITIS CARE CENTER - PASADENA,TX,77009,48201,Harris County,5513,25447.0,2.3332,10.5,35.8,0,95,630269,630269.0,2295145.4,6634.41052631579,6634.41052631579,99,4,95.96,58.67,4.6158,60.0,42.45,31.85,ADEQUATE,4,0.008747,0.011087,55.35,65.92,58.03
1800001471,MORGAN FATIMA,Cardiology,Heart Disease,Internal Medicine,Yes,CARDIAC WELLNESS GROUP - GRAND PRAIRIE,TX,76144,48439,Tarrant County,2945,11390.3,2.0318,3.7,51.48,1,45,203767,203767.0,717723.2,4528.155555555555,4528.155555555555,32,0,100.0,4.0,3.8677,38.67,33.46,11.82,ADEQUATE,0,0.014453,0.01587,34.05,6.65,65.44
1800001472,WHITE MAYA,Cardiology,Heart Disease,Cardiovascular Imaging,No,HEARTCARE SPECIALISTS - FORT WORTH,TX,76180,48439,Tarrant County,3679,16921.1,1.6564,10.3,68.27,0,45,203767,203767.0,717723.2,4528.155555555555,4528.155555555555,32,0,100.0,4.0,4.5994,38.67,33.46,11.82,ADEQUATE,0,0.018055,0.023576,13.9,64.08,81.76
1800001473,FOSTER THOMAS,Cardiology,Heart Disease,Internal Medicine,Yes,ADVANCED CARDIOLOGY CENTER - KELLER,TX,76152,48439,Tarrant County,4927,12466.6,0.9,10.8,90.1,1,45,203767,203767.0,717723.2,4528.155555555555,4528.155555555555,32,0,100.0,4.0,2.5303,38.67,33.46,11.82,ADEQUATE,0,0.02418,0.01737,0.32,68.47,109.49
1800001474,PARKER AMELIA,Cardiology,Heart Disease,Internal Medicine,Yes,ADVANCED CARDIOLOGY CENTER - FORT WORTH,TX,76123,48439,Tarrant County,5815,26340.3,2.7472,8.0,53.67,1,45,203767,203767.0,717723.2,4528.155555555555,4528.155555555555,32,0,100.0,4.0,4.5297,38.67,33.46,11.82,ADEQUATE,0,0.028537,0.0367,81.3,45.08,129.22
1800001475,WILSON HANNAH,Cardiology,Heart Disease,Internal Medicine,No,HEARTCARE SPECIALISTS - FORT WORTH,TX,76111,48439,Tarrant County,4891,13335.7,2.1783,4.3,38.58,0,45,203767,203767.0,717723.2,4528.155555555555,4528.155555555555,32,0,100.0,4.0,2.7266,38.67,33.46,11.82,ADEQUATE,0,0.024003,0.018581,44.9,12.12,108.69
1800001476,GOMEZ NADIA,Cardiology,Heart Disease,Internal Medicine,Yes,CARDIAC WELLNESS GROUP - GRAND PRAIRIE,TX,76150,48439,Tarrant County,4114,10972.9,2.2001,4.6,39.51,1,45,203767,203767.0,717723.2,4528.155555555555,4528.155555555555,32,0,100.0,4.0,2.6672,38.67,33.46,11.82,ADEQUATE,0,0.02019,0.015288,46.4,15.05,91.42
1800001477,REED WILLIAM,Cardiology,Heart Disease,Internal Medicine,No,HEARTCARE SPECIALISTS - GRAND PRAIRIE,TX,76109,48439,Tarrant County,3811,9654.6,1.419,5.0,53.28,0,45,203767,203767.0,717723.2,4528.155555555555,4528.155555555555,32,0,100.0,4.0,2.5334,38.67,33.46,11.82,ADEQUATE,0,0.018703,0.013452,6.6,18.8,84.69
1800001478,YOUNG BENJAMIN,Cardiology,Heart Disease,Cardiovascular Imaging,No,CARDIAC WELLNESS GROUP - KELLER,TX,76196,48439,Tarrant County,5738,25242.3,2.2558,9.5,56.89,0,45,203767,203767.0,717723.2,4528.155555555555,4528.155555555555,32,0,100.0,4.0,4.3991,38.67,33.46,11.82,ADEQUATE,0,0.02816,0.03517,50.6,57.0,127.51
1800001479,JACKSON JAMES,Cardiology,Heart Disease,Geriatric Medicine,No,CARDIAC WELLNESS GROUP - GRAND PRAIRIE,TX,76185,48439,Tarrant County,4473,19244.9,2.8784,8.0,65.41,0,45,203767,203767.0,717723.2,4528.155555555555,4528.155555555555,32,0,100.0,4.0,4.3025,38.67,33.46,11.82,ADEQUATE,0,0.021952,0.026814,87.08,45.08,99.4
1800001480,ROBERTS OLIVIA,Cardiology,Heart Disease,Cardiovascular Imaging,Yes,CARDIAC WELLNESS GROUP - ARLINGTON,TX,76119,48439,Tarrant County,2934,13331.7,2.4092,8.7,91.89,1,45,203767,203767.0,717723.2,4528.155555555555,4528.155555555555,32,0,100.0,4.0,4.5439,38.67,33.46,11.82,ADEQUATE,0,0.014399,0.018575,60.5,50.5,65.2
1800001481,ANDERSON EMILY,Cardiology,Heart Disease,Geriatric Medicine,Yes,CARDIAC WELLNESS GROUP - GRAND PRAIRIE,TX,76168,48439,Tarrant County,3277,9775.4,2.597,13.0,64.53,1,45,203767,203767.0,717723.2,4528.155555555555,4528.155555555555,32,0,100.0,4.0,2.983,38.67,33.46,11.82,ADEQUATE,0,0.016082,0.01362,72.75,88.8,72.82
1800001482,KIM DANIEL,Cardiology,Heart Disease,Cardiovascular Imaging,Yes,ADVANCED CARDIOLOGY CENTER - KELLER,TX,76120,48439,Tarrant County,5419,15560.1,1.7299,7.1,34.07,1,45,203767,203767.0,717723.2,4528.155555555555,4528.155555555555,32,0,100.0,4.0,2.8714,38.67,33.46,11.82,ADEQUATE,0,0.026594,0.02168,16.75,37.05,120.42
1800001483,TAYLOR KARAN,Cardiology,Heart Disease,Internal Medicine,No,CARDIAC WELLNESS GROUP - ARLINGTON,TX,76119,48439,Tarrant County,4103,14741.9,1.6623,8.9,34.43,0,45,203767,203767.0,717723.2,4528.155555555555,4528.155555555555,32,0,100.0,4.0,3.593,38.67,33.46,11.82,ADEQUATE,0,0.020136,0.02054,14.05,51.8,91.18
1800001484,BROWN RAHUL,Cardiology,Heart Disease,Cardiovascular Imaging,No,ADVANCED CARDIOLOGY CENTER - KELLER,TX,76133,48439,Tarrant County,5520,17619.1,2.7181,4.3,42.27,0,45,203767,203767.0,717723.2,4528.155555555555,4528.155555555555,32,0,100.0,4.0,3.1919,38.67,33.46,11.82,ADEQUATE,0,0.02709,0.024549,79.35,12.12,122.67
1800001485,MARTIN SOPHIA,Cardiology,Heart Disease,Geriatric Medicine,Yes,HEARTCARE SPECIALISTS - FORT WORTH,TX,76138,48439,Tarrant County,4194,17833.1,2.179,4.5,70.85,1,45,203767,203767.0,717723.2,4528.155555555555,4528.155555555555,32,0,100.0,4.0,4.2521,38.67,33.46,11.82,ADEQUATE,0,0.020582,0.024847,44.95,13.9,93.2
1800001486,THOMPSON FATIMA,Cardiology,Heart Disease,Cardiovascular Imaging,No,CARDIAC WELLNESS GROUP - FORT WORTH,TX,76157,48439,Tarrant County,2894,7983.1,1.5902,9.8,45.11,0,45,203767,203767.0,717723.2,4528.155555555555,4528.155555555555,32,0,100.0,4.0,2.7585,38.67,33.46,11.82,ADEQUATE,0,0.014202,0.011123,11.4,59.9,64.31
1800001487,CLARK MAYA,Cardiology,Heart Disease,Cardiovascular Imaging,Yes,ADVANCED CARDIOLOGY CENTER - ARLINGTON,TX,76187,48439,Tarrant County,5427,23687.2,1.6933,4.8,39.33,1,45,203767,203767.0,717723.2,4528.155555555555,4528.155555555555,32,0,100.0,4.0,4.3647,38.67,33.46,11.82,ADEQUATE,0,0.026633,0.033003,15.25,16.95,120.6
1800001488,MITCHELL THOMAS,Cardiology,Heart Disease,Geriatric Medicine,Yes,HEARTCARE SPECIALISTS - ARLINGTON,TX,76193,48439,Tarrant County,5739,16384.7,2.4545,13.0,67.68,1,45,203767,203767.0,717723.2,4528.155555555555,4528.155555555555,32,0,100.0,4.0,2.855,38.67,33.46,11.82,ADEQUATE,0,0.028165,0.022829,63.52,88.8,127.53
1800001489,WALKER AMELIA,Cardiology,Heart Disease,Geriatric Medicine,No,ADVANCED CARDIOLOGY CENTER - KELLER,TX,76136,48439,Tarrant County,5054,22145.8,2.2007,14.3,56.11,0,45,203767,203767.0,717723.2,4528.155555555555,4528.155555555555,32,0,100.0,4.0,4.3818,38.67,33.46,11.82,ADEQUATE,0,0.024803,0.030856,46.5,98.35,112.31
1800001490,EDWARDS HANNAH,Cardiology,Heart Disease,Internal Medicine,Yes,HEARTCARE SPECIALISTS - KELLER,TX,76151,48439,Tarrant County,4271,20331.6,2.7564,4.8,50.94,1,45,203767,203767.0,717723.2,4528.155555555555,4528.155555555555,32,0,100.0,4.0,4.7604,38.67,33.46,11.82,ADEQUATE,0,0.02096,0.028328,81.45,16.95,94.91
1800001491,MORGAN NADIA,Cardiology,Heart Disease,Cardiovascular Imaging,Yes,ADVANCED CARDIOLOGY CENTER - KELLER,TX,76166,48439,Tarrant County,5703,13957.3,2.0469,6.3,63.47,1,45,203767,203767.0,717723.2,4528.155555555555,4528.155555555555,32,0,100.0,4.0,2.4474,38.67,33.46,11.82,ADEQUATE,0,0.027988,0.019447,35.05,29.9,126.73
1800001492,WHITE WILLIAM,Cardiology,Heart Disease,Cardiovascular Imaging,Yes,ADVANCED CARDIOLOGY CENTER - GRAND PRAIRIE,TX,76197,48439,Tarrant County,3872,16390.3,2.5032,11.4,59.59,1,45,203767,203767.0,717723.2,4528.155555555555,4528.155555555555,32,0,100.0,4.0,4.233,38.67,33.46,11.82,ADEQUATE,0,0.019002,0.022837,67.25,73.5,86.04
1800001493,FOSTER BENJAMIN,Cardiology,Heart Disease,Cardiovascular Imaging,Yes,HEARTCARE SPECIALISTS - FORT WORTH,TX,76163,48439,Tarrant County,3747,12396.5,1.7243,3.4,64.37,1,45,203767,203767.0,717723.2,4528.155555555555,4528.155555555555,32,0,100.0,4.0,3.3084,38.67,33.46,11.82,ADEQUATE,0,0.018389,0.017272,16.35,3.98,83.27
1800001494,PARKER JAMES,Cardiology,Heart Disease,Cardiovascular Imaging,No,HEARTCARE SPECIALISTS - FORT WORTH,TX,76151,48439,Tarrant County,5145,15197.7,2.5768,4.9,24.99,0,45,203767,203767.0,717723.2,4528.155555555555,4528.155555555555,32,0,100.0,4.0,2.9539,38.67,33.46,11.82,ADEQUATE,0,0.025249,0.021175,71.6,17.95,114.33
1800001495,WILSON OLIVIA,Cardiology,Heart Disease,Cardiovascular Imaging,No,ADVANCED CARDIOLOGY CENTER - GRAND PRAIRIE,TX,76194,48439,Tarrant County,3621,9140.4,2.1508,8.0,29.52,0,45,203767,203767.0,717723.2,4528.155555555555,4528.155555555555,32,0,100.0,4.0,2.5243,38.67,33.46,11.82,ADEQUATE,0,0.01777,0.012735,42.65,45.08,80.47
1800001496,GOMEZ EMILY,Cardiology,Heart Disease,Geriatric Medicine,Yes,ADVANCED CARDIOLOGY CENTER - GRAND PRAIRIE,TX,76178,48439,Tarrant County,5911,19951.2,1.075,13.0,88.7,1,45,203767,203767.0,717723.2,4528.155555555555,4528.155555555555,32,0,100.0,4.0,3.3753,38.67,33.46,11.82,ADEQUATE,0,0.029009,0.027798,1.45,88.8,131.36
1800001497,REED DANIEL,Cardiology,Heart Disease,Geriatric Medicine,Yes,HEARTCARE SPECIALISTS - KELLER,TX,76113,48439,Tarrant County,3139,12748.1,1.8503,12.2,77.74,1,45,203767,203767.0,717723.2,4528.155555555555,4528.155555555555,32,0,100.0,4.0,4.0612,38.67,33.46,11.82,ADEQUATE,0,0.015405,0.017762,22.3,81.25,69.76
1800001498,YOUNG KARAN,Cardiology,Heart Disease,Internal Medicine,Yes,ADVANCED CARDIOLOGY CENTER - KELLER,TX,76110,48439,Tarrant County,5817,21798.2,2.8833,7.9,40.0,1,45,203767,203767.0,717723.2,4528.155555555555,4528.155555555555,32,0,100.0,4.0,3.7473,38.67,33.46,11.82,ADEQUATE,0,0.028547,0.030371,87.5,44.15,129.27
1800001499,JACKSON RAHUL,Cardiology,Heart Disease,Internal Medicine,Yes,ADVANCED CARDIOLOGY CENTER - KELLER,TX,76192,48439,Tarrant County,5120,22966.5,1.7338,11.2,43.31,1,45,203767,203767.0,717723.2,4528.155555555555,4528.155555555555,32,0,100.0,4.0,4.4856,38.67,33.46,11.82,ADEQUATE,0,0.025127,0.031999,16.95,71.95,113.78
1800001500,ROBERTS SOPHIA,Cardiology,Heart Disease,Internal Medicine,Yes,HEARTCARE SPECIALISTS - FORT WORTH,TX,76109,48439,Tarrant County,4385,10734.4,2.9793,6.4,36.8,1,45,203767,203767.0,717723.2,4528.155555555555,4528.155555555555,32,0,100.0,4.0,2.448,38.67,33.46,11.82,ADEQUATE,0,0.02152,0.014956,90.6,30.63,97.44
1800001501,ANDERSON FATIMA,Cardiology,Heart Disease,Geriatric Medicine,Yes,CARDIAC WELLNESS GROUP - FORT WORTH,TX,76126,48439,Tarrant County,3153,9036.7,2.0738,4.5,82.42,1,45,203767,203767.0,717723.2,4528.155555555555,4528.155555555555,32,0,100.0,4.0,2.8661,38.67,33.46,11.82,ADEQUATE,0,0.015474,0.012591,37.0,13.9,70.07
1800001502,KIM MAYA,Cardiology,Heart Disease,Internal Medicine,Yes,ADVANCED CARDIOLOGY CENTER - KELLER,TX,76133,48439,Tarrant County,5432,17954.2,1.4841,11.5,88.68,1,45,203767,203767.0,717723.2,4528.155555555555,4528.155555555555,32,0,100.0,4.0,3.3053,38.67,33.46,11.82,ADEQUATE,0,0.026658,0.025015,8.25,74.52,120.71
1800001503,TAYLOR THOMAS,Cardiology,Heart Disease,Cardiovascular Imaging,No,ADVANCED CARDIOLOGY CENTER - ARLINGTON,TX,76161,48439,Tarrant County,5865,26198.8,2.3096,13.8,91.17,0,45,203767,203767.0,717723.2,4528.155555555555,4528.155555555555,32,0,100.0,4.0,4.467,38.67,33.46,11.82,ADEQUATE,0,0.028783,0.036503,54.08,94.9,130.33
1800001504,BROWN AMELIA,Cardiology,Heart Disease,Cardiovascular Imaging,Yes,ADVANCED CARDIOLOGY CENTER - GRAND PRAIRIE,TX,76188,48439,Tarrant County,4215,12558.6,2.9724,11.5,62.0,1,45,203767,203767.0,717723.2,4528.155555555555,4528.155555555555,32,0,100.0,4.0,2.9795,38.67,33.46,11.82,ADEQUATE,0,0.020685,0.017498,90.35,74.52,93.67
1800001505,MARTIN HANNAH,Cardiology,Heart Disease,Geriatric Medicine,No,ADVANCED CARDIOLOGY CENTER - GRAND PRAIRIE,TX,76124,48439,Tarrant County,4719,13021.1,2.7416,3.9,66.05,0,45,203767,203767.0,717723.2,4528.155555555555,4528.155555555555,32,0,100.0,4.0,2.7593,38.67,33.46,11.82,ADEQUATE,0,0.023159,0.018142,80.85,8.4,104.87
1800001506,THOMPSON NADIA,Cardiology,Heart Disease,Internal Medicine,Yes,ADVANCED CARDIOLOGY CENTER - FORT WORTH,TX,76197,48439,Tarrant County,4539,13413.3,1.5059,11.2,40.1,1,45,203767,203767.0,717723.2,4528.155555555555,4528.155555555555,32,0,100.0,4.0,2.9551,38.67,33.46,11.82,ADEQUATE,0,0.022275,0.018689,8.9,71.95,100.87
1800001507,CLARK WILLIAM,Cardiology,Heart Disease,Cardiovascular Imaging,No,ADVANCED CARDIOLOGY CENTER - GRAND PRAIRIE,TX,76176,48439,Tarrant County,4515,11994.1,1.5593,11.5,34.2,0,45,203767,203767.0,717723.2,4528.155555555555,4528.155555555555,32,0,100.0,4.0,2.6565,38.67,33.46,11.82,ADEQUATE,0,0.022158,0.016711,10.25,74.52,100.33
1800001508,MITCHELL BENJAMIN,Cardiology,Heart Disease,Cardiovascular Imaging,No,ADVANCED CARDIOLOGY CENTER - FORT WORTH,TX,76170,48439,Tarrant County,3043,11797.1,2.0758,7.6,61.69,0,45,203767,203767.0,717723.2,4528.155555555555,4528.155555555555,32,0,100.0,4.0,3.8768,38.67,33.46,11.82,ADEQUATE,0,0.014934,0.016437,37.15,41.35,67.62
1800001509,WALKER JAMES,Cardiology,Heart Disease,Internal Medicine,Yes,HEARTCARE SPECIALISTS - GRAND PRAIRIE,TX,76116,48439,Tarrant County,5638,26718.9,1.9285,12.2,27.31,1,45,203767,203767.0,717723.2,4528.155555555555,4528.155555555555,32,0,100.0,4.0,4.7391,38.67,33.46,11.82,ADEQUATE,0,0.027669,0.037227,27.0,81.25,125.29
1800001510,EDWARDS OLIVIA,Cardiology,Heart Disease,Internal Medicine,Yes,HEARTCARE SPECIALISTS - FORT WORTH,TX,76106,48439,Tarrant County,4515,12154.1,3.3458,13.4,46.49,1,45,203767,203767.0,717723.2,4528.155555555555,4528.155555555555,32,0,100.0,4.0,2.6919,38.67,33.46,11.82,ADEQUATE,0,0.022158,0.016934,97.45,91.75,100.33
1800001511,MORGAN EMILY,Cardiology,Heart Disease,Cardiovascular Imaging,Yes,CARDIAC WELLNESS GROUP - KELLER,TX,76130,48439,Tarrant County,3665,12362.1,2.2737,9.3,71.41,1,45,203767,203767.0,717723.2,4528.155555555555,4528.155555555555,32,0,100.0,4.0,3.373,38.67,33.46,11.82,ADEQUATE,0,0.017986,0.017224,51.55,55.35,81.44
1800001512,WHITE DANIEL,Cardiology,Heart Disease,Cardiovascular Imaging,Yes,CARDIAC WELLNESS GROUP - KELLER,TX,76184,48439,Tarrant County,5969,27973.9,1.8337,10.7,81.91,1,45,203767,203767.0,717723.2,4528.155555555555,4528.155555555555,32,0,100.0,4.0,4.6865,38.67,33.46,11.82,ADEQUATE,0,0.029293,0.038976,21.4,67.7,132.64
1800001513,FOSTER KARAN,Cardiology,Heart Disease,Internal Medicine,Yes,HEARTCARE SPECIALISTS - GRAND PRAIRIE,TX,76183,48439,Tarrant County,3388,9651.6,2.3731,4.5,38.44,1,45,203767,203767.0,717723.2,4528.155555555555,4528.155555555555,32,0,100.0,4.0,2.8488,38.67,33.46,11.82,ADEQUATE,0,0.016627,0.013448,58.2,13.9,75.29
1800001514,PARKER RAHUL,Cardiology,Heart Disease,Cardiovascular Imaging,Yes,ADVANCED CARDIOLOGY CENTER - ARLINGTON,TX,76172,48439,Tarrant County,4713,16993.2,1.8756,5.9,55.42,1,45,203767,203767.0,717723.2,4528.155555555555,4528.155555555555,32,0,100.0,4.0,3.6056,38.67,33.46,11.82,ADEQUATE,0,0.023129,0.023677,23.7,26.48,104.73
1800001515,WILSON SOPHIA,Cardiology,Heart Disease,Cardiovascular Imaging,No,ADVANCED CARDIOLOGY CENTER - ARLINGTON,TX,76144,48439,Tarrant County,4713,15652.5,2.8049,10.1,30.47,0,45,203767,203767.0,717723.2,4528.155555555555,4528.155555555555,32,0,100.0,4.0,3.3211,38.67,33.46,11.82,ADEQUATE,0,0.023129,0.021809,83.5,62.52,104.73
1800001516,WILLIAMS SARAH,Endocrinology,Diabetes,Family Medicine,No,METABOLIC HEALTH ASSOCIATES - KELLER,TX,76169,48439,Tarrant County,6883,23243.5,1.1066,11.3,45.76,0,43,249729,249729.0,880988.9,5807.6511627906975,5807.6511627906975,39,0,100.0,36.0,3.3769,29.33,48.3,20.64,ADEQUATE,0,0.027562,0.026383,1.75,72.78,160.07
1800001517,GARCIA AARON,Endocrinology,Diabetes,Family Medicine,No,DIABETES CARE CENTER - ARLINGTON,TX,76116,48439,Tarrant County,6236,16590.7,2.4354,9.0,26.8,0,43,249729,249729.0,880988.9,5807.6511627906975,5807.6511627906975,39,0,100.0,36.0,2.6605,29.33,48.3,20.64,ADEQUATE,0,0.024971,0.018832,62.3,52.6,145.02
1800001518,PATEL GEORGE,Endocrinology,Diabetes,Internal Medicine,Yes,ENDOCRINE SPECIALISTS GROUP - ARLINGTON,TX,76161,48439,Tarrant County,6272,21847.1,1.7862,8.2,54.03,1,43,249729,249729.0,880988.9,5807.6511627906975,5807.6511627906975,39,0,100.0,36.0,3.4833,29.33,48.3,20.64,ADEQUATE,0,0.025115,0.024798,19.38,46.48,145.86
1800001519,WRIGHT MICHAEL,Endocrinology,Diabetes,Internal Medicine,Yes,DIABETES CARE CENTER - KELLER,TX,76189,48439,Tarrant County,5930,19691.0,2.4384,8.4,66.52,1,43,249729,249729.0,880988.9,5807.6511627906975,5807.6511627906975,39,0,100.0,36.0,3.3206,29.33,48.3,20.64,ADEQUATE,0,0.023746,0.022351,62.5,48.12,137.91
1800001520,HARRIS VICTOR,Endocrinology,Diabetes,Metabolic Medicine,No,DIABETES CARE CENTER - GRAND PRAIRIE,TX,76158,48439,Tarrant County,5961,22987.8,2.5259,4.8,70.17,0,43,249729,249729.0,880988.9,5807.6511627906975,5807.6511627906975,39,0,100.0,36.0,3.8564,29.33,48.3,20.64,ADEQUATE,0,0.02387,0.026093,68.35,16.95,138.63
1800001521,RIVERA ANIKA,Endocrinology,Diabetes,Metabolic Medicine,Yes,DIABETES CARE CENTER - KELLER,TX,76139,48439,Tarrant County,5914,27699.1,2.4181,4.7,63.08,1,43,249729,249729.0,880988.9,5807.6511627906975,5807.6511627906975,39,0,100.0,36.0,4.6836,29.33,48.3,20.64,ADEQUATE,0,0.023682,0.031441,61.18,15.9,137.53
1800001522,ADAMS ISABEL,Endocrinology,Diabetes,Internal Medicine,No,ENDOCRINE SPECIALISTS GROUP - GRAND PRAIRIE,TX,76133,48439,Tarrant County,7496,23505.2,2.7209,4.3,98.0,0,43,249729,249729.0,880988.9,5807.6511627906975,5807.6511627906975,39,0,100.0,36.0,3.1357,29.33,48.3,20.64,ADEQUATE,0,0.030017,0.02668,79.7,12.12,174.33
1800001523,JOHNSON NOAH,Endocrinology,Diabetes,Metabolic Medicine,Yes,DIABETES CARE CENTER - FORT WORTH,TX,76133,48439,Tarrant County,5748,17726.0,1.3118,3.1,90.74,1,43,249729,249729.0,880988.9,5807.6511627906975,5807.6511627906975,39,0,100.0,36.0,3.0839,29.33,48.3,20.64,ADEQUATE,0,0.023017,0.020121,4.55,1.15,133.67
1800001524,SANCHEZ ZOE,Endocrinology,Diabetes,Internal Medicine,Yes,DIABETES CARE CENTER - GRAND PRAIRIE,TX,76172,48439,Tarrant County,5652,14132.4,2.3671,14.3,60.54,1,43,249729,249729.0,880988.9,5807.6511627906975,5807.6511627906975,39,0,100.0,36.0,2.5004,29.33,48.3,20.64,ADEQUATE,0,0.022633,0.016042,57.85,98.35,131.44
1800001525,BAKER CARLOS,Endocrinology,Diabetes,Internal Medicine,Yes,DIABETES CARE CENTER - GRAND PRAIRIE,TX,76117,48439,Tarrant County,7002,23554.0,2.8144,12.7,79.18,1,43,249729,249729.0,880988.9,5807.6511627906975,5807.6511627906975,39,0,100.0,36.0,3.3639,29.33,48.3,20.64,ADEQUATE,0,0.028038,0.026736,84.05,86.02,162.84
1800001526,LEE JULIA,Endocrinology,Diabetes,Internal Medicine,Yes,DIABETES CARE CENTER - FORT WORTH,TX,76102,48439,Tarrant County,6743,19698.5,1.9023,12.2,98.0,1,43,249729,249729.0,880988.9,5807.6511627906975,5807.6511627906975,39,0,100.0,36.0,2.9213,29.33,48.3,20.64,ADEQUATE,0,0.027001,0.02236,25.45,81.25,156.81
1800001527,THOMAS PRIYA,Endocrinology,Diabetes,Metabolic Medicine,No,METABOLIC HEALTH ASSOCIATES - ARLINGTON,TX,76134,48439,Tarrant County,7166,21751.9,2.4469,8.8,46.96,0,43,249729,249729.0,880988.9,5807.6511627906975,5807.6511627906975,39,0,100.0,36.0,3.0354,29.33,48.3,20.64,ADEQUATE,0,0.028695,0.02469,62.95,51.25,166.65
1800001528,CARTER DAVID,Endocrinology,Diabetes,Internal Medicine,Yes,ENDOCRINE SPECIALISTS GROUP - FORT WORTH,TX,76115,48439,Tarrant County,6132,24434.1,1.9635,7.8,81.2,1,43,249729,249729.0,880988.9,5807.6511627906975,5807.6511627906975,39,0,100.0,36.0,3.9847,29.33,48.3,20.64,ADEQUATE,0,0.024555,0.027735,29.25,43.2,142.6
1800001529,MILLER ELENA,Endocrinology,Diabetes,Metabolic Medicine,No,ENDOCRINE SPECIALISTS GROUP - KELLER,TX,76190,48439,Tarrant County,7496,31118.0,1.511,6.3,49.1,0,43,249729,249729.0,880988.9,5807.6511627906975,5807.6511627906975,39,0,100.0,36.0,4.1513,29.33,48.3,20.64,ADEQUATE,0,0.030017,0.035322,9.1,29.9,174.33
1800001530,TURNER LUCAS,Endocrinology,Diabetes,Metabolic Medicine,No,METABOLIC HEALTH ASSOCIATES - GRAND PRAIRIE,TX,76147,48439,Tarrant County,5107,15488.2,2.8552,5.5,23.11,0,43,249729,249729.0,880988.9,5807.6511627906975,5807.6511627906975,39,0,100.0,36.0,3.0327,29.33,48.3,20.64,ADEQUATE,0,0.02045,0.01758,85.9,23.2,118.77
1800001531,DAVIS SARAH,Endocrinology,Diabetes,Family Medicine,No,METABOLIC HEALTH ASSOCIATES - KELLER,TX,76161,48439,Tarrant County,7363,17680.8,1.5122,12.5,38.86,0,43,249729,249729.0,880988.9,5807.6511627906975,5807.6511627906975,39,0,100.0,36.0,2.4013,29.33,48.3,20.64,ADEQUATE,0,0.029484,0.020069,9.15,84.02,171.23
1800001532,MOORE AARON,Endocrinology,Diabetes,Metabolic Medicine,Yes,DIABETES CARE CENTER - FORT WORTH,TX,76114,48439,Tarrant County,6221,17059.3,2.994,4.1,64.86,1,43,249729,249729.0,880988.9,5807.6511627906975,5807.6511627906975,39,0,100.0,36.0,2.7422,29.33,48.3,20.64,ADEQUATE,0,0.024911,0.019364,90.95,10.22,144.67
1800001533,WATSON GEORGE,Endocrinology,Diabetes,Family Medicine,Yes,METABOLIC HEALTH ASSOCIATES - GRAND PRAIRIE,TX,76133,48439,Tarrant County,6916,22875.0,3.5571,10.7,50.07,1,43,249729,249729.0,880988.9,5807.6511627906975,5807.6511627906975,39,0,100.0,36.0,3.3075,29.33,48.3,20.64,ADEQUATE,0,0.027694,0.025965,99.05,67.7,160.84
1800001534,EVANS MICHAEL,Endocrinology,Diabetes,Internal Medicine,No,ENDOCRINE SPECIALISTS GROUP - ARLINGTON,TX,76127,48439,Tarrant County,6696,21669.9,1.9107,13.3,63.6,0,43,249729,249729.0,880988.9,5807.6511627906975,5807.6511627906975,39,0,100.0,36.0,3.2362,29.33,48.3,20.64,ADEQUATE,0,0.026813,0.024597,26.15,91.12,155.72
1800001535,NELSON VICTOR,Endocrinology,Diabetes,Family Medicine,No,DIABETES CARE CENTER - KELLER,TX,76167,48439,Tarrant County,3737,16635.1,3.0198,9.0,75.27,0,43,249729,249729.0,880988.9,5807.6511627906975,5807.6511627906975,39,0,100.0,36.0,4.4515,29.33,48.3,20.64,ADEQUATE,0,0.014964,0.018882,92.1,52.6,86.91
1800001536,WILLIAMS ANIKA,Endocrinology,Diabetes,Metabolic Medicine,No,METABOLIC HEALTH ASSOCIATES - KELLER,TX,76149,48439,Tarrant County,4067,10420.3,2.1392,4.5,65.87,0,43,249729,249729.0,880988.9,5807.6511627906975,5807.6511627906975,39,0,100.0,36.0,2.5622,29.33,48.3,20.64,ADEQUATE,0,0.016286,0.011828,41.7,13.9,94.58
1800001537,GARCIA ISABEL,Endocrinology,Diabetes,Family Medicine,Yes,ENDOCRINE SPECIALISTS GROUP - KELLER,TX,76114,48439,Tarrant County,5802,20361.2,2.5604,3.6,37.95,1,43,249729,249729.0,880988.9,5807.6511627906975,5807.6511627906975,39,0,100.0,36.0,3.5093,29.33,48.3,20.64,ADEQUATE,0,0.023233,0.023112,70.45,5.78,134.93
1800001538,PATEL NOAH,Endocrinology,Diabetes,Metabolic Medicine,Yes,ENDOCRINE SPECIALISTS GROUP - ARLINGTON,TX,76145,48439,Tarrant County,3792,16808.5,1.6283,4.5,42.6,1,43,249729,249729.0,880988.9,5807.6511627906975,5807.6511627906975,39,0,100.0,36.0,4.4326,29.33,48.3,20.64,ADEQUATE,0,0.015184,0.019079,12.7,13.9,88.19
1800001539,WRIGHT ZOE,Endocrinology,Diabetes,Family Medicine,No,METABOLIC HEALTH ASSOCIATES - FORT WORTH,TX,76127,48439,Tarrant County,6098,15280.5,2.7731,6.7,56.58,0,43,249729,249729.0,880988.9,5807.6511627906975,5807.6511627906975,39,0,100.0,36.0,2.5058,29.33,48.3,20.64,ADEQUATE,0,0.024418,0.017345,82.15,33.12,141.81
1800001540,HARRIS CARLOS,Endocrinology,Diabetes,Metabolic Medicine,Yes,DIABETES CARE CENTER - KELLER,TX,76120,48439,Tarrant County,3941,18624.1,2.2295,4.2,63.91,1,43,249729,249729.0,880988.9,5807.6511627906975,5807.6511627906975,39,0,100.0,36.0,4.7257,29.33,48.3,20.64,ADEQUATE,0,0.015781,0.02114,48.85,11.2,91.65
1800001541,RIVERA JULIA,Endocrinology,Diabetes,Family Medicine,Yes,DIABETES CARE CENTER - ARLINGTON,TX,76149,48439,Tarrant County,4861,16378.2,2.2156,11.4,78.94,1,43,249729,249729.0,880988.9,5807.6511627906975,5807.6511627906975,39,0,100.0,36.0,3.3693,29.33,48.3,20.64,ADEQUATE,0,0.019465,0.018591,48.0,73.5,113.05
1800001542,ADAMS PRIYA,Endocrinology,Diabetes,Family Medicine,No,METABOLIC HEALTH ASSOCIATES - FORT WORTH,TX,76139,48439,Tarrant County,6687,28507.0,2.4519,12.1,37.5,0,43,249729,249729.0,880988.9,5807.6511627906975,5807.6511627906975,39,0,100.0,36.0,4.263,29.33,48.3,20.64,ADEQUATE,0,0.026777,0.032358,63.3,80.23,155.51
1800001543,JOHNSON DAVID,Endocrinology,Diabetes,Metabolic Medicine,Yes,ENDOCRINE SPECIALISTS GROUP - GRAND PRAIRIE,TX,76169,48439,Tarrant County,4651,14186.0,2.0139,8.2,63.28,1,43,249729,249729.0,880988.9,5807.6511627906975,5807.6511627906975,39,0,100.0,36.0,3.0501,29.33,48.3,20.64,ADEQUATE,0,0.018624,0.016102,32.55,46.48,108.16
1800001544,SANCHEZ ELENA,Endocrinology,Diabetes,Internal Medicine,Yes,METABOLIC HEALTH ASSOCIATES - ARLINGTON,TX,76177,48439,Tarrant County,4911,18677.8,2.3402,14.0,62.38,1,43,249729,249729.0,880988.9,5807.6511627906975,5807.6511627906975,39,0,100.0,36.0,3.8033,29.33,48.3,20.64,ADEQUATE,0,0.019665,0.021201,55.95,96.25,114.21
1800001545,BAKER LUCAS,Endocrinology,Diabetes,Family Medicine,Yes,METABOLIC HEALTH ASSOCIATES - GRAND PRAIRIE,TX,76114,48439,Tarrant County,4226,14806.2,2.7012,3.1,42.49,1,43,249729,249729.0,880988.9,5807.6511627906975,5807.6511627906975,39,0,100.0,36.0,3.5036,29.33,48.3,20.64,ADEQUATE,0,0.016922,0.016806,78.6,1.15,98.28
1800001546,LEE SARAH,Endocrinology,Diabetes,Family Medicine,No,ENDOCRINE SPECIALISTS GROUP - KELLER,TX,76115,48439,Tarrant County,6298,30134.6,1.6448,8.6,49.1,0,43,249729,249729.0,880988.9,5807.6511627906975,5807.6511627906975,39,0,100.0,36.0,4.7848,29.33,48.3,20.64,ADEQUATE,0,0.025219,0.034205,13.2,49.78,146.47
1800001547,THOMAS AARON,Endocrinology,Diabetes,Internal Medicine,Yes,DIABETES CARE CENTER - ARLINGTON,TX,76193,48439,Tarrant County,3944,17027.9,1.3782,5.4,44.36,1,43,249729,249729.0,880988.9,5807.6511627906975,5807.6511627906975,39,0,100.0,36.0,4.3174,29.33,48.3,20.64,ADEQUATE,0,0.015793,0.019328,5.75,22.45,91.72
1800001548,CARTER GEORGE,Endocrinology,Diabetes,Metabolic Medicine,Yes,METABOLIC HEALTH ASSOCIATES - ARLINGTON,TX,76152,48439,Tarrant County,4074,18915.8,2.4942,8.1,53.88,1,43,249729,249729.0,880988.9,5807.6511627906975,5807.6511627906975,39,0,100.0,36.0,4.6431,29.33,48.3,20.64,ADEQUATE,0,0.016314,0.021471,66.35,45.75,94.74
1800001549,MILLER MICHAEL,Endocrinology,Diabetes,Metabolic Medicine,Yes,METABOLIC HEALTH ASSOCIATES - KELLER,TX,76127,48439,Tarrant County,6206,23935.4,2.0697,4.8,74.08,1,43,249729,249729.0,880988.9,5807.6511627906975,5807.6511627906975,39,0,100.0,36.0,3.8568,29.33,48.3,20.64,ADEQUATE,0,0.024851,0.027169,36.6,16.95,144.33
1800001550,TURNER VICTOR,Endocrinology,Diabetes,Metabolic Medicine,Yes,DIABETES CARE CENTER - FORT WORTH,TX,76167,48439,Tarrant County,6906,25755.3,3.0059,3.6,60.22,1,43,249729,249729.0,880988.9,5807.6511627906975,5807.6511627906975,39,0,100.0,36.0,3.7294,29.33,48.3,20.64,ADEQUATE,0,0.027654,0.029235,91.5,5.78,160.6
1800001551,DAVIS ANIKA,Endocrinology,Diabetes,Family Medicine,Yes,DIABETES CARE CENTER - FORT WORTH,TX,76185,48439,Tarrant County,5640,22344.8,1.8638,10.9,47.89,1,43,249729,249729.0,880988.9,5807.6511627906975,5807.6511627906975,39,0,100.0,36.0,3.9618,29.33,48.3,20.64,ADEQUATE,0,0.022584,0.025363,23.05,69.27,131.16
1800001552,MOORE ISABEL,Endocrinology,Diabetes,Family Medicine,No,METABOLIC HEALTH ASSOCIATES - FORT WORTH,TX,76192,48439,Tarrant County,7192,24342.8,2.8178,12.5,53.57,0,43,249729,249729.0,880988.9,5807.6511627906975,5807.6511627906975,39,0,100.0,36.0,3.3847,29.33,48.3,20.64,ADEQUATE,0,0.028799,0.027631,84.35,84.02,167.26
1800001553,WATSON NOAH,Endocrinology,Diabetes,Family Medicine,Yes,ENDOCRINE SPECIALISTS GROUP - ARLINGTON,TX,76154,48439,Tarrant County,3795,14368.7,3.6468,9.3,37.85,1,43,249729,249729.0,880988.9,5807.6511627906975,5807.6511627906975,39,0,100.0,36.0,3.7862,29.33,48.3,20.64,ADEQUATE,0,0.015196,0.01631,99.35,55.35,88.26
1800001554,EVANS ZOE,Endocrinology,Diabetes,Metabolic Medicine,No,DIABETES CARE CENTER - FORT WORTH,TX,76145,48439,Tarrant County,6261,23046.9,2.1204,4.0,59.49,0,43,249729,249729.0,880988.9,5807.6511627906975,5807.6511627906975,39,0,100.0,36.0,3.681,29.33,48.3,20.64,ADEQUATE,0,0.025071,0.02616,40.35,9.32,145.6
1800001555,NELSON CARLOS,Endocrinology,Diabetes,Family Medicine,Yes,ENDOCRINE SPECIALISTS GROUP - ARLINGTON,TX,76156,48439,Tarrant County,6338,15882.6,2.9345,14.4,49.34,1,43,249729,249729.0,880988.9,5807.6511627906975,5807.6511627906975,39,0,100.0,36.0,2.5059,29.33,48.3,20.64,ADEQUATE,0,0.02538,0.018028,88.98,99.18,147.4
1800001556,WILLIAMS JULIA,Endocrinology,Diabetes,Internal Medicine,Yes,METABOLIC HEALTH ASSOCIATES - KELLER,TX,76158,48439,Tarrant County,5652,24273.0,1.7867,3.0,40.02,1,43,249729,249729.0,880988.9,5807.6511627906975,5807.6511627906975,39,0,100.0,36.0,4.2946,29.33,48.3,20.64,ADEQUATE,0,0.022633,0.027552,19.45,0.3,131.44
1800001557,GARCIA PRIYA,Endocrinology,Diabetes,Internal Medicine,Yes,METABOLIC HEALTH ASSOCIATES - GRAND PRAIRIE,TX,76146,48439,Tarrant County,6267,24843.6,3.1676,12.5,64.47,1,43,249729,249729.0,880988.9,5807.6511627906975,5807.6511627906975,39,0,100.0,36.0,3.9642,29.33,48.3,20.64,ADEQUATE,0,0.025095,0.0282,94.95,84.02,145.74
1800001558,PATEL DAVID,Endocrinology,Diabetes,Family Medicine,Yes,DIABETES CARE CENTER - FORT WORTH,TX,76168,48439,Tarrant County,5449,22680.1,1.9948,13.5,65.9,1,43,249729,249729.0,880988.9,5807.6511627906975,5807.6511627906975,39,0,100.0,36.0,4.1622,29.33,48.3,20.64,ADEQUATE,0,0.02182,0.025744,31.5,92.65,126.72
1800001559,TAYLOR THOMAS,Psychiatry,Mental Health Disorders,Addiction Medicine,No,PSYCHIATRY CARE ASSOCIATES - ARLINGTON,TX,76197,48439,Tarrant County,7413,26398.6,3.1672,14.0,70.49,0,36,303860,303860.0,1126999.0,8440.555555555555,8440.555555555555,48,12,75.0,84.0,3.5611,81.33,43.45,50.97,LOW GAP,12,0.024396,0.023424,94.9,96.25,205.92
1800001560,BROWN AMELIA,Psychiatry,Mental Health Disorders,Behavioral Health,Yes,BEHAVIORAL HEALTH PARTNERS - KELLER,TX,76159,48439,Tarrant County,9671,29334.0,1.5671,7.3,85.85,1,36,303860,303860.0,1126999.0,8440.555555555555,8440.555555555555,48,12,75.0,84.0,3.0332,81.33,43.45,50.97,LOW GAP,12,0.031827,0.026028,10.55,39.15,268.64
1800001561,MARTIN HANNAH,Psychiatry,Mental Health Disorders,Behavioral Health,No,COMMUNITY MENTAL HEALTH CENTER - GRAND PRAIRIE,TX,76190,48439,Tarrant County,6262,28543.3,2.1106,3.9,31.52,0,36,303860,303860.0,1126999.0,8440.555555555555,8440.555555555555,48,12,75.0,84.0,4.5582,81.33,43.45,50.97,LOW GAP,12,0.020608,0.025327,39.6,8.4,173.94
1800001562,THOMPSON NADIA,Psychiatry,Mental Health Disorders,Addiction Medicine,Yes,BEHAVIORAL HEALTH PARTNERS - KELLER,TX,76152,48439,Tarrant County,8823,27463.1,1.6803,8.6,35.36,1,36,303860,303860.0,1126999.0,8440.555555555555,8440.555555555555,48,12,75.0,84.0,3.1127,81.33,43.45,50.97,LOW GAP,12,0.029036,0.024368,14.75,49.78,245.08
1800001563,CLARK WILLIAM,Psychiatry,Mental Health Disorders,Child & Adolescent Psychiatry,Yes,COMMUNITY MENTAL HEALTH CENTER - FORT WORTH,TX,76148,48439,Tarrant County,8080,36784.3,2.0811,13.0,65.93,1,36,303860,303860.0,1126999.0,8440.555555555555,8440.555555555555,48,12,75.0,84.0,4.5525,81.33,43.45,50.97,LOW GAP,12,0.026591,0.032639,37.55,88.8,224.44
1800001564,MITCHELL BENJAMIN,Psychiatry,Mental Health Disorders,Behavioral Health,Yes,COMMUNITY MENTAL HEALTH CENTER - GRAND PRAIRIE,TX,76173,48439,Tarrant County,9224,34986.8,2.3472,12.2,71.55,1,36,303860,303860.0,1126999.0,8440.555555555555,8440.555555555555,48,12,75.0,84.0,3.793,81.33,43.45,50.97,LOW GAP,12,0.030356,0.031044,56.5,81.25,256.22
1800001565,WALKER JAMES,Psychiatry,Mental Health Disorders,Behavioral Health,No,PSYCHIATRY CARE ASSOCIATES - KELLER,TX,76192,48439,Tarrant County,6237,25558.2,2.0404,13.6,18.26,0,36,303860,303860.0,1126999.0,8440.555555555555,8440.555555555555,48,12,75.0,84.0,4.0978,81.33,43.45,50.97,LOW GAP,12,0.020526,0.022678,34.55,93.52,173.25
1800001566,EDWARDS OLIVIA,Psychiatry,Mental Health Disorders,Addiction Medicine,Yes,BEHAVIORAL HEALTH PARTNERS - ARLINGTON,TX,76105,48439,Tarrant County,10142,24525.9,2.1378,11.3,52.18,1,36,303860,303860.0,1126999.0,8440.555555555555,8440.555555555555,48,12,75.0,84.0,2.4183,81.33,43.45,50.97,LOW GAP,12,0.033377,0.021762,41.6,72.78,281.72
1800001567,MORGAN EMILY,Psychiatry,Mental Health Disorders,Addiction Medicine,No,PSYCHIATRY CARE ASSOCIATES - ARLINGTON,TX,76140,48439,Tarrant County,8545,24906.4,2.0634,6.7,69.69,0,36,303860,303860.0,1126999.0,8440.555555555555,8440.555555555555,48,12,75.0,84.0,2.9147,81.33,43.45,50.97,LOW GAP,12,0.028122,0.0221,36.2,33.12,237.36
1800001568,WHITE DANIEL,Psychiatry,Mental Health Disorders,Child & Adolescent Psychiatry,Yes,COMMUNITY MENTAL HEALTH CENTER - ARLINGTON,TX,76129,48439,Tarrant County,8296,31717.1,2.7658,8.9,62.69,1,36,303860,303860.0,1126999.0,8440.555555555555,8440.555555555555,48,12,75.0,84.0,3.8232,81.33,43.45,50.97,LOW GAP,12,0.027302,0.028143,81.85,51.8,230.44
1800001569,FOSTER KARAN,Psychiatry,Mental Health Disorders,Behavioral Health,Yes,BEHAVIORAL HEALTH PARTNERS - KELLER,TX,76123,48439,Tarrant County,7288,27470.7,0.9,13.0,30.42,1,36,303860,303860.0,1126999.0,8440.555555555555,8440.555555555555,48,12,75.0,84.0,3.7693,81.33,43.45,50.97,LOW GAP,12,0.023985,0.024375,0.32,88.8,202.44
1800001570,PARKER RAHUL,Psychiatry,Mental Health Disorders,Behavioral Health,No,BEHAVIORAL HEALTH PARTNERS - ARLINGTON,TX,76141,48439,Tarrant County,9919,38028.4,2.9602,8.4,26.75,0,36,303860,303860.0,1126999.0,8440.555555555555,8440.555555555555,48,12,75.0,84.0,3.8339,81.33,43.45,50.97,LOW GAP,12,0.032643,0.033743,90.0,48.12,275.53
1800001571,WILSON SOPHIA,Psychiatry,Mental Health Disorders,Child & Adolescent Psychiatry,No,BEHAVIORAL HEALTH PARTNERS - KELLER,TX,76195,48439,Tarrant County,6339,29603.2,3.406,12.2,64.14,0,36,303860,303860.0,1126999.0,8440.555555555555,8440.555555555555,48,12,75.0,84.0,4.67,81.33,43.45,50.97,LOW GAP,12,0.020862,0.026267,97.95,81.25,176.08
1800001572,GOMEZ FATIMA,Psychiatry,Mental Health Disorders,Child & Adolescent Psychiatry,No,BEHAVIORAL HEALTH PARTNERS - ARLINGTON,TX,76124,48439,Tarrant County,7339,27894.2,1.4412,3.4,54.98,0,36,303860,303860.0,1126999.0,8440.555555555555,8440.555555555555,48,12,75.0,84.0,3.8008,81.33,43.45,50.97,LOW GAP,12,0.024153,0.024751,7.35,3.98,203.86
1800001573,REED MAYA,Psychiatry,Mental Health Disorders,Behavioral Health,Yes,COMMUNITY MENTAL HEALTH CENTER - GRAND PRAIRIE,TX,76176,48439,Tarrant County,7145,24195.2,1.5392,13.1,72.47,1,36,303860,303860.0,1126999.0,8440.555555555555,8440.555555555555,48,12,75.0,84.0,3.3863,81.33,43.45,50.97,LOW GAP,12,0.023514,0.021469,9.7,89.58,198.47
1800001574,YOUNG THOMAS,Psychiatry,Mental Health Disorders,Behavioral Health,No,BEHAVIORAL HEALTH PARTNERS - KELLER,TX,76143,48439,Tarrant County,9237,37894.1,1.8813,4.2,60.76,0,36,303860,303860.0,1126999.0,8440.555555555555,8440.555555555555,48,12,75.0,84.0,4.1024,81.33,43.45,50.97,LOW GAP,12,0.030399,0.033624,24.05,11.2,256.58
1800001575,JACKSON AMELIA,Psychiatry,Mental Health Disorders,Behavioral Health,Yes,PSYCHIATRY CARE ASSOCIATES - FORT WORTH,TX,76105,48439,Tarrant County,6810,28845.9,2.4262,14.5,79.87,1,36,303860,303860.0,1126999.0,8440.555555555555,8440.555555555555,48,12,75.0,84.0,4.2358,81.33,43.45,50.97,LOW GAP,12,0.022412,0.025595,61.7,99.8,189.17
1800001576,ROBERTS HANNAH,Psychiatry,Mental Health Disorders,Behavioral Health,No,COMMUNITY MENTAL HEALTH CENTER - FORT WORTH,TX,76170,48439,Tarrant County,9414,36873.6,2.495,11.5,66.33,0,36,303860,303860.0,1126999.0,8440.555555555555,8440.555555555555,48,12,75.0,84.0,3.9169,81.33,43.45,50.97,LOW GAP,12,0.030981,0.032718,66.5,74.52,261.5
1800001577,ANDERSON NADIA,Psychiatry,Mental Health Disorders,Behavioral Health,Yes,BEHAVIORAL HEALTH PARTNERS - ARLINGTON,TX,76156,48439,Tarrant County,9434,39160.7,2.6537,13.0,44.46,1,36,303860,303860.0,1126999.0,8440.555555555555,8440.555555555555,48,12,75.0,84.0,4.151,81.33,43.45,50.97,LOW GAP,12,0.031047,0.034748,75.78,88.8,262.06
1800001578,KIM WILLIAM,Psychiatry,Mental Health Disorders,Behavioral Health,Yes,PSYCHIATRY CARE ASSOCIATES - GRAND PRAIRIE,TX,76137,48439,Tarrant County,8850,21985.9,2.906,6.8,55.8,1,36,303860,303860.0,1126999.0,8440.555555555555,8440.555555555555,48,12,75.0,84.0,2.4843,81.33,43.45,50.97,LOW GAP,12,0.029125,0.019508,88.0,34.12,245.83
1800001579,TAYLOR BENJAMIN,Psychiatry,Mental Health Disorders,Behavioral Health,Yes,COMMUNITY MENTAL HEALTH CENTER - ARLINGTON,TX,76110,48439,Tarrant County,10375,38606.4,1.4732,6.2,55.37,1,36,303860,303860.0,1126999.0,8440.555555555555,8440.555555555555,48,12,75.0,84.0,3.7211,81.33,43.45,50.97,LOW GAP,12,0.034144,0.034256,7.95,29.12,288.19
1800001580,BROWN JAMES,Psychiatry,Mental Health Disorders,Addiction Medicine,No,PSYCHIATRY CARE ASSOCIATES - GRAND PRAIRIE,TX,76184,48439,Tarrant County,10124,39729.8,2.2125,11.1,58.02,0,36,303860,303860.0,1126999.0,8440.555555555555,8440.555555555555,48,12,75.0,84.0,3.9243,81.33,43.45,50.97,LOW GAP,12,0.033318,0.035253,47.7,70.97,281.22
1800001581,MARTIN OLIVIA,Psychiatry,Mental Health Disorders,Child & Adolescent Psychiatry,Yes,BEHAVIORAL HEALTH PARTNERS - ARLINGTON,TX,76176,48439,Tarrant County,8778,33008.7,1.9085,5.8,37.66,1,36,303860,303860.0,1126999.0,8440.555555555555,8440.555555555555,48,12,75.0,84.0,3.7604,81.33,43.45,50.97,LOW GAP,12,0.028888,0.029289,25.85,25.48,243.83
1800001582,THOMPSON EMILY,Psychiatry,Mental Health Disorders,Addiction Medicine,Yes,COMMUNITY MENTAL HEALTH CENTER - ARLINGTON,TX,76132,48439,Tarrant County,7219,23773.2,3.0297,12.7,64.81,1,36,303860,303860.0,1126999.0,8440.555555555555,8440.555555555555,48,12,75.0,84.0,3.2931,81.33,43.45,50.97,LOW GAP,12,0.023758,0.021094,92.7,86.02,200.53
1800001583,CLARK DANIEL,Psychiatry,Mental Health Disorders,Behavioral Health,No,PSYCHIATRY CARE ASSOCIATES - ARLINGTON,TX,76189,48439,Tarrant County,5739,22436.4,2.7427,11.4,51.31,0,36,303860,303860.0,1126999.0,8440.555555555555,8440.555555555555,48,12,75.0,84.0,3.9095,81.33,43.45,50.97,LOW GAP,12,0.018887,0.019908,80.9,73.5,159.42
1800001584,MITCHELL KARAN,Psychiatry,Mental Health Disorders,Child & Adolescent Psychiatry,Yes,PSYCHIATRY CARE ASSOCIATES - ARLINGTON,TX,76161,48439,Tarrant County,7387,29994.6,2.7735,5.0,69.03,1,36,303860,303860.0,1126999.0,8440.555555555555,8440.555555555555,48,12,75.0,84.0,4.0605,81.33,43.45,50.97,LOW GAP,12,0.024311,0.026615,82.2,18.8,205.19
1800001585,WALKER RAHUL,Psychiatry,Mental Health Disorders,Addiction Medicine,No,BEHAVIORAL HEALTH PARTNERS - KELLER,TX,76186,48439,Tarrant County,8597,28327.5,1.9029,11.2,97.44,0,36,303860,303860.0,1126999.0,8440.555555555555,8440.555555555555,48,12,75.0,84.0,3.295,81.33,43.45,50.97,LOW GAP,12,0.028293,0.025135,25.5,71.95,238.81
1800001586,EDWARDS SOPHIA,Psychiatry,Mental Health Disorders,Addiction Medicine,Yes,PSYCHIATRY CARE ASSOCIATES - ARLINGTON,TX,76115,48439,Tarrant County,8988,33595.8,1.5353,5.2,58.84,1,36,303860,303860.0,1126999.0,8440.555555555555,8440.555555555555,48,12,75.0,84.0,3.7379,81.33,43.45,50.97,LOW GAP,12,0.029579,0.02981,9.6,20.38,249.67
1800001587,MORGAN FATIMA,Psychiatry,Mental Health Disorders,Addiction Medicine,Yes,BEHAVIORAL HEALTH PARTNERS - KELLER,TX,76106,48439,Tarrant County,5781,26026.2,2.0291,5.9,73.45,1,36,303860,303860.0,1126999.0,8440.555555555555,8440.555555555555,48,12,75.0,84.0,4.502,81.33,43.45,50.97,LOW GAP,12,0.019025,0.023093,33.8,26.48,160.58
1800001588,WHITE MAYA,Psychiatry,Mental Health Disorders,Behavioral Health,Yes,BEHAVIORAL HEALTH PARTNERS - FORT WORTH,TX,76163,48439,Tarrant County,10870,48379.5,1.9782,6.2,35.42,1,36,303860,303860.0,1126999.0,8440.555555555555,8440.555555555555,48,12,75.0,84.0,4.4507,81.33,43.45,50.97,LOW GAP,12,0.035773,0.042928,30.65,29.12,301.94
1800001589,FOSTER THOMAS,Psychiatry,Mental Health Disorders,Behavioral Health,Yes,COMMUNITY MENTAL HEALTH CENTER - ARLINGTON,TX,76138,48439,Tarrant County,6283,16374.1,2.7197,10.6,46.5,1,36,303860,303860.0,1126999.0,8440.555555555555,8440.555555555555,48,12,75.0,84.0,2.6061,81.33,43.45,50.97,LOW GAP,12,0.020677,0.014529,79.5,66.92,174.53
1800001590,PARKER AMELIA,Psychiatry,Mental Health Disorders,Child & Adolescent Psychiatry,Yes,BEHAVIORAL HEALTH PARTNERS - FORT WORTH,TX,76109,48439,Tarrant County,10436,47237.0,1.393,4.2,43.58,1,36,303860,303860.0,1126999.0,8440.555555555555,8440.555555555555,48,12,75.0,84.0,4.5264,81.33,43.45,50.97,LOW GAP,12,0.034345,0.041914,5.9,11.2,289.89
1800001591,WILSON HANNAH,Psychiatry,Mental Health Disorders,Child & Adolescent Psychiatry,No,PSYCHIATRY CARE ASSOCIATES - FORT WORTH,TX,76183,48439,Tarrant County,8010,31138.6,2.8866,13.0,51.37,0,36,303860,303860.0,1126999.0,8440.555555555555,8440.555555555555,48,12,75.0,84.0,3.8875,81.33,43.45,50.97,LOW GAP,12,0.026361,0.02763,87.55,88.8,222.5
1800001592,GOMEZ NADIA,Psychiatry,Mental Health Disorders,Behavioral Health,Yes,COMMUNITY MENTAL HEALTH CENTER - FORT WORTH,TX,76170,48439,Tarrant County,9691,40026.8,3.2492,3.7,52.17,1,36,303860,303860.0,1126999.0,8440.555555555555,8440.555555555555,48,12,75.0,84.0,4.1303,81.33,43.45,50.97,LOW GAP,12,0.031893,0.035516,96.4,6.65,269.19
1800001593,REED WILLIAM,Psychiatry,Mental Health Disorders,Addiction Medicine,Yes,COMMUNITY MENTAL HEALTH CENTER - GRAND PRAIRIE,TX,76128,48439,Tarrant County,10136,34852.7,2.5915,6.8,15.1,1,36,303860,303860.0,1126999.0,8440.555555555555,8440.555555555555,48,12,75.0,84.0,3.4385,81.33,43.45,50.97,LOW GAP,12,0.033357,0.030925,72.28,34.12,281.56
1800001594,YOUNG BENJAMIN,Psychiatry,Mental Health Disorders,Addiction Medicine,Yes,BEHAVIORAL HEALTH PARTNERS - FORT WORTH,TX,76150,48439,Tarrant County,10978,31322.1,2.4713,13.7,54.4,1,36,303860,303860.0,1126999.0,8440.555555555555,8440.555555555555,48,12,75.0,84.0,2.8532,81.33,43.45,50.97,LOW GAP,12,0.036128,0.027792,64.82,94.25,304.94
1800001595,REED DANIEL,Pulmonary,Respiratory Disease,Critical Care Medicine,Yes,LUNG HEALTH SPECIALISTS - GRAND PRAIRIE,TX,76120,48439,Tarrant County,3787,9902.4,2.812,8.5,53.04,1,42,215016,215016.0,805296.0,5119.428571428572,5119.428571428572,34,0,100.0,18.67,2.6148,13.33,43.6,13.21,ADEQUATE,0,0.017613,0.012297,83.9,49.0,90.17
1800001596,YOUNG KARAN,Pulmonary,Respiratory Disease,Internal Medicine,No,RESPIRATORY CARE GROUP - KELLER,TX,76172,48439,Tarrant County,4329,17997.4,2.6682,3.1,65.04,0,42,215016,215016.0,805296.0,5119.428571428572,5119.428571428572,34,0,100.0,18.67,4.1574,13.33,43.6,13.21,ADEQUATE,0,0.020133,0.022349,76.5,1.15,103.07
1800001597,JACKSON RAHUL,Pulmonary,Respiratory Disease,Internal Medicine,Yes,LUNG HEALTH SPECIALISTS - FORT WORTH,TX,76159,48439,Tarrant County,5018,21055.1,2.2322,4.1,60.75,1,42,215016,215016.0,805296.0,5119.428571428572,5119.428571428572,34,0,100.0,18.67,4.1959,13.33,43.6,13.21,ADEQUATE,0,0.023338,0.026146,49.1,10.22,119.48
1800001598,ROBERTS SOPHIA,Pulmonary,Respiratory Disease,Internal Medicine,No,LUNG HEALTH SPECIALISTS - GRAND PRAIRIE,TX,76135,48439,Tarrant County,4399,16584.0,2.0474,5.5,37.95,0,42,215016,215016.0,805296.0,5119.428571428572,5119.428571428572,34,0,100.0,18.67,3.7699,13.33,43.6,13.21,ADEQUATE,0,0.020459,0.020594,35.15,23.2,104.74
1800001599,ANDERSON FATIMA,Pulmonary,Respiratory Disease,Internal Medicine,Yes,PULMONARY & SLEEP CENTER - ARLINGTON,TX,76197,48439,Tarrant County,4306,20311.8,2.7785,3.9,27.17,1,42,215016,215016.0,805296.0,5119.428571428572,5119.428571428572,34,0,100.0,18.67,4.7171,13.33,43.6,13.21,ADEQUATE,0,0.020026,0.025223,82.5,8.4,102.52
1800001600,KIM MAYA,Pulmonary,Respiratory Disease,Sleep Medicine,No,LUNG HEALTH SPECIALISTS - GRAND PRAIRIE,TX,76152,48439,Tarrant County,7065,32990.7,1.9689,14.0,63.5,0,42,215016,215016.0,805296.0,5119.428571428572,5119.428571428572,34,0,100.0,18.67,4.6696,13.33,43.6,13.21,ADEQUATE,0,0.032858,0.040967,29.75,96.25,168.21
1800001601,TAYLOR THOMAS,Pulmonary,Respiratory Disease,Critical Care Medicine,No,PULMONARY & SLEEP CENTER - KELLER,TX,76178,48439,Tarrant County,5568,17614.7,2.107,3.5,60.94,0,42,215016,215016.0,805296.0,5119.428571428572,5119.428571428572,34,0,100.0,18.67,3.1636,13.33,43.6,13.21,ADEQUATE,0,0.025896,0.021874,39.5,4.85,132.57
1800001602,BROWN AMELIA,Pulmonary,Respiratory Disease,Critical Care Medicine,Yes,LUNG HEALTH SPECIALISTS - GRAND PRAIRIE,TX,76177,48439,Tarrant County,3609,12631.7,2.1156,10.2,24.57,1,42,215016,215016.0,805296.0,5119.428571428572,5119.428571428572,34,0,100.0,18.67,3.5001,13.33,43.6,13.21,ADEQUATE,0,0.016785,0.015686,39.98,63.25,85.93
1800001603,MARTIN HANNAH,Pulmonary,Respiratory Disease,Critical Care Medicine,No,LUNG HEALTH SPECIALISTS - ARLINGTON,TX,76154,48439,Tarrant County,5870,27239.9,2.5709,10.9,69.26,0,42,215016,215016.0,805296.0,5119.428571428572,5119.428571428572,34,0,100.0,18.67,4.6405,13.33,43.6,13.21,ADEQUATE,0,0.0273,0.033826,71.35,69.27,139.76
1800001604,THOMPSON NADIA,Pulmonary,Respiratory Disease,Internal Medicine,No,PULMONARY & SLEEP CENTER - ARLINGTON,TX,76172,48439,Tarrant County,6301,20109.0,3.372,13.3,37.18,0,42,215016,215016.0,805296.0,5119.428571428572,5119.428571428572,34,0,100.0,18.67,3.1914,13.33,43.6,13.21,ADEQUATE,0,0.029305,0.024971,97.7,91.12,150.02
1800001605,CLARK WILLIAM,Pulmonary,Respiratory Disease,Sleep Medicine,Yes,LUNG HEALTH SPECIALISTS - KELLER,TX,76125,48439,Tarrant County,6338,22462.4,2.6524,7.5,76.08,1,42,215016,215016.0,805296.0,5119.428571428572,5119.428571428572,34,0,100.0,18.67,3.5441,13.33,43.6,13.21,ADEQUATE,0,0.029477,0.027893,75.65,40.48,150.9
1800001606,MITCHELL BENJAMIN,Pulmonary,Respiratory Disease,Critical Care Medicine,Yes,LUNG HEALTH SPECIALISTS - GRAND PRAIRIE,TX,76165,48439,Tarrant County,6282,28106.5,1.4629,6.7,64.61,1,42,215016,215016.0,805296.0,5119.428571428572,5119.428571428572,34,0,100.0,18.67,4.4741,13.33,43.6,13.21,ADEQUATE,0,0.029216,0.034902,7.7,33.12,149.57
1800001607,WALKER JAMES,Pulmonary,Respiratory Disease,Internal Medicine,No,PULMONARY & SLEEP CENTER - FORT WORTH,TX,76118,48439,Tarrant County,4404,19160.4,1.1371,12.7,46.91,0,42,215016,215016.0,805296.0,5119.428571428572,5119.428571428572,34,0,100.0,18.67,4.3507,13.33,43.6,13.21,ADEQUATE,0,0.020482,0.023793,2.1,86.02,104.86
1800001608,EDWARDS OLIVIA,Pulmonary,Respiratory Disease,Sleep Medicine,Yes,RESPIRATORY CARE GROUP - FORT WORTH,TX,76156,48439,Tarrant County,5473,21893.5,1.9894,3.9,49.38,1,42,215016,215016.0,805296.0,5119.428571428572,5119.428571428572,34,0,100.0,18.67,4.0003,13.33,43.6,13.21,ADEQUATE,0,0.025454,0.027187,31.08,8.4,130.31
1800001609,MORGAN EMILY,Pulmonary,Respiratory Disease,Sleep Medicine,No,RESPIRATORY CARE GROUP - GRAND PRAIRIE,TX,76181,48439,Tarrant County,5190,14048.6,2.1267,10.5,33.33,0,42,215016,215016.0,805296.0,5119.428571428572,5119.428571428572,34,0,100.0,18.67,2.7069,13.33,43.6,13.21,ADEQUATE,0,0.024138,0.017445,40.65,65.92,123.57
1800001610,WHITE DANIEL,Pulmonary,Respiratory Disease,Internal Medicine,Yes,PULMONARY & SLEEP CENTER - GRAND PRAIRIE,TX,76127,48439,Tarrant County,4768,22294.6,2.2763,12.3,79.64,1,42,215016,215016.0,805296.0,5119.428571428572,5119.428571428572,34,0,100.0,18.67,4.6759,13.33,43.6,13.21,ADEQUATE,0,0.022175,0.027685,51.72,82.12,113.52
1800001611,FOSTER KARAN,Pulmonary,Respiratory Disease,Critical Care Medicine,Yes,PULMONARY & SLEEP CENTER - GRAND PRAIRIE,TX,76160,48439,Tarrant County,5576,19669.1,2.3315,7.7,59.86,1,42,215016,215016.0,805296.0,5119.428571428572,5119.428571428572,34,0,100.0,18.67,3.5275,13.33,43.6,13.21,ADEQUATE,0,0.025933,0.024425,55.3,42.3,132.76
1800001612,PARKER RAHUL,Pulmonary,Respiratory Disease,Internal Medicine,Yes,PULMONARY & SLEEP CENTER - FORT WORTH,TX,76109,48439,Tarrant County,4739,17976.6,1.7538,3.1,54.35,1,42,215016,215016.0,805296.0,5119.428571428572,5119.428571428572,34,0,100.0,18.67,3.7933,13.33,43.6,13.21,ADEQUATE,0,0.02204,0.022323,17.9,1.15,112.83
1800001613,WILSON SOPHIA,Pulmonary,Respiratory Disease,Critical Care Medicine,No,RESPIRATORY CARE GROUP - GRAND PRAIRIE,TX,76185,48439,Tarrant County,5437,18686.4,3.1462,6.8,58.41,0,42,215016,215016.0,805296.0,5119.428571428572,5119.428571428572,34,0,100.0,18.67,3.4369,13.33,43.6,13.21,ADEQUATE,0,0.025286,0.023204,94.4,34.12,129.45
1800001614,GOMEZ FATIMA,Pulmonary,Respiratory Disease,Critical Care Medicine,Yes,RESPIRATORY CARE GROUP - ARLINGTON,TX,76186,48439,Tarrant County,5474,18104.6,2.176,12.3,62.44,1,42,215016,215016.0,805296.0,5119.428571428572,5119.428571428572,34,0,100.0,18.67,3.3074,13.33,43.6,13.21,ADEQUATE,0,0.025459,0.022482,44.65,82.12,130.33
1800001615,REED MAYA,Pulmonary,Respiratory Disease,Internal Medicine,Yes,LUNG HEALTH SPECIALISTS - GRAND PRAIRIE,TX,76119,48439,Tarrant County,5898,24406.6,2.2987,4.6,38.48,1,42,215016,215016.0,805296.0,5119.428571428572,5119.428571428572,34,0,100.0,18.67,4.1381,13.33,43.6,13.21,ADEQUATE,0,0.027431,0.030308,53.2,15.05,140.43
1800001616,YOUNG THOMAS,Pulmonary,Respiratory Disease,Sleep Medicine,No,RESPIRATORY CARE GROUP - GRAND PRAIRIE,TX,76106,48439,Tarrant County,4582,16605.3,2.3158,9.2,41.39,0,42,215016,215016.0,805296.0,5119.428571428572,5119.428571428572,34,0,100.0,18.67,3.624,13.33,43.6,13.21,ADEQUATE,0,0.02131,0.02062,54.45,54.45,109.1
1800001617,JACKSON AMELIA,Pulmonary,Respiratory Disease,Sleep Medicine,No,RESPIRATORY CARE GROUP - FORT WORTH,TX,76187,48439,Tarrant County,5090,17018.1,2.3009,5.2,70.54,0,42,215016,215016.0,805296.0,5119.428571428572,5119.428571428572,34,0,100.0,18.67,3.3434,13.33,43.6,13.21,ADEQUATE,0,0.023673,0.021133,53.4,20.38,121.19
1800001618,ROBERTS HANNAH,Pulmonary,Respiratory Disease,Sleep Medicine,Yes,RESPIRATORY CARE GROUP - GRAND PRAIRIE,TX,76124,48439,Tarrant County,4946,20600.8,1.7294,4.4,56.49,1,42,215016,215016.0,805296.0,5119.428571428572,5119.428571428572,34,0,100.0,18.67,4.1651,13.33,43.6,13.21,ADEQUATE,0,0.023003,0.025582,16.7,12.88,117.76
1800001619,ANDERSON NADIA,Pulmonary,Respiratory Disease,Internal Medicine,Yes,LUNG HEALTH SPECIALISTS - FORT WORTH,TX,76106,48439,Tarrant County,4167,12073.5,2.0655,5.4,71.49,1,42,215016,215016.0,805296.0,5119.428571428572,5119.428571428572,34,0,100.0,18.67,2.8974,13.33,43.6,13.21,ADEQUATE,0,0.01938,0.014993,36.35,22.45,99.21
1800001620,KIM WILLIAM,Pulmonary,Respiratory Disease,Sleep Medicine,Yes,LUNG HEALTH SPECIALISTS - KELLER,TX,76176,48439,Tarrant County,5251,22926.0,2.0441,4.7,36.63,1,42,215016,215016.0,805296.0,5119.428571428572,5119.428571428572,34,0,100.0,18.67,4.366,13.33,43.6,13.21,ADEQUATE,0,0.024421,0.028469,34.85,15.9,125.02
1800001621,TAYLOR BENJAMIN,Pulmonary,Respiratory Disease,Sleep Medicine,No,RESPIRATORY CARE GROUP - FORT WORTH,TX,76173,48439,Tarrant County,5149,19185.2,3.4553,4.3,69.94,0,42,215016,215016.0,805296.0,5119.428571428572,5119.428571428572,34,0,100.0,18.67,3.726,13.33,43.6,13.21,ADEQUATE,0,0.023947,0.023824,98.5,12.12,122.6
1800001622,BROWN JAMES,Pulmonary,Respiratory Disease,Sleep Medicine,Yes,LUNG HEALTH SPECIALISTS - KELLER,TX,76172,48439,Tarrant County,4978,13344.1,2.3236,10.1,48.97,1,42,215016,215016.0,805296.0,5119.428571428572,5119.428571428572,34,0,100.0,18.67,2.6806,13.33,43.6,13.21,ADEQUATE,0,0.023152,0.01657,55.0,62.52,118.52
1800001623,MARTIN OLIVIA,Pulmonary,Respiratory Disease,Critical Care Medicine,No,PULMONARY & SLEEP CENTER - FORT WORTH,TX,76124,48439,Tarrant County,5968,18557.2,2.5459,7.6,60.18,0,42,215016,215016.0,805296.0,5119.428571428572,5119.428571428572,34,0,100.0,18.67,3.1095,13.33,43.6,13.21,ADEQUATE,0,0.027756,0.023044,69.75,41.35,142.1
1800001624,THOMPSON EMILY,Pulmonary,Respiratory Disease,Internal Medicine,Yes,PULMONARY & SLEEP CENTER - ARLINGTON,TX,76194,48439,Tarrant County,3938,11474.2,2.6006,9.2,58.83,1,42,215016,215016.0,805296.0,5119.428571428572,5119.428571428572,34,0,100.0,18.67,2.9137,13.33,43.6,13.21,ADEQUATE,0,0.018315,0.014248,72.95,54.45,93.76
1800001625,CLARK DANIEL,Pulmonary,Respiratory Disease,Critical Care Medicine,Yes,PULMONARY & SLEEP CENTER - FORT WORTH,TX,76146,48439,Tarrant County,5457,25869.7,1.7811,12.9,73.73,1,42,215016,215016.0,805296.0,5119.428571428572,5119.428571428572,34,0,100.0,18.67,4.7406,13.33,43.6,13.21,ADEQUATE,0,0.02538,0.032124,19.05,87.95,129.93
1800001626,MITCHELL KARAN,Pulmonary,Respiratory Disease,Sleep Medicine,No,RESPIRATORY CARE GROUP - ARLINGTON,TX,76141,48439,Tarrant County,5429,23229.0,2.169,3.2,35.42,0,42,215016,215016.0,805296.0,5119.428571428572,5119.428571428572,34,0,100.0,18.67,4.2787,13.33,43.6,13.21,ADEQUATE,0,0.025249,0.028845,44.08,2.17,129.26
1800001627,WALKER RAHUL,Pulmonary,Respiratory Disease,Internal Medicine,No,LUNG HEALTH SPECIALISTS - ARLINGTON,TX,76126,48439,Tarrant County,5902,17065.4,1.4684,3.4,44.66,0,42,215016,215016.0,805296.0,5119.428571428572,5119.428571428572,34,0,100.0,18.67,2.8915,13.33,43.6,13.21,ADEQUATE,0,0.027449,0.021191,7.8,3.98,140.52
1800001628,EDWARDS SOPHIA,Pulmonary,Respiratory Disease,Sleep Medicine,Yes,RESPIRATORY CARE GROUP - FORT WORTH,TX,76199,48439,Tarrant County,5346,20805.5,1.6413,7.6,84.82,1,42,215016,215016.0,805296.0,5119.428571428572,5119.428571428572,34,0,100.0,18.67,3.8918,13.33,43.6,13.21,ADEQUATE,0,0.024863,0.025836,13.08,41.35,127.29
1800001629,MORGAN FATIMA,Pulmonary,Respiratory Disease,Internal Medicine,Yes,PULMONARY & SLEEP CENTER - KELLER,TX,76134,48439,Tarrant County,4216,19261.5,3.3388,5.4,62.32,1,42,215016,215016.0,805296.0,5119.428571428572,5119.428571428572,34,0,100.0,18.67,4.5687,13.33,43.6,13.21,ADEQUATE,0,0.019608,0.023919,97.4,22.45,100.38
1800001630,WHITE MAYA,Pulmonary,Respiratory Disease,Critical Care Medicine,Yes,PULMONARY & SLEEP CENTER - FORT WORTH,TX,76180,48439,Tarrant County,5710,17412.5,1.1563,14.0,67.53,1,42,215016,215016.0,805296.0,5119.428571428572,5119.428571428572,34,0,100.0,18.67,3.0495,13.33,43.6,13.21,ADEQUATE,0,0.026556,0.021622,2.35,96.25,135.95
1800001631,FOSTER THOMAS,Pulmonary,Respiratory Disease,Internal Medicine,No,RESPIRATORY CARE GROUP - FORT WORTH,TX,76127,48439,Tarrant County,4859,22439.8,1.944,7.7,37.51,0,42,215016,215016.0,805296.0,5119.428571428572,5119.428571428572,34,0,100.0,18.67,4.6182,13.33,43.6,13.21,ADEQUATE,0,0.022598,0.027865,27.8,42.3,115.69
1800001632,PARKER AMELIA,Pulmonary,Respiratory Disease,Internal Medicine,No,PULMONARY & SLEEP CENTER - ARLINGTON,TX,76156,48439,Tarrant County,5536,23638.1,3.2545,11.9,49.29,0,42,215016,215016.0,805296.0,5119.428571428572,5119.428571428572,34,0,100.0,18.67,4.2699,13.33,43.6,13.21,ADEQUATE,0,0.025747,0.029353,96.48,78.57,131.81
1800001633,WILSON HANNAH,Pulmonary,Respiratory Disease,Internal Medicine,Yes,RESPIRATORY CARE GROUP - KELLER,TX,76173,48439,Tarrant County,6225,17660.3,2.7203,6.4,76.73,1,42,215016,215016.0,805296.0,5119.428571428572,5119.428571428572,34,0,100.0,18.67,2.837,13.33,43.6,13.21,ADEQUATE,0,0.028951,0.02193,79.6,30.63,148.21
1800001634,GOMEZ NADIA,Pulmonary,Respiratory Disease,Critical Care Medicine,No,LUNG HEALTH SPECIALISTS - ARLINGTON,TX,76153,48439,Tarrant County,3624,10727.0,2.268,7.2,54.81,0,42,215016,215016.0,805296.0,5119.428571428572,5119.428571428572,34,0,100.0,18.67,2.96,13.33,43.6,13.21,ADEQUATE,0,0.016855,0.013321,51.35,38.15,86.29
1800001635,REED WILLIAM,Pulmonary,Respiratory Disease,Sleep Medicine,No,PULMONARY & SLEEP CENTER - GRAND PRAIRIE,TX,76131,48439,Tarrant County,3452,12129.7,1.3516,11.3,35.69,0,42,215016,215016.0,805296.0,5119.428571428572,5119.428571428572,34,0,100.0,18.67,3.5138,13.33,43.6,13.21,ADEQUATE,0,0.016055,0.015062,5.2,72.78,82.19
1800001636,YOUNG BENJAMIN,Pulmonary,Respiratory Disease,Critical Care Medicine,Yes,PULMONARY & SLEEP CENTER - FORT WORTH,TX,76126,48439,Tarrant County,5360,20027.1,2.6139,8.4,52.5,1,42,215016,215016.0,805296.0,5119.428571428572,5119.428571428572,34,0,100.0,18.67,3.7364,13.33,43.6,13.21,ADEQUATE,0,0.024928,0.024869,73.6,48.12,127.62
1800001637,EDWARDS SOPHIA,Rheumatology,Arthritis,Pain Medicine,Yes,MUSCULOSKELETAL HEALTH GROUP - GRAND PRAIRIE,TX,76191,48439,Tarrant County,8068,25292.5,2.5915,9.5,64.77,1,40,265363,265363.0,943422.8,6634.075,6634.075,42,2,95.24,57.33,3.1349,74.67,33.88,32.76,ADEQUATE,2,0.030404,0.026809,72.28,57.0,201.7
1800001638,MORGAN FATIMA,Rheumatology,Arthritis,Geriatric Medicine,Yes,MUSCULOSKELETAL HEALTH GROUP - ARLINGTON,TX,76131,48439,Tarrant County,8375,31280.1,2.9199,9.1,51.75,1,40,265363,265363.0,943422.8,6634.075,6634.075,42,2,95.24,57.33,3.7349,74.67,33.88,32.76,ADEQUATE,2,0.031561,0.033156,88.3,53.65,209.38
1800001639,WHITE MAYA,Rheumatology,Arthritis,Geriatric Medicine,Yes,ARTHRITIS CARE CENTER - KELLER,TX,76122,48439,Tarrant County,4780,21215.2,1.9699,4.5,49.89,1,40,265363,265363.0,943422.8,6634.075,6634.075,42,2,95.24,57.33,4.4383,74.67,33.88,32.76,ADEQUATE,2,0.018013,0.022487,29.88,13.9,119.5
1800001640,FOSTER THOMAS,Rheumatology,Arthritis,Internal Medicine,Yes,ARTHRITIS CARE CENTER - FORT WORTH,TX,76132,48439,Tarrant County,6658,26478.4,2.772,7.1,55.69,1,40,265363,265363.0,943422.8,6634.075,6634.075,42,2,95.24,57.33,3.9769,74.67,33.88,32.76,ADEQUATE,2,0.02509,0.028066,82.1,37.05,166.45
1800001641,PARKER AMELIA,Rheumatology,Arthritis,Pain Medicine,Yes,MUSCULOSKELETAL HEALTH GROUP - FORT WORTH,TX,76189,48439,Tarrant County,8034,25253.5,1.9145,7.3,42.32,1,40,265363,265363.0,943422.8,6634.075,6634.075,42,2,95.24,57.33,3.1433,74.67,33.88,32.76,ADEQUATE,2,0.030276,0.026768,26.3,39.15,200.85
1800001642,WILSON HANNAH,Rheumatology,Arthritis,Internal Medicine,No,ARTHRITIS CARE CENTER - ARLINGTON,TX,76156,48439,Tarrant County,6866,28924.7,1.2857,11.8,58.04,0,40,265363,265363.0,943422.8,6634.075,6634.075,42,2,95.24,57.33,4.2127,74.67,33.88,32.76,ADEQUATE,2,0.025874,0.030659,4.05,77.4,171.65
1800001643,GOMEZ NADIA,Rheumatology,Arthritis,Internal Medicine,No,MUSCULOSKELETAL HEALTH GROUP - GRAND PRAIRIE,TX,76192,48439,Tarrant County,7134,33483.0,1.7901,4.9,85.76,0,40,265363,265363.0,943422.8,6634.075,6634.075,42,2,95.24,57.33,4.6934,74.67,33.88,32.76,ADEQUATE,2,0.026884,0.035491,19.6,17.95,178.35
1800001644,REED WILLIAM,Rheumatology,Arthritis,Geriatric Medicine,Yes,MUSCULOSKELETAL HEALTH GROUP - KELLER,TX,76139,48439,Tarrant County,8223,33479.4,1.6709,12.4,42.56,1,40,265363,265363.0,943422.8,6634.075,6634.075,42,2,95.24,57.33,4.0714,74.67,33.88,32.76,ADEQUATE,2,0.030988,0.035487,14.55,83.0,205.58
1800001645,YOUNG BENJAMIN,Rheumatology,Arthritis,Pain Medicine,Yes,RHEUMATOLOGY ASSOCIATES - FORT WORTH,TX,76157,48439,Tarrant County,6037,16166.0,1.2271,10.0,69.72,1,40,265363,265363.0,943422.8,6634.075,6634.075,42,2,95.24,57.33,2.6778,74.67,33.88,32.76,ADEQUATE,2,0.02275,0.017135,3.25,61.72,150.93
1800001646,JACKSON JAMES,Rheumatology,Arthritis,Geriatric Medicine,No,MUSCULOSKELETAL HEALTH GROUP - ARLINGTON,TX,76144,48439,Tarrant County,8037,26450.4,2.0506,11.1,83.34,0,40,265363,265363.0,943422.8,6634.075,6634.075,42,2,95.24,57.33,3.2911,74.67,33.88,32.76,ADEQUATE,2,0.030287,0.028037,35.45,70.97,200.92
1800001647,ROBERTS OLIVIA,Rheumatology,Arthritis,Pain Medicine,Yes,ARTHRITIS CARE CENTER - GRAND PRAIRIE,TX,76189,48439,Tarrant County,5199,22981.7,1.9748,11.6,54.66,1,40,265363,265363.0,943422.8,6634.075,6634.075,42,2,95.24,57.33,4.4204,74.67,33.88,32.76,ADEQUATE,2,0.019592,0.02436,30.35,75.5,129.98
1800001648,ANDERSON EMILY,Rheumatology,Arthritis,Internal Medicine,No,MUSCULOSKELETAL HEALTH GROUP - KELLER,TX,76174,48439,Tarrant County,7506,22211.8,1.4758,5.5,69.06,0,40,265363,265363.0,943422.8,6634.075,6634.075,42,2,95.24,57.33,2.9592,74.67,33.88,32.76,ADEQUATE,2,0.028286,0.023544,8.0,23.2,187.65
1800001649,KIM DANIEL,Rheumatology,Arthritis,Pain Medicine,No,ARTHRITIS CARE CENTER - ARLINGTON,TX,76135,48439,Tarrant County,4582,21846.3,1.6113,12.1,44.77,0,40,265363,265363.0,943422.8,6634.075,6634.075,42,2,95.24,57.33,4.7679,74.67,33.88,32.76,ADEQUATE,2,0.017267,0.023156,12.15,80.23,114.55
1800001650,TAYLOR KARAN,Rheumatology,Arthritis,Geriatric Medicine,No,RHEUMATOLOGY ASSOCIATES - FORT WORTH,TX,76169,48439,Tarrant County,5678,24064.2,2.7856,4.5,73.94,0,40,265363,265363.0,943422.8,6634.075,6634.075,42,2,95.24,57.33,4.2381,74.67,33.88,32.76,ADEQUATE,2,0.021397,0.025507,82.85,13.9,141.95
1800001651,BROWN RAHUL,Rheumatology,Arthritis,Internal Medicine,Yes,ARTHRITIS CARE CENTER - GRAND PRAIRIE,TX,76133,48439,Tarrant County,5779,23578.2,2.1,12.7,21.29,1,40,265363,265363.0,943422.8,6634.075,6634.075,42,2,95.24,57.33,4.08,74.67,33.88,32.76,ADEQUATE,2,0.021778,0.024992,39.0,86.02,144.48
1800001652,MARTIN SOPHIA,Rheumatology,Arthritis,Geriatric Medicine,Yes,RHEUMATOLOGY ASSOCIATES - GRAND PRAIRIE,TX,76140,48439,Tarrant County,4781,12167.1,3.2852,5.4,83.39,1,40,265363,265363.0,943422.8,6634.075,6634.075,42,2,95.24,57.33,2.5449,74.67,33.88,32.76,ADEQUATE,2,0.018017,0.012897,96.95,22.45,119.52
1800001653,THOMPSON FATIMA,Rheumatology,Arthritis,Internal Medicine,Yes,MUSCULOSKELETAL HEALTH GROUP - ARLINGTON,TX,76110,48439,Tarrant County,4730,13368.3,1.5761,14.0,42.89,1,40,265363,265363.0,943422.8,6634.075,6634.075,42,2,95.24,57.33,2.8263,74.67,33.88,32.76,ADEQUATE,2,0.017825,0.01417,10.9,96.25,118.25
1800001654,CLARK MAYA,Rheumatology,Arthritis,Pain Medicine,No,ARTHRITIS CARE CENTER - KELLER,TX,76102,48439,Tarrant County,5103,14516.1,1.6941,11.3,54.15,0,40,265363,265363.0,943422.8,6634.075,6634.075,42,2,95.24,57.33,2.8446,74.67,33.88,32.76,ADEQUATE,2,0.01923,0.015387,15.4,72.78,127.58
1800001655,MITCHELL THOMAS,Rheumatology,Arthritis,Pain Medicine,No,ARTHRITIS CARE CENTER - GRAND PRAIRIE,TX,76199,48439,Tarrant County,7040,19410.5,1.5614,7.6,55.4,0,40,265363,265363.0,943422.8,6634.075,6634.075,42,2,95.24,57.33,2.7572,74.67,33.88,32.76,ADEQUATE,2,0.02653,0.020575,10.3,41.35,176.0
1800001656,WALKER AMELIA,Rheumatology,Arthritis,Geriatric Medicine,No,RHEUMATOLOGY ASSOCIATES - FORT WORTH,TX,76157,48439,Tarrant County,5298,16599.3,2.2501,4.5,34.69,0,40,265363,265363.0,943422.8,6634.075,6634.075,42,2,95.24,57.33,3.1331,74.67,33.88,32.76,ADEQUATE,2,0.019965,0.017595,50.25,13.9,132.45
1800001657,EDWARDS HANNAH,Rheumatology,Arthritis,Internal Medicine,No,MUSCULOSKELETAL HEALTH GROUP - KELLER,TX,76142,48439,Tarrant County,7385,26620.3,1.4422,9.7,78.48,0,40,265363,265363.0,943422.8,6634.075,6634.075,42,2,95.24,57.33,3.6046,74.67,33.88,32.76,ADEQUATE,2,0.02783,0.028217,7.4,58.92,184.62
1800001658,MORGAN NADIA,Rheumatology,Arthritis,Geriatric Medicine,Yes,ARTHRITIS CARE CENTER - ARLINGTON,TX,76126,48439,Tarrant County,5896,22984.2,1.8923,6.1,67.73,1,40,265363,265363.0,943422.8,6634.075,6634.075,42,2,95.24,57.33,3.8983,74.67,33.88,32.76,ADEQUATE,2,0.022219,0.024363,24.8,28.38,147.4
1800001659,WHITE WILLIAM,Rheumatology,Arthritis,Geriatric Medicine,No,RHEUMATOLOGY ASSOCIATES - FORT WORTH,TX,76186,48439,Tarrant County,8507,39546.6,2.1187,11.7,35.36,0,40,265363,265363.0,943422.8,6634.075,6634.075,42,2,95.24,57.33,4.6487,74.67,33.88,32.76,ADEQUATE,2,0.032058,0.041918,40.25,76.32,212.68
1800001660,FOSTER BENJAMIN,Rheumatology,Arthritis,Geriatric Medicine,Yes,MUSCULOSKELETAL HEALTH GROUP - GRAND PRAIRIE,TX,76153,48439,Tarrant County,6388,25024.9,2.3996,10.2,56.28,1,40,265363,265363.0,943422.8,6634.075,6634.075,42,2,95.24,57.33,3.9175,74.67,33.88,32.76,ADEQUATE,2,0.024073,0.026526,59.85,63.25,159.7
1800001661,PARKER JAMES,Rheumatology,Arthritis,Internal Medicine,Yes,ARTHRITIS CARE CENTER - KELLER,TX,76199,48439,Tarrant County,6424,18353.3,1.3309,13.9,58.38,1,40,265363,265363.0,943422.8,6634.075,6634.075,42,2,95.24,57.33,2.857,74.67,33.88,32.76,ADEQUATE,2,0.024208,0.019454,4.8,95.48,160.6
1800001662,WILSON OLIVIA,Rheumatology,Arthritis,Internal Medicine,Yes,RHEUMATOLOGY ASSOCIATES - ARLINGTON,TX,76147,48439,Tarrant County,5532,16926.6,2.3627,13.0,47.74,1,40,265363,265363.0,943422.8,6634.075,6634.075,42,2,95.24,57.33,3.0598,74.67,33.88,32.76,ADEQUATE,2,0.020847,0.017942,57.55,88.8,138.3
1800001663,GOMEZ EMILY,Rheumatology,Arthritis,Geriatric Medicine,Yes,RHEUMATOLOGY ASSOCIATES - ARLINGTON,TX,76106,48439,Tarrant County,8705,26518.7,2.4671,4.3,83.96,1,40,265363,265363.0,943422.8,6634.075,6634.075,42,2,95.24,57.33,3.0464,74.67,33.88,32.76,ADEQUATE,2,0.032804,0.028109,64.45,12.12,217.62
1800001664,REED DANIEL,Rheumatology,Arthritis,Pain Medicine,Yes,RHEUMATOLOGY ASSOCIATES - ARLINGTON,TX,76154,48439,Tarrant County,5402,16439.8,2.4601,11.5,66.17,1,40,265363,265363.0,943422.8,6634.075,6634.075,42,2,95.24,57.33,3.0433,74.67,33.88,32.76,ADEQUATE,2,0.020357,0.017426,63.75,74.52,135.05
1800001665,YOUNG KARAN,Rheumatology,Arthritis,Internal Medicine,No,MUSCULOSKELETAL HEALTH GROUP - FORT WORTH,TX,76196,48439,Tarrant County,4888,12105.0,3.2482,11.9,37.24,0,40,265363,265363.0,943422.8,6634.075,6634.075,42,2,95.24,57.33,2.4765,74.67,33.88,32.76,ADEQUATE,2,0.01842,0.012831,96.35,78.57,122.2
1800001666,JACKSON RAHUL,Rheumatology,Arthritis,Geriatric Medicine,No,RHEUMATOLOGY ASSOCIATES - FORT WORTH,TX,76152,48439,Tarrant County,5147,13457.0,3.02,7.7,75.97,0,40,265363,265363.0,943422.8,6634.075,6634.075,42,2,95.24,57.33,2.6145,74.67,33.88,32.76,ADEQUATE,2,0.019396,0.014264,92.15,42.3,128.68
1800001667,ROBERTS SOPHIA,Rheumatology,Arthritis,Internal Medicine,Yes,ARTHRITIS CARE CENTER - GRAND PRAIRIE,TX,76141,48439,Tarrant County,7454,26331.1,1.9654,6.9,53.33,1,40,265363,265363.0,943422.8,6634.075,6634.075,42,2,95.24,57.33,3.5325,74.67,33.88,32.76,ADEQUATE,2,0.02809,0.02791,29.42,35.1,186.35
1800001668,ANDERSON FATIMA,Rheumatology,Arthritis,Geriatric Medicine,No,MUSCULOSKELETAL HEALTH GROUP - GRAND PRAIRIE,TX,76111,48439,Tarrant County,7410,19349.6,1.8442,10.6,64.9,0,40,265363,265363.0,943422.8,6634.075,6634.075,42,2,95.24,57.33,2.6113,74.67,33.88,32.76,ADEQUATE,2,0.027924,0.02051,22.05,66.92,185.25
1800001669,KIM MAYA,Rheumatology,Arthritis,Geriatric Medicine,Yes,MUSCULOSKELETAL HEALTH GROUP - ARLINGTON,TX,76180,48439,Tarrant County,7375,25443.5,1.6461,5.1,65.76,1,40,265363,265363.0,943422.8,6634.075,6634.075,42,2,95.24,57.33,3.45,74.67,33.88,32.76,ADEQUATE,2,0.027792,0.026969,13.25,19.58,184.38
1800001670,TAYLOR THOMAS,Rheumatology,Arthritis,Pain Medicine,No,ARTHRITIS CARE CENTER - GRAND PRAIRIE,TX,76189,48439,Tarrant County,8179,36569.4,2.5444,3.1,72.6,0,40,265363,265363.0,943422.8,6634.075,6634.075,42,2,95.24,57.33,4.4711,74.67,33.88,32.76,ADEQUATE,2,0.030822,0.038762,69.53,1.15,204.48
1800001671,BROWN AMELIA,Rheumatology,Arthritis,Pain Medicine,Yes,RHEUMATOLOGY ASSOCIATES - ARLINGTON,TX,76189,48439,Tarrant County,7876,35891.5,0.9691,14.5,64.49,1,40,265363,265363.0,943422.8,6634.075,6634.075,42,2,95.24,57.33,4.5571,74.67,33.88,32.76,ADEQUATE,2,0.02968,0.038044,1.05,99.8,196.9
1800001672,MARTIN HANNAH,Rheumatology,Arthritis,Pain Medicine,Yes,MUSCULOSKELETAL HEALTH GROUP - KELLER,TX,76161,48439,Tarrant County,6676,29247.4,2.2641,11.2,70.13,1,40,265363,265363.0,943422.8,6634.075,6634.075,42,2,95.24,57.33,4.381,74.67,33.88,32.76,ADEQUATE,2,0.025158,0.031001,51.08,71.95,166.9
1800001673,THOMPSON NADIA,Rheumatology,Arthritis,Geriatric Medicine,Yes,ARTHRITIS CARE CENTER - ARLINGTON,TX,76120,48439,Tarrant County,8482,36007.2,3.8282,14.3,59.0,1,40,265363,265363.0,943422.8,6634.075,6634.075,42,2,95.24,57.33,4.2451,74.67,33.88,32.76,ADEQUATE,2,0.031964,0.038167,99.85,98.35,212.05
1800001674,CLARK WILLIAM,Rheumatology,Arthritis,Internal Medicine,Yes,RHEUMATOLOGY ASSOCIATES - ARLINGTON,TX,76129,48439,Tarrant County,7198,22699.4,2.7284,6.5,76.32,1,40,265363,265363.0,943422.8,6634.075,6634.075,42,2,95.24,57.33,3.1536,74.67,33.88,32.76,ADEQUATE,2,0.027125,0.024061,80.25,31.42,179.95
1800001675,MITCHELL BENJAMIN,Rheumatology,Arthritis,Internal Medicine,No,RHEUMATOLOGY ASSOCIATES - GRAND PRAIRIE,TX,76174,48439,Tarrant County,5201,14047.4,2.0341,7.9,86.81,0,40,265363,265363.0,943422.8,6634.075,6634.075,42,2,95.24,57.33,2.7009,74.67,33.88,32.76,ADEQUATE,2,0.0196,0.01489,34.2,44.15,130.02
1800001676,WALKER JAMES,Rheumatology,Arthritis,Geriatric Medicine,Yes,ARTHRITIS CARE CENTER - KELLER,TX,76131,48439,Tarrant County,7330,21093.2,3.2783,6.8,50.28,1,40,265363,265363.0,943422.8,6634.075,6634.075,42,2,95.24,57.33,2.8777,74.67,33.88,32.76,ADEQUATE,2,0.027623,0.022358,96.9,34.12,183.25
1800001677,EDWARDS HANNAH,Cardiology,Heart Disease,Internal Medicine,Yes,CARDIAC WELLNESS GROUP - HOPE MILLS,NC,28302,37051,Cumberland County,6102,26283.7,2.4769,6.9,71.88,1,6,30473,30473.0,120241.3,5078.833333333333,5078.833333333333,5,0,100.0,17.33,4.3074,16.0,32.48,11.6,ADEQUATE,0,0.200243,0.218591,65.2,35.1,1017.0
1800001678,MORGAN NADIA,Cardiology,Heart Disease,Geriatric Medicine,No,HEARTCARE SPECIALISTS - HOPE MILLS,NC,28385,37051,Cumberland County,3838,12566.9,1.7082,12.0,21.52,0,6,30473,30473.0,120241.3,5078.833333333333,5078.833333333333,5,0,100.0,17.33,3.2743,16.0,32.48,11.6,ADEQUATE,0,0.125948,0.104514,15.9,79.45,639.67
1800001679,WHITE WILLIAM,Cardiology,Heart Disease,Cardiovascular Imaging,Yes,HEARTCARE SPECIALISTS - FAYETTEVILLE,NC,28317,37051,Cumberland County,4459,17221.8,1.9888,7.8,42.81,1,6,30473,30473.0,120241.3,5078.833333333333,5078.833333333333,5,0,100.0,17.33,3.8623,16.0,32.48,11.6,ADEQUATE,0,0.146326,0.143227,31.0,43.2,743.17
1800001680,FOSTER BENJAMIN,Cardiology,Heart Disease,Internal Medicine,No,HEARTCARE SPECIALISTS - SPRING LAKE,NC,28399,37051,Cumberland County,6865,32421.3,2.5592,7.8,78.61,0,6,30473,30473.0,120241.3,5078.833333333333,5078.833333333333,5,0,100.0,17.33,4.7227,16.0,32.48,11.6,ADEQUATE,0,0.225281,0.269635,70.4,43.2,1144.17
1800001681,PARKER JAMES,Cardiology,Heart Disease,Cardiovascular Imaging,Yes,ADVANCED CARDIOLOGY CENTER - HOPE MILLS,NC,28314,37051,Cumberland County,5371,18360.0,2.1693,6.5,31.79,1,6,30473,30473.0,120241.3,5078.833333333333,5078.833333333333,5,0,100.0,17.33,3.4184,16.0,32.48,11.6,ADEQUATE,0,0.176254,0.152693,44.15,31.42,895.17
1800001682,WILSON OLIVIA,Cardiology,Heart Disease,Geriatric Medicine,No,CARDIAC WELLNESS GROUP - SPRING LAKE,NC,28327,37051,Cumberland County,3838,13387.6,1.9587,6.8,55.4,0,6,30473,30473.0,120241.3,5078.833333333333,5078.833333333333,5,0,100.0,17.33,3.4882,16.0,32.48,11.6,ADEQUATE,0,0.125948,0.111339,28.85,34.12,639.67
1800001683,WALKER RAHUL,Endocrinology,Diabetes,Metabolic Medicine,No,DIABETES CARE CENTER - FAYETTEVILLE,NC,28364,37051,Cumberland County,5055,12514.0,1.8033,9.4,67.17,0,6,35182,35182.0,116408.4,5863.666666666667,5863.666666666667,6,0,100.0,40.0,2.4756,8.0,53.26,19.19,ADEQUATE,0,0.143681,0.107501,20.0,56.2,842.5
1800001684,EDWARDS SOPHIA,Endocrinology,Diabetes,Internal Medicine,Yes,DIABETES CARE CENTER - FAYETTEVILLE,NC,28387,37051,Cumberland County,5429,17599.7,2.9678,9.8,67.12,1,6,35182,35182.0,116408.4,5863.666666666667,5863.666666666667,6,0,100.0,40.0,3.2418,8.0,53.26,19.19,ADEQUATE,0,0.154312,0.151189,90.25,59.9,904.83
1800001685,MORGAN FATIMA,Endocrinology,Diabetes,Family Medicine,No,DIABETES CARE CENTER - HOPE MILLS,NC,28363,37051,Cumberland County,5002,19627.6,2.4409,3.9,96.88,0,6,35182,35182.0,116408.4,5863.666666666667,5863.666666666667,6,0,100.0,40.0,3.924,8.0,53.26,19.19,ADEQUATE,0,0.142175,0.16861,62.7,8.4,833.67
1800001686,WHITE MAYA,Endocrinology,Diabetes,Family Medicine,No,ENDOCRINE SPECIALISTS GROUP - SPRING LAKE,NC,28326,37051,Cumberland County,8660,24462.5,2.3046,3.8,75.13,0,6,35182,35182.0,116408.4,5863.666666666667,5863.666666666667,6,0,100.0,40.0,2.8248,8.0,53.26,19.19,ADEQUATE,0,0.246149,0.210144,53.75,7.45,1443.33
1800001687,FOSTER THOMAS,Endocrinology,Diabetes,Internal Medicine,No,DIABETES CARE CENTER - HOPE MILLS,NC,28305,37051,Cumberland County,6341,26849.4,2.5627,7.0,59.74,0,6,35182,35182.0,116408.4,5863.666666666667,5863.666666666667,6,0,100.0,40.0,4.2343,8.0,53.26,19.19,ADEQUATE,0,0.180234,0.230648,70.6,36.02,1056.83
1800001688,PARKER AMELIA,Endocrinology,Diabetes,Internal Medicine,No,METABOLIC HEALTH ASSOCIATES - FAYETTEVILLE,NC,28310,37051,Cumberland County,4695,15355.2,2.1395,11.6,54.5,0,6,35182,35182.0,116408.4,5863.666666666667,5863.666666666667,6,0,100.0,40.0,3.2705,8.0,53.26,19.19,ADEQUATE,0,0.133449,0.131908,41.8,75.5,782.5
1800001689,MITCHELL BENJAMIN,Psychiatry,Mental Health Disorders,Behavioral Health,Yes,BEHAVIORAL HEALTH PARTNERS - FAYETTEVILLE,NC,28306,37051,Cumberland County,10310,45132.4,1.6688,11.1,27.04,1,5,51652,51652.0,200912.7,10330.4,10330.4,9,4,55.56,98.67,4.3775,72.0,27.07,59.53,MODERATE GAP,4,0.199605,0.224637,14.42,70.97,2062.0
1800001690,WALKER JAMES,Psychiatry,Mental Health Disorders,Addiction Medicine,Yes,BEHAVIORAL HEALTH PARTNERS - FAYETTEVILLE,NC,28333,37051,Cumberland County,11696,49389.6,2.7933,6.5,78.75,1,5,51652,51652.0,200912.7,10330.4,10330.4,9,4,55.56,98.67,4.2228,72.0,27.07,59.53,MODERATE GAP,4,0.226438,0.245826,83.15,31.42,2339.2
1800001691,EDWARDS OLIVIA,Psychiatry,Mental Health Disorders,Behavioral Health,Yes,COMMUNITY MENTAL HEALTH CENTER - FAYETTEVILLE,NC,28351,37051,Cumberland County,10298,31857.9,2.6384,9.4,51.6,1,5,51652,51652.0,200912.7,10330.4,10330.4,9,4,55.56,98.67,3.0936,72.0,27.07,59.53,MODERATE GAP,4,0.199373,0.158566,75.05,56.2,2059.6
1800001692,MORGAN EMILY,Psychiatry,Mental Health Disorders,Child & Adolescent Psychiatry,No,COMMUNITY MENTAL HEALTH CENTER - HOPE MILLS,NC,28356,37051,Cumberland County,6759,23798.0,2.1988,6.3,21.44,0,5,51652,51652.0,200912.7,10330.4,10330.4,9,4,55.56,98.67,3.5209,72.0,27.07,59.53,MODERATE GAP,4,0.130857,0.118449,46.3,29.9,1351.8
1800001693,WHITE DANIEL,Psychiatry,Mental Health Disorders,Behavioral Health,Yes,COMMUNITY MENTAL HEALTH CENTER - SPRING LAKE,NC,28398,37051,Cumberland County,12589,50734.8,1.124,11.9,25.28,1,5,51652,51652.0,200912.7,10330.4,10330.4,9,4,55.56,98.67,4.0301,72.0,27.07,59.53,MODERATE GAP,4,0.243727,0.252522,1.9,78.57,2517.8
1800001694,WATSON GEORGE,Pulmonary,Respiratory Disease,Critical Care Medicine,Yes,RESPIRATORY CARE GROUP - FAYETTEVILLE,NC,28351,37051,Cumberland County,4617,13795.8,2.0988,9.7,35.56,1,6,36618,36618.0,141484.30000000002,6103.0,6103.0,6,0,100.0,45.33,2.988,93.33,51.84,33.11,ADEQUATE,0,0.126086,0.097508,38.95,58.92,769.5
1800001695,EVANS MICHAEL,Pulmonary,Respiratory Disease,Sleep Medicine,No,LUNG HEALTH SPECIALISTS - SPRING LAKE,NC,28382,37051,Cumberland County,7352,34967.9,1.094,10.6,34.4,0,6,36618,36618.0,141484.30000000002,6103.0,6103.0,6,0,100.0,45.33,4.7562,93.33,51.84,33.11,ADEQUATE,0,0.200776,0.24715,1.65,66.92,1225.33
1800001696,NELSON VICTOR,Pulmonary,Respiratory Disease,Sleep Medicine,Yes,PULMONARY & SLEEP CENTER - HOPE MILLS,NC,28357,37051,Cumberland County,5593,18217.3,3.0995,14.0,71.87,1,6,36618,36618.0,141484.30000000002,6103.0,6103.0,6,0,100.0,45.33,3.2572,93.33,51.84,33.11,ADEQUATE,0,0.152739,0.128758,93.9,96.25,932.17
1800001697,WILLIAMS ANIKA,Pulmonary,Respiratory Disease,Sleep Medicine,No,LUNG HEALTH SPECIALISTS - SPRING LAKE,NC,28331,37051,Cumberland County,5062,16364.6,3.0173,10.8,62.55,0,6,36618,36618.0,141484.30000000002,6103.0,6103.0,6,0,100.0,45.33,3.2328,93.33,51.84,33.11,ADEQUATE,0,0.138238,0.115664,91.9,68.47,843.67
1800001698,GARCIA ISABEL,Pulmonary,Respiratory Disease,Critical Care Medicine,Yes,LUNG HEALTH SPECIALISTS - SPRING LAKE,NC,28346,37051,Cumberland County,6569,30086.5,1.8135,8.5,61.16,1,6,36618,36618.0,141484.30000000002,6103.0,6103.0,6,0,100.0,45.33,4.5801,93.33,51.84,33.11,ADEQUATE,0,0.179393,0.212649,20.45,49.0,1094.83
1800001699,PATEL NOAH,Pulmonary,Respiratory Disease,Internal Medicine,Yes,PULMONARY & SLEEP CENTER - FAYETTEVILLE,NC,28354,37051,Cumberland County,7425,28052.2,3.0028,9.1,61.55,1,6,36618,36618.0,141484.30000000002,6103.0,6103.0,6,0,100.0,45.33,3.7781,93.33,51.84,33.11,ADEQUATE,0,0.202769,0.198271,91.25,53.65,1237.5
1800001700,MOORE PRIYA,Rheumatology,Arthritis,Pain Medicine,Yes,RHEUMATOLOGY ASSOCIATES - HOPE MILLS,NC,28325,37051,Cumberland County,9336,43126.6,2.7126,13.2,57.93,1,6,49557,49557.0,177761.8,8259.5,8259.5,8,2,75.0,80.0,4.6194,98.67,26.21,49.98,LOW GAP,2,0.188389,0.242609,79.05,90.4,1556.0
1800001701,WATSON DAVID,Rheumatology,Arthritis,Pain Medicine,Yes,MUSCULOSKELETAL HEALTH GROUP - HOPE MILLS,NC,28396,37051,Cumberland County,9490,29456.5,1.9873,10.0,57.67,1,6,49557,49557.0,177761.8,8259.5,8259.5,8,2,75.0,80.0,3.104,98.67,26.21,49.98,LOW GAP,2,0.191497,0.165708,30.93,61.72,1581.67
1800001702,EVANS ELENA,Rheumatology,Arthritis,Pain Medicine,Yes,ARTHRITIS CARE CENTER - FAYETTEVILLE,NC,28334,37051,Cumberland County,5327,16254.0,2.6379,9.5,47.77,1,6,49557,49557.0,177761.8,8259.5,8259.5,8,2,75.0,80.0,3.0512,98.67,26.21,49.98,LOW GAP,2,0.107492,0.091437,74.95,57.0,887.83
1800001703,NELSON LUCAS,Rheumatology,Arthritis,Geriatric Medicine,No,MUSCULOSKELETAL HEALTH GROUP - SPRING LAKE,NC,28302,37051,Cumberland County,9031,27474.5,1.7373,10.7,70.3,0,6,49557,49557.0,177761.8,8259.5,8259.5,8,2,75.0,80.0,3.0422,98.67,26.21,49.98,LOW GAP,2,0.182235,0.154558,17.25,67.7,1505.17
1800001704,WILLIAMS SARAH,Rheumatology,Arthritis,Geriatric Medicine,No,RHEUMATOLOGY ASSOCIATES - HOPE MILLS,NC,28377,37051,Cumberland County,8883,28609.2,1.8002,9.9,38.2,0,6,49557,49557.0,177761.8,8259.5,8259.5,8,2,75.0,80.0,3.2207,98.67,26.21,49.98,LOW GAP,2,0.179248,0.160941,19.95,60.78,1480.5
1800001705,GARCIA AARON,Rheumatology,Arthritis,Pain Medicine,Yes,ARTHRITIS CARE CENTER - FAYETTEVILLE,NC,28392,37051,Cumberland County,7490,32841.0,1.5759,12.6,60.23,1,6,49557,49557.0,177761.8,8259.5,8259.5,8,2,75.0,80.0,4.3846,98.67,26.21,49.98,LOW GAP,2,0.151139,0.184747,10.85,85.0,1248.33
1800001706,DAVIS ANIKA,Cardiology,Heart Disease,Cardiovascular Imaging,Yes,HEARTCARE SPECIALISTS - WINSTON-SALEM,NC,27172,37067,Forsyth County,5124,23421.6,3.7141,6.3,66.56,1,7,35126,35126.0,136340.1,5018.0,5018.0,6,0,100.0,12.0,4.571,14.67,65.02,14.95,ADEQUATE,0,0.145875,0.171788,99.6,29.9,732.0
1800001707,MOORE ISABEL,Cardiology,Heart Disease,Geriatric Medicine,Yes,ADVANCED CARDIOLOGY CENTER - CLEMMONS,NC,27174,37067,Forsyth County,4219,19964.9,2.9277,10.7,37.8,1,7,35126,35126.0,136340.1,5018.0,5018.0,6,0,100.0,12.0,4.7321,14.67,65.02,14.95,ADEQUATE,0,0.12011,0.146435,88.75,67.7,602.71
1800001708,WATSON NOAH,Cardiology,Heart Disease,Internal Medicine,Yes,ADVANCED CARDIOLOGY CENTER - KERNERSVILLE,NC,27117,37067,Forsyth County,6286,24194.2,2.0117,8.4,34.84,1,7,35126,35126.0,136340.1,5018.0,5018.0,6,0,100.0,12.0,3.8489,14.67,65.02,14.95,ADEQUATE,0,0.178956,0.177455,32.35,48.12,898.0
1800001709,EVANS ZOE,Cardiology,Heart Disease,Geriatric Medicine,No,CARDIAC WELLNESS GROUP - WINSTON-SALEM,NC,27157,37067,Forsyth County,5991,19365.9,1.6476,3.8,8.83,0,7,35126,35126.0,136340.1,5018.0,5018.0,6,0,100.0,12.0,3.2325,14.67,65.02,14.95,ADEQUATE,0,0.170557,0.142041,13.35,7.45,855.86
1800001710,NELSON CARLOS,Cardiology,Heart Disease,Geriatric Medicine,No,CARDIAC WELLNESS GROUP - KERNERSVILLE,NC,27129,37067,Forsyth County,5535,18221.3,1.7916,14.3,34.93,0,7,35126,35126.0,136340.1,5018.0,5018.0,6,0,100.0,12.0,3.292,14.67,65.02,14.95,ADEQUATE,0,0.157576,0.133646,19.65,98.35,790.71
1800001711,WILLIAMS JULIA,Cardiology,Heart Disease,Geriatric Medicine,Yes,ADVANCED CARDIOLOGY CENTER - WINSTON-SALEM,NC,27124,37067,Forsyth County,3548,14355.0,3.0148,4.6,81.41,1,7,35126,35126.0,136340.1,5018.0,5018.0,6,0,100.0,12.0,4.0459,14.67,65.02,14.95,ADEQUATE,0,0.101008,0.105288,91.85,15.05,506.86
1800001712,GARCIA PRIYA,Cardiology,Heart Disease,Cardiovascular Imaging,No,CARDIAC WELLNESS GROUP - CLEMMONS,NC,27115,37067,Forsyth County,4423,16817.2,2.3776,7.6,98.0,0,7,35126,35126.0,136340.1,5018.0,5018.0,6,0,100.0,12.0,3.8022,14.67,65.02,14.95,ADEQUATE,0,0.125918,0.123347,58.55,41.35,631.86
1800001713,BROWN RAHUL,Endocrinology,Diabetes,Internal Medicine,Yes,DIABETES CARE CENTER - KERNERSVILLE,NC,27134,37067,Forsyth County,6327,28623.7,2.8652,9.2,26.39,1,7,45925,45925.0,162500.3,6560.714285714285,6560.714285714285,8,1,87.5,56.0,4.5241,89.33,43.56,39.56,ADEQUATE,1,0.137768,0.176146,86.45,54.45,903.86
1800001714,MARTIN SOPHIA,Endocrinology,Diabetes,Metabolic Medicine,Yes,METABOLIC HEALTH ASSOCIATES - CLEMMONS,NC,27178,37067,Forsyth County,6569,25192.2,3.0264,14.2,85.11,1,7,45925,45925.0,162500.3,6560.714285714285,6560.714285714285,8,1,87.5,56.0,3.835,89.33,43.56,39.56,ADEQUATE,1,0.143038,0.155029,92.45,97.62,938.43
1800001715,THOMPSON FATIMA,Endocrinology,Diabetes,Metabolic Medicine,Yes,METABOLIC HEALTH ASSOCIATES - WINSTON-SALEM,NC,27193,37067,Forsyth County,7048,29763.1,2.4304,13.5,83.88,1,7,45925,45925.0,162500.3,6560.714285714285,6560.714285714285,8,1,87.5,56.0,4.2229,89.33,43.56,39.56,ADEQUATE,1,0.153468,0.183157,61.92,92.65,1006.86
1800001716,CLARK MAYA,Endocrinology,Diabetes,Metabolic Medicine,Yes,DIABETES CARE CENTER - KERNERSVILLE,NC,27105,37067,Forsyth County,5256,19692.3,2.1623,7.1,68.73,1,7,45925,45925.0,162500.3,6560.714285714285,6560.714285714285,8,1,87.5,56.0,3.7466,89.33,43.56,39.56,ADEQUATE,1,0.114447,0.121183,43.68,37.05,750.86
1800001717,MITCHELL THOMAS,Endocrinology,Diabetes,Internal Medicine,No,DIABETES CARE CENTER - CLEMMONS,NC,27106,37067,Forsyth County,8491,21993.6,2.0867,6.9,59.59,0,7,45925,45925.0,162500.3,6560.714285714285,6560.714285714285,8,1,87.5,56.0,2.5902,89.33,43.56,39.56,ADEQUATE,1,0.184888,0.135345,37.95,35.1,1213.0
1800001718,WALKER AMELIA,Endocrinology,Diabetes,Family Medicine,Yes,DIABETES CARE CENTER - KERNERSVILLE,NC,27123,37067,Forsyth County,5233,12559.8,1.1686,9.9,62.91,1,7,45925,45925.0,162500.3,6560.714285714285,6560.714285714285,8,1,87.5,56.0,2.4001,89.33,43.56,39.56,ADEQUATE,1,0.113947,0.077291,2.65,60.78,747.57
1800001719,EDWARDS HANNAH,Endocrinology,Diabetes,Metabolic Medicine,No,ENDOCRINE SPECIALISTS GROUP - WINSTON-SALEM,NC,27132,37067,Forsyth County,7001,24675.6,2.1096,8.2,43.85,0,7,45925,45925.0,162500.3,6560.714285714285,6560.714285714285,8,1,87.5,56.0,3.5246,89.33,43.56,39.56,ADEQUATE,1,0.152444,0.15185,39.55,46.48,1000.14
1800001720,ADAMS ISABEL,Psychiatry,Mental Health Disorders,Addiction Medicine,Yes,BEHAVIORAL HEALTH PARTNERS - CLEMMONS,NC,27119,37067,Forsyth County,6325,17044.3,2.6917,6.1,54.02,1,6,52399,52399.0,191691.0,8733.166666666666,8733.166666666666,9,3,66.67,86.67,2.6948,69.33,47.12,54.13,LOW GAP,3,0.120708,0.088915,77.92,28.38,1054.17
1800001721,JOHNSON NOAH,Psychiatry,Mental Health Disorders,Behavioral Health,No,BEHAVIORAL HEALTH PARTNERS - WINSTON-SALEM,NC,27184,37067,Forsyth County,9928,29190.6,2.593,12.6,44.63,0,6,52399,52399.0,191691.0,8733.166666666666,8733.166666666666,9,3,66.67,86.67,2.9402,69.33,47.12,54.13,LOW GAP,3,0.189469,0.152279,72.45,85.0,1654.67
1800001722,SANCHEZ ZOE,Psychiatry,Mental Health Disorders,Child & Adolescent Psychiatry,No,COMMUNITY MENTAL HEALTH CENTER - KERNERSVILLE,NC,27169,37067,Forsyth County,10875,44497.8,1.9722,10.6,66.44,0,6,52399,52399.0,191691.0,8733.166666666666,8733.166666666666,9,3,66.67,86.67,4.0918,69.33,47.12,54.13,LOW GAP,3,0.207542,0.232133,30.1,66.92,1812.5
1800001723,BAKER CARLOS,Psychiatry,Mental Health Disorders,Child & Adolescent Psychiatry,No,PSYCHIATRY CARE ASSOCIATES - WINSTON-SALEM,NC,27147,37067,Forsyth County,6207,22008.2,2.3649,4.4,70.48,0,6,52399,52399.0,191691.0,8733.166666666666,8733.166666666666,9,3,66.67,86.67,3.5457,69.33,47.12,54.13,LOW GAP,3,0.118456,0.114811,57.72,12.88,1034.5
1800001724,LEE JULIA,Psychiatry,Mental Health Disorders,Child & Adolescent Psychiatry,No,PSYCHIATRY CARE ASSOCIATES - KERNERSVILLE,NC,27158,37067,Forsyth County,6362,18714.8,2.1565,9.4,78.21,0,6,52399,52399.0,191691.0,8733.166666666666,8733.166666666666,9,3,66.67,86.67,2.9417,69.33,47.12,54.13,LOW GAP,3,0.121415,0.09763,43.0,56.2,1060.33
1800001725,THOMAS PRIYA,Psychiatry,Mental Health Disorders,Child & Adolescent Psychiatry,Yes,PSYCHIATRY CARE ASSOCIATES - KERNERSVILLE,NC,27181,37067,Forsyth County,12702,60235.3,2.0392,11.0,54.96,1,6,52399,52399.0,191691.0,8733.166666666666,8733.166666666666,9,3,66.67,86.67,4.7422,69.33,47.12,54.13,LOW GAP,3,0.242409,0.314231,34.42,70.08,2117.0
1800001726,RIVERA SARAH,Pulmonary,Respiratory Disease,Critical Care Medicine,No,PULMONARY & SLEEP CENTER - CLEMMONS,NC,27163,37067,Forsyth County,5458,17270.2,2.4951,5.6,71.99,0,7,40753,40753.0,154561.6,5821.857142857143,5821.857142857143,7,0,100.0,37.33,3.1642,9.33,48.8,18.05,ADEQUATE,0,0.133929,0.111737,66.55,23.92,779.71
1800001727,ADAMS AARON,Pulmonary,Respiratory Disease,Critical Care Medicine,No,RESPIRATORY CARE GROUP - CLEMMONS,NC,27103,37067,Forsyth County,5873,27642.9,2.871,5.6,58.16,0,7,40753,40753.0,154561.6,5821.857142857143,5821.857142857143,7,0,100.0,37.33,4.7068,9.33,48.8,18.05,ADEQUATE,0,0.144112,0.178847,86.85,23.92,839.0
1800001728,JOHNSON GEORGE,Pulmonary,Respiratory Disease,Sleep Medicine,No,LUNG HEALTH SPECIALISTS - WINSTON-SALEM,NC,27154,37067,Forsyth County,5782,26216.8,2.2781,11.7,80.58,0,7,40753,40753.0,154561.6,5821.857142857143,5821.857142857143,7,0,100.0,37.33,4.5342,9.33,48.8,18.05,ADEQUATE,0,0.141879,0.16962,52.05,76.32,826.0
1800001729,SANCHEZ MICHAEL,Pulmonary,Respiratory Disease,Critical Care Medicine,Yes,PULMONARY & SLEEP CENTER - KERNERSVILLE,NC,27189,37067,Forsyth County,5362,15259.4,2.6142,8.3,31.98,1,7,40753,40753.0,154561.6,5821.857142857143,5821.857142857143,7,0,100.0,37.33,2.8458,9.33,48.8,18.05,ADEQUATE,0,0.131573,0.098727,73.65,47.32,766.0
1800001730,BAKER VICTOR,Pulmonary,Respiratory Disease,Critical Care Medicine,Yes,PULMONARY & SLEEP CENTER - CLEMMONS,NC,27128,37067,Forsyth County,5590,14035.5,2.2206,4.8,67.5,1,7,40753,40753.0,154561.6,5821.857142857143,5821.857142857143,7,0,100.0,37.33,2.5108,9.33,48.8,18.05,ADEQUATE,0,0.137168,0.090808,48.4,16.95,798.57
1800001731,LEE ANIKA,Pulmonary,Respiratory Disease,Sleep Medicine,Yes,PULMONARY & SLEEP CENTER - WINSTON-SALEM,NC,27119,37067,Forsyth County,7330,32971.6,1.3954,10.8,58.48,1,7,40753,40753.0,154561.6,5821.857142857143,5821.857142857143,7,0,100.0,37.33,4.4982,9.33,48.8,18.05,ADEQUATE,0,0.179864,0.213323,6.05,68.47,1047.14
1800001732,THOMAS ISABEL,Pulmonary,Respiratory Disease,Sleep Medicine,Yes,PULMONARY & SLEEP CENTER - KERNERSVILLE,NC,27199,37067,Forsyth County,5358,21165.2,2.3743,6.3,64.01,1,7,40753,40753.0,154561.6,5821.857142857143,5821.857142857143,7,0,100.0,37.33,3.9502,9.33,48.8,18.05,ADEQUATE,0,0.131475,0.136937,58.3,29.9,765.43
1800001733,PARKER JAMES,Rheumatology,Arthritis,Pain Medicine,Yes,ARTHRITIS CARE CENTER - WINSTON-SALEM,NC,27103,37067,Forsyth County,6679,24655.8,1.8886,5.5,72.62,1,7,47651,47651.0,157682.0,6807.285714285715,6807.285714285715,8,1,87.5,62.67,3.6915,1.33,27.51,25.62,ADEQUATE,1,0.140165,0.156364,24.35,23.2,954.14
1800001734,WILSON OLIVIA,Rheumatology,Arthritis,Geriatric Medicine,Yes,ARTHRITIS CARE CENTER - WINSTON-SALEM,NC,27128,37067,Forsyth County,5446,16997.0,2.5306,4.2,66.36,1,7,47651,47651.0,157682.0,6807.285714285715,6807.285714285715,8,1,87.5,62.67,3.121,1.33,27.51,25.62,ADEQUATE,1,0.114289,0.107793,68.6,11.2,778.0
1800001735,GOMEZ EMILY,Rheumatology,Arthritis,Internal Medicine,No,ARTHRITIS CARE CENTER - CLEMMONS,NC,27149,37067,Forsyth County,4964,20804.0,2.2541,5.7,46.61,0,7,47651,47651.0,157682.0,6807.285714285715,6807.285714285715,8,1,87.5,62.67,4.191,1.33,27.51,25.62,ADEQUATE,1,0.104174,0.131936,50.45,24.7,709.14
1800001736,REED DANIEL,Rheumatology,Arthritis,Pain Medicine,Yes,MUSCULOSKELETAL HEALTH GROUP - KERNERSVILLE,NC,27147,37067,Forsyth County,7396,23971.5,2.6257,14.5,68.29,1,7,47651,47651.0,157682.0,6807.285714285715,6807.285714285715,8,1,87.5,62.67,3.2411,1.33,27.51,25.62,ADEQUATE,1,0.155212,0.152024,74.42,99.8,1056.57
1800001737,YOUNG KARAN,Rheumatology,Arthritis,Internal Medicine,Yes,ARTHRITIS CARE CENTER - WINSTON-SALEM,NC,27164,37067,Forsyth County,5337,22686.8,1.8892,3.2,52.8,1,7,47651,47651.0,157682.0,6807.285714285715,6807.285714285715,8,1,87.5,62.67,4.2509,1.33,27.51,25.62,ADEQUATE,1,0.112002,0.143877,24.45,2.17,762.43
1800001738,JACKSON RAHUL,Rheumatology,Arthritis,Pain Medicine,Yes,ARTHRITIS CARE CENTER - CLEMMONS,NC,27157,37067,Forsyth County,8290,20988.5,2.2339,13.5,64.45,1,7,47651,47651.0,157682.0,6807.285714285715,6807.285714285715,8,1,87.5,62.67,2.5318,1.33,27.51,25.62,ADEQUATE,1,0.173973,0.133107,49.25,92.65,1184.29
1800001739,ROBERTS SOPHIA,Rheumatology,Arthritis,Internal Medicine,Yes,ARTHRITIS CARE CENTER - KERNERSVILLE,NC,27186,37067,Forsyth County,9539,27578.4,1.2035,3.4,58.13,1,7,47651,47651.0,157682.0,6807.285714285715,6807.285714285715,8,1,87.5,62.67,2.8911,1.33,27.51,25.62,ADEQUATE,1,0.200185,0.174899,3.0,3.98,1362.71
1800001740,MOORE AARON,Cardiology,Heart Disease,Cardiovascular Imaging,Yes,HEARTCARE SPECIALISTS - JAMESTOWN,NC,27438,37081,Guilford County,4105,18013.7,2.3055,13.2,57.67,1,11,52356,52356.0,185852.1,4759.636363636364,4759.636363636364,9,0,100.0,8.0,4.3882,73.33,31.77,17.76,ADEQUATE,0,0.078406,0.096925,53.8,90.4,373.18
1800001741,WATSON GEORGE,Cardiology,Heart Disease,Cardiovascular Imaging,No,CARDIAC WELLNESS GROUP - HIGH POINT,NC,27480,37081,Guilford County,3670,11447.3,2.2284,14.2,53.79,0,11,52356,52356.0,185852.1,4759.636363636364,4759.636363636364,9,0,100.0,8.0,3.1192,73.33,31.77,17.76,ADEQUATE,0,0.070097,0.061594,48.75,97.62,333.64
1800001742,EVANS MICHAEL,Cardiology,Heart Disease,Geriatric Medicine,Yes,HEARTCARE SPECIALISTS - JAMESTOWN,NC,27415,37081,Guilford County,4604,21923.8,1.9901,11.7,68.67,1,11,52356,52356.0,185852.1,4759.636363636364,4759.636363636364,9,0,100.0,8.0,4.7619,73.33,31.77,17.76,ADEQUATE,0,0.087936,0.117964,31.2,76.32,418.55
1800001743,NELSON VICTOR,Cardiology,Heart Disease,Internal Medicine,Yes,HEARTCARE SPECIALISTS - JAMESTOWN,NC,27454,37081,Guilford County,5345,17028.3,1.2148,6.0,74.73,1,11,52356,52356.0,185852.1,4759.636363636364,4759.636363636364,9,0,100.0,8.0,3.1858,73.33,31.77,17.76,ADEQUATE,0,0.10209,0.091623,3.2,27.55,485.91
1800001744,WILLIAMS ANIKA,Cardiology,Heart Disease,Cardiovascular Imaging,Yes,CARDIAC WELLNESS GROUP - GREENSBORO,NC,27486,37081,Guilford County,3356,14008.1,2.2421,10.1,34.74,1,11,52356,52356.0,185852.1,4759.636363636364,4759.636363636364,9,0,100.0,8.0,4.174,73.33,31.77,17.76,ADEQUATE,0,0.0641,0.075372,49.75,62.52,305.09
1800001745,GARCIA ISABEL,Cardiology,Heart Disease,Geriatric Medicine,Yes,CARDIAC WELLNESS GROUP - GREENSBORO,NC,27454,37081,Guilford County,5120,16801.4,2.2221,9.1,74.66,1,11,52356,52356.0,185852.1,4759.636363636364,4759.636363636364,9,0,100.0,8.0,3.2815,73.33,31.77,17.76,ADEQUATE,0,0.097792,0.090402,48.5,53.65,465.45
1800001746,PATEL NOAH,Cardiology,Heart Disease,Cardiovascular Imaging,Yes,CARDIAC WELLNESS GROUP - GREENSBORO,NC,27413,37081,Guilford County,4318,11142.1,1.6975,3.6,44.07,1,11,52356,52356.0,185852.1,4759.636363636364,4759.636363636364,9,0,100.0,8.0,2.5804,73.33,31.77,17.76,ADEQUATE,0,0.082474,0.059951,15.55,5.78,392.55
1800001747,WRIGHT ZOE,Cardiology,Heart Disease,Internal Medicine,No,ADVANCED CARDIOLOGY CENTER - JAMESTOWN,NC,27469,37081,Guilford County,5918,19344.6,2.2893,9.4,30.75,0,11,52356,52356.0,185852.1,4759.636363636364,4759.636363636364,9,0,100.0,8.0,3.2688,73.33,31.77,17.76,ADEQUATE,0,0.113034,0.104086,52.8,56.2,538.0
1800001748,HARRIS CARLOS,Cardiology,Heart Disease,Geriatric Medicine,Yes,HEARTCARE SPECIALISTS - GREENSBORO,NC,27491,37081,Guilford County,4546,15836.1,1.8044,9.7,61.89,1,11,52356,52356.0,185852.1,4759.636363636364,4759.636363636364,9,0,100.0,8.0,3.4835,73.33,31.77,17.76,ADEQUATE,0,0.086829,0.085208,20.05,58.92,413.27
1800001749,RIVERA JULIA,Cardiology,Heart Disease,Geriatric Medicine,Yes,ADVANCED CARDIOLOGY CENTER - HIGH POINT,NC,27461,37081,Guilford County,6113,17665.4,2.074,4.3,68.19,1,11,52356,52356.0,185852.1,4759.636363636364,4759.636363636364,9,0,100.0,8.0,2.8898,73.33,31.77,17.76,ADEQUATE,0,0.116758,0.095051,37.05,12.12,555.73
1800001750,ADAMS PRIYA,Cardiology,Heart Disease,Geriatric Medicine,Yes,CARDIAC WELLNESS GROUP - GREENSBORO,NC,27416,37081,Guilford County,5261,22641.3,3.4259,8.7,68.28,1,11,52356,52356.0,185852.1,4759.636363636364,4759.636363636364,9,0,100.0,8.0,4.3036,73.33,31.77,17.76,ADEQUATE,0,0.100485,0.121824,98.3,50.5,478.27
1800001751,MORGAN NADIA,Endocrinology,Diabetes,Family Medicine,Yes,ENDOCRINE SPECIALISTS GROUP - HIGH POINT,NC,27480,37081,Guilford County,4655,13488.3,2.8938,3.9,73.41,1,10,58363,58363.0,212534.2,5836.3,5836.3,10,0,100.0,38.67,2.8976,10.67,33.52,16.3,ADEQUATE,0,0.079759,0.063464,87.65,8.4,465.5
1800001752,WHITE WILLIAM,Endocrinology,Diabetes,Family Medicine,No,METABOLIC HEALTH ASSOCIATES - GREENSBORO,NC,27497,37081,Guilford County,5129,22262.3,1.9435,10.7,33.46,0,10,58363,58363.0,212534.2,5836.3,5836.3,10,0,100.0,38.67,4.3405,10.67,33.52,16.3,ADEQUATE,0,0.087881,0.104747,27.68,67.7,512.9
1800001753,FOSTER BENJAMIN,Endocrinology,Diabetes,Internal Medicine,Yes,ENDOCRINE SPECIALISTS GROUP - HIGH POINT,NC,27452,37081,Guilford County,5332,13368.8,1.2449,11.7,86.51,1,10,58363,58363.0,212534.2,5836.3,5836.3,10,0,100.0,38.67,2.5073,10.67,33.52,16.3,ADEQUATE,0,0.091359,0.062902,3.55,76.32,533.2
1800001754,PARKER JAMES,Endocrinology,Diabetes,Metabolic Medicine,No,ENDOCRINE SPECIALISTS GROUP - JAMESTOWN,NC,27418,37081,Guilford County,5955,19076.8,1.8712,5.5,69.91,0,10,58363,58363.0,212534.2,5836.3,5836.3,10,0,100.0,38.67,3.2035,10.67,33.52,16.3,ADEQUATE,0,0.102034,0.089759,23.25,23.2,595.5
1800001755,WILSON OLIVIA,Endocrinology,Diabetes,Family Medicine,Yes,METABOLIC HEALTH ASSOCIATES - HIGH POINT,NC,27418,37081,Guilford County,6047,28697.0,2.0189,7.1,85.51,1,10,58363,58363.0,212534.2,5836.3,5836.3,10,0,100.0,38.67,4.7457,10.67,33.52,16.3,ADEQUATE,0,0.10361,0.135023,33.12,37.05,604.7
1800001756,GOMEZ EMILY,Endocrinology,Diabetes,Family Medicine,Yes,METABOLIC HEALTH ASSOCIATES - GREENSBORO,NC,27434,37081,Guilford County,6703,29156.4,2.6224,7.8,58.61,1,10,58363,58363.0,212534.2,5836.3,5836.3,10,0,100.0,38.67,4.3498,10.67,33.52,16.3,ADEQUATE,0,0.11485,0.137185,74.25,43.2,670.3
1800001757,REED DANIEL,Endocrinology,Diabetes,Internal Medicine,Yes,DIABETES CARE CENTER - GREENSBORO,NC,27433,37081,Guilford County,5988,16361.2,0.9616,10.6,27.63,1,10,58363,58363.0,212534.2,5836.3,5836.3,10,0,100.0,38.67,2.7323,10.67,33.52,16.3,ADEQUATE,0,0.102599,0.076981,0.95,66.92,598.8
1800001758,YOUNG KARAN,Endocrinology,Diabetes,Family Medicine,Yes,ENDOCRINE SPECIALISTS GROUP - JAMESTOWN,NC,27449,37081,Guilford County,7403,29694.5,2.3653,9.7,72.05,1,10,58363,58363.0,212534.2,5836.3,5836.3,10,0,100.0,38.67,4.0111,10.67,33.52,16.3,ADEQUATE,0,0.126844,0.139716,57.8,58.92,740.3
1800001759,JACKSON RAHUL,Endocrinology,Diabetes,Family Medicine,Yes,ENDOCRINE SPECIALISTS GROUP - HIGH POINT,NC,27446,37081,Guilford County,4727,21922.1,2.8123,4.7,56.83,1,10,58363,58363.0,212534.2,5836.3,5836.3,10,0,100.0,38.67,4.6376,10.67,33.52,16.3,ADEQUATE,0,0.080993,0.103146,83.95,15.9,472.7
1800001760,ROBERTS SOPHIA,Endocrinology,Diabetes,Internal Medicine,No,DIABETES CARE CENTER - GREENSBORO,NC,27411,37081,Guilford County,6424,18506.8,2.815,4.3,71.69,0,10,58363,58363.0,212534.2,5836.3,5836.3,10,0,100.0,38.67,2.8809,10.67,33.52,16.3,ADEQUATE,0,0.11007,0.087077,84.12,12.12,642.4
1800001761,GOMEZ EMILY,Psychiatry,Mental Health Disorders,Child & Adolescent Psychiatry,Yes,BEHAVIORAL HEALTH PARTNERS - GREENSBORO,NC,27429,37081,Guilford County,8861,23137.0,2.4123,12.7,47.65,1,8,82930,82930.0,268772.2,10366.25,10366.25,13,5,61.54,100.0,2.6111,92.0,64.31,65.75,LOW GAP,5,0.106849,0.086084,60.75,86.02,1107.62
1800001762,REED DANIEL,Psychiatry,Mental Health Disorders,Addiction Medicine,Yes,BEHAVIORAL HEALTH PARTNERS - GREENSBORO,NC,27455,37081,Guilford County,12548,40321.5,2.2936,9.9,78.73,1,8,82930,82930.0,268772.2,10366.25,10366.25,13,5,61.54,100.0,3.2134,92.0,64.31,65.75,LOW GAP,5,0.151308,0.150021,52.95,60.78,1568.5
1800001763,YOUNG KARAN,Psychiatry,Mental Health Disorders,Child & Adolescent Psychiatry,Yes,BEHAVIORAL HEALTH PARTNERS - GREENSBORO,NC,27479,37081,Guilford County,8614,25839.9,2.835,13.7,67.99,1,8,82930,82930.0,268772.2,10366.25,10366.25,13,5,61.54,100.0,2.9998,92.0,64.31,65.75,LOW GAP,5,0.103871,0.096141,84.9,94.25,1076.75
1800001764,JACKSON RAHUL,Psychiatry,Mental Health Disorders,Addiction Medicine,No,BEHAVIORAL HEALTH PARTNERS - HIGH POINT,NC,27409,37081,Guilford County,9676,34944.5,2.511,11.1,66.76,0,8,82930,82930.0,268772.2,10366.25,10366.25,13,5,61.54,100.0,3.6115,92.0,64.31,65.75,LOW GAP,5,0.116677,0.130015,67.65,70.97,1209.5
1800001765,ROBERTS SOPHIA,Psychiatry,Mental Health Disorders,Behavioral Health,Yes,PSYCHIATRY CARE ASSOCIATES - HIGH POINT,NC,27498,37081,Guilford County,7352,22109.0,2.2041,10.0,89.94,1,8,82930,82930.0,268772.2,10366.25,10366.25,13,5,61.54,100.0,3.0072,92.0,64.31,65.75,LOW GAP,5,0.088653,0.082259,46.75,61.72,919.0
1800001766,ANDERSON FATIMA,Psychiatry,Mental Health Disorders,Behavioral Health,No,PSYCHIATRY CARE ASSOCIATES - HIGH POINT,NC,27433,37081,Guilford County,12205,55641.1,2.7854,10.6,75.63,0,8,82930,82930.0,268772.2,10366.25,10366.25,13,5,61.54,100.0,4.5589,92.0,64.31,65.75,LOW GAP,5,0.147172,0.20702,82.8,66.92,1525.62
1800001767,KIM MAYA,Psychiatry,Mental Health Disorders,Child & Adolescent Psychiatry,No,BEHAVIORAL HEALTH PARTNERS - GREENSBORO,NC,27478,37081,Guilford County,12743,35797.9,2.2491,3.2,85.16,0,8,82930,82930.0,268772.2,10366.25,10366.25,13,5,61.54,100.0,2.8092,92.0,64.31,65.75,LOW GAP,5,0.15366,0.13319,50.1,2.17,1592.88
1800001768,TAYLOR THOMAS,Psychiatry,Mental Health Disorders,Child & Adolescent Psychiatry,Yes,COMMUNITY MENTAL HEALTH CENTER - HIGH POINT,NC,27429,37081,Guilford County,10931,30981.3,2.63,10.3,41.97,1,8,82930,82930.0,268772.2,10366.25,10366.25,13,5,61.54,100.0,2.8343,92.0,64.31,65.75,LOW GAP,5,0.13181,0.11527,74.72,64.08,1366.38
1800001769,MITCHELL THOMAS,Pulmonary,Respiratory Disease,Critical Care Medicine,Yes,LUNG HEALTH SPECIALISTS - HIGH POINT,NC,27438,37081,Guilford County,5611,17280.5,2.5187,8.4,79.17,1,10,56812,56812.0,191693.3,5681.2,5681.2,9,0,100.0,29.33,3.0798,25.33,42.76,17.55,ADEQUATE,0,0.098764,0.090147,68.0,48.12,561.1
1800001770,WALKER AMELIA,Pulmonary,Respiratory Disease,Sleep Medicine,No,PULMONARY & SLEEP CENTER - HIGH POINT,NC,27455,37081,Guilford County,6711,23782.8,2.9291,3.7,50.97,0,10,56812,56812.0,191693.3,5681.2,5681.2,9,0,100.0,29.33,3.5439,25.33,42.76,17.55,ADEQUATE,0,0.118126,0.124067,88.8,6.65,671.1
1800001771,EDWARDS HANNAH,Pulmonary,Respiratory Disease,Internal Medicine,No,LUNG HEALTH SPECIALISTS - GREENSBORO,NC,27445,37081,Guilford County,3936,11229.1,2.0784,6.3,25.79,0,10,56812,56812.0,191693.3,5681.2,5681.2,9,0,100.0,29.33,2.8529,25.33,42.76,17.55,ADEQUATE,0,0.069281,0.058578,37.3,29.9,393.6
1800001772,MORGAN NADIA,Pulmonary,Respiratory Disease,Sleep Medicine,No,PULMONARY & SLEEP CENTER - GREENSBORO,NC,27420,37081,Guilford County,5210,17452.8,2.4891,8.0,68.98,0,10,56812,56812.0,191693.3,5681.2,5681.2,9,0,100.0,29.33,3.3499,25.33,42.76,17.55,ADEQUATE,0,0.091706,0.091045,65.85,45.08,521.0
1800001773,WHITE WILLIAM,Pulmonary,Respiratory Disease,Sleep Medicine,Yes,RESPIRATORY CARE GROUP - HIGH POINT,NC,27401,37081,Guilford County,6242,24672.7,2.0483,6.0,53.04,1,10,56812,56812.0,191693.3,5681.2,5681.2,9,0,100.0,29.33,3.9527,25.33,42.76,17.55,ADEQUATE,0,0.109871,0.128709,35.25,27.55,624.2
1800001774,FOSTER BENJAMIN,Pulmonary,Respiratory Disease,Internal Medicine,No,LUNG HEALTH SPECIALISTS - JAMESTOWN,NC,27474,37081,Guilford County,7320,28500.4,2.836,13.4,85.64,0,10,56812,56812.0,191693.3,5681.2,5681.2,9,0,100.0,29.33,3.8935,25.33,42.76,17.55,ADEQUATE,0,0.128846,0.148677,85.0,91.75,732.0
1800001775,PARKER JAMES,Pulmonary,Respiratory Disease,Internal Medicine,Yes,PULMONARY & SLEEP CENTER - GREENSBORO,NC,27416,37081,Guilford County,4258,20392.8,2.544,7.0,43.82,1,10,56812,56812.0,191693.3,5681.2,5681.2,9,0,100.0,29.33,4.7893,25.33,42.76,17.55,ADEQUATE,0,0.074949,0.106382,69.4,36.02,425.8
1800001776,WILSON OLIVIA,Pulmonary,Respiratory Disease,Internal Medicine,Yes,RESPIRATORY CARE GROUP - JAMESTOWN,NC,27429,37081,Guilford County,6455,18078.5,1.0685,6.5,49.48,1,10,56812,56812.0,191693.3,5681.2,5681.2,9,0,100.0,29.33,2.8007,25.33,42.76,17.55,ADEQUATE,0,0.11362,0.09431,1.4,31.42,645.5
1800001777,GOMEZ EMILY,Pulmonary,Respiratory Disease,Sleep Medicine,No,PULMONARY & SLEEP CENTER - HIGH POINT,NC,27406,37081,Guilford County,6605,17254.1,1.9275,9.6,30.38,0,10,56812,56812.0,191693.3,5681.2,5681.2,9,0,100.0,29.33,2.6123,25.33,42.76,17.55,ADEQUATE,0,0.116261,0.090009,26.95,57.88,660.5
1800001778,REED DANIEL,Pulmonary,Respiratory Disease,Internal Medicine,Yes,PULMONARY & SLEEP CENTER - JAMESTOWN,NC,27487,37081,Guilford County,4464,13049.6,2.1147,12.8,88.07,1,10,56812,56812.0,191693.3,5681.2,5681.2,9,0,100.0,29.33,2.9233,25.33,42.76,17.55,ADEQUATE,0,0.078575,0.068075,39.75,87.05,446.4
1800001779,FOSTER BENJAMIN,Rheumatology,Arthritis,Internal Medicine,No,ARTHRITIS CARE CENTER - GREENSBORO,NC,27417,37081,Guilford County,5503,23497.5,1.5791,10.6,16.45,0,9,68747,68747.0,269923.3,7638.555555555556,7638.555555555556,11,2,81.82,72.0,4.2699,94.67,3.07,40.84,ADEQUATE,2,0.080047,0.087053,11.05,66.92,611.44
1800001780,PARKER JAMES,Rheumatology,Arthritis,Internal Medicine,No,RHEUMATOLOGY ASSOCIATES - HIGH POINT,NC,27410,37081,Guilford County,6143,20251.1,1.9486,11.0,59.41,0,9,68747,68747.0,269923.3,7638.555555555556,7638.555555555556,11,2,81.82,72.0,3.2966,94.67,3.07,40.84,ADEQUATE,2,0.089357,0.075025,28.1,70.08,682.56
1800001781,WILSON OLIVIA,Rheumatology,Arthritis,Internal Medicine,Yes,ARTHRITIS CARE CENTER - HIGH POINT,NC,27473,37081,Guilford County,5798,19778.1,1.9081,9.1,64.15,1,9,68747,68747.0,269923.3,7638.555555555556,7638.555555555556,11,2,81.82,72.0,3.4112,94.67,3.07,40.84,ADEQUATE,2,0.084338,0.073273,25.8,53.65,644.22
1800001782,GOMEZ EMILY,Rheumatology,Arthritis,Internal Medicine,Yes,RHEUMATOLOGY ASSOCIATES - JAMESTOWN,NC,27403,37081,Guilford County,8646,35819.9,1.9056,11.8,44.54,1,9,68747,68747.0,269923.3,7638.555555555556,7638.555555555556,11,2,81.82,72.0,4.1429,94.67,3.07,40.84,ADEQUATE,2,0.125765,0.132704,25.6,77.4,960.67
1800001783,REED DANIEL,Rheumatology,Arthritis,Pain Medicine,Yes,RHEUMATOLOGY ASSOCIATES - HIGH POINT,NC,27487,37081,Guilford County,8151,26220.3,2.0231,13.3,54.94,1,9,68747,68747.0,269923.3,7638.555555555556,7638.555555555556,11,2,81.82,72.0,3.2168,94.67,3.07,40.84,ADEQUATE,2,0.118565,0.09714,33.28,91.12,905.67
1800001784,YOUNG KARAN,Rheumatology,Arthritis,Pain Medicine,No,MUSCULOSKELETAL HEALTH GROUP - GREENSBORO,NC,27490,37081,Guilford County,6993,21717.3,1.8409,4.8,70.0,0,9,68747,68747.0,269923.3,7638.555555555556,7638.555555555556,11,2,81.82,72.0,3.1056,94.67,3.07,40.84,ADEQUATE,2,0.101721,0.080457,21.85,16.95,777.0
1800001785,JACKSON RAHUL,Rheumatology,Arthritis,Internal Medicine,Yes,MUSCULOSKELETAL HEALTH GROUP - HIGH POINT,NC,27468,37081,Guilford County,9024,35884.3,1.5336,6.7,72.35,1,9,68747,68747.0,269923.3,7638.555555555556,7638.555555555556,11,2,81.82,72.0,3.9765,94.67,3.07,40.84,ADEQUATE,2,0.131264,0.132943,9.55,33.12,1002.67
1800001786,ROBERTS SOPHIA,Rheumatology,Arthritis,Pain Medicine,Yes,MUSCULOSKELETAL HEALTH GROUP - GREENSBORO,NC,27428,37081,Guilford County,8263,37935.6,1.4556,12.5,87.84,1,9,68747,68747.0,269923.3,7638.555555555556,7638.555555555556,11,2,81.82,72.0,4.591,94.67,3.07,40.84,ADEQUATE,2,0.120194,0.140542,7.6,84.02,918.11
1800001787,ANDERSON FATIMA,Rheumatology,Arthritis,Geriatric Medicine,No,MUSCULOSKELETAL HEALTH GROUP - GREENSBORO,NC,27422,37081,Guilford County,10226,48819.2,2.215,14.3,60.23,0,9,68747,68747.0,269923.3,7638.555555555556,7638.555555555556,11,2,81.82,72.0,4.774,94.67,3.07,40.84,ADEQUATE,2,0.148748,0.180863,47.9,98.35,1136.22
1800001788,SANCHEZ ELENA,Cardiology,Heart Disease,Internal Medicine,Yes,ADVANCED CARDIOLOGY CENTER - PINEVILLE,NC,28218,37119,Mecklenburg County,3482,8557.6,1.5142,11.2,75.94,1,23,114469,114469.0,408958.8,4976.913043478261,4976.913043478261,18,0,100.0,10.67,2.4577,66.67,43.22,19.15,ADEQUATE,0,0.030419,0.020925,9.25,71.95,151.39
1800001789,BAKER LUCAS,Cardiology,Heart Disease,Geriatric Medicine,No,ADVANCED CARDIOLOGY CENTER - PINEVILLE,NC,28241,37119,Mecklenburg County,6301,27142.7,2.3118,7.5,69.34,0,23,114469,114469.0,408958.8,4976.913043478261,4976.913043478261,18,0,100.0,10.67,4.3077,66.67,43.22,19.15,ADEQUATE,0,0.055045,0.06637,54.35,40.48,273.96
1800001790,LEE SARAH,Cardiology,Heart Disease,Internal Medicine,Yes,CARDIAC WELLNESS GROUP - MATTHEWS,NC,28204,37119,Mecklenburg County,4977,19634.2,2.9882,12.7,67.41,1,23,114469,114469.0,408958.8,4976.913043478261,4976.913043478261,18,0,100.0,10.67,3.945,66.67,43.22,19.15,ADEQUATE,0,0.043479,0.04801,90.75,86.02,216.39
1800001791,THOMAS AARON,Cardiology,Heart Disease,Geriatric Medicine,No,CARDIAC WELLNESS GROUP - MATTHEWS,NC,28214,37119,Mecklenburg County,4145,16088.3,2.44,6.4,41.35,0,23,114469,114469.0,408958.8,4976.913043478261,4976.913043478261,18,0,100.0,10.67,3.8814,66.67,43.22,19.15,ADEQUATE,0,0.036211,0.03934,62.65,30.63,180.22
1800001792,CARTER GEORGE,Cardiology,Heart Disease,Geriatric Medicine,Yes,HEARTCARE SPECIALISTS - MATTHEWS,NC,28254,37119,Mecklenburg County,4242,14942.5,1.3767,7.7,65.36,1,23,114469,114469.0,408958.8,4976.913043478261,4976.913043478261,18,0,100.0,10.67,3.5225,66.67,43.22,19.15,ADEQUATE,0,0.037058,0.036538,5.7,42.3,184.43
1800001793,MILLER MICHAEL,Cardiology,Heart Disease,Internal Medicine,Yes,CARDIAC WELLNESS GROUP - PINEVILLE,NC,28218,37119,Mecklenburg County,3429,8808.7,2.6527,13.8,79.7,1,23,114469,114469.0,408958.8,4976.913043478261,4976.913043478261,18,0,100.0,10.67,2.5689,66.67,43.22,19.15,ADEQUATE,0,0.029956,0.021539,75.7,94.9,149.09
1800001794,TURNER VICTOR,Cardiology,Heart Disease,Cardiovascular Imaging,Yes,ADVANCED CARDIOLOGY CENTER - HUNTERSVILLE,NC,28221,37119,Mecklenburg County,6224,28902.0,2.5389,6.2,53.96,1,23,114469,114469.0,408958.8,4976.913043478261,4976.913043478261,18,0,100.0,10.67,4.6436,66.67,43.22,19.15,ADEQUATE,0,0.054373,0.070672,69.1,29.12,270.61
1800001795,DAVIS ANIKA,Cardiology,Heart Disease,Cardiovascular Imaging,No,CARDIAC WELLNESS GROUP - MATTHEWS,NC,28283,37119,Mecklenburg County,4269,16223.2,1.4713,7.0,83.02,0,23,114469,114469.0,408958.8,4976.913043478261,4976.913043478261,18,0,100.0,10.67,3.8002,66.67,43.22,19.15,ADEQUATE,0,0.037294,0.03967,7.85,36.02,185.61
1800001796,MOORE ISABEL,Cardiology,Heart Disease,Internal Medicine,Yes,ADVANCED CARDIOLOGY CENTER - CHARLOTTE,NC,28249,37119,Mecklenburg County,6061,25922.8,2.7777,12.2,40.74,1,23,114469,114469.0,408958.8,4976.913043478261,4976.913043478261,18,0,100.0,10.67,4.277,66.67,43.22,19.15,ADEQUATE,0,0.052949,0.063387,82.45,81.25,263.52
1800001797,WATSON NOAH,Cardiology,Heart Disease,Cardiovascular Imaging,No,ADVANCED CARDIOLOGY CENTER - MATTHEWS,NC,28240,37119,Mecklenburg County,5360,23664.9,2.2184,10.1,93.76,0,23,114469,114469.0,408958.8,4976.913043478261,4976.913043478261,18,0,100.0,10.67,4.4151,66.67,43.22,19.15,ADEQUATE,0,0.046825,0.057866,48.1,62.52,233.04
1800001798,EVANS ZOE,Cardiology,Heart Disease,Internal Medicine,Yes,CARDIAC WELLNESS GROUP - HUNTERSVILLE,NC,28242,37119,Mecklenburg County,5635,24680.5,2.6976,5.9,30.38,1,23,114469,114469.0,408958.8,4976.913043478261,4976.913043478261,18,0,100.0,10.67,4.3799,66.67,43.22,19.15,ADEQUATE,0,0.049227,0.06035,78.35,26.48,245.0
1800001799,NELSON CARLOS,Cardiology,Heart Disease,Internal Medicine,No,CARDIAC WELLNESS GROUP - MATTHEWS,NC,28281,37119,Mecklenburg County,5751,16386.4,2.1418,3.0,87.56,0,23,114469,114469.0,408958.8,4976.913043478261,4976.913043478261,18,0,100.0,10.67,2.8493,66.67,43.22,19.15,ADEQUATE,0,0.050241,0.040069,41.9,0.3,250.04
1800001800,WILLIAMS JULIA,Cardiology,Heart Disease,Cardiovascular Imaging,Yes,CARDIAC WELLNESS GROUP - PINEVILLE,NC,28233,37119,Mecklenburg County,6210,19521.7,1.6755,7.9,71.21,1,23,114469,114469.0,408958.8,4976.913043478261,4976.913043478261,18,0,100.0,10.67,3.1436,66.67,43.22,19.15,ADEQUATE,0,0.05425,0.047735,14.6,44.15,270.0
1800001801,GARCIA PRIYA,Cardiology,Heart Disease,Cardiovascular Imaging,Yes,ADVANCED CARDIOLOGY CENTER - PINEVILLE,NC,28268,37119,Mecklenburg County,5186,17663.2,2.5837,5.8,75.59,1,23,114469,114469.0,408958.8,4976.913043478261,4976.913043478261,18,0,100.0,10.67,3.4059,66.67,43.22,19.15,ADEQUATE,0,0.045305,0.043191,71.9,25.48,225.48
1800001802,PATEL DAVID,Cardiology,Heart Disease,Cardiovascular Imaging,No,CARDIAC WELLNESS GROUP - MATTHEWS,NC,28206,37119,Mecklenburg County,5884,16281.2,2.6851,12.1,80.71,0,23,114469,114469.0,408958.8,4976.913043478261,4976.913043478261,18,0,100.0,10.67,2.767,66.67,43.22,19.15,ADEQUATE,0,0.051403,0.039811,77.5,80.23,255.83
1800001803,WRIGHT ELENA,Cardiology,Heart Disease,Internal Medicine,Yes,CARDIAC WELLNESS GROUP - MATTHEWS,NC,28271,37119,Mecklenburg County,5809,18583.4,2.5877,4.3,42.48,1,23,114469,114469.0,408958.8,4976.913043478261,4976.913043478261,18,0,100.0,10.67,3.1991,66.67,43.22,19.15,ADEQUATE,0,0.050747,0.045441,72.1,12.12,252.57
1800001804,HARRIS LUCAS,Cardiology,Heart Disease,Internal Medicine,Yes,CARDIAC WELLNESS GROUP - MATTHEWS,NC,28216,37119,Mecklenburg County,3590,11765.0,1.6171,9.0,64.77,1,23,114469,114469.0,408958.8,4976.913043478261,4976.913043478261,18,0,100.0,10.67,3.2772,66.67,43.22,19.15,ADEQUATE,0,0.031362,0.028768,12.3,52.6,156.09
1800001805,RIVERA SARAH,Cardiology,Heart Disease,Geriatric Medicine,No,ADVANCED CARDIOLOGY CENTER - PINEVILLE,NC,28211,37119,Mecklenburg County,5724,15861.3,2.1584,12.6,61.25,0,23,114469,114469.0,408958.8,4976.913043478261,4976.913043478261,18,0,100.0,10.67,2.771,66.67,43.22,19.15,ADEQUATE,0,0.050005,0.038785,43.25,85.0,248.87
1800001806,ADAMS AARON,Cardiology,Heart Disease,Cardiovascular Imaging,No,CARDIAC WELLNESS GROUP - PINEVILLE,NC,28236,37119,Mecklenburg County,4202,18380.2,2.1725,6.7,73.15,0,23,114469,114469.0,408958.8,4976.913043478261,4976.913043478261,18,0,100.0,10.67,4.3742,66.67,43.22,19.15,ADEQUATE,0,0.036709,0.044944,44.45,33.12,182.7
1800001807,JOHNSON GEORGE,Cardiology,Heart Disease,Geriatric Medicine,No,CARDIAC WELLNESS GROUP - PINEVILLE,NC,28276,37119,Mecklenburg County,3316,8504.2,2.2068,9.0,81.01,0,23,114469,114469.0,408958.8,4976.913043478261,4976.913043478261,18,0,100.0,10.67,2.5646,66.67,43.22,19.15,ADEQUATE,0,0.028969,0.020795,47.1,52.6,144.17
1800001808,SANCHEZ MICHAEL,Cardiology,Heart Disease,Cardiovascular Imaging,No,HEARTCARE SPECIALISTS - PINEVILLE,NC,28297,37119,Mecklenburg County,3592,9452.9,2.6734,14.4,38.13,0,23,114469,114469.0,408958.8,4976.913043478261,4976.913043478261,18,0,100.0,10.67,2.6317,66.67,43.22,19.15,ADEQUATE,0,0.03138,0.023115,76.75,99.18,156.17
1800001809,BAKER VICTOR,Cardiology,Heart Disease,Internal Medicine,Yes,HEARTCARE SPECIALISTS - MATTHEWS,NC,28219,37119,Mecklenburg County,5754,16816.9,2.3861,7.4,77.22,1,23,114469,114469.0,408958.8,4976.913043478261,4976.913043478261,18,0,100.0,10.67,2.9226,66.67,43.22,19.15,ADEQUATE,0,0.050267,0.041121,58.95,39.88,250.17
1800001810,LEE ANIKA,Cardiology,Heart Disease,Geriatric Medicine,No,CARDIAC WELLNESS GROUP - MATTHEWS,NC,28267,37119,Mecklenburg County,5326,25175.0,2.1149,13.3,52.62,0,23,114469,114469.0,408958.8,4976.913043478261,4976.913043478261,18,0,100.0,10.67,4.7268,66.67,43.22,19.15,ADEQUATE,0,0.046528,0.061559,39.85,91.12,231.57
1800001811,ANDERSON NADIA,Endocrinology,Diabetes,Internal Medicine,Yes,DIABETES CARE CENTER - CHARLOTTE,NC,28204,37119,Mecklenburg County,4739,21887.6,2.7774,11.8,48.72,1,22,142473,142473.0,506022.2,6476.045454545455,6476.045454545455,23,1,95.65,53.33,4.6186,50.67,52.68,30.79,ADEQUATE,1,0.033262,0.043254,82.4,77.4,215.41
1800001812,KIM WILLIAM,Endocrinology,Diabetes,Internal Medicine,No,DIABETES CARE CENTER - PINEVILLE,NC,28256,37119,Mecklenburg County,7842,33371.9,2.5061,11.9,70.49,0,22,142473,142473.0,506022.2,6476.045454545455,6476.045454545455,23,1,95.65,53.33,4.2555,50.67,52.68,30.79,ADEQUATE,1,0.055042,0.065949,67.3,78.57,356.45
1800001813,TAYLOR BENJAMIN,Endocrinology,Diabetes,Internal Medicine,No,METABOLIC HEALTH ASSOCIATES - PINEVILLE,NC,28233,37119,Mecklenburg County,5002,18592.8,2.9784,8.5,53.0,0,22,142473,142473.0,506022.2,6476.045454545455,6476.045454545455,23,1,95.65,53.33,3.7171,50.67,52.68,30.79,ADEQUATE,1,0.035108,0.036743,90.5,49.0,227.36
1800001814,BROWN JAMES,Endocrinology,Diabetes,Internal Medicine,No,DIABETES CARE CENTER - PINEVILLE,NC,28206,37119,Mecklenburg County,8274,33822.6,1.7918,4.9,51.09,0,22,142473,142473.0,506022.2,6476.045454545455,6476.045454545455,23,1,95.65,53.33,4.0878,50.67,52.68,30.79,ADEQUATE,1,0.058074,0.06684,19.7,17.95,376.09
1800001815,MARTIN OLIVIA,Endocrinology,Diabetes,Internal Medicine,Yes,DIABETES CARE CENTER - PINEVILLE,NC,28206,37119,Mecklenburg County,6581,19317.8,2.4953,14.3,56.75,1,22,142473,142473.0,506022.2,6476.045454545455,6476.045454545455,23,1,95.65,53.33,2.9354,50.67,52.68,30.79,ADEQUATE,1,0.046191,0.038176,66.6,98.35,299.14
1800001816,THOMPSON EMILY,Endocrinology,Diabetes,Internal Medicine,Yes,METABOLIC HEALTH ASSOCIATES - MATTHEWS,NC,28210,37119,Mecklenburg County,7124,18127.1,2.6257,10.0,27.71,1,22,142473,142473.0,506022.2,6476.045454545455,6476.045454545455,23,1,95.65,53.33,2.5445,50.67,52.68,30.79,ADEQUATE,1,0.050002,0.035823,74.42,61.72,323.82
1800001817,CLARK DANIEL,Endocrinology,Diabetes,Family Medicine,Yes,ENDOCRINE SPECIALISTS GROUP - MATTHEWS,NC,28223,37119,Mecklenburg County,4906,16346.3,2.7336,3.6,68.0,1,22,142473,142473.0,506022.2,6476.045454545455,6476.045454545455,23,1,95.65,53.33,3.3319,50.67,52.68,30.79,ADEQUATE,1,0.034435,0.032304,80.65,5.78,223.0
1800001818,MITCHELL KARAN,Endocrinology,Diabetes,Internal Medicine,Yes,ENDOCRINE SPECIALISTS GROUP - HUNTERSVILLE,NC,28244,37119,Mecklenburg County,6567,30652.6,1.2683,9.2,66.99,1,22,142473,142473.0,506022.2,6476.045454545455,6476.045454545455,23,1,95.65,53.33,4.6677,50.67,52.68,30.79,ADEQUATE,1,0.046093,0.060576,3.85,54.45,298.5
1800001819,WALKER RAHUL,Endocrinology,Diabetes,Metabolic Medicine,Yes,ENDOCRINE SPECIALISTS GROUP - HUNTERSVILLE,NC,28270,37119,Mecklenburg County,7338,20666.0,2.2068,6.1,73.63,1,22,142473,142473.0,506022.2,6476.045454545455,6476.045454545455,23,1,95.65,53.33,2.8163,50.67,52.68,30.79,ADEQUATE,1,0.051504,0.04084,47.1,28.38,333.55
1800001820,EDWARDS SOPHIA,Endocrinology,Diabetes,Internal Medicine,Yes,METABOLIC HEALTH ASSOCIATES - MATTHEWS,NC,28286,37119,Mecklenburg County,5443,17993.6,2.3431,8.8,56.62,1,22,142473,142473.0,506022.2,6476.045454545455,6476.045454545455,23,1,95.65,53.33,3.3058,50.67,52.68,30.79,ADEQUATE,1,0.038204,0.035559,56.2,51.25,247.41
1800001821,MORGAN FATIMA,Endocrinology,Diabetes,Metabolic Medicine,No,METABOLIC HEALTH ASSOCIATES - MATTHEWS,NC,28288,37119,Mecklenburg County,8198,29454.4,2.783,4.1,76.48,0,22,142473,142473.0,506022.2,6476.045454545455,6476.045454545455,23,1,95.65,53.33,3.5929,50.67,52.68,30.79,ADEQUATE,1,0.057541,0.058208,82.7,10.22,372.64
1800001822,WHITE MAYA,Endocrinology,Diabetes,Internal Medicine,No,METABOLIC HEALTH ASSOCIATES - MATTHEWS,NC,28215,37119,Mecklenburg County,4037,11301.0,3.1508,7.2,69.83,0,22,142473,142473.0,506022.2,6476.045454545455,6476.045454545455,23,1,95.65,53.33,2.7994,50.67,52.68,30.79,ADEQUATE,1,0.028335,0.022333,94.65,38.15,183.5
1800001823,FOSTER THOMAS,Endocrinology,Diabetes,Metabolic Medicine,No,METABOLIC HEALTH ASSOCIATES - CHARLOTTE,NC,28251,37119,Mecklenburg County,4579,17898.4,3.0396,6.7,45.89,0,22,142473,142473.0,506022.2,6476.045454545455,6476.045454545455,23,1,95.65,53.33,3.9088,50.67,52.68,30.79,ADEQUATE,1,0.032139,0.035371,92.85,33.12,208.14
1800001824,PARKER AMELIA,Endocrinology,Diabetes,Metabolic Medicine,Yes,ENDOCRINE SPECIALISTS GROUP - HUNTERSVILLE,NC,28206,37119,Mecklenburg County,8141,31871.3,1.8581,12.1,57.52,1,22,142473,142473.0,506022.2,6476.045454545455,6476.045454545455,23,1,95.65,53.33,3.9149,50.67,52.68,30.79,ADEQUATE,1,0.057141,0.062984,22.8,80.23,370.05
1800001825,WILSON HANNAH,Endocrinology,Diabetes,Internal Medicine,Yes,DIABETES CARE CENTER - HUNTERSVILLE,NC,28231,37119,Mecklenburg County,5832,18856.0,1.595,8.2,47.54,1,22,142473,142473.0,506022.2,6476.045454545455,6476.045454545455,23,1,95.65,53.33,3.2332,50.67,52.68,30.79,ADEQUATE,1,0.040934,0.037263,11.5,46.48,265.09
1800001826,GOMEZ NADIA,Endocrinology,Diabetes,Family Medicine,Yes,METABOLIC HEALTH ASSOCIATES - CHARLOTTE,NC,28243,37119,Mecklenburg County,6625,23719.7,2.1312,3.9,50.14,1,22,142473,142473.0,506022.2,6476.045454545455,6476.045454545455,23,1,95.65,53.33,3.5803,50.67,52.68,30.79,ADEQUATE,1,0.0465,0.046875,41.15,8.4,301.14
1800001827,REED WILLIAM,Endocrinology,Diabetes,Family Medicine,Yes,ENDOCRINE SPECIALISTS GROUP - HUNTERSVILLE,NC,28202,37119,Mecklenburg County,6361,22034.3,2.0797,8.4,80.2,1,22,142473,142473.0,506022.2,6476.045454545455,6476.045454545455,23,1,95.65,53.33,3.464,50.67,52.68,30.79,ADEQUATE,1,0.044647,0.043544,37.45,48.12,289.14
1800001828,YOUNG BENJAMIN,Endocrinology,Diabetes,Internal Medicine,Yes,DIABETES CARE CENTER - CHARLOTTE,NC,28274,37119,Mecklenburg County,4968,22703.0,3.0716,11.7,47.14,1,22,142473,142473.0,506022.2,6476.045454545455,6476.045454545455,23,1,95.65,53.33,4.5698,50.67,52.68,30.79,ADEQUATE,1,0.03487,0.044866,93.3,76.32,225.82
1800001829,JACKSON JAMES,Endocrinology,Diabetes,Family Medicine,Yes,ENDOCRINE SPECIALISTS GROUP - PINEVILLE,NC,28253,37119,Mecklenburg County,6313,16005.7,2.3373,10.8,49.28,1,22,142473,142473.0,506022.2,6476.045454545455,6476.045454545455,23,1,95.65,53.33,2.5354,50.67,52.68,30.79,ADEQUATE,1,0.04431,0.03163,55.5,68.47,286.95
1800001830,ROBERTS OLIVIA,Endocrinology,Diabetes,Metabolic Medicine,Yes,ENDOCRINE SPECIALISTS GROUP - HUNTERSVILLE,NC,28203,37119,Mecklenburg County,8317,22662.6,2.1871,10.1,75.65,1,22,142473,142473.0,506022.2,6476.045454545455,6476.045454545455,23,1,95.65,53.33,2.7249,50.67,52.68,30.79,ADEQUATE,1,0.058376,0.044786,45.45,62.52,378.05
1800001831,ANDERSON EMILY,Endocrinology,Diabetes,Internal Medicine,Yes,DIABETES CARE CENTER - PINEVILLE,NC,28230,37119,Mecklenburg County,7275,25827.0,1.7881,10.4,71.03,1,22,142473,142473.0,506022.2,6476.045454545455,6476.045454545455,23,1,95.65,53.33,3.5501,50.67,52.68,30.79,ADEQUATE,1,0.051062,0.051039,19.5,64.95,330.68
1800001832,KIM DANIEL,Endocrinology,Diabetes,Metabolic Medicine,No,METABOLIC HEALTH ASSOCIATES - HUNTERSVILLE,NC,28210,37119,Mecklenburg County,8011,32910.5,2.248,9.9,60.77,0,22,142473,142473.0,506022.2,6476.045454545455,6476.045454545455,23,1,95.65,53.33,4.1082,50.67,52.68,30.79,ADEQUATE,1,0.056228,0.065038,50.05,60.78,364.14
1800001833,BROWN RAHUL,Psychiatry,Mental Health Disorders,Behavioral Health,Yes,BEHAVIORAL HEALTH PARTNERS - HUNTERSVILLE,NC,28219,37119,Mecklenburg County,7568,34423.6,2.3627,8.5,62.81,1,19,174763,174763.0,597167.5,9198.052631578948,9198.052631578948,28,9,67.86,89.33,4.5486,86.67,39.13,55.67,LOW GAP,9,0.043304,0.057645,57.55,49.0,398.32
1800001834,MARTIN SOPHIA,Psychiatry,Mental Health Disorders,Addiction Medicine,Yes,BEHAVIORAL HEALTH PARTNERS - PINEVILLE,NC,28284,37119,Mecklenburg County,8320,38558.5,1.9683,6.3,51.01,1,19,174763,174763.0,597167.5,9198.052631578948,9198.052631578948,28,9,67.86,89.33,4.6344,86.67,39.13,55.67,LOW GAP,9,0.047607,0.064569,29.7,29.9,437.89
1800001835,THOMPSON FATIMA,Psychiatry,Mental Health Disorders,Behavioral Health,No,PSYCHIATRY CARE ASSOCIATES - PINEVILLE,NC,28203,37119,Mecklenburg County,10444,44267.3,2.2493,7.9,74.7,0,19,174763,174763.0,597167.5,9198.052631578948,9198.052631578948,28,9,67.86,89.33,4.2385,86.67,39.13,55.67,LOW GAP,9,0.059761,0.074129,50.15,44.15,549.68
1800001836,CLARK MAYA,Psychiatry,Mental Health Disorders,Child & Adolescent Psychiatry,Yes,BEHAVIORAL HEALTH PARTNERS - HUNTERSVILLE,NC,28260,37119,Mecklenburg County,7169,17379.2,1.7569,13.9,32.44,1,19,174763,174763.0,597167.5,9198.052631578948,9198.052631578948,28,9,67.86,89.33,2.4242,86.67,39.13,55.67,LOW GAP,9,0.041021,0.029103,18.05,95.48,377.32
1800001837,MITCHELL THOMAS,Psychiatry,Mental Health Disorders,Addiction Medicine,Yes,BEHAVIORAL HEALTH PARTNERS - PINEVILLE,NC,28290,37119,Mecklenburg County,8467,35848.1,1.6929,5.5,8.0,1,19,174763,174763.0,597167.5,9198.052631578948,9198.052631578948,28,9,67.86,89.33,4.2339,86.67,39.13,55.67,LOW GAP,9,0.048448,0.06003,15.2,23.2,445.63
1800001838,WALKER AMELIA,Psychiatry,Mental Health Disorders,Addiction Medicine,No,BEHAVIORAL HEALTH PARTNERS - PINEVILLE,NC,28266,37119,Mecklenburg County,10555,27874.2,1.7555,6.8,89.98,0,19,174763,174763.0,597167.5,9198.052631578948,9198.052631578948,28,9,67.86,89.33,2.6409,86.67,39.13,55.67,LOW GAP,9,0.060396,0.046677,17.95,34.12,555.53
1800001839,EDWARDS HANNAH,Psychiatry,Mental Health Disorders,Child & Adolescent Psychiatry,No,PSYCHIATRY CARE ASSOCIATES - CHARLOTTE,NC,28222,37119,Mecklenburg County,6645,20048.4,3.5752,13.7,57.22,0,19,174763,174763.0,597167.5,9198.052631578948,9198.052631578948,28,9,67.86,89.33,3.0171,86.67,39.13,55.67,LOW GAP,9,0.038023,0.033572,99.2,94.25,349.74
1800001840,MORGAN NADIA,Psychiatry,Mental Health Disorders,Behavioral Health,Yes,PSYCHIATRY CARE ASSOCIATES - PINEVILLE,NC,28252,37119,Mecklenburg County,11311,45864.8,1.6031,10.1,42.59,1,19,174763,174763.0,597167.5,9198.052631578948,9198.052631578948,28,9,67.86,89.33,4.0549,86.67,39.13,55.67,LOW GAP,9,0.064722,0.076804,11.65,62.52,595.32
1800001841,WHITE WILLIAM,Psychiatry,Mental Health Disorders,Addiction Medicine,No,COMMUNITY MENTAL HEALTH CENTER - PINEVILLE,NC,28209,37119,Mecklenburg County,6110,17777.4,2.8313,10.3,45.68,0,19,174763,174763.0,597167.5,9198.052631578948,9198.052631578948,28,9,67.86,89.33,2.9096,86.67,39.13,55.67,LOW GAP,9,0.034962,0.02977,84.75,64.08,321.58
1800001842,FOSTER BENJAMIN,Psychiatry,Mental Health Disorders,Child & Adolescent Psychiatry,Yes,COMMUNITY MENTAL HEALTH CENTER - HUNTERSVILLE,NC,28298,37119,Mecklenburg County,10525,27869.8,2.1751,11.7,76.93,1,19,174763,174763.0,597167.5,9198.052631578948,9198.052631578948,28,9,67.86,89.33,2.648,86.67,39.13,55.67,LOW GAP,9,0.060224,0.04667,44.6,76.32,553.95
1800001843,PARKER JAMES,Psychiatry,Mental Health Disorders,Behavioral Health,No,BEHAVIORAL HEALTH PARTNERS - PINEVILLE,NC,28294,37119,Mecklenburg County,9160,23175.6,2.5827,5.6,54.54,0,19,174763,174763.0,597167.5,9198.052631578948,9198.052631578948,28,9,67.86,89.33,2.5301,86.67,39.13,55.67,LOW GAP,9,0.052414,0.038809,71.8,23.92,482.11
1800001844,WILSON OLIVIA,Psychiatry,Mental Health Disorders,Behavioral Health,No,PSYCHIATRY CARE ASSOCIATES - PINEVILLE,NC,28226,37119,Mecklenburg County,8925,31463.1,2.2591,7.1,68.88,0,19,174763,174763.0,597167.5,9198.052631578948,9198.052631578948,28,9,67.86,89.33,3.5253,86.67,39.13,55.67,LOW GAP,9,0.051069,0.052687,50.75,37.05,469.74
1800001845,GOMEZ EMILY,Psychiatry,Mental Health Disorders,Addiction Medicine,Yes,PSYCHIATRY CARE ASSOCIATES - MATTHEWS,NC,28231,37119,Mecklenburg County,9700,35784.4,2.192,5.8,58.96,1,19,174763,174763.0,597167.5,9198.052631578948,9198.052631578948,28,9,67.86,89.33,3.6891,86.67,39.13,55.67,LOW GAP,9,0.055504,0.059924,46.0,25.48,510.53
1800001846,REED DANIEL,Psychiatry,Mental Health Disorders,Behavioral Health,Yes,PSYCHIATRY CARE ASSOCIATES - PINEVILLE,NC,28253,37119,Mecklenburg County,10429,26523.9,2.0143,13.4,70.11,1,19,174763,174763.0,597167.5,9198.052631578948,9198.052631578948,28,9,67.86,89.33,2.5433,86.67,39.13,55.67,LOW GAP,9,0.059675,0.044416,32.6,91.75,548.89
1800001847,YOUNG KARAN,Psychiatry,Mental Health Disorders,Behavioral Health,No,COMMUNITY MENTAL HEALTH CENTER - HUNTERSVILLE,NC,28265,37119,Mecklenburg County,11320,34941.7,2.2067,13.6,69.02,0,19,174763,174763.0,597167.5,9198.052631578948,9198.052631578948,28,9,67.86,89.33,3.0867,86.67,39.13,55.67,LOW GAP,9,0.064773,0.058512,47.0,93.52,595.79
1800001848,JACKSON RAHUL,Psychiatry,Mental Health Disorders,Addiction Medicine,Yes,COMMUNITY MENTAL HEALTH CENTER - CHARLOTTE,NC,28259,37119,Mecklenburg County,7669,27689.2,2.1488,9.7,51.18,1,19,174763,174763.0,597167.5,9198.052631578948,9198.052631578948,28,9,67.86,89.33,3.6105,86.67,39.13,55.67,LOW GAP,9,0.043882,0.046368,42.5,58.92,403.63
1800001849,ROBERTS SOPHIA,Psychiatry,Mental Health Disorders,Child & Adolescent Psychiatry,Yes,PSYCHIATRY CARE ASSOCIATES - CHARLOTTE,NC,28280,37119,Mecklenburg County,11505,29661.9,2.0434,9.3,30.01,1,19,174763,174763.0,597167.5,9198.052631578948,9198.052631578948,28,9,67.86,89.33,2.5782,86.67,39.13,55.67,LOW GAP,9,0.065832,0.049671,34.7,55.35,605.53
1800001850,ANDERSON FATIMA,Psychiatry,Mental Health Disorders,Addiction Medicine,Yes,COMMUNITY MENTAL HEALTH CENTER - CHARLOTTE,NC,28289,37119,Mecklenburg County,11497,47069.1,2.7663,8.3,39.33,1,19,174763,174763.0,597167.5,9198.052631578948,9198.052631578948,28,9,67.86,89.33,4.094,86.67,39.13,55.67,LOW GAP,9,0.065786,0.078821,81.9,47.32,605.11
1800001851,KIM MAYA,Psychiatry,Mental Health Disorders,Behavioral Health,Yes,BEHAVIORAL HEALTH PARTNERS - CHARLOTTE,NC,28241,37119,Mecklenburg County,7444,30947.3,1.9194,13.7,49.96,1,19,174763,174763.0,597167.5,9198.052631578948,9198.052631578948,28,9,67.86,89.33,4.1573,86.67,39.13,55.67,LOW GAP,9,0.042595,0.051823,26.6,94.25,391.79
1800001852,HARRIS CARLOS,Pulmonary,Respiratory Disease,Sleep Medicine,Yes,LUNG HEALTH SPECIALISTS - PINEVILLE,NC,28249,37119,Mecklenburg County,4141,17648.8,2.4002,6.7,53.28,1,22,133664,133664.0,467785.1,6075.636363636364,6075.636363636364,21,0,100.0,44.0,4.262,70.67,27.39,25.71,ADEQUATE,0,0.030981,0.037728,59.9,33.12,188.23
1800001853,RIVERA JULIA,Pulmonary,Respiratory Disease,Sleep Medicine,Yes,RESPIRATORY CARE GROUP - HUNTERSVILLE,NC,28274,37119,Mecklenburg County,4512,15655.3,2.745,9.8,80.27,1,22,133664,133664.0,467785.1,6075.636363636364,6075.636363636364,21,0,100.0,44.0,3.4697,70.67,27.39,25.71,ADEQUATE,0,0.033756,0.033467,81.1,59.9,205.09
1800001854,ADAMS PRIYA,Pulmonary,Respiratory Disease,Internal Medicine,No,RESPIRATORY CARE GROUP - PINEVILLE,NC,28278,37119,Mecklenburg County,4832,20985.5,2.0097,9.7,47.55,0,22,133664,133664.0,467785.1,6075.636363636364,6075.636363636364,21,0,100.0,44.0,4.343,70.67,27.39,25.71,ADEQUATE,0,0.03615,0.044861,32.25,58.92,219.64
1800001855,JOHNSON DAVID,Pulmonary,Respiratory Disease,Internal Medicine,Yes,RESPIRATORY CARE GROUP - MATTHEWS,NC,28299,37119,Mecklenburg County,6978,30922.8,2.3304,13.5,46.55,1,22,133664,133664.0,467785.1,6075.636363636364,6075.636363636364,21,0,100.0,44.0,4.4315,70.67,27.39,25.71,ADEQUATE,0,0.052206,0.066105,55.2,92.65,317.18
1800001856,SANCHEZ ELENA,Pulmonary,Respiratory Disease,Sleep Medicine,Yes,PULMONARY & SLEEP CENTER - CHARLOTTE,NC,28231,37119,Mecklenburg County,6599,23393.1,1.4947,5.6,71.05,1,22,133664,133664.0,467785.1,6075.636363636364,6075.636363636364,21,0,100.0,44.0,3.5449,70.67,27.39,25.71,ADEQUATE,0,0.04937,0.050008,8.45,23.92,299.95
1800001857,BAKER LUCAS,Pulmonary,Respiratory Disease,Critical Care Medicine,No,LUNG HEALTH SPECIALISTS - PINEVILLE,NC,28280,37119,Mecklenburg County,4545,18991.6,2.7614,14.1,51.63,0,22,133664,133664.0,467785.1,6075.636363636364,6075.636363636364,21,0,100.0,44.0,4.1786,70.67,27.39,25.71,ADEQUATE,0,0.034003,0.040599,81.6,97.02,206.59
1800001858,LEE SARAH,Pulmonary,Respiratory Disease,Internal Medicine,Yes,PULMONARY & SLEEP CENTER - PINEVILLE,NC,28293,37119,Mecklenburg County,6571,16915.7,1.3512,14.4,44.85,1,22,133664,133664.0,467785.1,6075.636363636364,6075.636363636364,21,0,100.0,44.0,2.5743,70.67,27.39,25.71,ADEQUATE,0,0.049161,0.036161,5.15,99.18,298.68
1800001859,THOMAS AARON,Pulmonary,Respiratory Disease,Sleep Medicine,No,RESPIRATORY CARE GROUP - HUNTERSVILLE,NC,28233,37119,Mecklenburg County,5403,24152.1,1.6509,9.1,63.31,0,22,133664,133664.0,467785.1,6075.636363636364,6075.636363636364,21,0,100.0,44.0,4.4701,70.67,27.39,25.71,ADEQUATE,0,0.040422,0.051631,13.55,53.65,245.59
1800001860,CARTER GEORGE,Pulmonary,Respiratory Disease,Internal Medicine,No,PULMONARY & SLEEP CENTER - PINEVILLE,NC,28261,37119,Mecklenburg County,4163,13075.7,1.234,12.6,44.13,0,22,133664,133664.0,467785.1,6075.636363636364,6075.636363636364,21,0,100.0,44.0,3.1409,70.67,27.39,25.71,ADEQUATE,0,0.031145,0.027952,3.4,85.0,189.23
1800001861,MILLER MICHAEL,Pulmonary,Respiratory Disease,Critical Care Medicine,Yes,LUNG HEALTH SPECIALISTS - PINEVILLE,NC,28276,37119,Mecklenburg County,7322,25549.0,1.0955,5.0,76.01,1,22,133664,133664.0,467785.1,6075.636363636364,6075.636363636364,21,0,100.0,44.0,3.4893,70.67,27.39,25.71,ADEQUATE,0,0.054779,0.054617,1.7,18.8,332.82
1800001862,TURNER VICTOR,Pulmonary,Respiratory Disease,Internal Medicine,No,RESPIRATORY CARE GROUP - CHARLOTTE,NC,28223,37119,Mecklenburg County,6642,23318.5,1.3235,12.2,52.7,0,22,133664,133664.0,467785.1,6075.636363636364,6075.636363636364,21,0,100.0,44.0,3.5108,70.67,27.39,25.71,ADEQUATE,0,0.049692,0.049849,4.65,81.25,301.91
1800001863,DAVIS ANIKA,Pulmonary,Respiratory Disease,Internal Medicine,Yes,LUNG HEALTH SPECIALISTS - MATTHEWS,NC,28241,37119,Mecklenburg County,7204,33168.5,3.0133,11.7,63.33,1,22,133664,133664.0,467785.1,6075.636363636364,6075.636363636364,21,0,100.0,44.0,4.6042,70.67,27.39,25.71,ADEQUATE,0,0.053896,0.070905,91.7,76.32,327.45
1800001864,MOORE ISABEL,Pulmonary,Respiratory Disease,Internal Medicine,No,LUNG HEALTH SPECIALISTS - HUNTERSVILLE,NC,28278,37119,Mecklenburg County,7106,19499.3,1.9101,6.0,68.52,0,22,133664,133664.0,467785.1,6075.636363636364,6075.636363636364,21,0,100.0,44.0,2.7441,70.67,27.39,25.71,ADEQUATE,0,0.053163,0.041684,26.08,27.55,323.0
1800001865,WATSON NOAH,Pulmonary,Respiratory Disease,Internal Medicine,Yes,LUNG HEALTH SPECIALISTS - MATTHEWS,NC,28257,37119,Mecklenburg County,6673,20181.4,2.3077,9.3,36.57,1,22,133664,133664.0,467785.1,6075.636363636364,6075.636363636364,21,0,100.0,44.0,3.0243,70.67,27.39,25.71,ADEQUATE,0,0.049924,0.043142,53.9,55.35,303.32
1800001866,EVANS ZOE,Pulmonary,Respiratory Disease,Critical Care Medicine,No,PULMONARY & SLEEP CENTER - HUNTERSVILLE,NC,28279,37119,Mecklenburg County,7443,31502.0,1.5975,14.1,54.87,0,22,133664,133664.0,467785.1,6075.636363636364,6075.636363636364,21,0,100.0,44.0,4.2324,70.67,27.39,25.71,ADEQUATE,0,0.055684,0.067343,11.55,97.02,338.32
1800001867,NELSON CARLOS,Pulmonary,Respiratory Disease,Critical Care Medicine,Yes,RESPIRATORY CARE GROUP - PINEVILLE,NC,28227,37119,Mecklenburg County,7194,20625.6,1.5715,3.8,30.67,1,22,133664,133664.0,467785.1,6075.636363636364,6075.636363636364,21,0,100.0,44.0,2.8671,70.67,27.39,25.71,ADEQUATE,0,0.053822,0.044092,10.62,7.45,327.0
1800001868,WILLIAMS JULIA,Pulmonary,Respiratory Disease,Sleep Medicine,Yes,LUNG HEALTH SPECIALISTS - MATTHEWS,NC,28277,37119,Mecklenburg County,5371,14513.6,3.1192,6.2,64.24,1,22,133664,133664.0,467785.1,6075.636363636364,6075.636363636364,21,0,100.0,44.0,2.7022,70.67,27.39,25.71,ADEQUATE,0,0.040183,0.031026,94.1,29.12,244.14
1800001869,GARCIA PRIYA,Pulmonary,Respiratory Disease,Internal Medicine,No,PULMONARY & SLEEP CENTER - CHARLOTTE,NC,28293,37119,Mecklenburg County,7353,26632.9,2.5985,7.3,78.87,0,22,133664,133664.0,467785.1,6075.636363636364,6075.636363636364,21,0,100.0,44.0,3.622,70.67,27.39,25.71,ADEQUATE,0,0.055011,0.056934,72.8,39.15,334.23
1800001870,PATEL DAVID,Pulmonary,Respiratory Disease,Critical Care Medicine,Yes,RESPIRATORY CARE GROUP - HUNTERSVILLE,NC,28266,37119,Mecklenburg County,5465,19153.1,2.3021,7.9,67.83,1,22,133664,133664.0,467785.1,6075.636363636364,6075.636363636364,21,0,100.0,44.0,3.5047,70.67,27.39,25.71,ADEQUATE,0,0.040886,0.040944,53.62,44.15,248.41
1800001871,WRIGHT ELENA,Pulmonary,Respiratory Disease,Sleep Medicine,No,RESPIRATORY CARE GROUP - MATTHEWS,NC,28249,37119,Mecklenburg County,4694,12204.2,2.6659,4.3,69.34,0,22,133664,133664.0,467785.1,6075.636363636364,6075.636363636364,21,0,100.0,44.0,2.6,70.67,27.39,25.71,ADEQUATE,0,0.035118,0.026089,76.38,12.12,213.36
1800001872,HARRIS LUCAS,Pulmonary,Respiratory Disease,Internal Medicine,Yes,LUNG HEALTH SPECIALISTS - HUNTERSVILLE,NC,28235,37119,Mecklenburg County,7544,21917.1,2.1518,9.9,67.04,1,22,133664,133664.0,467785.1,6075.636363636364,6075.636363636364,21,0,100.0,44.0,2.9052,70.67,27.39,25.71,ADEQUATE,0,0.05644,0.046853,42.7,60.78,342.91
1800001873,RIVERA SARAH,Pulmonary,Respiratory Disease,Sleep Medicine,No,RESPIRATORY CARE GROUP - MATTHEWS,NC,28214,37119,Mecklenburg County,5909,17779.3,2.3039,5.3,56.08,0,22,133664,133664.0,467785.1,6075.636363636364,6075.636363636364,21,0,100.0,44.0,3.0089,70.67,27.39,25.71,ADEQUATE,0,0.044208,0.038007,53.7,21.45,268.59
1800001874,JOHNSON GEORGE,Rheumatology,Arthritis,Pain Medicine,No,RHEUMATOLOGY ASSOCIATES - PINEVILLE,NC,28234,37119,Mecklenburg County,6893,19238.3,1.3748,10.2,66.05,0,21,156754,156754.0,562521.9,7464.476190476191,7464.476190476191,25,4,84.0,70.67,2.791,41.33,35.55,36.4,ADEQUATE,4,0.043973,0.0342,5.55,63.25,328.24
1800001875,SANCHEZ MICHAEL,Rheumatology,Arthritis,Pain Medicine,Yes,ARTHRITIS CARE CENTER - PINEVILLE,NC,28245,37119,Mecklenburg County,9458,30137.4,1.543,3.5,41.16,1,21,156754,156754.0,562521.9,7464.476190476191,7464.476190476191,25,4,84.0,70.67,3.1864,41.33,35.55,36.4,ADEQUATE,4,0.060337,0.053576,9.8,4.85,450.38
1800001876,BAKER VICTOR,Rheumatology,Arthritis,Pain Medicine,Yes,RHEUMATOLOGY ASSOCIATES - MATTHEWS,NC,28219,37119,Mecklenburg County,5837,26824.0,1.8075,12.5,81.9,1,21,156754,156754.0,562521.9,7464.476190476191,7464.476190476191,25,4,84.0,70.67,4.5955,41.33,35.55,36.4,ADEQUATE,4,0.037237,0.047685,20.25,84.02,277.95
1800001877,LEE ANIKA,Rheumatology,Arthritis,Geriatric Medicine,No,ARTHRITIS CARE CENTER - PINEVILLE,NC,28268,37119,Mecklenburg County,6775,29667.6,2.1526,9.7,62.87,0,21,156754,156754.0,562521.9,7464.476190476191,7464.476190476191,25,4,84.0,70.67,4.379,41.33,35.55,36.4,ADEQUATE,4,0.043221,0.05274,42.8,58.92,322.62
1800001878,THOMAS ISABEL,Rheumatology,Arthritis,Internal Medicine,Yes,RHEUMATOLOGY ASSOCIATES - PINEVILLE,NC,28278,37119,Mecklenburg County,5604,16267.2,1.9255,5.8,87.26,1,21,156754,156754.0,562521.9,7464.476190476191,7464.476190476191,25,4,84.0,70.67,2.9028,41.33,35.55,36.4,ADEQUATE,4,0.03575,0.028918,26.88,25.48,266.86
1800001879,CARTER NOAH,Rheumatology,Arthritis,Geriatric Medicine,No,ARTHRITIS CARE CENTER - PINEVILLE,NC,28214,37119,Mecklenburg County,7871,34015.1,2.6767,12.9,44.87,0,21,156754,156754.0,562521.9,7464.476190476191,7464.476190476191,25,4,84.0,70.67,4.3216,41.33,35.55,36.4,ADEQUATE,4,0.050212,0.060469,77.15,87.95,374.81
1800001880,MILLER ZOE,Rheumatology,Arthritis,Geriatric Medicine,Yes,RHEUMATOLOGY ASSOCIATES - MATTHEWS,NC,28277,37119,Mecklenburg County,8885,39820.6,2.1562,7.6,33.14,1,21,156754,156754.0,562521.9,7464.476190476191,7464.476190476191,25,4,84.0,70.67,4.4818,41.33,35.55,36.4,ADEQUATE,4,0.056681,0.070789,42.95,41.35,423.1
1800001881,TURNER CARLOS,Rheumatology,Arthritis,Internal Medicine,No,MUSCULOSKELETAL HEALTH GROUP - CHARLOTTE,NC,28229,37119,Mecklenburg County,7217,20391.0,2.4579,3.5,63.84,0,21,156754,156754.0,562521.9,7464.476190476191,7464.476190476191,25,4,84.0,70.67,2.8254,41.33,35.55,36.4,ADEQUATE,4,0.04604,0.036249,63.65,4.85,343.67
1800001882,DAVIS JULIA,Rheumatology,Arthritis,Geriatric Medicine,Yes,MUSCULOSKELETAL HEALTH GROUP - MATTHEWS,NC,28203,37119,Mecklenburg County,5922,18228.6,2.5444,9.7,62.62,1,21,156754,156754.0,562521.9,7464.476190476191,7464.476190476191,25,4,84.0,70.67,3.0781,41.33,35.55,36.4,ADEQUATE,4,0.037779,0.032405,69.53,58.92,282.0
1800001883,MOORE PRIYA,Rheumatology,Arthritis,Pain Medicine,Yes,ARTHRITIS CARE CENTER - PINEVILLE,NC,28234,37119,Mecklenburg County,5876,20140.9,2.513,8.8,48.06,1,21,156754,156754.0,562521.9,7464.476190476191,7464.476190476191,25,4,84.0,70.67,3.4277,41.33,35.55,36.4,ADEQUATE,4,0.037485,0.035805,67.8,51.25,279.81
1800001884,WATSON DAVID,Rheumatology,Arthritis,Pain Medicine,Yes,RHEUMATOLOGY ASSOCIATES - MATTHEWS,NC,28247,37119,Mecklenburg County,9439,26663.6,2.9345,7.1,50.19,1,21,156754,156754.0,562521.9,7464.476190476191,7464.476190476191,25,4,84.0,70.67,2.8248,41.33,35.55,36.4,ADEQUATE,4,0.060215,0.0474,88.98,37.05,449.48
1800001885,EVANS ELENA,Rheumatology,Arthritis,Internal Medicine,Yes,MUSCULOSKELETAL HEALTH GROUP - CHARLOTTE,NC,28252,37119,Mecklenburg County,8444,29968.3,3.0878,12.3,33.69,1,21,156754,156754.0,562521.9,7464.476190476191,7464.476190476191,25,4,84.0,70.67,3.5491,41.33,35.55,36.4,ADEQUATE,4,0.053868,0.053275,93.8,82.12,402.1
1800001886,NELSON LUCAS,Rheumatology,Arthritis,Internal Medicine,Yes,RHEUMATOLOGY ASSOCIATES - PINEVILLE,NC,28235,37119,Mecklenburg County,8081,30078.0,1.093,5.6,49.65,1,21,156754,156754.0,562521.9,7464.476190476191,7464.476190476191,25,4,84.0,70.67,3.7221,41.33,35.55,36.4,ADEQUATE,4,0.051552,0.05347,1.6,23.92,384.81
1800001887,WILLIAMS SARAH,Rheumatology,Arthritis,Pain Medicine,No,MUSCULOSKELETAL HEALTH GROUP - MATTHEWS,NC,28265,37119,Mecklenburg County,8741,24560.4,1.3014,12.8,98.0,0,21,156754,156754.0,562521.9,7464.476190476191,7464.476190476191,25,4,84.0,70.67,2.8098,41.33,35.55,36.4,ADEQUATE,4,0.055763,0.043661,4.2,87.05,416.24
1800001888,GARCIA AARON,Rheumatology,Arthritis,Geriatric Medicine,Yes,MUSCULOSKELETAL HEALTH GROUP - PINEVILLE,NC,28236,37119,Mecklenburg County,8338,27162.3,2.0373,9.5,94.16,1,21,156754,156754.0,562521.9,7464.476190476191,7464.476190476191,25,4,84.0,70.67,3.2577,41.33,35.55,36.4,ADEQUATE,4,0.053192,0.048287,34.35,57.0,397.05
1800001889,PATEL GEORGE,Rheumatology,Arthritis,Internal Medicine,Yes,RHEUMATOLOGY ASSOCIATES - HUNTERSVILLE,NC,28287,37119,Mecklenburg County,9062,31171.6,2.13,4.9,56.08,1,21,156754,156754.0,562521.9,7464.476190476191,7464.476190476191,25,4,84.0,70.67,3.4398,41.33,35.55,36.4,ADEQUATE,4,0.05781,0.055414,41.0,17.95,431.52
1800001890,WRIGHT MICHAEL,Rheumatology,Arthritis,Geriatric Medicine,Yes,MUSCULOSKELETAL HEALTH GROUP - PINEVILLE,NC,28213,37119,Mecklenburg County,4785,17090.3,2.0957,6.6,72.95,1,21,156754,156754.0,562521.9,7464.476190476191,7464.476190476191,25,4,84.0,70.67,3.5716,41.33,35.55,36.4,ADEQUATE,4,0.030526,0.030382,38.75,32.25,227.86
1800001891,HARRIS VICTOR,Rheumatology,Arthritis,Pain Medicine,Yes,MUSCULOSKELETAL HEALTH GROUP - CHARLOTTE,NC,28281,37119,Mecklenburg County,5293,16201.8,1.921,11.8,75.35,1,21,156754,156754.0,562521.9,7464.476190476191,7464.476190476191,25,4,84.0,70.67,3.061,41.33,35.55,36.4,ADEQUATE,4,0.033766,0.028802,26.65,77.4,252.05
1800001892,RIVERA ANIKA,Rheumatology,Arthritis,Pain Medicine,Yes,RHEUMATOLOGY ASSOCIATES - MATTHEWS,NC,28222,37119,Mecklenburg County,7968,38240.6,2.2982,8.2,91.81,1,21,156754,156754.0,562521.9,7464.476190476191,7464.476190476191,25,4,84.0,70.67,4.7993,41.33,35.55,36.4,ADEQUATE,4,0.050831,0.067981,53.15,46.48,379.43
1800001893,ADAMS ISABEL,Rheumatology,Arthritis,Pain Medicine,Yes,ARTHRITIS CARE CENTER - HUNTERSVILLE,NC,28242,37119,Mecklenburg County,6854,28135.1,2.4611,12.7,54.77,1,21,156754,156754.0,562521.9,7464.476190476191,7464.476190476191,25,4,84.0,70.67,4.1049,41.33,35.55,36.4,ADEQUATE,4,0.043725,0.050016,63.9,86.02,326.38
1800001894,JOHNSON NOAH,Rheumatology,Arthritis,Internal Medicine,Yes,ARTHRITIS CARE CENTER - HUNTERSVILLE,NC,28252,37119,Mecklenburg County,9411,38519.2,3.2041,5.2,72.88,1,21,156754,156754.0,562521.9,7464.476190476191,7464.476190476191,25,4,84.0,70.67,4.093,41.33,35.55,36.4,ADEQUATE,4,0.060037,0.068476,95.8,20.38,448.14
1800001895,CLARK DANIEL,Cardiology,Heart Disease,Geriatric Medicine,No,CARDIAC WELLNESS GROUP - CARY,NC,27653,37183,Wake County,6161,18505.7,2.4683,3.8,29.44,0,23,113944,113944.0,414369.5,4954.086956521739,4954.086956521739,18,0,100.0,9.33,3.0037,33.33,29.35,11.73,ADEQUATE,0,0.05407,0.04466,64.6,7.45,267.87
1800001896,MITCHELL KARAN,Cardiology,Heart Disease,Cardiovascular Imaging,No,HEARTCARE SPECIALISTS - APEX,NC,27614,37183,Wake County,4440,20959.4,2.567,12.3,53.75,0,23,113944,113944.0,414369.5,4954.086956521739,4954.086956521739,18,0,100.0,9.33,4.7206,33.33,29.35,11.73,ADEQUATE,0,0.038967,0.050581,70.95,82.12,193.04
1800001897,WALKER RAHUL,Cardiology,Heart Disease,Internal Medicine,Yes,HEARTCARE SPECIALISTS - APEX,NC,27624,37183,Wake County,5155,16988.8,2.2342,8.4,43.86,1,23,113944,113944.0,414369.5,4954.086956521739,4954.086956521739,18,0,100.0,9.33,3.2956,33.33,29.35,11.73,ADEQUATE,0,0.045242,0.040999,49.3,48.12,224.13
1800001898,EDWARDS SOPHIA,Cardiology,Heart Disease,Geriatric Medicine,Yes,CARDIAC WELLNESS GROUP - MORRISVILLE,NC,27629,37183,Wake County,4455,19328.7,1.1141,7.1,80.47,1,23,113944,113944.0,414369.5,4954.086956521739,4954.086956521739,18,0,100.0,9.33,4.3387,33.33,29.35,11.73,ADEQUATE,0,0.039098,0.046646,1.8,37.05,193.7
1800001899,MORGAN FATIMA,Cardiology,Heart Disease,Cardiovascular Imaging,Yes,HEARTCARE SPECIALISTS - MORRISVILLE,NC,27619,37183,Wake County,6399,18337.8,2.8797,6.9,62.08,1,23,113944,113944.0,414369.5,4954.086956521739,4954.086956521739,18,0,100.0,9.33,2.8657,33.33,29.35,11.73,ADEQUATE,0,0.056159,0.044255,87.2,35.1,278.22
1800001900,WHITE MAYA,Cardiology,Heart Disease,Geriatric Medicine,No,CARDIAC WELLNESS GROUP - CARY,NC,27632,37183,Wake County,4187,12689.1,1.8392,10.5,65.2,0,23,113944,113944.0,414369.5,4954.086956521739,4954.086956521739,18,0,100.0,9.33,3.0306,33.33,29.35,11.73,ADEQUATE,0,0.036746,0.030623,21.75,65.92,182.04
1800001901,FOSTER THOMAS,Cardiology,Heart Disease,Geriatric Medicine,Yes,HEARTCARE SPECIALISTS - CARY,NC,27605,37183,Wake County,4850,14456.4,2.882,7.4,65.44,1,23,113944,113944.0,414369.5,4954.086956521739,4954.086956521739,18,0,100.0,9.33,2.9807,33.33,29.35,11.73,ADEQUATE,0,0.042565,0.034888,87.3,39.88,210.87
1800001902,PARKER AMELIA,Cardiology,Heart Disease,Cardiovascular Imaging,No,ADVANCED CARDIOLOGY CENTER - RALEIGH,NC,27633,37183,Wake County,5593,24098.0,1.8413,6.8,84.72,0,23,113944,113944.0,414369.5,4954.086956521739,4954.086956521739,18,0,100.0,9.33,4.3086,33.33,29.35,11.73,ADEQUATE,0,0.049086,0.058156,21.9,34.12,243.17
1800001903,WILSON HANNAH,Cardiology,Heart Disease,Internal Medicine,Yes,ADVANCED CARDIOLOGY CENTER - RALEIGH,NC,27684,37183,Wake County,4859,22689.2,2.5184,11.9,86.95,1,23,113944,113944.0,414369.5,4954.086956521739,4954.086956521739,18,0,100.0,9.33,4.6695,33.33,29.35,11.73,ADEQUATE,0,0.042644,0.054756,67.92,78.57,211.26
1800001904,GOMEZ NADIA,Cardiology,Heart Disease,Internal Medicine,Yes,CARDIAC WELLNESS GROUP - MORRISVILLE,NC,27685,37183,Wake County,4947,12791.4,1.8901,9.4,55.29,1,23,113944,113944.0,414369.5,4954.086956521739,4954.086956521739,18,0,100.0,9.33,2.5857,33.33,29.35,11.73,ADEQUATE,0,0.043416,0.03087,24.62,56.2,215.09
1800001905,REED WILLIAM,Cardiology,Heart Disease,Cardiovascular Imaging,Yes,HEARTCARE SPECIALISTS - APEX,NC,27691,37183,Wake County,5690,23879.6,2.6626,13.9,41.77,1,23,113944,113944.0,414369.5,4954.086956521739,4954.086956521739,18,0,100.0,9.33,4.1968,33.33,29.35,11.73,ADEQUATE,0,0.049937,0.057629,76.15,95.48,247.39
1800001906,YOUNG BENJAMIN,Cardiology,Heart Disease,Internal Medicine,Yes,HEARTCARE SPECIALISTS - MORRISVILLE,NC,27607,37183,Wake County,4692,13743.0,1.2376,4.6,95.42,1,23,113944,113944.0,414369.5,4954.086956521739,4954.086956521739,18,0,100.0,9.33,2.929,33.33,29.35,11.73,ADEQUATE,0,0.041178,0.033166,3.5,15.05,204.0
1800001907,JACKSON JAMES,Cardiology,Heart Disease,Cardiovascular Imaging,No,ADVANCED CARDIOLOGY CENTER - APEX,NC,27661,37183,Wake County,5206,16688.0,2.5207,3.1,40.71,0,23,113944,113944.0,414369.5,4954.086956521739,4954.086956521739,18,0,100.0,9.33,3.2055,33.33,29.35,11.73,ADEQUATE,0,0.045689,0.040273,68.1,1.15,226.35
1800001908,ROBERTS OLIVIA,Cardiology,Heart Disease,Geriatric Medicine,No,CARDIAC WELLNESS GROUP - RALEIGH,NC,27610,37183,Wake County,3514,13847.1,2.4672,8.8,63.88,0,23,113944,113944.0,414369.5,4954.086956521739,4954.086956521739,18,0,100.0,9.33,3.9406,33.33,29.35,11.73,ADEQUATE,0,0.03084,0.033417,64.5,51.25,152.78
1800001909,ANDERSON EMILY,Cardiology,Heart Disease,Geriatric Medicine,Yes,HEARTCARE SPECIALISTS - CARY,NC,27663,37183,Wake County,6477,17527.6,1.5944,11.7,55.55,1,23,113944,113944.0,414369.5,4954.086956521739,4954.086956521739,18,0,100.0,9.33,2.7061,33.33,29.35,11.73,ADEQUATE,0,0.056844,0.042299,11.45,76.32,281.61
1800001910,KIM DANIEL,Cardiology,Heart Disease,Cardiovascular Imaging,Yes,CARDIAC WELLNESS GROUP - CARY,NC,27674,37183,Wake County,3944,17757.3,1.9659,4.8,65.95,1,23,113944,113944.0,414369.5,4954.086956521739,4954.086956521739,18,0,100.0,9.33,4.5024,33.33,29.35,11.73,ADEQUATE,0,0.034613,0.042854,29.5,16.95,171.48
1800001911,TAYLOR KARAN,Cardiology,Heart Disease,Internal Medicine,Yes,CARDIAC WELLNESS GROUP - CARY,NC,27670,37183,Wake County,5856,19365.5,2.1914,4.0,54.63,1,23,113944,113944.0,414369.5,4954.086956521739,4954.086956521739,18,0,100.0,9.33,3.307,33.33,29.35,11.73,ADEQUATE,0,0.051394,0.046735,45.95,9.32,254.61
1800001912,BROWN RAHUL,Cardiology,Heart Disease,Geriatric Medicine,Yes,CARDIAC WELLNESS GROUP - APEX,NC,27672,37183,Wake County,4218,19476.4,2.0945,14.4,61.41,1,23,113944,113944.0,414369.5,4954.086956521739,4954.086956521739,18,0,100.0,9.33,4.6174,33.33,29.35,11.73,ADEQUATE,0,0.037018,0.047002,38.65,99.18,183.39
1800001913,MARTIN SOPHIA,Cardiology,Heart Disease,Geriatric Medicine,Yes,HEARTCARE SPECIALISTS - MORRISVILLE,NC,27637,37183,Wake County,4505,16485.2,1.9951,3.6,21.14,1,23,113944,113944.0,414369.5,4954.086956521739,4954.086956521739,18,0,100.0,9.33,3.6593,33.33,29.35,11.73,ADEQUATE,0,0.039537,0.039784,31.55,5.78,195.87
1800001914,THOMPSON FATIMA,Cardiology,Heart Disease,Internal Medicine,No,ADVANCED CARDIOLOGY CENTER - APEX,NC,27678,37183,Wake County,4364,17735.3,2.5145,12.3,42.92,0,23,113944,113944.0,414369.5,4954.086956521739,4954.086956521739,18,0,100.0,9.33,4.064,33.33,29.35,11.73,ADEQUATE,0,0.0383,0.042801,67.85,82.12,189.74
1800001915,CLARK MAYA,Cardiology,Heart Disease,Geriatric Medicine,Yes,CARDIAC WELLNESS GROUP - APEX,NC,27686,37183,Wake County,5645,19157.5,1.8452,5.7,61.97,1,23,113944,113944.0,414369.5,4954.086956521739,4954.086956521739,18,0,100.0,9.33,3.3937,33.33,29.35,11.73,ADEQUATE,0,0.049542,0.046233,22.15,24.7,245.43
1800001916,MITCHELL THOMAS,Cardiology,Heart Disease,Geriatric Medicine,No,ADVANCED CARDIOLOGY CENTER - MORRISVILLE,NC,27674,37183,Wake County,5234,22382.9,2.1993,9.1,94.55,0,23,113944,113944.0,414369.5,4954.086956521739,4954.086956521739,18,0,100.0,9.33,4.2764,33.33,29.35,11.73,ADEQUATE,0,0.045935,0.054017,46.35,53.65,227.57
1800001917,WALKER AMELIA,Cardiology,Heart Disease,Geriatric Medicine,No,CARDIAC WELLNESS GROUP - RALEIGH,NC,27647,37183,Wake County,3553,15479.6,0.9954,10.3,65.85,0,23,113944,113944.0,414369.5,4954.086956521739,4954.086956521739,18,0,100.0,9.33,4.3568,33.33,29.35,11.73,ADEQUATE,0,0.031182,0.037357,1.2,64.08,154.48
1800001918,MILLER MICHAEL,Endocrinology,Diabetes,Internal Medicine,Yes,METABOLIC HEALTH ASSOCIATES - MORRISVILLE,NC,27602,37183,Wake County,7579,36084.5,2.8564,13.2,49.98,1,22,147862,147862.0,601905.7,6721.0,6721.0,24,2,91.67,60.0,4.7611,84.0,50.58,38.94,ADEQUATE,2,0.051257,0.05995,86.0,90.4,344.5
1800001919,TURNER VICTOR,Endocrinology,Diabetes,Internal Medicine,Yes,METABOLIC HEALTH ASSOCIATES - CARY,NC,27686,37183,Wake County,6155,18677.6,1.8631,11.5,37.5,1,22,147862,147862.0,601905.7,6721.0,6721.0,24,2,91.67,60.0,3.0345,84.0,50.58,38.94,ADEQUATE,2,0.041627,0.031031,23.0,74.52,279.77
1800001920,DAVIS ANIKA,Endocrinology,Diabetes,Metabolic Medicine,Yes,METABOLIC HEALTH ASSOCIATES - RALEIGH,NC,27615,37183,Wake County,4696,17028.2,2.1173,7.6,62.28,1,22,147862,147862.0,601905.7,6721.0,6721.0,24,2,91.67,60.0,3.6261,84.0,50.58,38.94,ADEQUATE,2,0.031759,0.02829,40.15,41.35,213.45
1800001921,MOORE ISABEL,Endocrinology,Diabetes,Metabolic Medicine,Yes,ENDOCRINE SPECIALISTS GROUP - MORRISVILLE,NC,27617,37183,Wake County,7068,33563.0,2.4545,11.2,82.99,1,22,147862,147862.0,601905.7,6721.0,6721.0,24,2,91.67,60.0,4.7486,84.0,50.58,38.94,ADEQUATE,2,0.047801,0.055761,63.52,71.95,321.27
1800001922,WATSON NOAH,Endocrinology,Diabetes,Internal Medicine,Yes,ENDOCRINE SPECIALISTS GROUP - RALEIGH,NC,27664,37183,Wake County,6993,32199.0,2.0978,7.2,54.15,1,22,147862,147862.0,601905.7,6721.0,6721.0,24,2,91.67,60.0,4.6045,84.0,50.58,38.94,ADEQUATE,2,0.047294,0.053495,38.85,38.15,317.86
1800001923,EVANS ZOE,Endocrinology,Diabetes,Internal Medicine,No,ENDOCRINE SPECIALISTS GROUP - CARY,NC,27643,37183,Wake County,8127,35422.5,1.7262,5.9,40.17,0,22,147862,147862.0,601905.7,6721.0,6721.0,24,2,91.67,60.0,4.3586,84.0,50.58,38.94,ADEQUATE,2,0.054963,0.058851,16.45,26.48,369.41
1800001924,NELSON CARLOS,Endocrinology,Diabetes,Internal Medicine,Yes,DIABETES CARE CENTER - CARY,NC,27696,37183,Wake County,5497,23177.3,2.9116,12.8,41.99,1,22,147862,147862.0,601905.7,6721.0,6721.0,24,2,91.67,60.0,4.2164,84.0,50.58,38.94,ADEQUATE,2,0.037177,0.038507,88.15,87.05,249.86
1800001925,WILLIAMS JULIA,Endocrinology,Diabetes,Internal Medicine,No,DIABETES CARE CENTER - APEX,NC,27683,37183,Wake County,6172,29491.1,2.6867,10.5,36.61,0,22,147862,147862.0,601905.7,6721.0,6721.0,24,2,91.67,60.0,4.7782,84.0,50.58,38.94,ADEQUATE,2,0.041742,0.048996,77.6,65.92,280.55
1800001926,GARCIA PRIYA,Endocrinology,Diabetes,Family Medicine,Yes,METABOLIC HEALTH ASSOCIATES - APEX,NC,27620,37183,Wake County,8062,31423.8,2.9898,8.4,76.49,1,22,147862,147862.0,601905.7,6721.0,6721.0,24,2,91.67,60.0,3.8978,84.0,50.58,38.94,ADEQUATE,2,0.054524,0.052207,90.9,48.12,366.45
1800001927,PATEL DAVID,Endocrinology,Diabetes,Internal Medicine,Yes,METABOLIC HEALTH ASSOCIATES - CARY,NC,27696,37183,Wake County,6567,29175.6,1.8345,3.1,60.82,1,22,147862,147862.0,601905.7,6721.0,6721.0,24,2,91.67,60.0,4.4428,84.0,50.58,38.94,ADEQUATE,2,0.044413,0.048472,21.52,1.15,298.5
1800001928,WRIGHT ELENA,Endocrinology,Diabetes,Family Medicine,Yes,DIABETES CARE CENTER - CARY,NC,27630,37183,Wake County,7904,28872.4,3.0114,13.4,62.97,1,22,147862,147862.0,601905.7,6721.0,6721.0,24,2,91.67,60.0,3.6529,84.0,50.58,38.94,ADEQUATE,2,0.053455,0.047968,91.65,91.75,359.27
1800001929,HARRIS LUCAS,Endocrinology,Diabetes,Internal Medicine,No,ENDOCRINE SPECIALISTS GROUP - APEX,NC,27623,37183,Wake County,6458,25321.8,2.1143,5.6,42.26,0,22,147862,147862.0,601905.7,6721.0,6721.0,24,2,91.67,60.0,3.921,84.0,50.58,38.94,ADEQUATE,2,0.043676,0.042069,39.7,23.92,293.55
1800001930,RIVERA SARAH,Endocrinology,Diabetes,Family Medicine,No,ENDOCRINE SPECIALISTS GROUP - APEX,NC,27635,37183,Wake County,7223,32044.6,2.3586,3.6,39.02,0,22,147862,147862.0,601905.7,6721.0,6721.0,24,2,91.67,60.0,4.4365,84.0,50.58,38.94,ADEQUATE,2,0.04885,0.053239,57.12,5.78,328.32
1800001931,ADAMS AARON,Endocrinology,Diabetes,Family Medicine,Yes,ENDOCRINE SPECIALISTS GROUP - CARY,NC,27632,37183,Wake County,6696,24312.7,1.8733,12.1,39.03,1,22,147862,147862.0,601905.7,6721.0,6721.0,24,2,91.67,60.0,3.6309,84.0,50.58,38.94,ADEQUATE,2,0.045285,0.040393,23.5,80.23,304.36
1800001932,JOHNSON GEORGE,Endocrinology,Diabetes,Internal Medicine,Yes,DIABETES CARE CENTER - MORRISVILLE,NC,27624,37183,Wake County,5870,25405.6,1.5502,10.6,71.43,1,22,147862,147862.0,601905.7,6721.0,6721.0,24,2,91.67,60.0,4.328,84.0,50.58,38.94,ADEQUATE,2,0.039699,0.042209,10.0,66.92,266.82
1800001933,SANCHEZ MICHAEL,Endocrinology,Diabetes,Internal Medicine,Yes,METABOLIC HEALTH ASSOCIATES - MORRISVILLE,NC,27627,37183,Wake County,4922,16763.1,2.1229,11.8,55.69,1,22,147862,147862.0,601905.7,6721.0,6721.0,24,2,91.67,60.0,3.4057,84.0,50.58,38.94,ADEQUATE,2,0.033288,0.02785,40.42,77.4,223.73
1800001934,BAKER VICTOR,Endocrinology,Diabetes,Internal Medicine,No,ENDOCRINE SPECIALISTS GROUP - CARY,NC,27650,37183,Wake County,6925,29977.6,1.8835,13.4,98.0,0,22,147862,147862.0,601905.7,6721.0,6721.0,24,2,91.67,60.0,4.3289,84.0,50.58,38.94,ADEQUATE,2,0.046834,0.049804,24.2,91.75,314.77
1800001935,LEE ANIKA,Endocrinology,Diabetes,Metabolic Medicine,Yes,ENDOCRINE SPECIALISTS GROUP - CARY,NC,27625,37183,Wake County,8191,28056.7,1.834,4.6,63.2,1,22,147862,147862.0,601905.7,6721.0,6721.0,24,2,91.67,60.0,3.4253,84.0,50.58,38.94,ADEQUATE,2,0.055396,0.046613,21.45,15.05,372.32
1800001936,THOMAS ISABEL,Endocrinology,Diabetes,Metabolic Medicine,No,ENDOCRINE SPECIALISTS GROUP - RALEIGH,NC,27625,37183,Wake County,7129,30007.3,2.0806,6.6,57.02,0,22,147862,147862.0,601905.7,6721.0,6721.0,24,2,91.67,60.0,4.2092,84.0,50.58,38.94,ADEQUATE,2,0.048214,0.049854,37.5,32.25,324.05
1800001937,CARTER NOAH,Endocrinology,Diabetes,Metabolic Medicine,No,DIABETES CARE CENTER - RALEIGH,NC,27645,37183,Wake County,5441,14693.2,2.8568,14.3,36.16,0,22,147862,147862.0,601905.7,6721.0,6721.0,24,2,91.67,60.0,2.7005,84.0,50.58,38.94,ADEQUATE,2,0.036798,0.024411,86.05,98.35,247.32
1800001938,MILLER ZOE,Endocrinology,Diabetes,Family Medicine,No,METABOLIC HEALTH ASSOCIATES - MORRISVILLE,NC,27616,37183,Wake County,5904,21325.3,3.1704,8.6,88.94,0,22,147862,147862.0,601905.7,6721.0,6721.0,24,2,91.67,60.0,3.612,84.0,50.58,38.94,ADEQUATE,2,0.039929,0.03543,95.1,49.78,268.36
1800001939,TURNER CARLOS,Endocrinology,Diabetes,Metabolic Medicine,Yes,DIABETES CARE CENTER - RALEIGH,NC,27648,37183,Wake County,8283,38882.8,3.1005,9.7,72.47,1,22,147862,147862.0,601905.7,6721.0,6721.0,24,2,91.67,60.0,4.6943,84.0,50.58,38.94,ADEQUATE,2,0.056018,0.064599,94.0,58.92,376.5
1800001940,MOORE PRIYA,Psychiatry,Mental Health Disorders,Child & Adolescent Psychiatry,Yes,BEHAVIORAL HEALTH PARTNERS - RALEIGH,NC,27612,37183,Wake County,11402,46630.6,2.148,3.2,62.88,1,19,175045,175045.0,611401.8,9212.894736842103,9212.894736842103,28,9,67.86,90.67,4.0897,4.0,46.72,44.74,LOW GAP,9,0.065138,0.076268,42.45,2.17,600.11
1800001941,WATSON DAVID,Psychiatry,Mental Health Disorders,Behavioral Health,No,COMMUNITY MENTAL HEALTH CENTER - APEX,NC,27622,37183,Wake County,7593,22842.0,2.1599,3.6,65.45,0,19,175045,175045.0,611401.8,9212.894736842103,9212.894736842103,28,9,67.86,90.67,3.0083,4.0,46.72,44.74,LOW GAP,9,0.043377,0.03736,43.45,5.78,399.63
1800001942,EVANS ELENA,Psychiatry,Mental Health Disorders,Child & Adolescent Psychiatry,No,BEHAVIORAL HEALTH PARTNERS - MORRISVILLE,NC,27681,37183,Wake County,11454,36225.3,1.7565,6.7,66.4,0,19,175045,175045.0,611401.8,9212.894736842103,9212.894736842103,28,9,67.86,90.67,3.1627,4.0,46.72,44.74,LOW GAP,9,0.065435,0.05925,18.0,33.12,602.84
1800001943,NELSON LUCAS,Psychiatry,Mental Health Disorders,Behavioral Health,Yes,BEHAVIORAL HEALTH PARTNERS - APEX,NC,27680,37183,Wake County,7774,20942.2,2.0979,9.7,60.12,1,19,175045,175045.0,611401.8,9212.894736842103,9212.894736842103,28,9,67.86,90.67,2.6939,4.0,46.72,44.74,LOW GAP,9,0.044411,0.034253,38.9,58.92,409.16
1800001944,WILLIAMS SARAH,Psychiatry,Mental Health Disorders,Addiction Medicine,Yes,COMMUNITY MENTAL HEALTH CENTER - APEX,NC,27622,37183,Wake County,8816,41618.0,2.3234,8.7,32.92,1,19,175045,175045.0,611401.8,9212.894736842103,9212.894736842103,28,9,67.86,90.67,4.7207,4.0,46.72,44.74,LOW GAP,9,0.050364,0.06807,54.95,50.5,464.0
1800001945,GARCIA AARON,Psychiatry,Mental Health Disorders,Addiction Medicine,No,COMMUNITY MENTAL HEALTH CENTER - RALEIGH,NC,27638,37183,Wake County,8421,36144.4,2.2461,9.5,72.67,0,19,175045,175045.0,611401.8,9212.894736842103,9212.894736842103,28,9,67.86,90.67,4.2922,4.0,46.72,44.74,LOW GAP,9,0.048108,0.059117,49.95,57.0,443.21
1800001946,PATEL GEORGE,Psychiatry,Mental Health Disorders,Behavioral Health,No,BEHAVIORAL HEALTH PARTNERS - MORRISVILLE,NC,27674,37183,Wake County,7426,19722.5,3.4517,7.6,51.52,0,19,175045,175045.0,611401.8,9212.894736842103,9212.894736842103,28,9,67.86,90.67,2.6559,4.0,46.72,44.74,LOW GAP,9,0.042423,0.032258,98.45,41.35,390.84
1800001947,WRIGHT MICHAEL,Psychiatry,Mental Health Disorders,Addiction Medicine,Yes,PSYCHIATRY CARE ASSOCIATES - MORRISVILLE,NC,27692,37183,Wake County,11764,32616.1,1.7827,14.4,65.1,1,19,175045,175045.0,611401.8,9212.894736842103,9212.894736842103,28,9,67.86,90.67,2.7725,4.0,46.72,44.74,LOW GAP,9,0.067206,0.053346,19.15,99.18,619.16
1800001948,HARRIS VICTOR,Psychiatry,Mental Health Disorders,Behavioral Health,Yes,PSYCHIATRY CARE ASSOCIATES - RALEIGH,NC,27655,37183,Wake County,10463,29891.9,2.1034,3.3,51.39,1,19,175045,175045.0,611401.8,9212.894736842103,9212.894736842103,28,9,67.86,90.67,2.8569,4.0,46.72,44.74,LOW GAP,9,0.059773,0.048891,39.2,3.08,550.68
1800001949,RIVERA ANIKA,Psychiatry,Mental Health Disorders,Addiction Medicine,No,BEHAVIORAL HEALTH PARTNERS - APEX,NC,27625,37183,Wake County,11242,51611.0,2.3602,12.9,83.57,0,19,175045,175045.0,611401.8,9212.894736842103,9212.894736842103,28,9,67.86,90.67,4.5909,4.0,46.72,44.74,LOW GAP,9,0.064223,0.084414,57.2,87.95,591.68
1800001950,ADAMS ISABEL,Psychiatry,Mental Health Disorders,Addiction Medicine,Yes,COMMUNITY MENTAL HEALTH CENTER - RALEIGH,NC,27654,37183,Wake County,10373,26836.2,2.4602,11.2,29.6,1,19,175045,175045.0,611401.8,9212.894736842103,9212.894736842103,28,9,67.86,90.67,2.5871,4.0,46.72,44.74,LOW GAP,9,0.059259,0.043893,63.8,71.95,545.95
1800001951,JOHNSON NOAH,Psychiatry,Mental Health Disorders,Behavioral Health,No,COMMUNITY MENTAL HEALTH CENTER - APEX,NC,27601,37183,Wake County,6629,19680.5,2.3388,7.2,45.44,0,19,175045,175045.0,611401.8,9212.894736842103,9212.894736842103,28,9,67.86,90.67,2.9688,4.0,46.72,44.74,LOW GAP,9,0.03787,0.032189,55.85,38.15,348.89
1800001952,SANCHEZ ZOE,Psychiatry,Mental Health Disorders,Behavioral Health,No,COMMUNITY MENTAL HEALTH CENTER - CARY,NC,27615,37183,Wake County,6231,24085.8,2.1315,5.3,76.02,0,19,175045,175045.0,611401.8,9212.894736842103,9212.894736842103,28,9,67.86,90.67,3.8655,4.0,46.72,44.74,LOW GAP,9,0.035597,0.039394,41.22,21.45,327.95
1800001953,BAKER CARLOS,Psychiatry,Mental Health Disorders,Behavioral Health,No,COMMUNITY MENTAL HEALTH CENTER - CARY,NC,27618,37183,Wake County,6423,26782.0,2.6952,3.1,63.59,0,19,175045,175045.0,611401.8,9212.894736842103,9212.894736842103,28,9,67.86,90.67,4.1697,4.0,46.72,44.74,LOW GAP,9,0.036693,0.043804,78.15,1.15,338.05
1800001954,LEE JULIA,Psychiatry,Mental Health Disorders,Behavioral Health,Yes,PSYCHIATRY CARE ASSOCIATES - MORRISVILLE,NC,27603,37183,Wake County,11033,31158.5,1.9613,9.3,75.62,1,19,175045,175045.0,611401.8,9212.894736842103,9212.894736842103,28,9,67.86,90.67,2.8241,4.0,46.72,44.74,LOW GAP,9,0.06303,0.050962,29.1,55.35,580.68
1800001955,THOMAS PRIYA,Psychiatry,Mental Health Disorders,Addiction Medicine,No,COMMUNITY MENTAL HEALTH CENTER - CARY,NC,27621,37183,Wake County,9231,40645.7,2.2754,3.1,74.24,0,19,175045,175045.0,611401.8,9212.894736842103,9212.894736842103,28,9,67.86,90.67,4.4032,4.0,46.72,44.74,LOW GAP,9,0.052735,0.06648,51.6,1.15,485.84
1800001956,CARTER DAVID,Psychiatry,Mental Health Disorders,Behavioral Health,No,PSYCHIATRY CARE ASSOCIATES - CARY,NC,27619,37183,Wake County,11547,42350.6,2.1766,8.0,72.54,0,19,175045,175045.0,611401.8,9212.894736842103,9212.894736842103,28,9,67.86,90.67,3.6677,4.0,46.72,44.74,LOW GAP,9,0.065966,0.069268,44.7,45.08,607.74
1800001957,MILLER ELENA,Psychiatry,Mental Health Disorders,Behavioral Health,No,PSYCHIATRY CARE ASSOCIATES - CARY,NC,27694,37183,Wake County,10988,40024.8,2.7667,4.2,9.24,0,19,175045,175045.0,611401.8,9212.894736842103,9212.894736842103,28,9,67.86,90.67,3.6426,4.0,46.72,44.74,LOW GAP,9,0.062772,0.065464,81.95,11.2,578.32
1800001958,TURNER LUCAS,Psychiatry,Mental Health Disorders,Child & Adolescent Psychiatry,Yes,PSYCHIATRY CARE ASSOCIATES - APEX,NC,27699,37183,Wake County,6235,21593.7,2.4379,10.0,54.56,1,19,175045,175045.0,611401.8,9212.894736842103,9212.894736842103,28,9,67.86,90.67,3.4633,4.0,46.72,44.74,LOW GAP,9,0.035619,0.035318,62.45,61.72,328.16
1800001959,TAYLOR BENJAMIN,Pulmonary,Respiratory Disease,Critical Care Medicine,Yes,LUNG HEALTH SPECIALISTS - APEX,NC,27618,37183,Wake County,4327,16330.4,2.9615,4.0,47.0,1,21,123159,123159.0,438889.3,5864.714285714285,5864.714285714285,20,0,100.0,41.33,3.7741,40.0,61.98,25.63,ADEQUATE,0,0.035133,0.037208,90.05,9.32,206.05
1800001960,BROWN JAMES,Pulmonary,Respiratory Disease,Internal Medicine,No,PULMONARY & SLEEP CENTER - APEX,NC,27665,37183,Wake County,5577,21244.0,1.5456,13.1,36.35,0,21,123159,123159.0,438889.3,5864.714285714285,5864.714285714285,20,0,100.0,41.33,3.8092,40.0,61.98,25.63,ADEQUATE,0,0.045283,0.048404,9.9,89.58,265.57
1800001961,MARTIN OLIVIA,Pulmonary,Respiratory Disease,Sleep Medicine,No,RESPIRATORY CARE GROUP - MORRISVILLE,NC,27681,37183,Wake County,7251,27172.8,2.7314,9.1,79.67,0,21,123159,123159.0,438889.3,5864.714285714285,5864.714285714285,20,0,100.0,41.33,3.7475,40.0,61.98,25.63,ADEQUATE,0,0.058875,0.061913,80.5,53.65,345.29
1800001962,THOMPSON EMILY,Pulmonary,Respiratory Disease,Sleep Medicine,Yes,LUNG HEALTH SPECIALISTS - CARY,NC,27652,37183,Wake County,3941,15864.9,2.4713,11.9,54.05,1,21,123159,123159.0,438889.3,5864.714285714285,5864.714285714285,20,0,100.0,41.33,4.0256,40.0,61.98,25.63,ADEQUATE,0,0.031999,0.036148,64.82,78.57,187.67
1800001963,CLARK DANIEL,Pulmonary,Respiratory Disease,Internal Medicine,Yes,LUNG HEALTH SPECIALISTS - CARY,NC,27648,37183,Wake County,7823,23666.9,2.874,8.3,14.21,1,21,123159,123159.0,438889.3,5864.714285714285,5864.714285714285,20,0,100.0,41.33,3.0253,40.0,61.98,25.63,ADEQUATE,0,0.06352,0.053925,86.9,47.32,372.52
1800001964,MITCHELL KARAN,Pulmonary,Respiratory Disease,Critical Care Medicine,No,RESPIRATORY CARE GROUP - CARY,NC,27631,37183,Wake County,6335,30038.5,1.2301,6.0,59.61,0,21,123159,123159.0,438889.3,5864.714285714285,5864.714285714285,20,0,100.0,41.33,4.7417,40.0,61.98,25.63,ADEQUATE,0,0.051438,0.068442,3.35,27.55,301.67
1800001965,WALKER RAHUL,Pulmonary,Respiratory Disease,Critical Care Medicine,No,RESPIRATORY CARE GROUP - MORRISVILLE,NC,27663,37183,Wake County,7859,33713.0,2.7648,7.3,50.9,0,21,123159,123159.0,438889.3,5864.714285714285,5864.714285714285,20,0,100.0,41.33,4.2897,40.0,61.98,25.63,ADEQUATE,0,0.063812,0.076814,81.8,39.15,374.24
1800001966,EDWARDS SOPHIA,Pulmonary,Respiratory Disease,Critical Care Medicine,No,LUNG HEALTH SPECIALISTS - MORRISVILLE,NC,27666,37183,Wake County,7575,30660.7,3.4406,7.6,49.26,0,21,123159,123159.0,438889.3,5864.714285714285,5864.714285714285,20,0,100.0,41.33,4.0476,40.0,61.98,25.63,ADEQUATE,0,0.061506,0.06986,98.4,41.35,360.71
1800001967,MORGAN FATIMA,Pulmonary,Respiratory Disease,Critical Care Medicine,Yes,RESPIRATORY CARE GROUP - RALEIGH,NC,27651,37183,Wake County,7495,24917.3,2.3067,14.3,43.19,1,21,123159,123159.0,438889.3,5864.714285714285,5864.714285714285,20,0,100.0,41.33,3.3245,40.0,61.98,25.63,ADEQUATE,0,0.060856,0.056774,53.85,98.35,356.9
1800001968,WHITE MAYA,Pulmonary,Respiratory Disease,Internal Medicine,Yes,RESPIRATORY CARE GROUP - APEX,NC,27675,37183,Wake County,7868,25913.3,2.3448,3.7,52.53,1,21,123159,123159.0,438889.3,5864.714285714285,5864.714285714285,20,0,100.0,41.33,3.2935,40.0,61.98,25.63,ADEQUATE,0,0.063885,0.059043,56.35,6.65,374.67
1800001969,FOSTER THOMAS,Pulmonary,Respiratory Disease,Sleep Medicine,Yes,PULMONARY & SLEEP CENTER - CARY,NC,27676,37183,Wake County,4798,21847.7,1.7419,6.5,74.5,1,21,123159,123159.0,438889.3,5864.714285714285,5864.714285714285,20,0,100.0,41.33,4.5535,40.0,61.98,25.63,ADEQUATE,0,0.038958,0.04978,17.35,31.42,228.48
1800001970,PARKER AMELIA,Pulmonary,Respiratory Disease,Internal Medicine,Yes,PULMONARY & SLEEP CENTER - CARY,NC,27654,37183,Wake County,5774,21934.7,2.1856,13.5,44.99,1,21,123159,123159.0,438889.3,5864.714285714285,5864.714285714285,20,0,100.0,41.33,3.7989,40.0,61.98,25.63,ADEQUATE,0,0.046882,0.049978,45.4,92.65,274.95
1800001971,WILSON HANNAH,Pulmonary,Respiratory Disease,Critical Care Medicine,Yes,RESPIRATORY CARE GROUP - CARY,NC,27615,37183,Wake County,6604,18637.3,3.66,8.3,9.18,1,21,123159,123159.0,438889.3,5864.714285714285,5864.714285714285,20,0,100.0,41.33,2.8221,40.0,61.98,25.63,ADEQUATE,0,0.053622,0.042465,99.4,47.32,314.48
1800001972,GOMEZ NADIA,Pulmonary,Respiratory Disease,Internal Medicine,No,RESPIRATORY CARE GROUP - MORRISVILLE,NC,27680,37183,Wake County,5885,26906.9,1.5053,3.4,83.17,0,21,123159,123159.0,438889.3,5864.714285714285,5864.714285714285,20,0,100.0,41.33,4.5721,40.0,61.98,25.63,ADEQUATE,0,0.047784,0.061307,8.85,3.98,280.24
1800001973,REED WILLIAM,Pulmonary,Respiratory Disease,Internal Medicine,Yes,RESPIRATORY CARE GROUP - APEX,NC,27629,37183,Wake County,3842,11506.4,2.2528,5.9,39.79,1,21,123159,123159.0,438889.3,5864.714285714285,5864.714285714285,20,0,100.0,41.33,2.9949,40.0,61.98,25.63,ADEQUATE,0,0.031195,0.026217,50.4,26.48,182.95
1800001974,YOUNG BENJAMIN,Pulmonary,Respiratory Disease,Critical Care Medicine,Yes,PULMONARY & SLEEP CENTER - APEX,NC,27623,37183,Wake County,4074,11631.3,2.8996,12.0,74.79,1,21,123159,123159.0,438889.3,5864.714285714285,5864.714285714285,20,0,100.0,41.33,2.855,40.0,61.98,25.63,ADEQUATE,0,0.033079,0.026502,87.85,79.45,194.0
1800001975,JACKSON JAMES,Pulmonary,Respiratory Disease,Sleep Medicine,No,PULMONARY & SLEEP CENTER - APEX,NC,27603,37183,Wake County,5649,20405.1,2.3798,12.9,41.51,0,21,123159,123159.0,438889.3,5864.714285714285,5864.714285714285,20,0,100.0,41.33,3.6122,40.0,61.98,25.63,ADEQUATE,0,0.045868,0.046493,58.65,87.95,269.0
1800001976,ROBERTS OLIVIA,Pulmonary,Respiratory Disease,Sleep Medicine,Yes,PULMONARY & SLEEP CENTER - MORRISVILLE,NC,27613,37183,Wake County,5017,12871.5,2.9511,9.1,40.67,1,21,123159,123159.0,438889.3,5864.714285714285,5864.714285714285,20,0,100.0,41.33,2.5656,40.0,61.98,25.63,ADEQUATE,0,0.040736,0.029327,89.7,53.65,238.9
1800001977,ANDERSON EMILY,Pulmonary,Respiratory Disease,Internal Medicine,Yes,LUNG HEALTH SPECIALISTS - APEX,NC,27681,37183,Wake County,3956,11024.2,2.701,11.6,59.01,1,21,123159,123159.0,438889.3,5864.714285714285,5864.714285714285,20,0,100.0,41.33,2.7867,40.0,61.98,25.63,ADEQUATE,0,0.032121,0.025118,78.55,75.5,188.38
1800001978,KIM DANIEL,Pulmonary,Respiratory Disease,Internal Medicine,No,PULMONARY & SLEEP CENTER - CARY,NC,27611,37183,Wake County,4453,13396.0,2.3701,3.4,43.64,0,21,123159,123159.0,438889.3,5864.714285714285,5864.714285714285,20,0,100.0,41.33,3.0083,40.0,61.98,25.63,ADEQUATE,0,0.036157,0.030523,58.0,3.98,212.05
1800001979,TAYLOR KARAN,Pulmonary,Respiratory Disease,Internal Medicine,No,PULMONARY & SLEEP CENTER - MORRISVILLE,NC,27685,37183,Wake County,7056,19206.4,2.4411,7.3,42.83,0,21,123159,123159.0,438889.3,5864.714285714285,5864.714285714285,20,0,100.0,41.33,2.722,40.0,61.98,25.63,ADEQUATE,0,0.057292,0.043761,62.75,39.15,336.0
1800001980,MOORE AARON,Rheumatology,Arthritis,Internal Medicine,No,RHEUMATOLOGY ASSOCIATES - MORRISVILLE,NC,27694,37183,Wake County,4963,17182.8,1.2287,11.8,54.82,0,21,151596,151596.0,566577.9,7218.857142857143,7218.857142857143,24,3,87.5,69.33,3.4622,28.0,28.85,31.48,ADEQUATE,3,0.032738,0.030327,3.3,77.4,236.33
1800001981,WATSON GEORGE,Rheumatology,Arthritis,Geriatric Medicine,Yes,RHEUMATOLOGY ASSOCIATES - APEX,NC,27699,37183,Wake County,8693,38610.4,1.5277,6.5,66.96,1,21,151596,151596.0,566577.9,7218.857142857143,7218.857142857143,24,3,87.5,69.33,4.4416,28.0,28.85,31.48,ADEQUATE,3,0.057343,0.068147,9.45,31.42,413.95
1800001982,EVANS MICHAEL,Rheumatology,Arthritis,Pain Medicine,No,ARTHRITIS CARE CENTER - MORRISVILLE,NC,27608,37183,Wake County,7557,28382.1,2.4439,3.7,67.43,0,21,151596,151596.0,566577.9,7218.857142857143,7218.857142857143,24,3,87.5,69.33,3.7557,28.0,28.85,31.48,ADEQUATE,3,0.04985,0.050094,62.85,6.65,359.86
1800001983,NELSON VICTOR,Rheumatology,Arthritis,Internal Medicine,No,ARTHRITIS CARE CENTER - CARY,NC,27676,37183,Wake County,7097,19692.4,1.9539,11.1,81.24,0,21,151596,151596.0,566577.9,7218.857142857143,7218.857142857143,24,3,87.5,69.33,2.7747,28.0,28.85,31.48,ADEQUATE,3,0.046815,0.034757,28.52,70.97,337.95
1800001984,WILLIAMS ANIKA,Rheumatology,Arthritis,Pain Medicine,Yes,MUSCULOSKELETAL HEALTH GROUP - MORRISVILLE,NC,27681,37183,Wake County,8058,28435.4,2.2247,13.0,38.39,1,21,151596,151596.0,566577.9,7218.857142857143,7218.857142857143,24,3,87.5,69.33,3.5288,28.0,28.85,31.48,ADEQUATE,3,0.053154,0.050188,48.55,88.8,383.71
1800001985,GARCIA ISABEL,Rheumatology,Arthritis,Internal Medicine,No,MUSCULOSKELETAL HEALTH GROUP - MORRISVILLE,NC,27614,37183,Wake County,5227,13706.2,1.7193,7.9,43.94,0,21,151596,151596.0,566577.9,7218.857142857143,7218.857142857143,24,3,87.5,69.33,2.6222,28.0,28.85,31.48,ADEQUATE,3,0.03448,0.024191,16.23,44.15,248.9
1800001986,PATEL NOAH,Rheumatology,Arthritis,Geriatric Medicine,Yes,ARTHRITIS CARE CENTER - RALEIGH,NC,27634,37183,Wake County,5524,17208.7,1.516,8.9,70.99,1,21,151596,151596.0,566577.9,7218.857142857143,7218.857142857143,24,3,87.5,69.33,3.1153,28.0,28.85,31.48,ADEQUATE,3,0.036439,0.030373,9.3,51.8,263.05
1800001987,WRIGHT ZOE,Rheumatology,Arthritis,Geriatric Medicine,Yes,MUSCULOSKELETAL HEALTH GROUP - APEX,NC,27699,37183,Wake County,8652,35300.2,1.8161,14.4,63.39,1,21,151596,151596.0,566577.9,7218.857142857143,7218.857142857143,24,3,87.5,69.33,4.08,28.0,28.85,31.48,ADEQUATE,3,0.057073,0.062304,20.55,99.18,412.0
1800001988,HARRIS CARLOS,Rheumatology,Arthritis,Pain Medicine,Yes,MUSCULOSKELETAL HEALTH GROUP - MORRISVILLE,NC,27694,37183,Wake County,6650,26793.6,2.4492,5.2,36.03,1,21,151596,151596.0,566577.9,7218.857142857143,7218.857142857143,24,3,87.5,69.33,4.0291,28.0,28.85,31.48,ADEQUATE,3,0.043867,0.04729,63.1,20.38,316.67
1800001989,RIVERA JULIA,Rheumatology,Arthritis,Pain Medicine,Yes,ARTHRITIS CARE CENTER - APEX,NC,27642,37183,Wake County,8412,34949.8,3.2132,11.5,60.81,1,21,151596,151596.0,566577.9,7218.857142857143,7218.857142857143,24,3,87.5,69.33,4.1548,28.0,28.85,31.48,ADEQUATE,3,0.05549,0.061686,95.95,74.52,400.57
1800001990,ADAMS PRIYA,Rheumatology,Arthritis,Internal Medicine,No,RHEUMATOLOGY ASSOCIATES - APEX,NC,27610,37183,Wake County,6059,21917.4,2.6565,10.5,40.49,0,21,151596,151596.0,566577.9,7218.857142857143,7218.857142857143,24,3,87.5,69.33,3.6173,28.0,28.85,31.48,ADEQUATE,3,0.039968,0.038684,75.9,65.92,288.52
1800001991,JOHNSON DAVID,Rheumatology,Arthritis,Pain Medicine,No,ARTHRITIS CARE CENTER - RALEIGH,NC,27669,37183,Wake County,9315,26653.9,2.9219,7.2,78.95,0,21,151596,151596.0,566577.9,7218.857142857143,7218.857142857143,24,3,87.5,69.33,2.8614,28.0,28.85,31.48,ADEQUATE,3,0.061446,0.047044,88.4,38.15,443.57
1800001992,SANCHEZ ELENA,Rheumatology,Arthritis,Pain Medicine,Yes,ARTHRITIS CARE CENTER - RALEIGH,NC,27695,37183,Wake County,4921,23251.1,2.2011,12.5,40.0,1,21,151596,151596.0,566577.9,7218.857142857143,7218.857142857143,24,3,87.5,69.33,4.7249,28.0,28.85,31.48,ADEQUATE,3,0.032461,0.041038,46.55,84.02,234.33
1800001993,BAKER LUCAS,Rheumatology,Arthritis,Pain Medicine,No,MUSCULOSKELETAL HEALTH GROUP - RALEIGH,NC,27660,37183,Wake County,4761,11488.0,1.4986,9.0,39.22,0,21,151596,151596.0,566577.9,7218.857142857143,7218.857142857143,24,3,87.5,69.33,2.4129,28.0,28.85,31.48,ADEQUATE,3,0.031406,0.020276,8.6,52.6,226.71
1800001994,LEE SARAH,Rheumatology,Arthritis,Pain Medicine,No,ARTHRITIS CARE CENTER - CARY,NC,27673,37183,Wake County,7302,30444.4,1.358,5.8,37.37,0,21,151596,151596.0,566577.9,7218.857142857143,7218.857142857143,24,3,87.5,69.33,4.1693,28.0,28.85,31.48,ADEQUATE,3,0.048167,0.053734,5.25,25.48,347.71
1800001995,THOMAS AARON,Rheumatology,Arthritis,Pain Medicine,No,RHEUMATOLOGY ASSOCIATES - CARY,NC,27671,37183,Wake County,6444,27410.2,3.5031,3.8,57.53,0,21,151596,151596.0,566577.9,7218.857142857143,7218.857142857143,24,3,87.5,69.33,4.2536,28.0,28.85,31.48,ADEQUATE,3,0.042508,0.048379,98.8,7.45,306.86
1800001996,CARTER GEORGE,Rheumatology,Arthritis,Pain Medicine,Yes,ARTHRITIS CARE CENTER - APEX,NC,27650,37183,Wake County,7331,34734.1,2.0568,12.9,58.83,1,21,151596,151596.0,566577.9,7218.857142857143,7218.857142857143,24,3,87.5,69.33,4.738,28.0,28.85,31.48,ADEQUATE,3,0.048359,0.061305,35.75,87.95,349.1
1800001997,MILLER MICHAEL,Rheumatology,Arthritis,Geriatric Medicine,No,RHEUMATOLOGY ASSOCIATES - APEX,NC,27640,37183,Wake County,9788,35258.2,1.2634,3.3,79.73,0,21,151596,151596.0,566577.9,7218.857142857143,7218.857142857143,24,3,87.5,69.33,3.6022,28.0,28.85,31.48,ADEQUATE,3,0.064566,0.06223,3.75,3.08,466.1
1800001998,TURNER VICTOR,Rheumatology,Arthritis,Geriatric Medicine,No,MUSCULOSKELETAL HEALTH GROUP - MORRISVILLE,NC,27615,37183,Wake County,8191,30209.8,2.1841,6.1,48.38,0,21,151596,151596.0,566577.9,7218.857142857143,7218.857142857143,24,3,87.5,69.33,3.6882,28.0,28.85,31.48,ADEQUATE,3,0.054032,0.05332,45.3,28.38,390.05
1800001999,DAVIS ANIKA,Rheumatology,Arthritis,Pain Medicine,No,RHEUMATOLOGY ASSOCIATES - RALEIGH,NC,27624,37183,Wake County,8744,35475.9,1.5641,3.8,51.51,0,21,151596,151596.0,566577.9,7218.857142857143,7218.857142857143,24,3,87.5,69.33,4.0572,28.0,28.85,31.48,ADEQUATE,3,0.05768,0.062614,10.4,7.45,416.38
1800002000,MOORE ISABEL,Rheumatology,Arthritis,Pain Medicine,Yes,ARTHRITIS CARE CENTER - CARY,NC,27634,37183,Wake County,7907,29473.3,2.8831,3.6,50.07,1,21,151596,151596.0,566577.9,7218.857142857143,7218.857142857143,24,3,87.5,69.33,3.7275,28.0,28.85,31.48,ADEQUATE,3,0.052158,0.05202,87.42,5.78,376.52
